Age,Attrition,DailyRate,DistanceFromHome,Education,EnvironmentSatisfaction,HourlyRate,JobInvolvement,JobLevel,JobSatisfaction,MonthlyIncome,MonthlyRate,NumCompaniesWorked,PercentSalaryHike,PerformanceRating,RelationshipSatisfaction,StockOptionLevel,TotalWorkingYears,TrainingTimesLastYear,WorkLifeBalance,YearsAtCompany,YearsInCurrentRole,YearsSinceLastPromotion,YearsWithCurrManager,IncomePerYearAtCompany,PromotionGapRatio,OverallSatisfaction,ExperienceRatio,ManagerStabilityRatio,BusinessTravel_Travel_Frequently,BusinessTravel_Travel_Rarely,Department_Research & Development,Department_Sales,EducationField_Life Sciences,EducationField_Marketing,EducationField_Medical,EducationField_Other,EducationField_Technical Degree,Gender_Male,JobRole_Human Resources,JobRole_Laboratory Technician,JobRole_Manager,JobRole_Manufacturing Director,JobRole_Research Director,JobRole_Research Scientist,JobRole_Sales Executive,JobRole_Sales Representative,MaritalStatus_Married,MaritalStatus_Single,OverTime_Yes
41,1,1102,1,2,2,94,3,2,4,5993,19479,8,11,3,1,0,8,0,1,6,4,0,5,998.8333333333334,0.0,2.3333333333333335,0.75,0.8333333333333334,False,True,False,True,True,False,False,False,False,False,False,False,False,False,False,False,True,False,False,True,True
49,0,279,8,1,3,61,2,2,2,5130,24907,1,23,4,4,1,10,3,3,10,7,1,7,513.0,0.1,3.0,1.0,0.7,True,False,True,False,True,False,False,False,False,True,False,False,False,False,False,True,False,False,True,False,False
37,1,1373,2,2,4,92,2,1,3,2090,2396,6,15,3,2,0,7,3,3,0,0,0,0,2090.0,0.0,3.0,0.0,0.0,False,True,True,False,False,False,False,True,False,True,False,True,False,False,False,False,False,False,False,True,True
33,0,1392,3,4,4,56,3,1,3,2909,23159,1,11,3,3,0,8,3,3,8,7,3,0,363.625,0.375,3.3333333333333335,1.0,0.0,True,False,True,False,True,False,False,False,False,False,False,False,False,False,False,True,False,False,True,False,True
27,0,591,2,1,1,40,3,1,2,3468,16632,9,12,3,4,1,6,3,3,2,2,2,2,1734.0,1.0,2.3333333333333335,0.3333333333333333,1.0,False,True,True,False,False,False,True,False,False,True,False,True,False,False,False,False,False,False,True,False,False
32,0,1005,2,2,4,79,3,1,4,3068,11864,0,13,3,3,0,8,2,2,7,7,3,6,438.2857142857143,0.42857142857142855,3.6666666666666665,0.875,0.8571428571428571,True,False,True,False,True,False,False,False,False,True,False,True,False,False,False,False,False,False,False,True,False
59,0,1324,3,3,3,81,4,1,1,2670,9964,4,20,4,1,3,12,3,2,1,0,0,0,2670.0,0.0,1.6666666666666667,0.08333333333333333,0.0,False,True,True,False,False,False,True,False,False,False,False,True,False,False,False,False,False,False,True,False,True
30,0,1358,24,1,4,67,3,1,3,2693,13335,1,22,4,2,1,1,2,3,1,0,0,0,2693.0,0.0,3.0,1.0,0.0,False,True,True,False,True,False,False,False,False,True,False,True,False,False,False,False,False,False,False,False,False
38,0,216,23,3,4,44,2,3,3,9526,8787,0,21,4,2,0,10,2,3,9,7,1,8,1058.4444444444443,0.1111111111111111,3.0,0.9,0.8888888888888888,True,False,True,False,True,False,False,False,False,True,False,False,False,True,False,False,False,False,False,True,False
36,0,1299,27,3,3,94,3,2,3,5237,16577,6,13,3,2,2,17,3,2,7,7,7,7,748.1428571428571,1.0,2.6666666666666665,0.4117647058823529,1.0,False,True,True,False,False,False,True,False,False,True,False,False,False,False,False,False,False,False,True,False,False
35,0,809,16,3,1,84,4,1,2,2426,16479,0,13,3,3,1,6,5,3,5,4,0,3,485.2,0.0,2.0,0.8333333333333334,0.6,False,True,True,False,False,False,True,False,False,True,False,True,False,False,False,False,False,False,True,False,False
29,0,153,15,2,4,49,2,2,3,4193,12682,0,12,3,4,0,10,3,3,9,5,0,8,465.8888888888889,0.0,3.6666666666666665,0.9,0.8888888888888888,False,True,True,False,True,False,False,False,False,False,False,True,False,False,False,False,False,False,False,True,True
31,0,670,26,1,1,31,3,1,3,2911,15170,1,17,3,4,1,5,1,2,5,2,4,3,582.2,0.8,2.6666666666666665,1.0,0.6,False,True,True,False,True,False,False,False,False,True,False,False,False,False,False,True,False,False,False,False,False
34,0,1346,19,2,2,93,3,1,4,2661,8758,0,11,3,3,1,3,2,3,2,2,1,2,1330.5,0.5,3.0,0.6666666666666666,1.0,False,True,True,False,False,False,True,False,False,True,False,True,False,False,False,False,False,False,False,False,False
28,1,103,24,3,3,50,2,1,3,2028,12947,5,14,3,2,0,6,4,3,4,2,0,3,507.0,0.0,2.6666666666666665,0.6666666666666666,0.75,False,True,True,False,True,False,False,False,False,True,False,True,False,False,False,False,False,False,False,True,True
29,0,1389,21,4,2,51,4,3,1,9980,10195,1,11,3,3,1,10,1,3,10,9,8,8,998.0,0.8,2.0,1.0,0.8,False,True,True,False,True,False,False,False,False,False,False,False,False,True,False,False,False,False,False,False,False
32,0,334,5,2,1,80,4,1,2,3298,15053,0,12,3,4,2,7,5,2,6,2,0,5,549.6666666666666,0.0,2.3333333333333335,0.8571428571428571,0.8333333333333334,False,True,True,False,True,False,False,False,False,True,False,False,False,False,False,True,False,False,False,False,True
22,0,1123,16,2,4,96,4,1,4,2935,7324,1,13,3,2,2,1,2,2,1,0,0,0,2935.0,0.0,3.3333333333333335,1.0,0.0,False,False,True,False,False,False,True,False,False,True,False,True,False,False,False,False,False,False,False,False,True
53,0,1219,2,4,1,78,2,4,4,15427,22021,2,16,3,3,0,31,3,3,25,8,3,7,617.08,0.12,2.6666666666666665,0.8064516129032258,0.28,False,True,False,True,True,False,False,False,False,False,False,False,True,False,False,False,False,False,True,False,False
38,0,371,2,3,4,45,3,1,4,3944,4306,5,11,3,3,0,6,3,3,3,2,1,2,1314.6666666666667,0.3333333333333333,3.6666666666666665,0.5,0.6666666666666666,False,True,True,False,True,False,False,False,False,True,False,False,False,False,False,True,False,False,False,True,True
24,0,673,11,2,1,96,4,2,3,4011,8232,0,18,3,4,1,5,5,2,4,2,1,3,1002.75,0.25,2.6666666666666665,0.8,0.75,False,False,True,False,False,False,False,True,False,False,False,False,False,True,False,False,False,False,False,False,False
36,1,1218,9,4,3,82,2,1,1,3407,6986,7,23,4,2,0,10,4,3,5,3,0,3,681.4,0.0,2.0,0.5,0.6,False,True,False,True,True,False,False,False,False,True,False,False,False,False,False,False,False,True,False,True,False
34,0,419,7,4,1,53,3,3,2,11994,21293,0,11,3,3,0,13,4,3,12,6,2,11,999.5,0.16666666666666666,2.0,0.9230769230769231,0.9166666666666666,False,True,True,False,True,False,False,False,False,False,False,False,False,False,True,False,False,False,False,True,False
21,0,391,15,2,3,96,3,1,4,1232,19281,1,14,3,4,0,0,6,3,0,0,0,0,1232.0,0.0,3.6666666666666665,0.0,0.0,False,True,True,False,True,False,False,False,False,True,False,False,False,False,False,True,False,False,False,True,False
34,1,699,6,1,2,83,3,1,1,2960,17102,2,11,3,3,0,8,2,3,4,2,1,3,740.0,0.25,2.0,0.5,0.75,False,True,True,False,False,False,True,False,False,True,False,False,False,False,False,True,False,False,False,True,False
53,0,1282,5,3,3,58,3,5,3,19094,10735,4,11,3,4,1,26,3,2,14,13,4,8,1363.857142857143,0.2857142857142857,3.3333333333333335,0.5384615384615384,0.5714285714285714,False,True,True,False,False,False,False,True,False,False,False,False,True,False,False,False,False,False,False,False,False
32,1,1125,16,1,2,72,1,1,1,3919,4681,1,22,4,2,0,10,5,3,10,2,6,7,391.9,0.6,1.6666666666666667,1.0,0.7,True,False,True,False,True,False,False,False,False,False,False,False,False,False,False,True,False,False,False,True,True
42,0,691,8,4,3,48,3,2,2,6825,21173,0,11,3,4,1,10,2,3,9,7,4,2,758.3333333333334,0.4444444444444444,3.0,0.9,0.2222222222222222,False,True,False,True,False,True,False,False,False,True,False,False,False,False,False,False,True,False,True,False,False
44,0,477,7,4,1,42,2,3,4,10248,2094,3,14,3,4,1,24,4,3,22,6,5,17,465.8181818181818,0.22727272727272727,3.0,0.9166666666666666,0.7727272727272727,False,True,True,False,False,False,True,False,False,False,False,False,False,False,False,False,False,False,True,False,False
46,0,705,2,4,2,83,3,5,1,18947,22822,3,12,3,4,0,22,2,2,2,2,2,1,9473.5,1.0,2.3333333333333335,0.09090909090909091,0.5,False,True,False,True,False,True,False,False,False,False,False,False,True,False,False,False,False,False,False,True,False
33,0,924,2,3,3,78,3,1,4,2496,6670,4,11,3,4,0,7,3,3,1,1,0,0,2496.0,0.0,3.6666666666666665,0.14285714285714285,0.0,False,True,True,False,False,False,True,False,False,True,False,True,False,False,False,False,False,False,False,True,False
44,0,1459,10,4,4,41,3,2,4,6465,19121,2,13,3,4,0,9,5,4,4,2,1,3,1616.25,0.25,4.0,0.4444444444444444,0.75,False,True,True,False,False,False,False,True,False,True,False,False,False,False,False,False,False,False,True,False,True
30,0,125,9,2,4,83,2,1,3,2206,16117,1,13,3,1,0,10,5,3,10,0,1,8,220.6,0.1,2.6666666666666665,1.0,0.8,False,True,True,False,False,False,True,False,False,True,False,True,False,False,False,False,False,False,False,True,False
39,1,895,5,3,4,56,3,2,4,2086,3335,3,14,3,3,1,19,6,4,1,0,0,0,2086.0,0.0,3.6666666666666665,0.05263157894736842,0.0,False,True,False,True,False,False,False,False,True,True,False,False,False,False,False,False,False,True,True,False,False
24,1,813,1,3,2,61,3,1,4,2293,3020,2,16,3,1,1,6,2,2,2,0,2,0,1146.5,1.0,2.3333333333333335,0.3333333333333333,0.0,False,True,True,False,False,False,True,False,False,True,False,False,False,False,False,True,False,False,True,False,True
43,0,1273,2,2,4,72,4,1,3,2645,21923,1,12,3,4,2,6,3,2,5,3,1,4,529.0,0.2,3.6666666666666665,0.8333333333333334,0.8,False,True,True,False,False,False,True,False,False,False,False,False,False,False,False,True,False,False,False,False,False
50,1,869,3,2,1,86,2,1,3,2683,3810,1,14,3,3,0,3,2,3,3,2,0,2,894.3333333333334,0.0,2.3333333333333335,1.0,0.6666666666666666,False,True,False,True,False,True,False,False,False,True,False,False,False,False,False,False,False,True,True,False,True
35,0,890,2,3,4,97,3,1,4,2014,9687,1,13,3,1,0,2,3,3,2,2,2,2,1007.0,1.0,3.0,1.0,1.0,False,True,False,True,False,True,False,False,False,False,False,False,False,False,False,False,False,True,True,False,False
36,0,852,5,4,2,82,2,1,1,3419,13072,9,14,3,4,1,6,3,4,1,1,0,0,3419.0,0.0,2.3333333333333335,0.16666666666666666,0.0,False,True,True,False,True,False,False,False,False,False,False,False,False,False,False,True,False,False,True,False,True
33,0,1141,1,3,3,42,4,2,1,5376,3193,2,19,3,1,2,10,3,3,5,3,1,3,1075.2,0.2,1.6666666666666667,0.5,0.6,True,False,False,True,True,False,False,False,False,False,False,False,False,False,False,False,True,False,True,False,False
35,0,464,4,2,3,75,3,1,4,1951,10910,1,12,3,3,1,1,3,3,1,0,0,0,1951.0,0.0,3.3333333333333335,1.0,0.0,False,True,True,False,False,False,False,True,False,True,False,True,False,False,False,False,False,False,False,False,False
27,0,1240,2,4,4,33,3,1,1,2341,19715,1,13,3,4,1,1,6,3,1,0,0,0,2341.0,0.0,3.0,1.0,0.0,False,True,True,False,True,False,False,False,False,False,False,True,False,False,False,False,False,False,False,False,False
26,1,1357,25,3,1,48,1,1,3,2293,10558,1,12,3,3,0,1,2,2,1,0,0,1,2293.0,0.0,2.3333333333333335,1.0,1.0,False,True,True,False,True,False,False,False,False,True,False,True,False,False,False,False,False,False,False,True,False
27,0,994,8,3,4,37,3,3,3,8726,2975,1,15,3,4,0,9,0,3,9,8,1,7,969.5555555555555,0.1111111111111111,3.6666666666666665,1.0,0.7777777777777778,True,False,False,True,True,False,False,False,False,True,False,False,False,False,False,False,True,False,False,True,False
30,0,721,1,2,3,58,3,2,4,4011,10781,1,23,4,4,0,12,2,3,12,8,3,7,334.25,0.25,3.6666666666666665,1.0,0.5833333333333334,True,False,True,False,False,False,True,False,False,False,False,True,False,False,False,False,False,False,False,True,False
41,1,1360,12,3,2,49,3,5,3,19545,16280,1,12,3,4,0,23,0,3,22,15,15,8,888.4090909090909,0.6818181818181818,3.0,0.9565217391304348,0.36363636363636365,False,True,True,False,False,False,False,False,True,False,False,False,False,False,True,False,False,False,True,False,False
34,0,1065,23,4,2,72,3,2,3,4568,10034,0,20,4,3,0,10,2,3,9,5,8,7,507.55555555555554,0.8888888888888888,2.6666666666666665,0.9,0.7777777777777778,False,False,False,True,False,True,False,False,False,True,False,False,False,False,False,False,True,False,False,True,False
37,0,408,19,2,2,73,3,1,2,3022,10227,4,21,4,1,0,8,1,3,1,0,0,0,3022.0,0.0,1.6666666666666667,0.125,0.0,False,True,True,False,True,False,False,False,False,True,False,False,False,False,False,True,False,False,True,False,False
46,0,1211,5,4,1,98,3,2,4,5772,20445,4,21,4,3,0,14,4,3,9,6,0,8,641.3333333333334,0.0,2.6666666666666665,0.6428571428571429,0.8888888888888888,True,False,False,True,False,True,False,False,False,True,False,False,False,False,False,False,True,False,False,True,True
35,0,1229,8,1,4,36,4,1,4,2269,4892,1,19,3,4,0,1,2,3,1,0,0,1,2269.0,0.0,4.0,1.0,1.0,False,True,True,False,True,False,False,False,False,True,False,True,False,False,False,False,False,False,True,False,False
48,1,626,1,2,1,98,2,3,3,5381,19294,9,13,3,4,0,23,2,3,1,0,0,0,5381.0,0.0,2.6666666666666665,0.043478260869565216,0.0,False,True,True,False,True,False,False,False,False,True,False,True,False,False,False,False,False,False,False,True,True
28,1,1434,5,4,3,50,3,1,3,3441,11179,1,13,3,3,0,2,3,2,2,2,2,2,1720.5,1.0,3.0,1.0,1.0,False,True,True,False,False,False,False,False,True,True,False,True,False,False,False,False,False,False,False,True,True
44,0,1488,1,5,2,75,3,2,1,5454,4009,5,21,4,3,1,9,2,2,4,3,1,3,1363.5,0.25,2.0,0.4444444444444444,0.75,False,True,False,True,False,True,False,False,False,False,False,False,False,False,False,False,True,False,False,False,True
35,0,1097,11,2,3,79,2,3,1,9884,8302,2,13,3,3,1,10,3,3,4,0,2,3,2471.0,0.5,2.3333333333333335,0.4,0.75,False,False,True,False,False,False,True,False,False,True,False,False,False,False,False,False,False,False,True,False,True
26,0,1443,23,3,3,47,2,2,4,4157,21436,7,19,3,3,1,5,2,2,2,2,0,0,2078.5,0.0,3.3333333333333335,0.4,0.0,False,True,False,True,False,True,False,False,False,False,False,False,False,False,False,False,True,False,True,False,True
33,0,515,1,2,1,98,3,3,4,13458,15146,1,12,3,3,0,15,1,3,15,14,8,12,897.2,0.5333333333333333,2.6666666666666665,1.0,0.8,True,False,True,False,True,False,False,False,False,False,False,False,False,False,True,False,False,False,False,True,True
35,0,853,18,5,2,71,3,3,1,9069,11031,1,22,4,4,1,9,3,2,9,8,1,8,1007.6666666666666,0.1111111111111111,2.3333333333333335,1.0,0.8888888888888888,True,False,False,True,True,False,False,False,False,True,False,False,False,False,False,False,True,False,True,False,False
35,0,1142,23,4,3,30,3,1,1,4014,16002,3,15,3,3,1,4,3,3,2,2,2,2,2007.0,1.0,2.3333333333333335,0.5,1.0,False,True,True,False,False,False,True,False,False,False,False,True,False,False,False,False,False,False,True,False,True
31,0,655,7,4,4,48,3,2,4,5915,9528,3,22,4,4,1,10,3,2,7,7,1,7,845.0,0.14285714285714285,4.0,0.7,1.0,False,True,True,False,True,False,False,False,False,True,False,True,False,False,False,False,False,False,False,False,False
37,0,1115,1,4,1,51,2,2,3,5993,2689,1,18,3,3,1,7,2,4,7,5,0,7,856.1428571428571,0.0,2.3333333333333335,1.0,1.0,False,True,True,False,True,False,False,False,False,True,False,False,False,True,False,False,False,False,False,False,False
32,0,427,1,3,1,33,3,2,4,6162,10877,1,22,4,2,1,9,3,3,9,8,7,8,684.6666666666666,0.7777777777777778,2.3333333333333335,1.0,0.8888888888888888,False,True,True,False,False,False,True,False,False,True,False,False,False,True,False,False,False,False,True,False,True
38,0,653,29,5,4,50,3,2,4,2406,5456,1,11,3,4,0,10,2,3,10,3,9,9,240.6,0.9,4.0,1.0,0.9,True,False,True,False,True,False,False,False,False,False,False,True,False,False,False,False,False,False,False,True,False
50,0,989,7,2,2,43,2,5,3,18740,16701,5,12,3,4,1,29,2,2,27,3,13,8,694.074074074074,0.48148148148148145,3.0,0.9310344827586207,0.2962962962962963,False,True,True,False,False,False,True,False,False,False,False,False,False,False,True,False,False,False,False,False,True
59,0,1435,25,3,1,99,3,3,1,7637,2354,7,11,3,4,0,28,3,2,21,16,7,9,363.6666666666667,0.3333333333333333,2.0,0.75,0.42857142857142855,False,True,False,True,True,False,False,False,False,False,False,False,False,False,False,False,True,False,False,True,False
36,0,1223,8,3,3,59,3,3,3,10096,8202,1,13,3,2,3,17,2,3,17,14,12,8,593.8823529411765,0.7058823529411765,2.6666666666666665,1.0,0.47058823529411764,False,True,True,False,False,False,False,False,True,False,False,False,False,False,False,False,False,False,False,False,False
55,0,836,8,3,4,33,3,4,3,14756,19730,2,14,3,3,3,21,2,3,5,0,0,2,2951.2,0.0,3.3333333333333335,0.23809523809523808,0.4,False,True,True,False,False,False,True,False,False,False,False,False,True,False,False,False,False,False,False,False,True
36,0,1195,11,3,2,95,2,2,2,6499,22656,1,13,3,3,0,6,3,3,6,5,0,3,1083.1666666666667,0.0,2.3333333333333335,1.0,0.5,True,False,True,False,True,False,False,False,False,True,False,False,False,True,False,False,False,False,False,True,False
45,0,1339,7,3,2,59,3,3,1,9724,18787,2,17,3,3,1,25,2,3,1,0,0,0,9724.0,0.0,2.0,0.04,0.0,False,True,True,False,True,False,False,False,False,True,False,False,False,False,False,True,False,False,False,False,False
35,0,664,1,3,2,79,3,1,1,2194,5868,4,13,3,4,1,5,2,2,3,2,1,2,731.3333333333334,0.3333333333333333,2.3333333333333335,0.6,0.6666666666666666,True,False,True,False,False,False,True,False,False,True,False,False,False,False,False,True,False,False,True,False,False
36,1,318,9,3,4,79,2,1,3,3388,21777,0,17,3,1,1,2,0,2,1,0,0,0,3388.0,0.0,2.6666666666666665,0.5,0.0,False,True,True,False,False,False,True,False,False,True,False,False,False,False,False,True,False,False,True,False,True
59,0,1225,1,1,1,57,2,2,3,5473,24668,7,11,3,4,0,20,2,2,4,3,1,3,1368.25,0.25,2.6666666666666665,0.2,0.75,True,False,False,True,True,False,False,False,False,False,False,False,False,False,False,False,True,False,False,True,False
29,0,1328,2,3,3,76,3,1,2,2703,4956,0,23,4,4,1,6,3,3,5,4,0,4,540.6,0.0,3.0,0.8333333333333334,0.8,False,True,True,False,True,False,False,False,False,True,False,False,False,False,False,True,False,False,True,False,False
31,0,1082,1,4,3,87,3,1,2,2501,18775,1,17,3,2,0,1,4,3,1,1,1,0,2501.0,1.0,2.3333333333333335,1.0,0.0,False,True,True,False,False,False,True,False,False,True,False,False,False,False,False,True,False,False,False,True,False
32,0,548,1,3,2,66,3,2,2,6220,7346,1,17,3,2,2,10,3,3,10,4,0,9,622.0,0.0,2.0,1.0,0.9,False,True,True,False,True,False,False,False,False,True,False,False,False,False,False,True,False,False,True,False,False
36,0,132,6,3,2,55,4,1,4,3038,22002,3,12,3,2,0,5,3,3,1,0,0,0,3038.0,0.0,2.6666666666666665,0.2,0.0,False,True,True,False,True,False,False,False,False,False,False,True,False,False,False,False,False,False,True,False,False
31,0,746,8,4,3,61,3,2,4,4424,20682,1,23,4,4,0,11,2,3,11,7,1,8,402.1818181818182,0.09090909090909091,3.6666666666666665,1.0,0.7272727272727273,False,True,True,False,True,False,False,False,False,False,False,False,False,True,False,False,False,False,False,True,False
35,0,776,1,4,3,32,2,2,1,4312,23016,0,14,3,2,0,16,2,3,15,13,2,8,287.46666666666664,0.13333333333333333,2.0,0.9375,0.5333333333333333,False,True,False,True,False,True,False,False,False,True,False,False,False,False,False,False,True,False,False,True,False
45,0,193,6,4,4,52,3,3,1,13245,15067,4,14,3,2,0,17,3,4,0,0,0,0,13245.0,0.0,2.3333333333333335,0.0,0.0,False,True,True,False,False,False,False,True,False,True,False,False,False,False,True,False,False,False,True,False,True
37,0,397,7,4,1,30,3,3,3,13664,25258,4,13,3,1,0,16,3,4,5,2,0,2,2732.8,0.0,1.6666666666666667,0.3125,0.4,False,True,True,False,False,False,True,False,False,True,False,False,False,False,True,False,False,False,False,True,False
46,0,945,5,2,2,80,3,2,2,5021,10425,8,22,4,4,1,16,2,3,4,2,0,2,1255.25,0.0,2.6666666666666665,0.25,0.5,False,True,False,False,False,False,True,False,False,True,True,False,False,False,False,False,False,False,False,False,True
30,0,852,1,1,4,55,2,2,4,5126,15998,1,12,3,3,2,10,1,2,10,8,3,0,512.6,0.3,3.6666666666666665,1.0,0.0,False,True,True,False,True,False,False,False,False,True,False,True,False,False,False,False,False,False,True,False,True
35,0,1214,1,3,2,30,2,1,3,2859,26278,1,18,3,1,0,6,3,3,6,4,0,4,476.5,0.0,2.0,1.0,0.6666666666666666,False,True,True,False,False,False,True,False,False,True,False,False,False,False,False,True,False,False,False,True,False
55,0,111,1,2,1,70,3,3,4,10239,18092,3,14,3,4,1,24,4,3,1,0,1,0,10239.0,1.0,3.0,0.041666666666666664,0.0,False,True,False,True,True,False,False,False,False,True,False,False,False,False,False,False,True,False,True,False,False
38,0,573,6,3,2,79,1,2,4,5329,15717,7,12,3,4,3,17,3,3,13,11,1,9,409.9230769230769,0.07692307692307693,3.3333333333333335,0.7647058823529411,0.6923076923076923,False,False,True,False,False,False,True,False,False,False,False,False,False,False,False,True,False,False,False,False,True
34,0,1153,1,2,1,94,3,2,2,4325,17736,1,15,3,3,0,5,2,3,5,2,1,3,865.0,0.2,2.0,1.0,0.6,False,True,True,False,False,False,True,False,False,True,False,False,False,True,False,False,False,False,True,False,False
56,0,1400,7,3,4,49,1,3,4,7260,21698,4,11,3,1,0,37,3,2,6,4,0,2,1210.0,0.0,3.0,0.16216216216216217,0.3333333333333333,False,True,True,False,True,False,False,False,False,True,False,False,False,True,False,False,False,False,False,True,False
23,0,541,2,1,3,62,3,1,1,2322,9518,3,13,3,3,1,3,3,3,0,0,0,0,2322.0,0.0,2.3333333333333335,0.0,0.0,False,True,False,True,False,False,False,False,True,True,False,False,False,False,False,False,False,True,False,False,False
51,0,432,9,4,4,96,3,1,4,2075,18725,3,23,4,2,2,10,4,3,4,2,0,3,518.75,0.0,3.3333333333333335,0.4,0.75,False,True,True,False,True,False,False,False,False,True,False,True,False,False,False,False,False,False,True,False,False
30,0,288,2,3,3,99,2,2,4,4152,15830,1,19,3,1,3,11,3,3,11,10,10,8,377.45454545454544,0.9090909090909091,2.6666666666666665,1.0,0.7272727272727273,False,True,True,False,True,False,False,False,False,True,False,False,False,False,False,False,False,False,True,False,False
46,1,669,9,2,3,64,2,3,4,9619,13596,1,16,3,4,0,9,3,3,9,8,4,7,1068.7777777777778,0.4444444444444444,3.6666666666666665,1.0,0.7777777777777778,False,True,False,True,False,False,True,False,False,True,False,False,False,False,False,False,True,False,False,True,False
40,0,530,1,4,3,78,2,4,2,13503,14115,1,22,4,4,1,22,3,2,22,3,11,11,613.7727272727273,0.5,3.0,1.0,0.5,True,False,True,False,True,False,False,False,False,True,False,False,False,False,False,False,False,False,True,False,False
51,0,632,21,4,3,71,3,2,4,5441,8423,0,22,4,4,0,11,2,1,10,7,1,0,544.1,0.1,3.6666666666666665,0.9090909090909091,0.0,False,True,False,True,False,True,False,False,False,True,False,False,False,False,False,False,True,False,False,True,True
30,0,1334,4,2,3,63,2,2,2,5209,19760,1,12,3,2,3,11,4,2,11,8,2,7,473.54545454545456,0.18181818181818182,2.3333333333333335,1.0,0.6363636363636364,False,True,False,True,False,False,True,False,False,False,False,False,False,False,False,False,True,False,False,False,True
46,0,638,1,3,3,40,2,3,1,10673,3142,2,13,3,3,1,21,5,2,10,9,9,5,1067.3,0.9,2.3333333333333335,0.47619047619047616,0.5,True,False,True,False,False,False,True,False,False,True,False,False,False,False,False,False,False,False,True,False,True
32,0,1093,6,4,2,87,3,2,3,5010,24301,1,16,3,1,0,12,0,3,11,8,5,7,455.45454545454544,0.45454545454545453,2.0,0.9166666666666666,0.6363636363636364,False,True,False,True,False,False,True,False,False,True,False,False,False,False,False,False,True,False,False,True,False
54,0,1217,2,4,1,60,3,3,3,13549,24001,9,12,3,1,1,16,5,1,4,3,0,3,3387.25,0.0,1.6666666666666667,0.25,0.75,False,True,True,False,False,False,False,False,True,False,False,False,False,False,True,False,False,False,True,False,False
24,0,1353,3,2,1,33,3,2,3,4999,17519,0,21,4,1,1,4,2,2,3,2,0,2,1666.3333333333333,0.0,1.6666666666666667,0.75,0.6666666666666666,False,True,False,True,False,False,False,True,False,False,False,False,False,False,False,False,True,False,True,False,False
28,0,120,4,3,2,43,3,2,3,4221,8863,1,15,3,2,0,5,3,4,5,4,0,4,844.2,0.0,2.3333333333333335,1.0,0.8,False,False,False,True,False,False,True,False,False,True,False,False,False,False,False,False,True,False,True,False,False
58,0,682,10,4,4,37,3,4,3,13872,24409,0,13,3,3,0,38,1,2,37,10,1,8,374.9189189189189,0.02702702702702703,3.3333333333333335,0.9736842105263158,0.21621621621621623,False,True,False,True,False,False,True,False,False,True,False,False,False,False,False,False,True,False,False,True,False
44,0,489,23,3,2,67,3,2,2,2042,25043,4,12,3,3,1,17,3,4,3,2,1,2,680.6666666666666,0.3333333333333333,2.3333333333333335,0.17647058823529413,0.6666666666666666,False,False,True,False,False,False,True,False,False,True,False,True,False,False,False,False,False,False,True,False,False
37,1,807,6,4,3,63,3,1,1,2073,23648,4,22,4,4,0,7,3,3,3,2,0,2,691.0,0.0,2.6666666666666665,0.42857142857142855,0.6666666666666666,False,True,False,False,False,False,False,False,False,True,True,False,False,False,False,False,False,False,False,False,True
32,0,827,1,1,4,71,3,1,1,2956,15178,1,13,3,4,0,1,2,3,1,0,0,0,2956.0,0.0,3.0,1.0,0.0,False,True,True,False,True,False,False,False,False,True,False,False,False,False,False,True,False,False,False,True,False
20,1,871,6,3,4,66,2,1,4,2926,19783,1,18,3,2,0,1,5,3,1,0,1,0,2926.0,1.0,3.3333333333333335,1.0,0.0,True,False,True,False,True,False,False,False,False,False,False,True,False,False,False,False,False,False,False,True,True
34,0,665,6,4,1,41,3,2,3,4809,12482,1,14,3,3,0,16,3,3,16,13,2,10,300.5625,0.125,2.3333333333333335,1.0,0.625,False,True,True,False,False,False,False,True,False,False,False,False,False,False,False,True,False,False,False,True,False
37,0,1040,2,2,3,100,2,2,4,5163,15850,5,14,3,4,1,17,2,4,1,0,0,0,5163.0,0.0,3.6666666666666665,0.058823529411764705,0.0,False,False,True,False,True,False,False,False,False,True,False,False,False,False,False,False,False,False,False,False,False
59,0,1420,2,4,3,32,2,5,4,18844,21922,9,21,4,4,1,30,3,3,3,2,2,2,6281.333333333333,0.6666666666666666,3.6666666666666665,0.1,0.6666666666666666,False,False,False,False,False,False,False,False,False,False,False,False,True,False,False,False,False,False,True,False,False
50,0,1115,1,3,1,73,3,5,2,18172,9755,3,19,3,1,0,28,1,2,8,3,0,7,2271.5,0.0,1.3333333333333333,0.2857142857142857,0.875,True,False,True,False,True,False,False,False,False,False,False,False,False,False,True,False,False,False,True,False,True
25,1,240,5,3,3,46,2,2,3,5744,26959,1,11,3,4,0,6,1,3,6,4,0,3,957.3333333333334,0.0,3.3333333333333335,1.0,0.5,False,True,False,True,False,True,False,False,False,True,False,False,False,False,False,False,True,False,False,True,True
25,0,1280,7,1,4,64,2,1,4,2889,26897,1,11,3,3,2,2,2,3,2,2,2,1,1444.5,1.0,3.6666666666666665,1.0,0.5,False,True,True,False,False,False,True,False,False,True,False,False,False,False,False,True,False,False,True,False,False
22,0,534,15,3,2,59,3,1,4,2871,23785,1,15,3,3,0,1,5,3,0,0,0,0,2871.0,0.0,3.0,0.0,0.0,False,True,True,False,False,False,True,False,False,False,False,True,False,False,False,False,False,False,False,True,False
51,0,1456,1,4,1,30,2,3,1,7484,25796,3,20,4,3,0,23,1,2,13,12,12,8,575.6923076923077,0.9230769230769231,1.6666666666666667,0.5652173913043478,0.6153846153846154,True,False,True,False,False,False,True,False,False,False,False,False,False,False,False,False,False,False,False,True,False
34,1,658,7,3,1,66,1,2,3,6074,22887,1,24,4,4,0,9,3,3,9,7,0,6,674.8888888888889,0.0,2.6666666666666665,1.0,0.6666666666666666,True,False,True,False,True,False,False,False,False,True,False,True,False,False,False,False,False,False,False,True,True
54,0,142,26,3,4,30,4,4,4,17328,13871,2,12,3,3,0,23,3,3,5,3,4,4,3465.6,0.8,3.6666666666666665,0.21739130434782608,0.8,False,False,False,False,False,False,False,False,False,False,False,False,True,False,False,False,False,False,False,True,True
24,0,1127,18,1,2,52,3,1,3,2774,13257,0,12,3,3,1,6,2,3,5,3,1,2,554.8,0.2,2.6666666666666665,0.8333333333333334,0.4,False,True,True,False,True,False,False,False,False,True,False,True,False,False,False,False,False,False,True,False,False
34,0,1031,6,4,3,45,2,2,2,4505,15000,6,15,3,3,1,12,3,3,1,0,0,0,4505.0,0.0,2.6666666666666665,0.08333333333333333,0.0,False,True,True,False,True,False,False,False,False,False,False,False,False,False,False,True,False,False,False,False,False
37,0,1189,3,3,3,87,3,3,4,7428,14506,2,12,3,1,0,12,3,3,5,3,1,3,1485.6,0.2,2.6666666666666665,0.4166666666666667,0.6,False,True,False,True,True,False,False,False,False,True,False,False,False,False,False,False,True,False,False,True,False
34,0,1354,5,3,3,45,2,3,1,11631,5615,2,12,3,4,0,14,6,3,11,10,5,8,1057.3636363636363,0.45454545454545453,2.6666666666666665,0.7857142857142857,0.7272727272727273,False,True,True,False,False,False,True,False,False,False,False,False,True,False,False,False,False,False,False,True,False
36,0,1467,11,2,2,92,3,3,4,9738,22952,0,14,3,3,1,10,6,3,9,7,2,8,1082.0,0.2222222222222222,3.0,0.9,0.8888888888888888,True,False,False,True,False,False,False,False,True,False,False,False,False,False,False,False,True,False,True,False,False
36,0,922,3,2,1,39,3,1,4,2835,2561,5,22,4,1,1,7,2,3,1,0,0,0,2835.0,0.0,2.0,0.14285714285714285,0.0,False,True,True,False,True,False,False,False,False,False,False,True,False,False,False,False,False,False,False,False,False
43,0,394,26,2,3,92,3,4,4,16959,19494,1,12,3,4,2,25,3,4,25,12,4,12,678.36,0.16,3.6666666666666665,1.0,0.48,True,False,False,True,True,False,False,False,False,True,False,False,True,False,False,False,False,False,True,False,True
30,0,1312,23,3,1,96,1,1,3,2613,22310,1,25,4,3,3,10,2,2,10,7,0,9,261.3,0.0,2.3333333333333335,1.0,0.9,True,False,True,False,True,False,False,False,False,True,False,False,False,False,False,True,False,False,False,False,False
33,0,750,22,2,3,95,3,2,2,6146,15480,0,13,3,1,1,8,2,4,7,7,0,7,878.0,0.0,2.0,0.875,1.0,False,False,False,True,False,True,False,False,False,True,False,False,False,False,False,False,True,False,True,False,False
56,1,441,14,4,2,72,3,1,2,4963,4510,9,18,3,1,3,7,2,3,5,4,4,3,992.6,0.8,1.6666666666666667,0.7142857142857143,0.6,False,True,True,False,True,False,False,False,False,False,False,False,False,False,False,True,False,False,True,False,True
51,0,684,6,3,1,51,3,5,3,19537,6462,7,13,3,3,0,23,5,3,20,18,15,15,976.85,0.75,2.3333333333333335,0.8695652173913043,0.75,False,True,True,False,True,False,False,False,False,True,False,False,False,False,True,False,False,False,False,True,False
31,1,249,6,4,2,76,1,2,3,6172,20739,4,18,3,2,0,12,3,2,7,7,7,7,881.7142857142857,1.0,2.3333333333333335,0.5833333333333334,1.0,False,True,False,True,True,False,False,False,False,True,False,False,False,False,False,False,True,False,True,False,True
26,0,841,6,3,3,46,2,1,2,2368,23300,1,19,3,3,0,5,3,2,5,4,4,3,473.6,0.8,2.6666666666666665,1.0,0.6,False,True,True,False,False,False,False,True,False,False,False,False,False,False,False,True,False,False,True,False,False
58,1,147,23,4,4,94,3,3,4,10312,3465,1,12,3,4,1,40,3,2,40,10,15,6,257.8,0.375,4.0,1.0,0.15,False,True,True,False,False,False,True,False,False,False,False,False,False,False,False,False,False,False,True,False,False
19,1,528,22,1,4,50,3,1,3,1675,26820,1,19,3,4,0,0,2,2,0,0,0,0,1675.0,0.0,3.6666666666666665,0.0,0.0,False,True,False,True,False,True,False,False,False,True,False,False,False,False,False,False,False,True,False,True,True
22,0,594,2,1,3,100,3,1,4,2523,19299,0,14,3,3,1,3,2,3,2,1,2,1,1261.5,1.0,3.3333333333333335,0.6666666666666666,0.5,False,True,True,False,False,False,False,False,True,True,False,True,False,False,False,False,False,False,True,False,False
49,0,470,20,4,3,96,3,2,1,6567,5549,1,14,3,3,0,16,2,2,15,11,5,11,437.8,0.3333333333333333,2.3333333333333335,0.9375,0.7333333333333333,False,True,True,False,False,False,True,False,False,False,False,False,False,True,False,False,False,False,True,False,False
43,0,957,28,3,2,72,4,1,3,4739,16090,4,12,3,4,0,18,2,3,3,2,1,2,1579.6666666666667,0.3333333333333333,3.0,0.16666666666666666,0.6666666666666666,True,False,True,False,False,False,True,False,False,False,False,False,False,False,False,True,False,False,False,True,False
50,0,809,12,3,3,77,3,3,4,9208,6645,4,11,3,4,0,16,3,3,2,2,2,1,4604.0,1.0,3.6666666666666665,0.125,0.5,True,False,False,True,False,True,False,False,False,False,False,False,False,False,False,False,True,False,False,True,False
31,1,542,20,3,2,71,1,2,3,4559,24788,3,11,3,3,1,4,2,3,2,2,2,2,2279.5,1.0,2.6666666666666665,0.5,1.0,False,True,False,True,True,False,False,False,False,False,False,False,False,False,False,False,True,False,True,False,True
41,0,802,9,1,3,96,3,3,3,8189,21196,3,13,3,3,1,12,2,3,9,7,0,7,909.8888888888889,0.0,3.0,0.75,0.7777777777777778,False,True,False,True,True,False,False,False,False,True,False,False,False,False,False,False,True,False,False,False,True
26,0,1355,25,1,3,61,3,1,3,2942,8916,1,23,4,4,1,8,3,3,8,7,5,7,367.75,0.625,3.3333333333333335,1.0,0.875,False,True,False,False,True,False,False,False,False,False,True,False,False,False,False,False,False,False,True,False,False
36,0,216,6,2,2,84,3,2,2,4941,2819,6,20,4,4,2,7,0,3,3,2,0,1,1647.0,0.0,2.6666666666666665,0.42857142857142855,0.3333333333333333,False,True,True,False,False,False,True,False,False,True,False,False,False,True,False,False,False,False,False,False,False
51,1,1150,8,4,1,53,1,3,4,10650,25150,2,15,3,4,0,18,2,3,4,2,0,3,2662.5,0.0,3.0,0.2222222222222222,0.75,True,False,True,False,True,False,False,False,False,True,False,False,False,True,False,False,False,False,False,True,False
39,0,1329,4,4,4,47,2,2,3,5902,14590,4,14,3,3,1,17,1,4,15,11,5,9,393.46666666666664,0.3333333333333333,3.3333333333333335,0.8823529411764706,0.6,False,True,False,True,True,False,False,False,False,False,False,False,False,False,False,False,True,False,True,False,False
25,0,959,28,3,1,41,2,2,3,8639,24835,2,18,3,4,0,6,3,3,2,2,2,2,4319.5,1.0,2.6666666666666665,0.3333333333333333,1.0,False,True,False,True,True,False,False,False,False,True,False,False,False,False,False,False,True,False,True,False,False
30,0,1240,9,3,3,48,3,2,4,6347,13982,0,19,3,4,0,12,2,1,11,9,4,7,577.0,0.36363636363636365,3.6666666666666665,0.9166666666666666,0.6363636363636364,False,True,False,False,False,False,False,False,False,True,True,False,False,False,False,False,False,False,True,False,True
32,1,1033,9,3,1,41,3,1,1,4200,10224,7,22,4,1,0,10,2,4,5,4,0,4,840.0,0.0,1.0,0.5,0.8,False,True,True,False,False,False,True,False,False,False,False,True,False,False,False,False,False,False,False,True,False
45,0,1316,29,3,3,83,3,1,4,3452,9752,5,13,3,2,0,9,2,2,6,5,0,3,575.3333333333334,0.0,3.0,0.6666666666666666,0.5,False,True,True,False,False,False,True,False,False,True,False,False,False,False,False,True,False,False,False,True,False
38,0,364,3,5,4,32,3,2,3,4317,2302,3,20,4,2,0,19,2,3,3,2,2,2,1439.0,0.6666666666666666,3.0,0.15789473684210525,0.6666666666666666,False,True,True,False,False,False,False,False,True,False,False,False,False,False,False,True,False,False,False,True,True
30,0,438,18,3,1,75,3,1,3,2632,23910,1,14,3,3,0,5,4,2,5,4,0,4,526.4,0.0,2.3333333333333335,1.0,0.8,False,True,True,False,True,False,False,False,False,False,False,False,False,False,False,True,False,False,False,True,False
32,0,689,9,2,4,35,1,2,4,4668,22812,0,17,3,4,3,9,2,4,8,7,0,7,583.5,0.0,4.0,0.8888888888888888,0.875,True,False,False,True,False,False,True,False,False,True,False,False,False,False,False,False,True,False,False,False,False
30,0,201,5,3,4,84,3,1,1,3204,10415,5,14,3,4,1,8,3,3,3,2,2,2,1068.0,0.6666666666666666,3.0,0.375,0.6666666666666666,False,True,True,False,False,False,False,False,True,False,False,False,False,False,False,True,False,False,False,False,False
30,0,1427,2,1,2,35,2,1,4,2720,11162,0,13,3,4,0,6,3,3,5,3,1,2,544.0,0.2,3.3333333333333335,0.8333333333333334,0.4,False,True,True,False,False,False,True,False,False,True,False,True,False,False,False,False,False,False,False,True,False
41,0,857,10,3,4,91,2,4,1,17181,12888,4,13,3,2,1,21,2,2,7,6,7,7,2454.4285714285716,1.0,2.3333333333333335,0.3333333333333333,1.0,True,False,True,False,True,False,False,False,False,True,False,False,True,False,False,False,False,False,False,False,False
41,0,933,9,4,3,94,3,1,1,2238,6961,2,21,4,4,1,7,2,3,5,0,1,4,447.6,0.2,2.6666666666666665,0.7142857142857143,0.8,False,True,True,False,True,False,False,False,False,True,False,True,False,False,False,False,False,False,True,False,False
19,0,1181,3,1,2,79,3,1,2,1483,16102,1,14,3,4,0,1,3,3,1,0,0,0,1483.0,0.0,2.6666666666666665,1.0,0.0,False,True,True,False,False,False,True,False,False,False,False,True,False,False,False,False,False,False,False,True,False
40,0,1395,26,3,2,54,3,2,2,5605,8504,1,11,3,1,1,20,2,3,20,7,2,13,280.25,0.1,1.6666666666666667,1.0,0.65,True,False,True,False,False,False,True,False,False,False,False,False,False,False,False,True,False,False,False,False,False
35,0,662,1,5,3,94,3,3,2,7295,11439,1,13,3,1,2,10,3,3,10,8,0,6,729.5,0.0,2.0,1.0,0.6,False,True,False,True,False,True,False,False,False,True,False,False,False,False,False,False,True,False,True,False,False
53,0,1436,6,2,2,34,3,2,3,2306,16047,2,20,4,4,1,13,3,1,7,7,4,5,329.42857142857144,0.5714285714285714,3.0,0.5384615384615384,0.7142857142857143,False,True,False,True,False,True,False,False,False,True,False,False,False,False,False,False,False,True,True,False,True
45,0,194,9,3,2,60,3,2,2,2348,10901,8,18,3,3,1,20,2,1,17,9,0,15,138.11764705882354,0.0,2.3333333333333335,0.85,0.8823529411764706,False,True,True,False,True,False,False,False,False,True,False,True,False,False,False,False,False,False,False,False,False
32,0,967,8,3,2,43,3,3,4,8998,15589,1,14,3,4,0,9,2,3,9,8,3,7,999.7777777777778,0.3333333333333333,3.3333333333333335,1.0,0.7777777777777778,True,False,False,True,False,True,False,False,False,False,False,False,False,False,False,False,True,False,False,True,False
29,0,1496,1,1,4,41,3,2,3,4319,26283,1,13,3,1,1,10,1,3,10,7,0,9,431.9,0.0,2.6666666666666665,1.0,0.9,False,False,True,False,False,False,False,False,True,True,False,False,False,True,False,False,False,False,True,False,False
51,0,1169,7,4,2,34,2,2,3,6132,13983,2,17,3,3,0,10,2,3,1,0,0,0,6132.0,0.0,2.6666666666666665,0.1,0.0,False,True,True,False,False,False,True,False,False,True,False,False,False,True,False,False,False,False,True,False,False
58,0,1145,9,3,2,75,2,1,2,3346,11873,4,20,4,2,1,9,3,2,1,0,0,0,3346.0,0.0,2.0,0.1111111111111111,0.0,False,True,True,False,False,False,True,False,False,False,False,False,False,False,False,True,False,False,True,False,True
40,0,630,4,4,3,67,2,3,4,10855,8552,7,11,3,1,1,15,2,2,12,11,2,11,904.5833333333334,0.16666666666666666,2.6666666666666665,0.8,0.9166666666666666,False,True,False,True,False,True,False,False,False,True,False,False,False,False,False,False,True,False,True,False,False
34,0,303,2,4,3,75,3,1,3,2231,11314,6,18,3,4,1,6,3,3,4,3,1,2,557.75,0.25,3.3333333333333335,0.6666666666666666,0.5,True,False,False,True,False,True,False,False,False,False,False,False,False,False,False,False,False,True,True,False,False
22,0,1256,19,1,3,80,3,1,4,2323,11992,1,24,4,1,2,2,6,3,2,2,2,2,1161.5,1.0,2.6666666666666665,1.0,1.0,False,True,True,False,False,False,True,False,False,True,False,False,False,False,False,True,False,False,True,False,False
27,0,691,9,3,4,57,3,1,2,2024,5970,6,18,3,4,1,6,1,1,2,2,2,2,1012.0,1.0,3.3333333333333335,0.3333333333333333,1.0,False,False,True,False,False,False,True,False,False,True,False,False,False,False,False,True,False,False,False,False,False
28,0,440,21,3,3,42,3,1,4,2713,6672,1,11,3,3,1,5,2,1,5,2,0,2,542.6,0.0,3.3333333333333335,1.0,0.4,False,True,True,False,False,False,True,False,False,True,False,False,False,False,False,True,False,False,True,False,False
57,0,334,24,2,3,83,4,3,4,9439,23402,3,16,3,2,1,12,2,1,5,3,1,4,1887.8,0.2,3.0,0.4166666666666667,0.8,False,True,True,False,True,False,False,False,False,True,False,False,False,False,False,False,False,False,False,False,True
27,0,1450,3,3,3,79,2,1,3,2566,25326,1,15,3,4,1,1,2,2,1,1,0,1,2566.0,0.0,3.3333333333333335,1.0,1.0,False,False,True,False,False,False,True,False,False,True,False,False,False,False,False,True,False,False,False,False,True
50,0,1452,11,3,3,53,3,5,2,19926,17053,3,15,3,2,0,21,5,3,5,4,4,4,3985.2,0.8,2.3333333333333335,0.23809523809523808,0.8,False,True,True,False,True,False,False,False,False,False,False,False,True,False,False,False,False,False,False,True,False
41,0,465,14,3,1,56,3,1,3,2451,4609,4,12,3,1,1,13,2,3,9,8,1,8,272.3333333333333,0.1111111111111111,1.6666666666666667,0.6923076923076923,0.8888888888888888,False,True,True,False,True,False,False,False,False,True,False,False,False,False,False,True,False,False,False,False,False
30,0,1339,5,3,2,41,3,3,4,9419,8053,2,12,3,3,1,12,2,3,10,9,7,4,941.9,0.7,3.0,0.8333333333333334,0.4,False,True,False,True,True,False,False,False,False,False,False,False,False,False,False,False,True,False,True,False,False
38,0,702,1,4,1,59,2,2,4,8686,12930,4,22,4,3,0,12,2,4,8,3,0,7,1085.75,0.0,2.6666666666666665,0.6666666666666666,0.875,False,True,False,True,True,False,False,False,False,False,False,False,False,False,False,False,True,False,False,True,False
32,0,120,6,5,3,43,3,1,3,3038,12430,3,20,4,1,0,8,2,3,5,4,1,4,607.6,0.2,2.3333333333333335,0.625,0.8,False,True,True,False,True,False,False,False,False,True,False,False,False,False,False,True,False,False,False,True,False
27,0,1157,17,3,3,51,3,1,2,3058,13364,0,16,3,4,1,6,3,2,5,2,1,1,611.6,0.2,3.0,0.8333333333333334,0.2,False,True,True,False,False,False,False,False,True,True,False,False,False,False,False,True,False,False,True,False,True
19,1,602,1,1,3,100,1,1,1,2325,20989,0,21,4,1,0,1,5,4,0,0,0,0,2325.0,0.0,1.6666666666666667,0.0,0.0,True,False,False,True,False,False,False,False,True,False,False,False,False,False,False,False,False,True,False,True,False
36,0,1480,3,2,4,30,3,1,2,2088,15062,4,12,3,3,0,13,3,2,8,7,7,2,261.0,0.875,3.0,0.6153846153846154,0.25,True,False,True,False,False,False,True,False,False,True,False,True,False,False,False,False,False,False,False,True,False
30,0,111,9,3,3,66,3,2,1,3072,11012,1,11,3,3,2,12,4,3,12,9,6,10,256.0,0.5,2.3333333333333335,1.0,0.8333333333333334,False,False,True,False,False,False,True,False,False,True,False,True,False,False,False,False,False,False,False,False,False
45,0,1268,4,2,3,30,3,2,1,5006,6319,4,11,3,1,1,9,3,4,5,4,0,3,1001.2,0.0,1.6666666666666667,0.5555555555555556,0.6,False,True,False,True,True,False,False,False,False,False,False,False,False,False,False,False,True,False,False,False,True
56,0,713,8,3,3,67,3,1,1,4257,13939,4,18,3,3,1,19,3,3,2,2,2,2,2128.5,1.0,2.3333333333333335,0.10526315789473684,1.0,False,True,True,False,True,False,False,False,False,False,False,False,False,False,False,True,False,False,False,False,True
33,0,134,2,3,3,90,3,1,4,2500,10515,0,14,3,1,0,4,2,4,3,1,0,2,833.3333333333334,0.0,2.6666666666666665,0.75,0.6666666666666666,False,True,True,False,True,False,False,False,False,True,False,False,False,False,False,True,False,False,False,True,False
19,1,303,2,3,2,47,2,1,4,1102,9241,1,22,4,3,0,1,3,2,1,0,1,0,1102.0,1.0,3.0,1.0,0.0,False,True,True,False,True,False,False,False,False,True,False,True,False,False,False,False,False,False,False,True,False
46,0,526,1,2,2,92,3,3,1,10453,2137,1,25,4,3,3,24,2,3,24,13,15,7,435.5416666666667,0.625,2.0,1.0,0.2916666666666667,False,True,False,True,False,True,False,False,False,False,False,False,False,False,False,False,True,False,False,False,False
38,0,1380,9,2,3,75,3,1,4,2288,6319,1,12,3,3,0,2,3,3,2,2,2,1,1144.0,1.0,3.3333333333333335,1.0,0.5,False,True,True,False,True,False,False,False,False,False,False,True,False,False,False,False,False,False,False,True,False
31,0,140,12,1,3,95,3,1,4,3929,6984,8,23,4,3,1,7,0,3,4,2,0,2,982.25,0.0,3.3333333333333335,0.5714285714285714,0.5,False,True,True,False,False,False,True,False,False,False,False,False,False,False,False,True,False,False,True,False,True
34,0,629,27,2,4,95,3,1,2,2311,5711,2,15,3,4,0,9,3,3,3,2,1,2,770.3333333333334,0.3333333333333333,3.3333333333333335,0.3333333333333333,0.6666666666666666,False,True,True,False,False,False,True,False,False,False,False,False,False,False,False,True,False,False,False,True,False
41,1,1356,20,2,2,70,3,1,2,3140,21728,1,22,4,4,0,4,5,2,4,3,0,2,785.0,0.0,2.6666666666666665,1.0,0.5,False,True,False,True,False,True,False,False,False,False,False,False,False,False,False,False,False,True,False,True,True
50,0,328,1,3,3,86,2,1,3,3690,3425,2,15,3,4,1,5,2,2,3,2,0,2,1230.0,0.0,3.3333333333333335,0.6,0.6666666666666666,False,True,True,False,False,False,True,False,False,True,False,True,False,False,False,False,False,False,True,False,False
53,0,1084,13,2,4,57,4,2,1,4450,26250,1,11,3,3,2,5,3,3,4,2,1,3,1112.5,0.25,2.6666666666666665,0.8,0.75,False,True,True,False,False,False,True,False,False,False,False,False,False,True,False,False,False,False,False,False,False
33,0,931,14,3,4,72,3,1,2,2756,4673,1,13,3,4,1,8,5,3,8,7,1,6,344.5,0.125,3.3333333333333335,1.0,0.75,False,True,True,False,False,False,True,False,False,False,False,False,False,False,False,True,False,False,True,False,False
40,0,989,4,1,4,46,3,5,3,19033,6499,1,14,3,2,1,21,2,3,20,8,9,9,951.65,0.45,3.0,0.9523809523809523,0.45,False,True,True,False,False,False,True,False,False,False,False,False,True,False,False,False,False,False,True,False,False
55,0,692,14,4,3,61,4,5,2,18722,13339,8,11,3,4,0,36,3,3,24,15,2,15,780.0833333333334,0.08333333333333333,3.0,0.6666666666666666,0.625,False,True,True,False,False,False,True,False,False,True,False,False,False,False,True,False,False,False,False,True,False
34,0,1069,2,1,4,45,2,2,3,9547,14074,1,17,3,3,0,10,2,2,10,9,1,9,954.7,0.1,3.3333333333333335,1.0,0.9,True,False,True,False,True,False,False,False,False,True,False,False,False,True,False,False,False,False,True,False,False
51,0,313,3,3,4,98,3,4,2,13734,7192,3,18,3,3,0,21,6,3,7,7,1,0,1962.0,0.14285714285714285,3.0,0.3333333333333333,0.0,False,True,True,False,False,False,True,False,False,False,False,False,False,False,False,False,False,False,False,True,False
52,0,699,1,4,3,65,2,5,3,19999,5678,0,14,3,1,1,34,5,3,33,18,11,9,606.030303030303,0.3333333333333333,2.3333333333333335,0.9705882352941176,0.2727272727272727,False,True,True,False,True,False,False,False,False,True,False,False,True,False,False,False,False,False,True,False,False
27,0,894,9,3,4,99,3,1,2,2279,11781,1,16,3,4,0,7,2,2,7,7,0,3,325.57142857142856,0.0,3.3333333333333335,1.0,0.42857142857142855,False,True,True,False,False,False,True,False,False,False,False,False,False,False,False,True,False,False,False,True,False
35,1,556,23,2,2,50,2,2,3,5916,15497,3,13,3,1,0,8,1,3,1,0,0,1,5916.0,0.0,2.0,0.125,1.0,False,True,True,False,True,False,False,False,False,True,False,False,False,True,False,False,False,False,True,False,True
43,0,1344,7,3,4,37,4,1,4,2089,5228,4,14,3,4,3,7,3,4,5,4,2,2,417.8,0.4,4.0,0.7142857142857143,0.4,False,False,True,False,False,False,True,False,False,True,False,False,False,False,False,True,False,False,False,False,False
45,0,1195,2,2,1,65,2,4,4,16792,20462,9,23,4,4,1,22,1,3,20,8,11,8,839.6,0.55,3.0,0.9090909090909091,0.4,False,False,True,False,False,False,True,False,False,True,False,False,True,False,False,False,False,False,True,False,False
37,0,290,21,3,2,65,4,1,1,3564,22977,1,12,3,1,1,8,3,2,8,7,1,7,445.5,0.125,1.3333333333333333,1.0,0.875,False,True,True,False,True,False,False,False,False,True,False,False,False,False,False,True,False,False,True,False,True
35,0,138,2,3,2,37,3,2,2,4425,15986,5,11,3,4,0,10,5,3,6,2,1,2,737.5,0.16666666666666666,2.6666666666666665,0.6,0.3333333333333333,True,False,True,False,False,False,True,False,False,False,False,True,False,False,False,False,False,False,False,True,False
42,0,926,21,2,3,36,3,2,3,5265,16439,2,16,3,2,1,11,5,3,5,3,0,2,1053.0,0.0,2.6666666666666665,0.45454545454545453,0.4,False,False,True,False,False,False,True,False,False,False,False,False,False,True,False,False,False,False,False,False,False
38,0,1261,2,4,4,88,3,2,3,6553,7259,9,14,3,2,0,14,3,3,1,0,0,0,6553.0,0.0,3.0,0.07142857142857142,0.0,False,True,True,False,True,False,False,False,False,True,False,False,False,True,False,False,False,False,True,False,False
38,0,1084,29,3,4,54,3,2,4,6261,4185,3,18,3,1,1,9,3,1,7,7,1,7,894.4285714285714,0.14285714285714285,3.0,0.7777777777777778,1.0,False,True,True,False,False,False,False,False,True,True,False,False,False,True,False,False,False,False,True,False,False
27,0,472,1,1,3,60,2,2,1,4298,9679,5,19,3,3,1,6,1,3,2,2,2,0,2149.0,1.0,2.3333333333333335,0.3333333333333333,0.0,True,False,True,False,False,False,False,False,True,True,False,False,False,True,False,False,False,False,True,False,False
49,0,1002,18,4,4,92,3,2,4,6804,23793,1,15,3,1,2,7,0,3,7,7,1,7,972.0,0.14285714285714285,3.0,1.0,1.0,False,False,True,False,True,False,False,False,False,True,False,False,False,True,False,False,False,False,False,False,True
34,0,878,10,4,4,43,3,1,3,3815,5972,1,17,3,4,1,5,4,4,5,3,2,0,763.0,0.4,3.6666666666666665,1.0,0.0,True,False,True,False,False,False,True,False,False,True,False,False,False,False,False,True,False,False,False,False,True
40,0,905,19,2,3,99,3,2,4,2741,16523,8,15,3,3,1,15,2,4,7,2,3,7,391.57142857142856,0.42857142857142855,3.3333333333333335,0.4666666666666667,1.0,False,True,True,False,False,False,True,False,False,True,False,True,False,False,False,False,False,False,True,False,True
38,1,1180,29,1,2,70,3,2,1,6673,11354,7,19,3,2,0,17,2,3,1,0,0,0,6673.0,0.0,1.6666666666666667,0.058823529411764705,0.0,False,True,True,False,False,False,True,False,False,True,False,False,False,False,False,False,False,False,True,False,True
29,1,121,27,3,2,35,3,3,4,7639,24525,1,22,4,4,3,10,3,2,10,4,1,9,763.9,0.1,3.3333333333333335,1.0,0.9,False,True,False,True,False,True,False,False,False,False,False,False,False,False,False,False,True,False,True,False,False
22,0,1136,5,3,4,60,4,1,2,2328,12392,1,16,3,1,1,4,2,2,4,2,2,2,582.0,0.5,2.3333333333333335,1.0,0.5,False,True,True,False,True,False,False,False,False,True,False,False,False,False,False,True,False,False,False,False,True
36,0,635,18,1,2,73,3,1,4,2153,7703,1,13,3,1,0,8,2,3,8,1,1,7,269.125,0.125,2.3333333333333335,1.0,0.875,True,False,True,False,False,False,True,False,False,False,False,True,False,False,False,False,False,False,False,True,False
40,0,1151,9,5,4,63,2,2,4,4876,14242,9,14,3,4,1,5,5,1,3,2,0,2,1625.3333333333333,0.0,4.0,0.6,0.6666666666666666,False,False,True,False,True,False,False,False,False,True,False,False,False,False,False,False,False,False,True,False,False
46,0,644,1,4,4,97,3,3,1,9396,12368,7,16,3,3,1,17,3,3,4,2,0,3,2349.0,0.0,2.6666666666666665,0.23529411764705882,0.75,False,True,True,False,False,False,True,False,False,True,False,False,False,False,False,False,False,False,False,False,False
32,1,1045,4,4,4,32,1,3,4,10400,25812,1,11,3,3,0,14,2,2,14,8,9,8,742.8571428571429,0.6428571428571429,3.6666666666666665,1.0,0.5714285714285714,False,True,False,True,False,False,True,False,False,True,False,False,False,False,False,False,True,False,True,False,False
30,0,829,1,1,3,88,2,3,3,8474,20925,1,22,4,3,0,12,2,3,11,8,5,8,770.3636363636364,0.45454545454545453,3.0,0.9166666666666666,0.7272727272727273,False,False,True,False,True,False,False,False,False,True,False,False,False,True,False,False,False,False,False,True,False
27,0,1242,20,3,4,90,3,2,3,9981,12916,1,14,3,4,0,7,2,3,7,7,0,7,1425.857142857143,0.0,3.6666666666666665,1.0,1.0,True,False,False,True,True,False,False,False,False,False,False,False,False,False,False,False,True,False,False,True,False
51,0,1469,8,4,2,81,2,3,2,12490,15736,5,16,3,4,2,16,5,1,10,9,4,7,1249.0,0.4,2.6666666666666665,0.625,0.7,False,True,True,False,True,False,False,False,False,True,False,False,False,False,True,False,False,False,True,False,False
30,1,1005,3,3,4,88,3,1,1,2657,8556,5,11,3,3,0,8,5,3,5,2,0,4,531.4,0.0,2.6666666666666665,0.625,0.8,False,True,True,False,False,False,False,False,True,False,False,False,False,False,False,True,False,False,False,True,True
41,0,896,6,3,4,75,3,3,4,13591,14674,3,18,3,3,0,16,3,3,1,0,0,0,13591.0,0.0,3.6666666666666665,0.0625,0.0,False,True,False,True,True,False,False,False,False,False,False,False,True,False,False,False,False,False,False,True,True
30,1,334,26,4,3,52,2,2,1,6696,22967,5,15,3,3,0,9,5,2,6,3,0,1,1116.0,0.0,2.3333333333333335,0.6666666666666666,0.16666666666666666,True,False,False,True,False,True,False,False,False,False,False,False,False,False,False,False,True,False,False,True,False
29,1,992,1,3,3,85,3,1,3,2058,19757,0,14,3,4,0,7,1,2,6,2,1,5,343.0,0.16666666666666666,3.3333333333333335,0.8571428571428571,0.8333333333333334,False,True,True,False,False,False,False,False,True,True,False,False,False,False,False,True,False,False,False,True,False
45,0,1052,6,3,4,57,2,3,4,8865,16840,6,12,3,4,0,23,2,3,19,7,12,8,466.57894736842104,0.631578947368421,4.0,0.8260869565217391,0.42105263157894735,False,False,False,True,False,False,True,False,False,False,False,False,False,False,False,False,True,False,False,True,False
54,0,1147,3,3,4,52,3,2,1,5940,17011,2,14,3,4,1,16,4,3,6,2,0,5,990.0,0.0,3.0,0.375,0.8333333333333334,False,True,False,True,False,True,False,False,False,False,False,False,False,False,False,False,True,False,True,False,False
36,0,1396,5,2,4,62,3,2,2,5914,9945,8,16,3,4,0,16,3,4,13,11,3,7,454.9230769230769,0.23076923076923078,3.3333333333333335,0.8125,0.5384615384615384,False,True,True,False,True,False,False,False,False,True,False,True,False,False,False,False,False,False,False,True,False
33,0,147,4,4,3,47,2,1,2,2622,13248,6,21,4,4,0,7,3,3,3,2,1,1,874.0,0.3333333333333333,3.0,0.42857142857142855,0.3333333333333333,False,True,True,False,False,False,True,False,False,False,False,False,False,False,False,True,False,False,True,False,False
37,0,663,11,3,2,47,3,3,4,12185,10056,1,14,3,3,3,10,1,3,10,8,0,7,1218.5,0.0,3.0,1.0,0.7,True,False,True,False,False,False,False,True,False,True,False,False,False,False,True,False,False,False,False,False,True
38,0,119,3,3,1,76,3,3,3,10609,9647,0,12,3,3,2,17,6,2,16,10,5,13,663.0625,0.3125,2.3333333333333335,0.9411764705882353,0.8125,False,True,False,True,True,False,False,False,False,True,False,False,False,False,False,False,True,False,False,False,False
31,0,979,1,4,3,90,1,2,3,4345,4381,0,12,3,4,1,6,2,3,5,4,1,4,869.0,0.2,3.3333333333333335,0.8333333333333334,0.8,False,False,True,False,False,False,True,False,False,True,False,False,False,True,False,False,False,False,True,False,False
59,0,142,3,3,3,70,2,1,4,2177,8456,3,17,3,1,1,7,6,3,1,0,0,0,2177.0,0.0,2.6666666666666665,0.14285714285714285,0.0,False,True,True,False,True,False,False,False,False,True,False,False,False,False,False,True,False,False,True,False,False
37,0,319,4,4,1,41,3,1,4,2793,2539,4,17,3,3,1,13,2,3,9,8,5,8,310.3333333333333,0.5555555555555556,2.6666666666666665,0.6923076923076923,0.8888888888888888,True,False,False,True,False,True,False,False,False,True,False,False,False,False,False,False,False,True,False,False,False
29,0,1413,1,1,2,42,3,3,4,7918,6599,1,14,3,4,1,11,5,3,11,10,4,1,719.8181818181819,0.36363636363636365,3.3333333333333335,1.0,0.09090909090909091,True,False,False,True,False,False,True,False,False,False,False,False,False,False,False,False,True,False,True,False,False
35,0,944,1,3,3,92,3,3,3,8789,9096,1,14,3,1,0,10,3,4,10,7,0,8,878.9,0.0,2.3333333333333335,1.0,0.8,True,False,False,True,False,True,False,False,False,False,False,False,False,False,False,False,True,False,False,True,False
29,1,896,18,1,3,86,2,1,4,2389,14961,1,13,3,3,0,4,3,2,4,3,0,1,597.25,0.0,3.3333333333333335,1.0,0.25,False,True,True,False,False,False,True,False,False,True,False,False,False,False,False,True,False,False,False,True,True
52,0,1323,2,3,3,89,2,1,4,3212,3300,7,15,3,2,0,6,3,2,2,2,2,2,1606.0,1.0,3.0,0.3333333333333333,1.0,False,True,True,False,True,False,False,False,False,False,False,True,False,False,False,False,False,False,False,True,False
42,0,532,4,2,3,58,3,5,4,19232,4933,1,11,3,4,0,22,3,3,22,17,11,15,874.1818181818181,0.5,3.6666666666666665,1.0,0.6818181818181818,False,True,True,False,False,False,False,False,True,True,False,False,True,False,False,False,False,False,True,False,False
59,0,818,6,2,2,52,3,1,3,2267,25657,8,17,3,4,0,7,2,2,2,2,2,2,1133.5,1.0,3.0,0.2857142857142857,1.0,False,True,False,False,False,False,True,False,False,True,True,False,False,False,False,False,False,False,True,False,False
50,0,854,1,4,4,68,3,5,4,19517,24118,3,11,3,3,1,32,3,2,7,0,0,6,2788.1428571428573,0.0,3.6666666666666665,0.21875,0.8571428571428571,False,True,False,True,False,False,True,False,False,False,False,False,True,False,False,False,False,False,False,False,False
33,1,813,14,3,3,58,3,1,4,2436,22149,5,13,3,3,1,8,2,1,5,4,0,4,487.2,0.0,3.3333333333333335,0.625,0.8,False,True,True,False,False,False,True,False,False,True,False,True,False,False,False,False,False,False,True,False,True
43,0,1034,16,3,4,80,3,4,4,16064,7744,5,22,4,3,1,22,3,3,17,13,1,9,944.9411764705883,0.058823529411764705,3.6666666666666665,0.7727272727272727,0.5294117647058824,False,True,False,True,False,True,False,False,False,False,False,False,True,False,False,False,False,False,True,False,True
33,1,465,2,2,1,39,3,1,1,2707,21509,7,20,4,1,0,13,3,4,9,7,1,7,300.77777777777777,0.1111111111111111,1.0,0.6923076923076923,0.7777777777777778,False,True,True,False,True,False,False,False,False,False,False,True,False,False,False,False,False,False,True,False,False
52,0,771,2,4,1,79,2,5,3,19068,21030,1,18,3,4,0,33,2,4,33,7,15,12,577.8181818181819,0.45454545454545453,2.6666666666666665,1.0,0.36363636363636365,False,False,False,True,True,False,False,False,False,True,False,False,True,False,False,False,False,False,False,True,True
32,0,1401,4,2,3,56,3,1,2,3931,20990,2,11,3,1,1,6,5,3,4,3,1,2,982.75,0.25,2.0,0.6666666666666666,0.5,False,True,False,True,True,False,False,False,False,False,False,False,False,False,False,False,False,True,True,False,False
32,1,515,1,3,4,62,2,1,3,3730,9571,0,14,3,4,0,4,2,1,3,2,1,2,1243.3333333333333,0.3333333333333333,3.6666666666666665,0.75,0.6666666666666666,False,True,True,False,True,False,False,False,False,True,False,True,False,False,False,False,False,False,False,True,True
39,0,1431,1,4,3,96,3,1,3,2232,15417,7,14,3,3,3,7,1,3,3,2,1,2,744.0,0.3333333333333333,3.0,0.42857142857142855,0.6666666666666666,False,True,True,False,False,False,True,False,False,False,False,True,False,False,False,False,False,False,False,False,False
32,0,976,26,4,3,100,3,2,4,4465,12069,0,18,3,1,0,4,2,3,3,2,2,2,1488.3333333333333,0.6666666666666666,2.6666666666666665,0.75,0.6666666666666666,False,False,False,True,False,True,False,False,False,True,False,False,False,False,False,False,True,False,True,False,False
41,0,1411,19,2,3,36,3,2,1,3072,19877,2,16,3,1,2,17,2,2,1,0,0,0,3072.0,0.0,1.6666666666666667,0.058823529411764705,0.0,False,True,True,False,True,False,False,False,False,True,False,False,False,False,False,True,False,False,False,False,False
40,0,1300,24,2,1,62,3,2,4,3319,24447,1,17,3,1,2,9,3,3,9,8,4,7,368.77777777777777,0.4444444444444444,2.0,1.0,0.7777777777777778,False,True,True,False,False,False,False,False,True,True,False,False,False,False,False,True,False,False,False,False,False
45,0,252,1,3,3,70,4,5,4,19202,15970,0,11,3,3,1,25,2,3,24,0,1,7,800.0833333333334,0.041666666666666664,3.3333333333333335,0.96,0.2916666666666667,False,True,True,False,False,False,False,True,False,True,False,False,True,False,False,False,False,False,True,False,False
31,0,1327,3,4,2,73,3,3,3,13675,13523,9,12,3,1,1,9,3,3,2,2,2,2,6837.5,1.0,2.0,0.2222222222222222,1.0,True,False,True,False,False,False,True,False,False,True,False,False,False,False,True,False,False,False,False,False,False
33,0,832,5,4,3,63,2,1,4,2911,14776,1,13,3,3,1,2,2,2,2,2,0,2,1455.5,0.0,3.3333333333333335,1.0,1.0,False,True,True,False,True,False,False,False,False,False,False,False,False,False,False,True,False,False,True,False,False
34,0,470,2,4,4,84,2,2,1,5957,23687,6,13,3,2,1,13,3,3,11,9,5,9,541.5454545454545,0.45454545454545453,2.3333333333333335,0.8461538461538461,0.8181818181818182,False,True,True,False,True,False,False,False,False,True,False,False,False,True,False,False,False,False,True,False,False
37,0,1017,1,2,3,83,2,1,1,3920,18697,2,14,3,1,1,17,2,2,3,1,0,2,1306.6666666666667,0.0,1.6666666666666667,0.17647058823529413,0.6666666666666666,False,True,True,False,False,False,True,False,False,False,False,False,False,False,False,True,False,False,True,False,False
45,0,1199,7,4,1,77,4,2,3,6434,5118,4,17,3,4,1,9,1,3,3,2,0,2,2144.6666666666665,0.0,2.6666666666666665,0.3333333333333333,0.6666666666666666,True,False,True,False,True,False,False,False,False,True,False,False,False,True,False,False,False,False,True,False,False
37,1,504,10,3,1,61,3,3,3,10048,22573,6,11,3,2,2,17,5,3,1,0,0,0,10048.0,0.0,2.0,0.058823529411764705,0.0,True,False,True,False,False,False,True,False,False,True,False,False,False,True,False,False,False,False,False,False,False
39,0,505,2,4,3,64,3,3,3,10938,6420,0,25,4,4,0,20,1,3,19,6,11,8,575.6842105263158,0.5789473684210527,3.3333333333333335,0.95,0.42105263157894735,True,False,True,False,False,False,False,False,True,False,False,False,False,False,False,False,False,False,False,True,False
29,0,665,15,3,3,60,3,1,4,2340,22673,1,19,3,1,0,6,1,3,6,5,1,5,390.0,0.16666666666666666,2.6666666666666665,1.0,0.8333333333333334,False,True,True,False,True,False,False,False,False,True,False,False,False,False,False,True,False,False,False,True,False
42,0,916,17,2,4,82,4,2,1,6545,23016,3,13,3,3,0,10,1,3,3,2,0,2,2181.6666666666665,0.0,2.6666666666666665,0.3,0.6666666666666666,False,True,True,False,True,False,False,False,False,False,False,False,False,False,False,True,False,False,False,True,True
29,0,1247,20,2,4,45,3,2,4,6931,10732,2,14,3,4,1,10,2,3,3,2,0,2,2310.3333333333335,0.0,4.0,0.3,0.6666666666666666,False,True,False,True,False,True,False,False,False,True,False,False,False,False,False,False,True,False,False,False,False
25,0,685,1,3,1,62,3,2,3,4898,7505,0,12,3,4,2,5,3,3,4,2,1,2,1224.5,0.25,2.6666666666666665,0.8,0.5,False,True,True,False,True,False,False,False,False,False,False,False,False,True,False,False,False,False,True,False,False
42,0,269,2,3,4,56,2,1,1,2593,8007,0,11,3,3,1,10,4,3,9,6,7,8,288.1111111111111,0.7777777777777778,2.6666666666666665,0.9,0.8888888888888888,False,True,True,False,False,False,True,False,False,False,False,True,False,False,False,False,False,False,False,False,True
40,0,1416,2,2,1,49,3,5,3,19436,5949,0,19,3,4,1,22,5,3,21,7,3,9,925.5238095238095,0.14285714285714285,2.6666666666666665,0.9545454545454546,0.42857142857142855,False,True,True,False,False,False,True,False,False,True,False,False,False,False,True,False,False,False,False,False,False
51,0,833,1,3,3,96,3,1,4,2723,23231,1,11,3,2,0,1,0,2,1,0,0,0,2723.0,0.0,3.0,1.0,0.0,False,True,True,False,True,False,False,False,False,True,False,False,False,False,False,True,False,False,True,False,False
31,1,307,29,2,3,71,2,1,2,3479,11652,0,11,3,2,0,6,2,4,5,4,1,4,695.8,0.2,2.3333333333333335,0.8333333333333334,0.8,True,False,True,False,False,False,True,False,False,True,False,True,False,False,False,False,False,False,False,True,False
32,0,1311,7,3,2,100,4,1,2,2794,26062,1,20,4,3,0,5,3,1,5,1,0,3,558.8,0.0,2.3333333333333335,1.0,0.6,True,False,True,False,True,False,False,False,False,True,False,True,False,False,False,False,False,False,True,False,False
38,0,1327,2,2,4,39,2,2,4,5249,19682,3,18,3,4,1,13,0,3,8,7,7,5,656.125,0.875,4.0,0.6153846153846154,0.625,False,False,False,True,True,False,False,False,False,True,False,False,False,False,False,False,True,False,True,False,False
32,0,128,2,1,4,84,2,2,1,2176,19737,4,13,3,4,0,9,5,3,6,2,0,4,362.6666666666667,0.0,3.0,0.6666666666666666,0.6666666666666666,False,True,True,False,False,False,False,False,True,True,False,True,False,False,False,False,False,False,False,True,False
46,0,488,2,3,3,75,1,4,2,16872,14977,3,12,3,2,1,28,2,2,7,7,7,7,2410.285714285714,1.0,2.3333333333333335,0.25,1.0,False,True,False,True,False,False,False,False,True,False,False,False,True,False,False,False,False,False,True,False,True
28,1,529,2,4,1,79,3,1,3,3485,14935,2,11,3,3,0,5,5,1,0,0,0,0,3485.0,0.0,2.3333333333333335,0.0,0.0,False,True,True,False,True,False,False,False,False,True,False,True,False,False,False,False,False,False,False,True,False
29,0,1210,2,3,1,78,2,2,2,6644,3687,2,19,3,2,2,10,2,3,0,0,0,0,6644.0,0.0,1.6666666666666667,0.0,0.0,False,True,False,True,False,False,True,False,False,True,False,False,False,False,False,False,True,False,True,False,False
31,0,1463,23,3,2,64,2,2,4,5582,14408,0,21,4,2,1,10,2,3,9,0,7,8,620.2222222222222,0.7777777777777778,2.6666666666666665,0.9,0.8888888888888888,False,True,True,False,False,False,True,False,False,True,False,False,False,False,False,False,False,False,True,False,False
25,0,675,5,2,2,85,4,2,1,4000,18384,1,12,3,4,2,6,2,3,6,3,1,5,666.6666666666666,0.16666666666666666,2.3333333333333335,1.0,0.8333333333333334,False,False,True,False,True,False,False,False,False,True,False,False,False,False,False,False,False,False,False,False,False
45,0,1385,20,2,3,79,3,4,4,13496,7501,0,14,3,2,0,21,2,3,20,7,4,10,674.8,0.2,3.0,0.9523809523809523,0.5,False,True,True,False,False,False,True,False,False,True,False,False,False,False,False,False,False,False,True,False,True
36,0,1403,6,3,4,47,3,1,4,3210,20251,0,11,3,3,1,16,4,3,15,13,10,11,214.0,0.6666666666666666,3.6666666666666665,0.9375,0.7333333333333333,False,True,True,False,True,False,False,False,False,True,False,True,False,False,False,False,False,False,True,False,False
55,0,452,1,3,4,81,3,5,1,19045,18938,0,14,3,3,0,37,2,3,36,10,4,13,529.0277777777778,0.1111111111111111,2.6666666666666665,0.972972972972973,0.3611111111111111,False,True,True,False,False,False,True,False,False,True,False,False,True,False,False,False,False,False,False,True,True
47,1,666,29,4,1,88,3,3,2,11849,10268,1,12,3,4,1,10,2,2,10,7,9,9,1184.9,0.9,2.3333333333333335,1.0,0.9,False,False,True,False,True,False,False,False,False,True,False,False,True,False,False,False,False,False,True,False,True
28,0,1158,9,3,4,94,3,1,4,2070,2613,1,23,4,4,1,5,3,2,5,2,0,4,414.0,0.0,4.0,1.0,0.8,False,True,True,False,False,False,True,False,False,True,False,False,False,False,False,True,False,False,True,False,False
37,0,228,6,4,3,98,3,2,4,6502,22825,4,14,3,2,1,7,5,4,5,4,0,1,1300.4,0.0,3.0,0.7142857142857143,0.2,False,True,False,True,False,False,True,False,False,True,False,False,False,False,False,False,True,False,True,False,False
21,0,996,3,2,4,100,2,1,3,3230,10531,1,17,3,1,0,3,4,4,3,2,1,0,1076.6666666666667,0.3333333333333333,2.6666666666666665,1.0,0.0,False,True,True,False,False,False,True,False,False,True,False,False,False,False,False,True,False,False,False,True,False
37,0,728,1,4,1,80,3,3,4,13603,11677,2,18,3,1,2,15,2,3,5,2,0,2,2720.6,0.0,2.0,0.3333333333333333,0.4,False,False,True,False,False,False,True,False,False,False,False,False,False,False,True,False,False,False,False,False,True
35,0,1315,22,3,2,71,4,3,2,11996,19100,7,18,3,2,1,10,6,2,7,7,6,2,1713.7142857142858,0.8571428571428571,2.0,0.7,0.2857142857142857,False,True,True,False,True,False,False,False,False,False,False,False,True,False,False,False,False,False,False,False,False
38,0,322,7,2,1,44,4,2,1,5605,19191,1,24,4,3,1,8,3,3,8,0,7,7,700.625,0.875,1.6666666666666667,1.0,0.875,False,True,False,True,False,False,True,False,False,False,False,False,False,False,False,False,True,False,False,False,True
26,0,1479,1,3,3,84,3,2,2,6397,26767,1,20,4,1,1,6,6,1,6,5,1,4,1066.1666666666667,0.16666666666666666,2.0,1.0,0.6666666666666666,True,False,True,False,True,False,False,False,False,False,False,False,False,True,False,False,False,False,False,False,False
50,0,797,4,1,1,96,3,5,2,19144,15815,3,14,3,1,2,28,4,2,10,4,1,6,1914.4,0.1,1.3333333333333333,0.35714285714285715,0.6,False,True,True,False,True,False,False,False,False,True,False,False,False,False,True,False,False,False,False,False,False
53,0,1070,3,4,3,45,3,4,3,17584,21016,3,16,3,4,3,21,5,2,5,3,1,3,3516.8,0.2,3.3333333333333335,0.23809523809523808,0.6,False,True,True,False,False,False,True,False,False,True,False,False,False,False,True,False,False,False,True,False,True
42,0,635,1,1,2,99,3,2,3,4907,24532,1,25,4,3,0,20,3,3,20,16,11,6,245.35,0.55,2.6666666666666665,1.0,0.3,False,True,False,True,True,False,False,False,False,True,False,False,False,False,False,False,True,False,True,False,False
29,0,442,2,2,2,44,3,2,4,4554,20260,1,18,3,1,0,10,3,2,10,7,0,9,455.4,0.0,2.3333333333333335,1.0,0.9,True,False,False,True,True,False,False,False,False,True,False,False,False,False,False,False,True,False,False,True,False
55,0,147,20,2,2,37,3,2,4,5415,15972,3,19,3,4,1,12,4,3,10,7,0,8,541.5,0.0,3.3333333333333335,0.8333333333333334,0.8,False,True,True,False,False,False,False,False,True,True,False,True,False,False,False,False,False,False,True,False,True
26,0,496,11,2,1,60,3,2,1,4741,22722,1,13,3,3,1,5,3,3,5,3,3,3,948.2,0.6,1.6666666666666667,1.0,0.6,True,False,True,False,False,False,True,False,False,True,False,False,False,False,False,False,False,False,True,False,True
37,0,1372,1,3,4,42,3,1,4,2115,15881,1,12,3,2,0,17,3,3,17,12,5,7,124.41176470588235,0.29411764705882354,3.3333333333333335,1.0,0.4117647058823529,False,True,True,False,True,False,False,False,False,False,False,False,False,False,False,True,False,False,False,True,False
44,1,920,24,3,4,43,3,1,3,3161,19920,3,22,4,4,1,19,0,1,1,0,0,0,3161.0,0.0,3.6666666666666665,0.05263157894736842,0.0,True,False,True,False,True,False,False,False,False,True,False,True,False,False,False,False,False,False,False,False,True
38,0,688,23,4,4,82,3,2,4,5745,18899,9,14,3,2,1,10,2,3,2,2,1,2,2872.5,0.5,3.3333333333333335,0.2,1.0,False,True,True,False,True,False,False,False,False,True,False,False,False,False,False,False,False,False,False,False,False
26,1,1449,16,4,1,45,3,1,2,2373,14180,2,13,3,4,1,5,2,3,3,2,0,2,791.0,0.0,2.3333333333333335,0.6,0.6666666666666666,False,True,True,False,False,False,True,False,False,True,False,True,False,False,False,False,False,False,False,False,True
28,0,1117,8,2,4,66,3,1,4,3310,4488,1,21,4,4,0,5,3,3,5,3,0,2,662.0,0.0,4.0,1.0,0.4,False,True,True,False,True,False,False,False,False,False,False,False,False,False,False,True,False,False,False,True,False
49,0,636,10,4,3,35,3,5,1,18665,25594,9,11,3,4,0,22,4,3,3,2,1,2,6221.666666666667,0.3333333333333333,2.6666666666666665,0.13636363636363635,0.6666666666666666,True,False,True,False,True,False,False,False,False,False,False,False,False,False,True,False,False,False,False,True,True
36,0,506,3,3,3,30,3,2,2,4485,26285,4,12,3,4,0,10,2,3,8,0,7,7,560.625,0.875,3.0,0.8,0.875,False,True,True,False,False,False,False,False,True,True,False,False,False,False,False,True,False,False,False,True,False
31,0,444,5,3,4,84,3,1,2,2789,3909,1,11,3,3,1,2,5,2,2,2,2,2,1394.5,1.0,3.0,1.0,1.0,True,False,False,True,False,True,False,False,False,False,False,False,False,False,False,False,False,True,False,False,False
26,1,950,4,4,4,48,2,2,4,5828,8450,1,12,3,2,0,8,0,3,8,7,7,4,728.5,0.875,3.3333333333333335,1.0,0.5,False,True,False,True,False,True,False,False,False,True,False,False,False,False,False,False,True,False,False,True,True
37,0,889,9,3,2,53,3,1,4,2326,11411,1,12,3,3,3,4,3,2,4,2,1,2,581.5,0.25,3.0,1.0,0.5,True,False,True,False,False,False,True,False,False,True,False,False,False,False,False,True,False,False,True,False,True
42,0,555,26,3,3,77,3,4,2,13525,14864,5,14,3,4,1,23,2,4,20,4,4,8,676.25,0.2,3.0,0.8695652173913043,0.4,True,False,False,True,False,True,False,False,False,False,False,False,False,False,False,False,True,False,True,False,False
18,1,230,3,3,3,54,3,1,3,1420,25233,1,13,3,3,0,0,2,3,0,0,0,0,1420.0,0.0,3.0,0.0,0.0,False,True,True,False,True,False,False,False,False,True,False,True,False,False,False,False,False,False,False,True,False
35,0,1232,16,3,3,96,3,3,2,8020,5100,0,15,3,3,2,12,3,2,11,9,6,9,729.0909090909091,0.5454545454545454,2.6666666666666665,0.9166666666666666,0.8181818181818182,False,True,False,True,False,True,False,False,False,True,False,False,False,False,False,False,True,False,True,False,False
36,0,566,18,4,3,81,4,1,4,3688,7122,4,18,3,4,2,4,2,3,1,0,0,0,3688.0,0.0,3.6666666666666665,0.25,0.0,True,False,True,False,True,False,False,False,False,True,False,True,False,False,False,False,False,False,True,False,False
51,0,1302,2,3,4,84,1,2,2,5482,16321,5,18,3,4,1,13,3,3,4,1,1,2,1370.5,0.25,3.3333333333333335,0.3076923076923077,0.5,False,True,True,False,False,False,True,False,False,True,False,False,False,True,False,False,False,False,False,False,False
41,0,334,2,4,4,88,3,4,2,16015,15896,1,19,3,2,0,22,2,3,22,10,0,4,727.9545454545455,0.0,2.6666666666666665,1.0,0.18181818181818182,False,True,False,True,True,False,False,False,False,True,False,False,True,False,False,False,False,False,False,True,False
18,0,812,10,3,4,69,2,1,3,1200,9724,1,12,3,1,0,0,2,3,0,0,0,0,1200.0,0.0,2.6666666666666665,0.0,0.0,False,True,False,True,False,False,True,False,False,False,False,False,False,False,False,False,False,True,False,True,False
28,0,1476,16,2,2,68,4,2,1,5661,4824,0,19,3,3,0,9,2,3,8,3,0,7,707.625,0.0,2.0,0.8888888888888888,0.875,False,True,True,False,False,False,True,False,False,True,False,False,False,False,False,False,False,False,False,True,False
31,0,218,7,3,2,100,4,2,4,6929,12241,4,11,3,2,1,10,3,2,8,7,7,7,866.125,0.875,2.6666666666666665,0.8,0.875,False,True,False,True,False,False,False,False,True,True,False,False,False,False,False,False,True,False,True,False,False
39,0,1132,1,3,3,48,4,3,4,9613,10942,0,17,3,1,3,19,5,2,18,10,3,7,534.0555555555555,0.16666666666666666,2.6666666666666665,0.9473684210526315,0.3888888888888889,False,True,True,False,False,False,True,False,False,True,False,False,False,False,False,False,False,False,False,False,False
36,0,1105,24,4,2,47,3,2,2,5674,6927,7,15,3,3,1,11,3,3,9,8,0,8,630.4444444444445,0.0,2.3333333333333335,0.8181818181818182,0.8888888888888888,False,False,True,False,True,False,False,False,False,False,False,True,False,False,False,False,False,False,True,False,False
32,0,906,7,3,4,91,2,2,3,5484,16985,1,14,3,3,1,13,3,2,13,8,4,8,421.84615384615387,0.3076923076923077,3.3333333333333335,1.0,0.6153846153846154,False,True,False,True,True,False,False,False,False,True,False,False,False,False,False,False,True,False,True,False,False
38,0,849,25,2,1,81,2,3,2,12061,26707,3,17,3,3,1,19,2,3,10,8,0,1,1206.1,0.0,2.0,0.5263157894736842,0.1,False,True,True,False,True,False,False,False,False,False,False,False,False,False,True,False,False,False,True,False,False
58,0,390,1,4,4,32,1,2,3,5660,17056,2,13,3,4,1,12,2,3,5,3,1,2,1132.0,0.2,3.6666666666666665,0.4166666666666667,0.4,False,False,True,False,True,False,False,False,False,True,False,False,False,False,False,False,False,False,False,False,True
31,0,691,5,4,3,86,3,1,4,4821,10077,0,12,3,3,1,6,4,3,5,2,0,3,964.2,0.0,3.3333333333333335,0.8333333333333334,0.6,False,True,True,False,False,False,False,False,True,True,False,False,False,False,False,True,False,False,True,False,True
31,0,106,2,3,1,62,2,2,1,6410,17822,3,12,3,4,0,9,1,3,2,2,1,0,3205.0,0.5,2.0,0.2222222222222222,0.0,False,True,False,False,False,False,False,False,False,True,True,False,False,False,False,False,False,False,True,False,False
45,0,1249,7,3,1,97,3,3,1,5210,20308,1,18,3,1,1,24,2,3,24,9,9,11,217.08333333333334,0.375,1.0,1.0,0.4583333333333333,True,False,True,False,True,False,False,False,False,True,False,True,False,False,False,False,False,False,False,False,False
31,0,192,2,4,3,32,3,1,4,2695,7747,0,18,3,2,1,3,2,1,2,2,2,2,1347.5,1.0,3.0,0.6666666666666666,1.0,False,True,True,False,True,False,False,False,False,True,False,False,False,False,False,True,False,False,False,False,True
33,0,553,5,4,4,74,3,3,2,11878,23364,6,11,3,2,2,12,2,3,10,6,8,8,1187.8,0.8,2.6666666666666665,0.8333333333333334,0.8,True,False,True,False,True,False,False,False,False,False,False,False,True,False,False,False,False,False,True,False,False
39,0,117,10,1,3,99,3,4,1,17068,5355,1,14,3,4,0,21,3,3,21,9,11,10,812.7619047619048,0.5238095238095238,2.6666666666666665,1.0,0.47619047619047616,False,True,True,False,False,False,True,False,False,True,False,False,True,False,False,False,False,False,True,False,True
43,0,185,10,4,3,33,3,1,4,2455,10675,0,19,3,1,0,9,5,3,8,7,1,7,306.875,0.125,2.6666666666666665,0.8888888888888888,0.875,True,False,True,False,True,False,False,False,False,False,False,True,False,False,False,False,False,False,False,True,False
49,0,1091,1,2,3,90,2,4,3,13964,17810,7,12,3,4,0,25,2,3,7,1,0,7,1994.857142857143,0.0,3.3333333333333335,0.28,1.0,False,True,True,False,False,False,False,False,True,False,False,False,False,False,False,False,False,False,False,True,True
52,1,723,8,4,3,85,2,2,2,4941,17747,2,15,3,1,0,11,3,2,8,2,7,7,617.625,0.875,2.0,0.7272727272727273,0.875,False,True,True,False,False,False,True,False,False,True,False,False,False,False,False,True,False,False,True,False,False
27,0,1220,5,3,3,85,3,1,2,2478,20938,1,12,3,2,0,4,2,2,4,3,1,2,619.5,0.25,2.3333333333333335,1.0,0.5,False,True,True,False,True,False,False,False,False,False,False,False,False,False,False,True,False,False,False,True,True
32,0,588,8,2,3,65,2,2,2,5228,24624,1,11,3,4,0,13,2,3,13,12,11,9,402.15384615384613,0.8461538461538461,3.0,1.0,0.6923076923076923,False,True,False,True,False,False,False,False,True,False,False,False,False,False,False,False,True,False,True,False,True
27,0,1377,2,3,4,74,3,2,3,4478,5242,1,11,3,1,0,5,3,3,5,4,0,4,895.6,0.0,2.6666666666666665,1.0,0.8,False,True,False,True,True,False,False,False,False,True,False,False,False,False,False,False,True,False,False,True,True
31,0,691,7,3,4,73,3,2,4,7547,7143,4,12,3,4,3,13,3,3,7,7,1,7,1078.142857142857,0.14285714285714285,4.0,0.5384615384615384,1.0,False,True,False,True,False,True,False,False,False,True,False,False,False,False,False,False,True,False,False,False,False
32,0,1018,2,4,1,74,4,2,4,5055,10557,7,16,3,3,0,10,0,2,7,7,0,7,722.1428571428571,0.0,2.6666666666666665,0.7,1.0,False,True,True,False,False,False,True,False,False,False,False,False,False,False,False,True,False,False,False,True,False
28,1,1157,2,4,1,84,1,1,4,3464,24737,5,13,3,4,0,5,4,2,3,2,2,2,1154.6666666666667,0.6666666666666666,3.0,0.6,0.6666666666666666,False,True,True,False,False,False,True,False,False,True,False,False,False,False,False,True,False,False,True,False,True
30,0,1275,28,2,4,64,3,2,4,5775,11934,1,13,3,4,2,11,2,3,10,8,1,9,577.5,0.1,4.0,0.9090909090909091,0.9,False,True,True,False,False,False,True,False,False,False,False,False,False,False,False,True,False,False,True,False,False
31,0,798,7,2,3,48,2,3,3,8943,14034,1,24,4,1,1,10,2,3,10,9,8,9,894.3,0.8,2.3333333333333335,1.0,0.9,True,False,True,False,True,False,False,False,False,False,False,False,False,True,False,False,False,False,True,False,False
39,0,672,7,2,3,54,2,5,4,19272,21141,1,15,3,1,1,21,2,3,21,9,13,3,917.7142857142857,0.6190476190476191,2.6666666666666665,1.0,0.14285714285714285,True,False,True,False,False,False,True,False,False,True,False,False,True,False,False,False,False,False,True,False,False
39,1,1162,3,2,4,41,3,2,3,5238,17778,4,18,3,1,0,12,3,2,1,0,0,0,5238.0,0.0,2.6666666666666665,0.08333333333333333,0.0,False,True,False,True,False,False,True,False,False,False,False,False,False,False,False,False,True,False,True,False,True
33,0,508,10,3,2,46,2,2,4,4682,4317,3,14,3,3,0,9,6,2,7,7,0,1,668.8571428571429,0.0,3.0,0.7777777777777778,0.14285714285714285,True,False,False,True,False,True,False,False,False,True,False,False,False,False,False,False,True,False,False,True,False
47,0,1482,5,5,4,42,3,5,3,18300,16375,4,11,3,2,1,21,2,3,3,2,1,1,6100.0,0.3333333333333333,3.0,0.14285714285714285,0.3333333333333333,False,True,True,False,True,False,False,False,False,True,False,False,False,False,True,False,False,False,True,False,False
43,0,559,10,4,3,82,2,2,3,5257,6227,1,11,3,2,1,9,3,4,9,7,0,0,584.1111111111111,0.0,2.6666666666666665,1.0,0.0,True,False,True,False,True,False,False,False,False,False,False,True,False,False,False,False,False,False,False,False,False
27,0,210,1,1,3,73,3,2,2,6349,22107,0,13,3,4,1,6,0,3,5,4,1,4,1269.8,0.2,3.0,0.8333333333333334,0.8,False,False,False,True,False,True,False,False,False,True,False,False,False,False,False,False,True,False,True,False,True
54,0,928,20,4,4,31,3,2,3,4869,16885,3,12,3,4,0,20,4,2,4,3,0,3,1217.25,0.0,3.6666666666666665,0.2,0.75,True,False,True,False,True,False,False,False,False,False,False,False,False,False,False,True,False,False,False,True,False
43,0,1001,7,3,3,43,3,3,1,9985,9262,8,16,3,1,1,10,1,2,1,0,0,0,9985.0,0.0,1.6666666666666667,0.1,0.0,False,True,True,False,True,False,False,False,False,False,False,False,False,False,False,False,False,False,True,False,False
45,0,549,8,4,4,75,3,2,4,3697,9278,9,14,3,1,2,12,3,3,10,9,9,8,369.7,0.9,3.0,0.8333333333333334,0.8,False,True,True,False,False,False,False,True,False,True,False,False,False,False,False,True,False,False,True,False,False
40,0,1124,1,2,2,57,1,2,4,7457,13273,2,22,4,3,3,6,2,2,4,3,0,2,1864.25,0.0,3.0,0.6666666666666666,0.5,False,True,False,True,False,False,True,False,False,True,False,False,False,False,False,False,True,False,True,False,True
29,1,318,8,4,2,77,1,1,1,2119,4759,1,11,3,4,0,7,4,2,7,7,0,7,302.7142857142857,0.0,2.3333333333333335,1.0,1.0,False,True,True,False,False,False,False,True,False,True,False,True,False,False,False,False,False,False,True,False,True
29,0,738,9,5,2,30,2,1,4,3983,7621,0,17,3,3,0,4,2,3,3,2,2,2,1327.6666666666667,0.6666666666666666,3.0,0.75,0.6666666666666666,False,True,True,False,False,False,False,True,False,True,False,True,False,False,False,False,False,False,False,True,False
30,0,570,5,3,4,30,2,2,3,6118,5431,1,13,3,3,3,10,2,3,10,9,1,2,611.8,0.1,3.3333333333333335,1.0,0.2,False,True,False,True,False,True,False,False,False,False,False,False,False,False,False,False,True,False,False,False,False
27,0,1130,8,4,2,56,3,2,2,6214,3415,1,18,3,1,1,8,3,3,8,7,0,7,776.75,0.0,1.6666666666666667,1.0,0.875,False,True,False,True,False,True,False,False,False,False,False,False,False,False,False,False,True,False,True,False,False
37,0,1192,5,2,4,61,3,2,4,6347,23177,7,16,3,3,2,8,2,2,6,2,0,4,1057.8333333333333,0.0,3.6666666666666665,0.75,0.6666666666666666,False,True,True,False,False,False,True,False,False,True,False,False,False,True,False,False,False,False,False,False,False
38,0,343,15,2,3,92,2,3,4,11510,15682,0,14,3,2,1,12,3,3,11,10,2,9,1046.3636363636363,0.18181818181818182,3.0,0.9166666666666666,0.8181818181818182,False,True,True,False,True,False,False,False,False,True,False,False,False,False,True,False,False,False,False,False,True
31,0,1232,7,4,3,39,3,3,4,7143,25713,1,14,3,3,0,11,2,2,11,9,4,10,649.3636363636364,0.36363636363636365,3.3333333333333335,1.0,0.9090909090909091,False,True,True,False,False,False,True,False,False,False,False,False,False,True,False,False,False,False,False,True,True
29,0,144,10,1,4,39,2,2,2,8268,11866,1,14,3,1,2,7,2,3,7,7,1,7,1181.142857142857,0.14285714285714285,2.3333333333333335,1.0,1.0,False,True,False,True,False,True,False,False,False,False,False,False,False,False,False,False,True,False,False,False,True
35,0,1296,5,4,3,62,3,3,2,8095,18264,0,13,3,4,0,17,5,3,16,6,0,13,505.9375,0.0,3.0,0.9411764705882353,0.8125,False,True,True,False,False,False,False,False,True,True,False,False,False,True,False,False,False,False,False,True,False
23,0,1309,26,1,3,83,3,1,4,2904,16092,1,12,3,3,2,4,2,2,4,2,0,2,726.0,0.0,3.3333333333333335,1.0,0.5,False,True,True,False,True,False,False,False,False,True,False,False,False,False,False,True,False,False,False,False,False
41,0,483,6,3,4,95,2,2,2,6032,10110,6,15,3,4,0,8,3,3,5,4,1,2,1206.4,0.2,3.3333333333333335,0.625,0.4,False,True,True,False,False,False,True,False,False,True,False,False,False,True,False,False,False,False,False,True,True
47,0,1309,4,1,2,99,3,2,3,2976,25751,3,19,3,1,0,5,3,3,0,0,0,0,2976.0,0.0,2.0,0.0,0.0,True,False,False,True,False,False,True,False,False,True,False,False,False,False,False,False,False,True,False,True,False
42,0,810,23,5,1,44,3,4,4,15992,15901,2,14,3,2,0,16,2,3,1,0,0,0,15992.0,0.0,2.3333333333333335,0.0625,0.0,False,True,True,False,True,False,False,False,False,False,False,False,False,False,True,False,False,False,False,True,False
29,0,746,2,3,4,61,3,2,3,4649,16928,1,14,3,1,1,4,3,2,4,3,0,2,1162.25,0.0,2.6666666666666665,1.0,0.5,False,False,False,True,True,False,False,False,False,True,False,False,False,False,False,False,True,False,True,False,False
42,0,544,2,1,3,52,3,1,3,2696,24017,0,11,3,3,1,4,5,3,3,2,1,0,898.6666666666666,0.3333333333333333,3.0,0.75,0.0,False,True,False,False,False,False,False,False,True,True,True,False,False,False,False,False,False,False,False,False,True
32,0,1062,2,3,3,75,3,1,2,2370,3956,1,13,3,3,1,8,4,3,8,0,0,7,296.25,0.0,2.6666666666666665,1.0,0.875,False,True,True,False,False,False,True,False,False,False,False,True,False,False,False,False,False,False,True,False,False
48,0,530,29,1,1,91,3,3,3,12504,23978,3,21,4,2,1,15,3,1,0,0,0,0,12504.0,0.0,2.0,0.0,0.0,False,True,False,True,False,False,True,False,False,False,False,False,True,False,False,False,False,False,True,False,False
37,0,1319,6,3,3,51,4,2,1,5974,17001,4,13,3,1,2,13,2,3,7,7,6,7,853.4285714285714,0.8571428571428571,1.6666666666666667,0.5384615384615384,1.0,False,True,True,False,False,False,True,False,False,True,False,False,False,False,False,True,False,False,False,False,True
30,0,641,25,2,4,85,3,2,3,4736,6069,7,12,3,2,1,4,2,4,2,2,2,2,2368.0,1.0,3.0,0.5,1.0,False,False,False,True,False,False,False,False,True,False,False,False,False,False,False,False,True,False,True,False,True
26,0,933,1,3,3,57,3,2,3,5296,20156,1,17,3,2,1,8,3,3,8,7,7,7,662.0,0.875,2.6666666666666665,1.0,0.875,False,True,False,True,True,False,False,False,False,True,False,False,False,False,False,False,True,False,True,False,False
42,0,1332,2,4,1,98,2,2,4,6781,17078,3,23,4,2,0,14,6,3,1,0,0,0,6781.0,0.0,2.3333333333333335,0.07142857142857142,0.0,False,True,True,False,False,False,False,True,False,True,False,False,False,False,False,False,False,False,False,True,False
21,1,756,1,1,1,99,2,1,2,2174,9150,1,11,3,3,0,3,3,3,3,2,1,2,724.6666666666666,0.3333333333333333,2.0,1.0,0.6666666666666666,True,False,False,True,False,False,False,False,True,False,False,False,False,False,False,False,False,True,False,True,True
36,0,845,1,5,4,45,3,2,4,6653,15276,4,15,3,2,0,7,6,3,1,0,0,0,6653.0,0.0,3.3333333333333335,0.14285714285714285,0.0,False,False,False,True,False,False,True,False,False,False,False,False,False,False,False,False,True,False,False,True,False
36,0,541,3,4,1,48,2,3,4,9699,7246,4,11,3,1,1,16,2,3,13,9,1,12,746.0769230769231,0.07692307692307693,2.0,0.8125,0.9230769230769231,True,False,False,True,False,False,True,False,False,True,False,False,False,False,False,False,True,False,True,False,False
57,0,593,1,4,4,88,3,2,3,6755,2967,2,11,3,3,0,15,2,3,3,2,1,2,2251.6666666666665,0.3333333333333333,3.3333333333333335,0.2,0.6666666666666666,False,True,True,False,False,False,True,False,False,True,False,False,False,False,False,False,False,False,True,False,False
40,0,1171,10,4,4,46,4,1,3,2213,22495,3,13,3,3,1,10,3,3,7,7,1,7,316.14285714285717,0.14285714285714285,3.3333333333333335,0.7,1.0,False,True,True,False,True,False,False,False,False,False,False,True,False,False,False,False,False,False,True,False,True
21,0,895,9,2,1,39,3,1,4,2610,2851,1,24,4,3,0,3,3,2,3,2,2,2,870.0,0.6666666666666666,2.6666666666666665,1.0,0.6666666666666666,False,False,False,True,False,False,True,False,False,True,False,False,False,False,False,False,False,True,False,True,False
33,1,350,5,3,4,34,3,1,3,2851,9150,1,13,3,2,0,1,2,3,1,0,0,0,2851.0,0.0,3.0,1.0,0.0,False,True,False,True,False,True,False,False,False,False,False,False,False,False,False,False,False,True,False,True,True
37,0,921,10,3,3,98,3,1,1,3452,17663,6,20,4,2,1,17,3,3,5,4,0,3,690.4,0.0,2.0,0.29411764705882354,0.6,False,True,True,False,False,False,True,False,False,False,False,True,False,False,False,False,False,False,True,False,False
46,0,1144,7,4,3,30,3,2,3,5258,16044,2,14,3,3,0,7,2,4,1,0,0,0,5258.0,0.0,3.0,0.14285714285714285,0.0,False,False,True,False,False,False,True,False,False,False,False,False,False,True,False,False,False,False,True,False,False
41,1,143,4,3,1,56,3,2,2,9355,9558,1,18,3,3,0,8,5,3,8,7,7,7,1169.375,0.875,2.0,1.0,0.875,True,False,False,True,False,True,False,False,False,True,False,False,False,False,False,False,True,False,False,True,False
50,0,1046,10,3,4,100,2,3,4,10496,2755,6,15,3,4,0,20,2,3,4,3,1,3,2624.0,0.25,4.0,0.2,0.75,False,True,True,False,False,False,False,False,True,True,False,False,False,False,False,False,False,False,False,True,False
40,1,575,22,2,3,68,2,2,3,6380,6110,2,12,3,1,2,8,6,3,6,4,1,0,1063.3333333333333,0.16666666666666666,2.3333333333333335,0.75,0.0,False,True,False,True,False,True,False,False,False,True,False,False,False,False,False,False,True,False,True,False,True
31,0,408,9,4,3,42,2,1,2,2657,7551,0,16,3,4,0,3,5,3,2,2,2,2,1328.5,1.0,3.0,0.6666666666666666,1.0,False,True,True,False,True,False,False,False,False,True,False,False,False,False,False,True,False,False,False,True,True
21,1,156,12,3,3,90,4,1,2,2716,25422,1,15,3,4,0,1,0,3,1,0,0,0,2716.0,0.0,3.0,1.0,0.0,False,True,False,True,True,False,False,False,False,False,False,False,False,False,False,False,False,True,False,True,False
29,0,1283,23,3,4,54,3,1,4,2201,18168,9,16,3,4,0,6,4,3,3,2,1,2,733.6666666666666,0.3333333333333333,4.0,0.5,0.6666666666666666,False,True,True,False,True,False,False,False,False,True,False,False,False,False,False,True,False,False,False,True,False
35,0,755,9,4,3,97,2,2,2,6540,19394,9,19,3,3,0,10,5,3,1,1,0,0,6540.0,0.0,2.6666666666666665,0.1,0.0,False,True,True,False,True,False,False,False,False,True,False,False,False,False,False,False,False,False,False,True,False
27,0,1469,1,2,4,82,3,1,2,3816,17881,1,11,3,2,1,5,2,3,5,2,0,4,763.2,0.0,2.6666666666666665,1.0,0.8,False,True,True,False,False,False,True,False,False,True,False,True,False,False,False,False,False,False,False,False,False
28,0,304,9,4,2,92,3,2,4,5253,20750,1,16,3,4,0,7,1,3,7,5,0,7,750.4285714285714,0.0,3.3333333333333335,1.0,1.0,False,True,False,True,True,False,False,False,False,True,False,False,False,False,False,False,True,False,False,True,False
49,0,1261,7,3,2,31,2,3,3,10965,12066,8,24,4,3,0,26,2,3,5,2,0,0,2193.0,0.0,2.6666666666666665,0.19230769230769232,0.0,False,True,True,False,False,False,False,True,False,True,False,False,False,False,False,False,False,False,False,True,False
51,0,1178,14,2,3,87,3,2,4,4936,14862,4,11,3,3,1,18,2,2,7,7,0,7,705.1428571428571,0.0,3.3333333333333335,0.3888888888888889,1.0,False,True,False,True,True,False,False,False,False,False,False,False,False,False,False,False,True,False,True,False,False
36,0,329,2,3,4,96,3,1,3,2543,11868,4,13,3,2,1,6,3,3,2,2,2,2,1271.5,1.0,3.0,0.3333333333333333,1.0,False,True,True,False,True,False,False,False,False,False,False,False,False,False,False,True,False,False,True,False,False
34,1,1362,19,3,1,67,4,2,4,5304,4652,8,13,3,2,0,9,3,2,5,2,0,4,1060.8,0.0,2.3333333333333335,0.5555555555555556,0.8,False,False,False,True,False,True,False,False,False,True,False,False,False,False,False,False,True,False,False,True,True
55,0,1311,2,3,3,97,3,4,4,16659,23258,2,13,3,3,0,30,2,3,5,4,1,2,3331.8,0.2,3.3333333333333335,0.16666666666666666,0.4,False,True,True,False,True,False,False,False,False,False,False,False,True,False,False,False,False,False,False,True,True
24,0,1371,10,4,4,77,3,2,3,4260,5915,1,12,3,4,1,5,2,4,5,2,0,3,852.0,0.0,3.6666666666666665,1.0,0.6,False,True,False,True,False,True,False,False,False,False,False,False,False,False,False,False,True,False,False,False,True
30,0,202,2,1,3,72,3,1,2,2476,17434,1,18,3,1,1,1,3,3,1,0,0,0,2476.0,0.0,2.0,1.0,0.0,False,True,False,True,False,False,False,False,True,True,False,False,False,False,False,False,False,True,True,False,False
26,1,575,3,1,3,73,3,1,1,3102,6582,0,22,4,3,0,7,2,3,6,4,0,4,517.0,0.0,2.3333333333333335,0.8571428571428571,0.6666666666666666,True,False,True,False,False,False,False,False,True,True,False,False,False,False,False,True,False,False,False,True,False
22,0,253,11,3,1,43,3,1,2,2244,24440,1,13,3,4,1,2,1,3,2,1,1,2,1122.0,0.5,2.3333333333333335,1.0,1.0,False,True,True,False,False,False,True,False,False,False,False,False,False,False,False,True,False,False,True,False,False
36,0,164,2,2,2,61,2,3,3,7596,3809,1,13,3,2,2,10,2,3,10,9,9,0,759.6,0.9,2.3333333333333335,1.0,0.0,False,True,False,True,False,False,True,False,False,True,False,False,False,False,False,False,True,False,True,False,False
30,1,464,4,3,3,40,3,1,4,2285,3427,9,23,4,3,0,3,4,3,1,0,0,0,2285.0,0.0,3.3333333333333335,0.3333333333333333,0.0,True,False,True,False,False,False,False,False,True,True,False,False,False,False,False,True,False,False,False,True,True
37,0,1107,14,3,4,95,3,1,1,3034,26914,1,12,3,3,1,18,2,2,18,7,12,17,168.55555555555554,0.6666666666666666,2.6666666666666665,1.0,0.9444444444444444,False,True,True,False,True,False,False,False,False,False,False,True,False,False,False,False,False,False,False,False,False
40,0,759,2,2,4,46,3,2,2,5715,22553,7,12,3,3,2,8,5,3,5,4,1,3,1143.0,0.2,3.0,0.625,0.6,False,True,False,True,False,True,False,False,False,False,False,False,False,False,False,False,True,False,False,False,False
42,0,201,1,4,2,95,3,1,1,2576,20490,3,16,3,2,1,8,5,3,5,2,1,2,515.2,0.2,1.6666666666666667,0.625,0.4,False,True,True,False,True,False,False,False,False,False,False,True,False,False,False,False,False,False,False,False,False
37,0,1305,10,4,3,49,3,2,2,4197,21123,2,12,3,4,0,18,2,2,1,0,0,1,4197.0,0.0,3.0,0.05555555555555555,1.0,False,True,True,False,True,False,False,False,False,True,False,False,False,True,False,False,False,False,False,True,True
43,0,982,12,3,1,59,2,4,2,14336,4345,1,11,3,3,1,25,3,3,25,10,3,9,573.44,0.12,2.0,1.0,0.36,False,True,True,False,True,False,False,False,False,True,False,False,False,False,True,False,False,False,False,False,False
40,0,555,2,3,2,78,2,2,3,3448,13436,6,22,4,2,1,20,3,3,1,0,0,0,3448.0,0.0,2.3333333333333335,0.05,0.0,False,True,True,False,False,False,True,False,False,False,False,True,False,False,False,False,False,False,True,False,False
54,0,821,5,2,1,86,3,5,1,19406,8509,4,11,3,3,1,24,4,2,4,2,1,2,4851.5,0.25,1.6666666666666667,0.16666666666666666,0.5,False,True,True,False,False,False,True,False,False,True,False,False,False,False,True,False,False,False,True,False,False
34,0,1381,4,4,3,72,3,2,3,6538,12740,9,15,3,1,1,6,3,3,3,2,1,2,2179.3333333333335,0.3333333333333333,2.3333333333333335,0.5,0.6666666666666666,False,False,False,True,False,True,False,False,False,False,False,False,False,False,False,False,True,False,True,False,False
31,0,480,7,2,2,31,3,2,1,4306,4156,1,12,3,2,1,13,5,1,13,10,3,12,331.2307692307692,0.23076923076923078,1.6666666666666667,1.0,0.9230769230769231,False,True,True,False,False,False,True,False,False,False,False,False,False,True,False,False,False,False,True,False,False
43,0,313,21,3,4,61,3,1,4,2258,15238,7,20,4,1,1,8,1,3,3,2,1,2,752.6666666666666,0.3333333333333333,3.0,0.375,0.6666666666666666,True,False,True,False,False,False,True,False,False,True,False,True,False,False,False,False,False,False,True,False,False
43,0,1473,8,4,3,74,3,2,3,4522,2227,4,14,3,4,0,8,3,3,5,2,0,2,904.4,0.0,3.3333333333333335,0.625,0.4,False,True,True,False,False,False,False,True,False,False,False,False,False,False,False,False,False,False,False,False,True
25,0,891,4,2,2,99,2,2,4,4487,12090,1,11,3,2,0,5,3,3,5,4,1,3,897.4,0.2,2.6666666666666665,1.0,0.6,False,True,False,True,True,False,False,False,False,False,False,False,False,False,False,False,True,False,False,True,True
37,0,1063,25,5,2,72,3,2,3,4449,23866,3,15,3,1,2,15,2,3,13,11,10,7,342.2307692307692,0.7692307692307693,2.0,0.8666666666666667,0.5384615384615384,False,False,True,False,False,False,True,False,False,False,False,False,False,False,False,True,False,False,True,False,True
31,0,329,1,2,4,98,2,1,1,2218,16193,1,12,3,3,1,4,3,3,4,2,3,2,554.5,0.75,2.6666666666666665,1.0,0.5,False,True,True,False,True,False,False,False,False,True,False,True,False,False,False,False,False,False,True,False,False
39,0,1218,1,1,2,52,3,5,3,19197,8213,1,14,3,3,1,21,3,3,21,8,1,6,914.1428571428571,0.047619047619047616,2.6666666666666665,1.0,0.2857142857142857,True,False,True,False,True,False,False,False,False,True,False,False,True,False,False,False,False,False,False,False,True
56,0,906,6,3,3,86,4,4,1,13212,18256,9,11,3,4,3,36,0,2,7,7,7,7,1887.4285714285713,1.0,2.6666666666666665,0.19444444444444445,1.0,True,False,False,True,True,False,False,False,False,False,False,False,False,False,False,False,True,False,True,False,False
30,0,1082,12,3,2,83,3,2,3,6577,19558,0,11,3,2,0,6,6,3,5,4,4,4,1315.4,0.8,2.3333333333333335,0.8333333333333334,0.8,False,True,False,True,False,False,False,False,True,False,False,False,False,False,False,False,True,False,False,True,False
41,0,645,1,3,2,49,4,3,1,8392,19566,1,16,3,3,1,10,2,3,10,7,0,7,839.2,0.0,2.0,1.0,0.7,False,True,False,True,False,True,False,False,False,True,False,False,False,False,False,False,True,False,True,False,False
28,0,1300,17,2,3,79,3,2,1,4558,13535,1,12,3,4,1,10,2,3,10,0,1,8,455.8,0.1,2.6666666666666665,1.0,0.8,False,True,True,False,False,False,True,False,False,True,False,True,False,False,False,False,False,False,False,False,False
25,1,688,3,3,1,91,3,1,1,4031,9396,5,13,3,3,1,6,5,3,2,2,0,2,2015.5,0.0,1.6666666666666667,0.3333333333333333,1.0,False,True,True,False,False,False,True,False,False,True,False,True,False,False,False,False,False,False,True,False,False
52,0,319,3,3,4,39,2,3,3,7969,19609,2,14,3,3,0,28,4,3,5,4,0,4,1593.8,0.0,3.3333333333333335,0.17857142857142858,0.8,False,True,True,False,False,False,True,False,False,True,False,False,False,True,False,False,False,False,True,False,True
45,0,192,10,2,1,69,3,1,4,2654,9655,3,21,4,4,2,8,3,2,2,2,0,2,1327.0,0.0,3.0,0.25,1.0,False,True,True,False,True,False,False,False,False,True,False,False,False,False,False,True,False,False,True,False,False
52,0,1490,4,2,4,30,3,4,4,16555,10310,2,13,3,4,0,31,2,1,5,2,1,4,3311.0,0.2,4.0,0.16129032258064516,0.8,False,True,True,False,True,False,False,False,False,False,False,False,True,False,False,False,False,False,True,False,False
42,0,532,29,2,1,92,3,2,3,4556,12932,2,11,3,2,1,19,3,3,5,4,0,2,911.2,0.0,2.0,0.2631578947368421,0.4,True,False,True,False,True,False,False,False,False,False,False,False,False,False,False,True,False,False,False,False,False
30,0,317,2,3,3,43,1,2,4,6091,24793,2,20,4,3,0,11,2,3,5,4,0,2,1218.2,0.0,3.3333333333333335,0.45454545454545453,0.4,False,True,True,False,True,False,False,False,False,False,False,False,False,True,False,False,False,False,False,True,False
60,0,422,7,3,1,41,3,5,1,19566,3854,5,11,3,4,0,33,5,1,29,8,11,10,674.6896551724138,0.3793103448275862,2.0,0.8787878787878788,0.3448275862068966,False,True,True,False,True,False,False,False,False,False,False,False,True,False,False,False,False,False,True,False,False
46,0,1485,18,3,3,87,3,2,3,4810,26314,2,14,3,3,1,19,5,2,10,7,0,8,481.0,0.0,3.0,0.5263157894736842,0.8,False,True,True,False,False,False,True,False,False,False,False,False,False,True,False,False,False,False,False,False,False
42,0,1368,28,4,4,88,2,2,4,4523,4386,0,11,3,4,3,7,4,4,6,5,0,4,753.8333333333334,0.0,4.0,0.8571428571428571,0.6666666666666666,True,False,True,False,False,False,False,False,True,False,False,False,False,False,False,False,False,False,True,False,False
24,1,1448,1,1,1,62,3,1,2,3202,21972,1,16,3,2,0,6,4,3,5,3,1,4,640.4,0.2,1.6666666666666667,0.8333333333333334,0.8,False,True,False,True,False,False,False,False,True,False,False,False,False,False,False,False,False,True,False,True,True
34,1,296,6,2,4,33,1,1,3,2351,12253,0,16,3,4,1,3,3,2,2,2,1,0,1175.5,0.5,3.6666666666666665,0.6666666666666666,0.0,True,False,False,True,False,True,False,False,False,False,False,False,False,False,False,False,False,True,False,False,False
38,0,1490,2,2,4,42,3,1,4,1702,12106,1,23,4,3,1,1,3,3,1,0,0,0,1702.0,0.0,3.6666666666666665,1.0,0.0,True,False,True,False,True,False,False,False,False,True,False,True,False,False,False,False,False,False,True,False,True
40,0,1398,2,4,3,79,3,5,3,18041,13022,0,14,3,4,0,21,2,3,20,15,1,12,902.05,0.05,3.3333333333333335,0.9523809523809523,0.6,False,True,False,True,True,False,False,False,False,False,False,False,True,False,False,False,False,False,True,False,False
26,0,1349,23,3,1,90,3,1,4,2886,3032,1,22,4,2,2,3,3,1,3,2,0,2,962.0,0.0,2.3333333333333335,1.0,0.6666666666666666,False,True,True,False,True,False,False,False,False,False,False,False,False,False,False,True,False,False,False,False,False
30,0,1400,3,3,3,53,3,1,4,2097,16734,4,15,3,3,1,9,3,1,5,3,1,4,419.4,0.2,3.3333333333333335,0.5555555555555556,0.8,False,False,True,False,True,False,False,False,False,True,False,True,False,False,False,False,False,False,True,False,False
29,0,986,3,4,2,93,2,3,3,11935,21526,1,18,3,3,0,10,2,3,10,2,0,7,1193.5,0.0,2.6666666666666665,1.0,0.7,False,True,True,False,False,False,True,False,False,True,False,False,False,False,True,False,False,False,True,False,False
29,1,408,25,5,3,71,2,1,2,2546,18300,5,16,3,2,0,6,2,4,2,2,1,1,1273.0,0.5,2.3333333333333335,0.3333333333333333,0.5,False,True,True,False,False,False,False,False,True,False,False,False,False,False,False,True,False,False,True,False,False
19,1,489,2,2,1,52,2,1,4,2564,18437,1,12,3,3,0,1,3,4,1,0,0,0,2564.0,0.0,2.6666666666666665,1.0,0.0,False,True,False,False,False,False,False,False,True,True,True,False,False,False,False,False,False,False,False,True,False
30,0,1398,22,4,3,69,3,3,1,8412,2890,0,11,3,3,0,10,3,3,9,8,7,8,934.6666666666666,0.7777777777777778,2.3333333333333335,0.9,0.8888888888888888,False,False,False,True,False,False,False,True,False,False,False,False,False,False,False,False,True,False,True,False,False
57,0,210,29,3,1,56,2,4,4,14118,22102,3,12,3,3,1,32,3,2,1,0,0,0,14118.0,0.0,2.6666666666666665,0.03125,0.0,False,True,False,True,False,True,False,False,False,True,False,False,True,False,False,False,False,False,False,False,False
50,0,1099,29,4,2,88,2,4,3,17046,9314,0,15,3,2,1,28,2,3,27,10,15,7,631.3333333333334,0.5555555555555556,2.3333333333333335,0.9642857142857143,0.25925925925925924,False,True,True,False,True,False,False,False,False,True,False,False,True,False,False,False,False,False,True,False,False
30,0,1116,2,3,3,49,3,1,4,2564,7181,0,14,3,3,0,12,2,2,11,7,6,7,233.0909090909091,0.5454545454545454,3.3333333333333335,0.9166666666666666,0.6363636363636364,False,False,True,False,False,False,True,False,False,False,False,True,False,False,False,False,False,False,False,True,False
60,0,1499,28,3,3,80,2,3,1,10266,2845,4,19,3,4,0,22,5,4,18,13,13,11,570.3333333333334,0.7222222222222222,2.6666666666666665,0.8181818181818182,0.6111111111111112,True,False,False,True,False,True,False,False,False,False,False,False,False,False,False,False,True,False,True,False,False
47,0,983,2,2,1,65,3,2,4,5070,7389,5,13,3,3,3,20,2,3,5,0,0,4,1014.0,0.0,2.6666666666666665,0.25,0.8,False,True,True,False,False,False,True,False,False,False,False,False,False,True,False,False,False,False,False,False,False
46,0,1009,2,3,1,51,3,4,3,17861,2288,6,13,3,3,0,26,2,1,3,2,0,1,5953.666666666667,0.0,2.3333333333333335,0.11538461538461539,0.3333333333333333,False,True,True,False,True,False,False,False,False,True,False,False,False,False,True,False,False,False,True,False,False
35,0,144,22,3,4,46,1,1,3,4230,19225,0,15,3,3,0,6,2,3,5,4,4,3,846.0,0.8,3.3333333333333335,0.8333333333333334,0.6,False,True,True,False,True,False,False,False,False,True,False,True,False,False,False,False,False,False,False,True,False
54,0,548,8,4,3,42,3,2,3,3780,23428,7,11,3,3,0,19,3,3,1,0,0,0,3780.0,0.0,3.0,0.05263157894736842,0.0,False,True,True,False,True,False,False,False,False,False,False,True,False,False,False,False,False,False,False,True,False
34,0,1303,2,4,4,62,2,1,3,2768,8416,3,12,3,3,1,14,3,3,7,3,5,7,395.42857142857144,0.7142857142857143,3.3333333333333335,0.5,1.0,False,True,True,False,True,False,False,False,False,True,False,False,False,False,False,True,False,False,False,False,False
46,0,1125,10,3,3,94,2,3,4,9071,11563,2,19,3,3,1,15,3,3,3,2,1,2,3023.6666666666665,0.3333333333333333,3.3333333333333335,0.2,0.6666666666666666,False,True,False,True,False,True,False,False,False,False,False,False,False,False,False,False,True,False,True,False,True
31,0,1274,9,1,3,33,3,3,2,10648,14394,1,25,4,4,1,13,6,4,13,8,0,8,819.0769230769231,0.0,3.0,1.0,0.6153846153846154,False,True,True,False,True,False,False,False,False,True,False,False,False,True,False,False,False,False,False,False,False
33,1,1277,15,1,2,56,3,3,3,13610,24619,7,12,3,4,0,15,2,4,7,6,7,7,1944.2857142857142,1.0,3.0,0.4666666666666667,1.0,False,True,True,False,False,False,True,False,False,True,False,False,True,False,False,False,False,False,True,False,True
33,1,587,10,1,1,38,1,1,4,3408,6705,7,13,3,1,3,8,2,3,4,3,1,3,852.0,0.25,2.0,0.5,0.75,False,True,True,False,False,False,True,False,False,True,False,True,False,False,False,False,False,False,False,False,False
30,0,413,7,1,4,57,3,1,2,2983,18398,0,14,3,1,0,4,3,3,3,2,1,2,994.3333333333334,0.3333333333333333,2.3333333333333335,0.75,0.6666666666666666,False,True,False,True,False,True,False,False,False,True,False,False,False,False,False,False,False,True,False,True,False
35,0,1276,16,3,4,72,3,3,3,7632,14295,4,12,3,3,0,10,2,3,8,7,0,0,954.0,0.0,3.3333333333333335,0.8,0.0,False,True,True,False,True,False,False,False,False,True,False,False,False,False,False,False,False,False,True,False,True
31,1,534,20,3,1,66,3,3,3,9824,22908,3,12,3,1,0,12,2,3,1,0,0,0,9824.0,0.0,1.6666666666666667,0.08333333333333333,0.0,True,False,True,False,True,False,False,False,False,True,False,False,False,False,False,False,False,False,True,False,False
34,1,988,23,3,2,43,3,3,1,9950,11533,9,15,3,3,3,11,2,3,3,2,0,2,3316.6666666666665,0.0,2.0,0.2727272727272727,0.6666666666666666,True,False,False,False,False,False,False,False,False,False,True,False,False,False,False,False,False,False,False,False,True
42,0,1474,5,2,2,97,3,1,3,2093,9260,4,17,3,4,1,8,4,3,2,2,2,0,1046.5,1.0,3.0,0.25,0.0,True,False,True,False,False,False,False,True,False,True,False,True,False,False,False,False,False,False,True,False,False
36,0,635,10,4,2,32,3,3,4,9980,15318,1,14,3,4,0,10,3,2,10,3,9,7,998.0,0.9,3.3333333333333335,1.0,0.7,False,False,False,True,False,False,True,False,False,True,False,False,False,False,False,False,True,False,False,True,False
22,1,1368,4,1,3,99,2,1,3,3894,9129,5,16,3,3,0,4,3,3,2,2,1,2,1947.0,0.5,3.0,0.5,1.0,True,False,True,False,False,False,False,False,True,True,False,True,False,False,False,False,False,False,False,True,False
48,0,163,2,5,2,37,3,2,4,4051,19658,2,14,3,1,1,14,2,3,9,7,6,7,450.1111111111111,0.6666666666666666,2.3333333333333335,0.6428571428571429,0.7777777777777778,False,True,False,True,False,True,False,False,False,False,False,False,False,False,False,False,True,False,True,False,False
55,0,1117,18,5,1,83,3,4,2,16835,9873,3,23,4,4,0,37,2,3,10,9,7,7,1683.5,0.7,2.3333333333333335,0.2702702702702703,0.7,False,True,False,True,True,False,False,False,False,False,False,False,True,False,False,False,False,False,False,True,False
41,0,267,10,2,4,56,3,2,4,6230,13430,7,14,3,4,0,16,3,3,14,3,1,10,445.0,0.07142857142857142,4.0,0.875,0.7142857142857143,False,False,False,True,True,False,False,False,False,True,False,False,False,False,False,False,True,False,False,True,False
35,0,619,1,3,2,85,3,2,3,4717,18659,9,11,3,3,0,15,2,3,11,9,6,9,428.8181818181818,0.5454545454545454,2.6666666666666665,0.7333333333333333,0.8181818181818182,False,True,False,True,False,True,False,False,False,True,False,False,False,False,False,False,True,False,True,False,False
40,0,302,6,3,2,75,3,4,3,13237,20364,7,15,3,3,0,22,3,3,20,6,5,13,661.85,0.25,2.6666666666666665,0.9090909090909091,0.65,False,True,True,False,True,False,False,False,False,False,False,False,False,True,False,False,False,False,False,True,False
39,0,443,8,1,3,48,3,1,3,3755,17872,1,11,3,1,1,8,3,3,8,3,0,7,469.375,0.0,2.3333333333333335,1.0,0.875,True,False,True,False,True,False,False,False,False,False,False,True,False,False,False,False,False,False,True,False,False
31,0,828,2,1,2,77,3,2,4,6582,8346,4,13,3,3,0,10,2,4,6,5,0,5,1097.0,0.0,3.0,0.6,0.8333333333333334,False,True,False,True,True,False,False,False,False,True,False,False,False,False,False,False,True,False,False,True,True
42,0,319,24,3,4,56,3,3,1,7406,6950,1,21,4,4,1,10,5,2,10,9,5,8,740.6,0.5,3.0,1.0,0.8,False,True,True,False,False,False,True,False,False,True,False,False,False,True,False,False,False,False,True,False,True
45,0,561,2,3,4,61,3,2,2,4805,16177,0,19,3,2,1,9,3,4,8,7,3,7,600.625,0.375,2.6666666666666665,0.8888888888888888,0.875,False,True,False,True,False,False,False,True,False,True,False,False,False,False,False,False,True,False,True,False,False
26,1,426,17,4,2,58,3,1,3,2741,22808,0,11,3,2,1,8,2,2,7,7,1,0,391.57142857142856,0.14285714285714285,2.3333333333333335,0.875,0.0,True,False,False,False,True,False,False,False,False,False,True,False,False,False,False,False,False,False,False,False,True
29,0,232,19,3,4,34,3,2,4,4262,22645,4,12,3,2,2,8,2,4,3,2,1,2,1420.6666666666667,0.3333333333333333,3.3333333333333335,0.375,0.6666666666666666,False,True,True,False,False,False,False,False,True,True,False,False,False,True,False,False,False,False,False,False,False
33,0,922,1,5,1,95,4,4,3,16184,22578,4,19,3,3,1,10,2,3,6,1,0,5,2697.3333333333335,0.0,2.3333333333333335,0.6,0.8333333333333334,False,True,True,False,False,False,True,False,False,False,False,False,False,False,True,False,False,False,False,False,False
31,0,688,7,3,3,44,2,3,4,11557,25291,9,21,4,3,1,10,3,2,5,4,0,1,2311.4,0.0,3.3333333333333335,0.5,0.2,False,True,False,True,True,False,False,False,False,True,False,False,True,False,False,False,False,False,False,False,False
18,1,1306,5,3,2,69,3,1,2,1878,8059,1,14,3,4,0,0,3,3,0,0,0,0,1878.0,0.0,2.6666666666666665,0.0,0.0,True,False,False,True,False,True,False,False,False,True,False,False,False,False,False,False,False,True,False,True,True
40,0,1094,28,3,3,58,1,3,1,10932,11373,3,15,3,3,1,20,2,3,1,0,0,1,10932.0,0.0,2.3333333333333335,0.05,1.0,False,False,False,True,False,False,False,True,False,True,False,False,False,False,False,False,True,False,False,False,False
41,0,509,2,4,1,62,2,2,3,6811,2112,2,17,3,1,0,10,3,3,8,7,0,7,851.375,0.0,1.6666666666666667,0.8,0.875,False,False,True,False,False,False,False,True,False,False,False,False,False,False,False,False,False,False,False,True,True
26,0,775,29,2,1,45,3,2,3,4306,4267,5,12,3,1,2,8,5,3,0,0,0,0,4306.0,0.0,1.6666666666666667,0.0,0.0,False,True,False,True,False,False,True,False,False,True,False,False,False,False,False,False,True,False,False,False,False
35,0,195,1,3,1,80,3,2,3,4859,6698,1,16,3,4,0,5,3,3,5,4,0,3,971.8,0.0,2.6666666666666665,1.0,0.6,False,True,False,True,False,False,True,False,False,False,False,False,False,False,False,False,True,False,False,True,False
34,0,258,21,4,4,74,4,2,4,5337,19921,1,12,3,4,0,10,3,3,10,7,5,7,533.7,0.5,4.0,1.0,0.7,False,True,False,True,True,False,False,False,False,True,False,False,False,False,False,False,True,False,False,True,False
26,1,471,24,3,3,66,1,1,4,2340,23213,1,18,3,2,0,1,3,1,1,0,0,0,2340.0,0.0,3.0,1.0,0.0,False,True,True,False,False,False,False,False,True,True,False,True,False,False,False,False,False,False,False,True,True
37,0,799,1,3,2,59,3,3,4,7491,23848,4,17,3,4,0,12,3,4,6,5,1,2,1248.5,0.16666666666666666,3.3333333333333335,0.5,0.3333333333333333,False,True,True,False,False,False,False,False,True,False,False,False,False,True,False,False,False,False,False,True,False
46,0,1034,18,1,1,86,3,3,3,10527,8984,5,11,3,4,0,28,3,2,2,2,1,2,5263.5,0.5,2.6666666666666665,0.07142857142857142,1.0,True,False,True,False,False,False,True,False,False,False,False,False,False,False,False,False,False,False,True,False,False
41,0,1276,2,5,2,91,3,4,1,16595,5626,7,16,3,2,1,22,2,3,18,16,11,8,921.9444444444445,0.6111111111111112,1.6666666666666667,0.8181818181818182,0.4444444444444444,False,True,False,True,True,False,False,False,False,False,False,False,True,False,False,False,False,False,True,False,False
37,0,142,9,4,1,69,3,3,2,8834,24666,1,13,3,4,1,9,6,3,9,5,7,7,981.5555555555555,0.7777777777777778,2.3333333333333335,1.0,0.7777777777777778,False,False,False,True,False,False,True,False,False,True,False,False,False,False,False,False,True,False,False,False,False
52,0,956,6,2,4,78,3,2,1,5577,22087,3,12,3,2,2,18,3,3,10,9,6,9,557.7,0.6,2.3333333333333335,0.5555555555555556,0.9,False,True,True,False,False,False,False,False,True,True,False,False,False,False,False,True,False,False,False,False,True
32,1,1474,11,4,4,60,4,2,3,4707,23914,8,12,3,4,0,6,2,3,4,2,1,2,1176.75,0.25,3.6666666666666665,0.6666666666666666,0.5,False,False,False,True,False,False,False,True,False,True,False,False,False,False,False,False,True,False,True,False,False
24,0,535,24,3,4,38,3,1,4,2400,5530,0,13,3,3,2,3,3,3,2,2,2,1,1200.0,1.0,3.6666666666666665,0.6666666666666666,0.5,True,False,False,True,False,False,True,False,False,True,False,False,False,False,False,False,False,True,True,False,False
38,0,1495,10,3,3,76,3,2,3,9824,22174,3,19,3,3,1,18,4,3,1,0,0,0,9824.0,0.0,3.0,0.05555555555555555,0.0,False,True,True,False,False,False,True,False,False,False,False,False,False,False,False,False,False,False,True,False,False
37,0,446,1,4,2,65,3,2,2,6447,15701,6,12,3,2,1,8,2,2,6,5,4,3,1074.5,0.6666666666666666,2.0,0.75,0.5,False,True,True,False,True,False,False,False,False,False,False,False,False,True,False,False,False,False,True,False,False
49,0,1245,18,4,4,58,2,5,3,19502,2125,1,17,3,3,1,31,5,3,31,9,0,9,629.0967741935484,0.0,3.3333333333333335,1.0,0.2903225806451613,False,True,True,False,True,False,False,False,False,True,False,False,False,False,True,False,False,False,False,False,True
24,0,691,23,3,2,89,4,1,4,2725,21630,1,11,3,2,2,6,3,3,6,5,1,4,454.1666666666667,0.16666666666666666,2.6666666666666665,1.0,0.6666666666666666,False,True,True,False,False,False,True,False,False,True,False,False,False,False,False,True,False,False,True,False,True
26,0,703,28,2,1,66,3,2,2,6272,7428,1,20,4,4,2,6,5,4,5,3,1,4,1254.4,0.2,2.3333333333333335,0.8333333333333334,0.8,False,True,False,True,False,True,False,False,False,True,False,False,False,False,False,False,True,False,True,False,False
24,0,823,17,2,4,94,2,1,2,2127,9100,1,21,4,4,1,1,2,3,1,0,0,0,2127.0,0.0,3.3333333333333335,1.0,0.0,False,True,True,False,False,False,False,True,False,True,False,True,False,False,False,False,False,False,True,False,False
50,0,1246,3,3,1,99,3,5,2,18200,7999,1,11,3,3,1,32,2,3,32,5,10,7,568.75,0.3125,2.0,1.0,0.21875,True,False,False,False,False,False,True,False,False,True,False,False,True,False,False,False,False,False,True,False,False
25,0,622,13,1,2,40,3,1,3,2096,26376,1,11,3,3,0,7,1,3,7,4,0,6,299.42857142857144,0.0,2.6666666666666665,1.0,0.8571428571428571,False,True,False,True,False,False,True,False,False,True,False,False,False,False,False,False,False,True,True,False,False
24,1,1287,7,3,1,55,3,1,3,2886,14168,1,16,3,4,1,6,4,3,6,3,1,2,481.0,0.16666666666666666,2.6666666666666665,1.0,0.3333333333333333,True,False,True,False,True,False,False,False,False,False,False,True,False,False,False,False,False,False,True,False,True
30,1,448,12,4,2,74,2,1,1,2033,14470,1,18,3,3,1,1,2,4,1,0,0,0,2033.0,0.0,2.0,1.0,0.0,True,False,False,True,True,False,False,False,False,True,False,False,False,False,False,False,False,True,True,False,False
34,0,254,1,2,2,83,2,1,4,3622,22794,1,13,3,4,1,6,3,3,6,5,1,3,603.6666666666666,0.16666666666666666,3.3333333333333335,1.0,0.5,False,True,True,False,True,False,False,False,False,True,False,False,False,False,False,True,False,False,True,False,True
31,1,1365,13,4,2,46,3,2,1,4233,11512,2,17,3,3,0,9,2,1,3,1,1,2,1411.0,0.3333333333333333,2.0,0.3333333333333333,0.6666666666666666,False,True,False,True,False,False,True,False,False,True,False,False,False,False,False,False,True,False,False,False,False
35,0,538,25,2,1,54,2,2,4,3681,14004,4,14,3,4,0,9,3,3,3,2,0,2,1227.0,0.0,3.0,0.3333333333333333,0.6666666666666666,False,True,True,False,False,False,False,True,False,True,False,True,False,False,False,False,False,False,False,True,False
31,0,525,6,4,1,66,4,2,4,5460,6219,4,22,4,4,2,13,4,4,7,7,5,7,780.0,0.7142857142857143,3.0,0.5384615384615384,1.0,False,True,False,True,False,False,True,False,False,True,False,False,False,False,False,False,True,False,False,False,False
27,0,798,6,4,1,66,2,1,3,2187,5013,0,12,3,3,2,6,5,2,5,3,0,3,437.4,0.0,2.3333333333333335,0.8333333333333334,0.6,False,True,True,False,False,False,True,False,False,False,False,False,False,False,False,True,False,False,False,False,False
37,0,558,2,3,4,75,3,2,3,9602,3010,4,11,3,3,1,17,3,2,3,0,1,0,3200.6666666666665,0.3333333333333333,3.3333333333333335,0.17647058823529413,0.0,False,True,False,True,False,True,False,False,False,True,False,False,False,False,False,False,True,False,True,False,True
20,0,959,1,3,4,83,2,1,2,2836,11757,1,13,3,4,0,1,0,4,1,0,0,0,2836.0,0.0,3.3333333333333335,1.0,0.0,False,True,True,False,True,False,False,False,False,False,False,False,False,False,False,True,False,False,False,True,False
42,0,622,2,4,3,81,3,2,4,4089,5718,1,13,3,2,2,10,4,3,10,2,2,2,408.9,0.2,3.0,1.0,0.2,False,True,True,False,True,False,False,False,False,False,False,False,False,False,False,False,False,False,True,False,False
43,0,782,6,4,2,50,2,4,4,16627,2671,4,14,3,3,1,21,3,2,1,0,0,0,16627.0,0.0,3.0,0.047619047619047616,0.0,False,True,True,False,False,False,False,True,False,True,False,False,False,False,True,False,False,False,False,False,True
38,0,362,1,1,3,43,3,1,1,2619,14561,3,17,3,4,0,8,3,2,0,0,0,0,2619.0,0.0,2.6666666666666665,0.0,0.0,False,True,True,False,True,False,False,False,False,False,False,False,False,False,False,True,False,False,False,True,False
43,0,1001,9,5,4,72,3,2,3,5679,19627,3,13,3,2,1,10,3,3,8,7,4,7,709.875,0.5,3.0,0.8,0.875,True,False,True,False,False,False,True,False,False,True,False,True,False,False,False,False,False,False,False,False,True
48,0,1236,1,4,4,40,2,4,1,15402,17997,7,11,3,1,1,21,3,1,3,2,0,2,5134.0,0.0,2.0,0.14285714285714285,0.6666666666666666,False,True,True,False,True,False,False,False,False,False,False,False,True,False,False,False,False,False,True,False,False
44,0,1112,1,4,1,50,2,2,3,5985,26894,4,11,3,2,0,10,1,4,2,2,0,2,2992.5,0.0,2.0,0.2,1.0,False,True,False,False,True,False,False,False,False,False,True,False,False,False,False,False,False,False,False,True,False
34,0,204,14,3,3,31,3,1,3,2579,2912,1,18,3,4,2,8,3,3,8,2,0,6,322.375,0.0,3.3333333333333335,1.0,0.75,False,True,False,True,False,False,False,False,True,False,False,False,False,False,False,False,False,True,False,False,True
27,1,1420,2,1,3,85,3,1,1,3041,16346,0,11,3,2,1,5,3,3,4,3,0,2,760.25,0.0,2.0,0.8,0.5,False,True,False,True,False,True,False,False,False,True,False,False,False,False,False,False,False,True,False,False,False
21,0,1343,22,1,3,49,3,1,3,3447,24444,1,11,3,3,0,3,2,3,3,2,1,2,1149.0,0.3333333333333333,3.0,1.0,0.6666666666666666,False,True,False,True,False,False,False,False,True,True,False,False,False,False,False,False,False,True,False,True,False
44,0,1315,3,4,4,35,3,5,4,19513,9358,4,12,3,1,1,26,2,4,2,2,0,1,9756.5,0.0,3.0,0.07692307692307693,0.5,False,True,True,False,False,False,False,True,False,True,False,False,True,False,False,False,False,False,True,False,True
22,0,604,6,1,1,69,3,1,3,2773,12145,0,20,4,4,0,3,3,3,2,2,2,2,1386.5,1.0,2.6666666666666665,0.6666666666666666,1.0,False,True,True,False,False,False,True,False,False,True,False,False,False,False,False,True,False,False,True,False,False
33,0,1216,8,4,3,39,3,2,3,7104,20431,0,12,3,4,0,6,3,3,5,0,1,2,1420.8,0.2,3.3333333333333335,0.8333333333333334,0.4,False,True,False,True,False,True,False,False,False,True,False,False,False,False,False,False,True,False,False,False,False
32,0,646,9,4,1,92,3,2,4,6322,18089,1,12,3,4,1,6,2,2,6,4,0,5,1053.6666666666667,0.0,3.0,1.0,0.8333333333333334,False,True,True,False,True,False,False,False,False,False,False,False,False,False,False,True,False,False,True,False,True
30,0,160,3,3,3,71,3,1,3,2083,22653,1,20,4,3,1,1,2,3,1,0,0,0,2083.0,0.0,3.0,1.0,0.0,True,False,True,False,False,False,True,False,False,False,False,False,False,False,False,True,False,False,False,False,False
53,0,238,1,1,4,34,3,2,1,8381,7507,7,20,4,4,0,18,2,4,14,7,8,10,598.6428571428571,0.5714285714285714,3.0,0.7777777777777778,0.7142857142857143,False,True,False,True,False,False,True,False,False,False,False,False,False,False,False,False,True,False,False,True,False
34,0,1397,1,5,2,42,3,1,4,2691,7660,1,12,3,4,1,10,4,2,10,9,8,8,269.1,0.8,3.3333333333333335,1.0,0.8,False,True,True,False,True,False,False,False,False,True,False,False,False,False,False,True,False,False,True,False,False
45,1,306,26,4,1,100,3,2,1,4286,5630,2,14,3,4,2,5,4,3,1,1,0,0,4286.0,0.0,2.0,0.2,0.0,True,False,False,True,True,False,False,False,False,False,False,False,False,False,False,False,True,False,True,False,False
26,0,991,6,3,3,71,3,1,4,2659,17759,1,13,3,3,1,3,2,3,3,2,0,2,886.3333333333334,0.0,3.3333333333333335,1.0,0.6666666666666666,False,True,True,False,True,False,False,False,False,False,False,True,False,False,False,False,False,False,True,False,True
37,0,482,3,3,3,36,3,3,3,9434,9606,1,15,3,3,1,10,2,3,10,7,7,8,943.4,0.7,3.0,1.0,0.8,False,True,True,False,False,False,False,True,False,True,False,False,False,True,False,False,False,False,True,False,False
29,0,1176,3,2,2,62,3,2,3,5561,3487,1,14,3,1,1,6,5,2,6,0,1,2,926.8333333333334,0.16666666666666666,2.0,1.0,0.3333333333333333,False,True,False,True,False,False,True,False,False,False,False,False,False,False,False,False,True,False,True,False,False
35,0,1017,6,4,2,82,1,2,4,6646,19368,1,13,3,2,0,17,3,3,17,11,11,8,390.94117647058823,0.6470588235294118,2.6666666666666665,1.0,0.47058823529411764,False,True,True,False,True,False,False,False,False,True,False,False,False,False,False,True,False,False,False,True,False
33,0,1296,6,3,3,30,3,2,4,7725,5335,3,23,4,3,1,15,2,1,13,11,4,7,594.2307692307693,0.3076923076923077,3.3333333333333335,0.8666666666666667,0.5384615384615384,True,False,True,False,True,False,False,False,False,True,False,False,False,False,False,False,False,False,False,False,False
54,0,397,19,4,3,88,3,3,2,10725,6729,2,15,3,3,1,16,1,4,9,7,7,1,1191.6666666666667,0.7777777777777778,2.6666666666666665,0.5625,0.1111111111111111,False,True,False,False,False,False,True,False,False,True,True,False,False,False,False,False,False,False,True,False,False
36,0,913,9,2,2,48,2,2,2,8847,13934,2,11,3,3,1,13,2,3,3,2,0,2,2949.0,0.0,2.3333333333333335,0.23076923076923078,0.6666666666666666,False,True,True,False,False,False,True,False,False,True,False,False,False,True,False,False,False,False,False,False,True
27,0,1115,3,4,1,54,2,1,4,2045,15174,0,13,3,4,0,5,0,3,4,2,1,1,511.25,0.25,3.0,0.8,0.25,False,True,True,False,False,False,True,False,False,True,False,False,False,False,False,True,False,False,False,True,False
20,1,1362,10,1,4,32,3,1,3,1009,26999,1,11,3,4,0,1,5,3,1,0,1,1,1009.0,1.0,3.6666666666666665,1.0,1.0,False,True,True,False,False,False,True,False,False,True,False,False,False,False,False,True,False,False,False,True,True
33,1,1076,3,3,1,70,3,1,1,3348,3164,1,11,3,1,0,10,3,3,10,8,9,7,334.8,0.9,1.0,1.0,0.7,True,False,True,False,True,False,False,False,False,True,False,False,False,False,False,True,False,False,False,True,True
35,0,727,3,3,3,41,2,1,3,1281,16900,1,18,3,3,2,1,3,3,1,0,0,0,1281.0,0.0,3.0,1.0,0.0,False,False,True,False,True,False,False,False,False,True,False,True,False,False,False,False,False,False,True,False,False
23,0,885,4,3,1,58,4,1,1,2819,8544,2,16,3,1,1,5,3,4,3,2,0,2,939.6666666666666,0.0,1.0,0.6,0.6666666666666666,False,True,True,False,False,False,True,False,False,True,False,False,False,False,False,True,False,False,True,False,False
25,0,810,8,3,4,57,4,2,2,4851,15678,0,22,4,3,1,4,4,3,3,2,1,2,1617.0,0.3333333333333333,3.0,0.75,0.6666666666666666,False,True,False,True,True,False,False,False,False,True,False,False,False,False,False,False,True,False,True,False,False
38,0,243,7,4,4,46,2,2,4,4028,7791,0,20,4,1,0,8,2,3,7,7,0,5,575.4285714285714,0.0,3.0,0.875,0.7142857142857143,False,True,False,True,False,True,False,False,False,False,False,False,False,False,False,False,True,False,False,True,False
29,0,806,1,4,2,76,1,1,4,2720,18959,1,18,3,4,1,10,5,3,10,7,2,8,272.0,0.2,3.3333333333333335,1.0,0.8,True,False,True,False,True,False,False,False,False,True,False,False,False,False,False,True,False,False,False,False,False
48,0,817,2,1,2,56,4,2,2,8120,18597,3,12,3,4,0,12,3,3,2,2,2,2,4060.0,1.0,2.6666666666666665,0.16666666666666666,1.0,False,True,False,True,False,True,False,False,False,True,False,False,False,False,False,False,True,False,True,False,False
27,0,1410,3,1,4,71,4,2,4,4647,16673,1,20,4,2,2,6,3,3,6,5,0,4,774.5,0.0,3.3333333333333335,1.0,0.6666666666666666,True,False,False,True,False,False,True,False,False,False,False,False,False,False,False,False,True,False,False,False,True
37,0,1225,10,2,4,80,4,1,4,4680,15232,3,17,3,1,0,4,2,3,1,0,0,0,4680.0,0.0,3.0,0.25,0.0,False,True,True,False,True,False,False,False,False,True,False,False,False,False,False,True,False,False,False,True,False
50,0,1207,28,1,4,74,4,1,3,3221,3297,1,11,3,3,3,20,3,3,20,8,3,8,161.05,0.15,3.3333333333333335,1.0,0.4,False,True,True,False,False,False,True,False,False,True,False,True,False,False,False,False,False,False,True,False,True
34,0,1442,9,3,4,46,2,3,2,8621,17654,1,14,3,2,0,9,3,4,8,7,7,7,1077.625,0.875,2.6666666666666665,0.8888888888888888,0.875,False,True,True,False,False,False,True,False,False,False,False,False,False,False,False,False,False,False,False,True,False
24,1,693,3,2,1,65,3,2,3,4577,24785,9,14,3,1,0,4,3,3,2,2,2,0,2288.5,1.0,1.6666666666666667,0.5,0.0,False,True,False,True,True,False,False,False,False,False,False,False,False,False,False,False,True,False,False,True,False
39,0,408,2,4,4,80,2,2,3,4553,20978,1,11,3,1,0,20,4,3,20,7,11,10,227.65,0.55,2.6666666666666665,1.0,0.5,False,True,True,False,False,False,False,False,True,False,False,False,False,False,False,False,False,False,False,True,False
32,0,929,10,3,4,55,3,2,4,5396,21703,1,12,3,4,0,10,2,2,10,7,0,8,539.6,0.0,4.0,1.0,0.8,False,True,False,True,False,True,False,False,False,True,False,False,False,False,False,False,True,False,False,True,False
50,1,562,8,2,2,50,3,2,3,6796,23452,3,14,3,1,1,18,4,3,4,3,1,3,1699.0,0.25,2.0,0.2222222222222222,0.75,True,False,False,True,False,False,False,False,True,True,False,False,False,False,False,False,True,False,True,False,True
38,0,827,1,4,2,33,4,2,4,7625,19383,0,13,3,3,0,10,4,2,9,7,1,8,847.2222222222222,0.1111111111111111,3.0,0.9,0.8888888888888888,False,True,True,False,True,False,False,False,False,False,False,False,False,False,False,False,False,False,False,True,False
27,0,608,1,2,3,68,3,3,1,7412,6009,1,11,3,4,0,9,3,3,9,7,0,7,823.5555555555555,0.0,2.6666666666666665,1.0,0.7777777777777778,False,True,True,False,True,False,False,False,False,False,False,False,False,True,False,False,False,False,True,False,False
32,0,1018,3,2,3,39,3,3,4,11159,19373,3,15,3,4,0,10,6,3,7,7,7,7,1594.142857142857,1.0,3.6666666666666665,0.7,1.0,False,True,True,False,True,False,False,False,False,False,False,False,False,False,True,False,False,False,False,True,False
47,0,703,14,4,4,42,3,2,1,4960,11825,2,12,3,4,0,20,2,3,7,7,1,7,708.5714285714286,0.14285714285714285,3.0,0.35,1.0,False,True,False,True,False,True,False,False,False,True,False,False,False,False,False,False,True,False,False,True,False
40,0,580,5,4,4,48,2,3,1,10475,23772,5,21,4,3,1,20,2,3,18,13,1,12,581.9444444444445,0.05555555555555555,2.6666666666666665,0.9,0.6666666666666666,True,False,False,True,True,False,False,False,False,True,False,False,False,False,False,False,True,False,True,False,True
53,0,970,7,3,3,59,4,4,3,14814,13514,3,19,3,3,0,32,3,3,5,1,1,3,2962.8,0.2,3.0,0.15625,0.6,False,True,True,False,True,False,False,False,False,True,False,False,False,False,True,False,False,False,True,False,False
41,0,427,10,4,2,73,2,5,4,19141,8861,3,15,3,2,3,23,2,2,21,6,12,6,911.4761904761905,0.5714285714285714,2.6666666666666665,0.9130434782608695,0.2857142857142857,False,True,False,False,False,False,False,False,False,True,False,False,True,False,False,False,False,False,False,False,False
60,0,1179,16,4,1,84,3,2,1,5405,11924,8,14,3,4,0,10,1,3,2,2,2,2,2702.5,1.0,2.0,0.2,1.0,False,True,False,True,False,True,False,False,False,True,False,False,False,False,False,False,True,False,False,True,False
27,0,294,10,2,4,32,3,3,1,8793,4809,1,21,4,3,2,9,4,2,9,7,1,7,977.0,0.1111111111111111,2.6666666666666665,1.0,0.7777777777777778,True,False,True,False,True,False,False,False,False,True,False,False,False,True,False,False,False,False,False,False,False
41,0,314,1,3,4,59,2,5,3,19189,19562,1,12,3,2,1,22,3,3,22,7,2,10,872.2272727272727,0.09090909090909091,3.0,1.0,0.45454545454545453,False,True,False,False,False,False,False,False,False,True,False,False,True,False,False,False,False,False,True,False,False
50,0,316,8,4,4,54,3,1,2,3875,9983,7,15,3,4,1,4,2,3,2,2,2,2,1937.5,1.0,3.3333333333333335,0.5,1.0,False,True,False,True,False,True,False,False,False,True,False,False,False,False,False,False,False,True,True,False,False
28,1,654,1,2,1,67,1,1,2,2216,3872,7,13,3,4,0,10,4,3,7,7,3,7,316.57142857142856,0.42857142857142855,2.3333333333333335,0.7,1.0,False,True,True,False,True,False,False,False,False,False,False,False,False,False,False,True,False,False,False,True,True
36,0,427,8,3,1,63,4,3,1,11713,20335,9,14,3,1,1,10,2,3,8,7,0,5,1464.125,0.0,1.0,0.8,0.625,False,False,True,False,True,False,False,False,False,False,False,False,False,False,True,False,False,False,True,False,False
38,0,168,1,3,3,81,3,3,3,7861,15397,4,14,3,4,0,10,4,4,1,0,0,0,7861.0,0.0,3.3333333333333335,0.1,0.0,False,True,True,False,True,False,False,False,False,False,False,False,False,True,False,False,False,False,False,True,True
44,0,381,24,3,1,49,1,1,3,3708,2104,2,14,3,3,0,9,5,3,5,2,1,4,741.6,0.2,2.3333333333333335,0.5555555555555556,0.8,False,False,True,False,False,False,True,False,False,True,False,True,False,False,False,False,False,False,False,True,False
47,0,217,3,3,4,49,3,4,3,13770,10225,9,12,3,4,2,28,2,2,22,2,11,13,625.9090909090909,0.5,3.6666666666666665,0.7857142857142857,0.5909090909090909,True,False,False,True,False,False,True,False,False,False,False,False,False,False,False,False,True,False,False,False,True
30,0,501,27,5,3,99,3,2,4,5304,25275,7,23,4,4,1,10,2,2,8,7,7,7,663.0,0.875,3.6666666666666665,0.8,0.875,False,True,False,True,False,True,False,False,False,True,False,False,False,False,False,False,True,False,False,False,False
29,0,1396,10,3,3,99,3,1,3,2642,2755,1,11,3,3,0,1,6,3,1,0,0,0,2642.0,0.0,3.0,1.0,0.0,False,True,False,True,True,False,False,False,False,True,False,False,False,False,False,False,False,True,False,True,False
42,1,933,19,3,3,57,4,1,3,2759,20366,6,12,3,4,0,7,2,3,2,2,2,2,1379.5,1.0,3.3333333333333335,0.2857142857142857,1.0,True,False,True,False,False,False,True,False,False,True,False,False,False,False,False,True,False,False,False,False,True
43,0,775,15,3,4,47,2,2,4,6804,23683,3,18,3,3,1,7,5,3,2,2,2,2,3402.0,1.0,3.6666666666666665,0.2857142857142857,1.0,True,False,False,True,True,False,False,False,False,True,False,False,False,False,False,False,True,False,True,False,False
34,0,970,8,2,2,96,3,2,3,6142,7360,3,11,3,4,0,10,2,3,5,1,4,3,1228.4,0.8,3.0,0.5,0.6,False,True,True,False,False,False,True,False,False,False,False,False,False,False,False,False,False,False,False,True,False
23,0,650,9,1,2,37,3,1,1,2500,4344,1,14,3,4,1,5,2,4,4,3,0,2,625.0,0.0,2.3333333333333335,0.8,0.5,False,True,True,False,False,False,True,False,False,True,False,True,False,False,False,False,False,False,True,False,False
39,0,141,3,3,3,44,4,2,2,6389,18767,9,15,3,3,1,12,3,1,8,3,3,6,798.625,0.375,2.6666666666666665,0.6666666666666666,0.75,False,True,False,False,False,False,False,False,False,False,True,False,False,False,False,False,False,False,True,False,False
56,0,832,9,3,3,81,3,4,4,11103,20420,7,11,3,3,0,30,1,2,10,7,1,1,1110.3,0.1,3.3333333333333335,0.3333333333333333,0.1,False,True,True,False,False,False,True,False,False,True,False,False,False,False,False,False,False,False,True,False,False
40,0,804,2,1,4,86,2,1,4,2342,22929,0,20,4,4,0,5,2,2,4,2,2,3,585.5,0.5,4.0,0.8,0.75,False,True,True,False,False,False,True,False,False,False,False,False,False,False,False,True,False,False,False,True,True
27,0,975,7,3,4,55,2,2,1,6811,23398,8,19,3,1,0,9,2,1,7,6,0,7,973.0,0.0,2.0,0.7777777777777778,1.0,False,True,True,False,False,False,True,False,False,False,False,False,False,False,False,False,False,False,False,True,False
29,0,1090,10,3,4,83,3,1,2,2297,17967,1,14,3,4,2,2,2,3,2,2,2,2,1148.5,1.0,3.3333333333333335,1.0,1.0,False,True,False,True,False,True,False,False,False,True,False,False,False,False,False,False,False,True,False,False,False
53,0,346,6,3,4,86,3,2,4,2450,10919,2,17,3,4,0,19,4,3,2,2,2,2,1225.0,1.0,4.0,0.10526315789473684,1.0,False,True,True,False,True,False,False,False,False,True,False,True,False,False,False,False,False,False,False,True,False
35,0,1225,2,4,4,61,3,2,1,5093,4761,2,11,3,1,1,16,2,4,1,0,0,0,5093.0,0.0,2.0,0.0625,0.0,False,False,True,False,True,False,False,False,False,False,False,False,False,False,False,False,False,False,False,False,False
32,0,430,24,4,1,80,3,2,4,5309,21146,1,15,3,4,2,10,2,3,10,8,4,7,530.9,0.4,3.0,1.0,0.7,True,False,True,False,True,False,False,False,False,True,False,True,False,False,False,False,False,False,True,False,False
38,0,268,2,5,4,92,3,1,3,3057,20471,6,13,3,2,1,6,0,1,1,0,0,1,3057.0,0.0,3.0,0.16666666666666666,1.0,False,True,True,False,False,False,True,False,False,True,False,False,False,False,False,True,False,False,True,False,True
34,0,167,8,5,2,32,3,2,1,5121,4187,3,14,3,3,1,7,3,3,0,0,0,0,5121.0,0.0,2.0,0.0,0.0,False,True,True,False,True,False,False,False,False,False,False,False,False,True,False,False,False,False,False,False,False
52,0,621,3,4,3,31,2,4,1,16856,10084,1,11,3,1,0,34,3,4,34,6,1,16,495.7647058823529,0.029411764705882353,1.6666666666666667,1.0,0.47058823529411764,False,True,False,True,False,True,False,False,False,True,False,False,True,False,False,False,False,False,True,False,False
33,1,527,1,4,4,63,3,1,4,2686,5207,1,13,3,3,0,10,2,2,10,9,7,8,268.6,0.7,3.6666666666666665,1.0,0.8,False,True,True,False,False,False,False,True,False,True,False,False,False,False,False,True,False,False,False,True,True
25,0,883,26,1,3,32,3,2,4,6180,22807,1,23,4,2,0,6,5,2,6,5,1,4,1030.0,0.16666666666666666,3.0,1.0,0.6666666666666666,False,True,False,True,False,False,True,False,False,False,False,False,False,False,False,False,True,False,False,True,False
45,0,954,2,2,2,46,1,2,3,6632,12388,0,13,3,1,0,9,3,3,8,7,3,1,829.0,0.375,2.0,0.8888888888888888,0.125,False,True,False,True,False,False,False,False,True,True,False,False,False,False,False,False,False,True,False,True,False
23,0,310,10,1,1,79,4,1,3,3505,19630,1,18,3,4,0,2,3,3,2,2,0,2,1752.5,0.0,2.6666666666666665,1.0,1.0,False,True,True,False,False,False,True,False,False,True,False,False,False,False,False,True,False,False,False,True,False
47,1,719,27,2,2,77,4,2,3,6397,10339,4,12,3,4,0,8,2,3,5,4,1,3,1279.4,0.2,3.0,0.625,0.6,True,False,False,True,True,False,False,False,False,False,False,False,False,False,False,False,True,False,False,True,True
34,0,304,2,3,4,60,3,2,4,6274,18686,1,22,4,3,0,6,5,3,6,5,1,4,1045.6666666666667,0.16666666666666666,3.6666666666666665,1.0,0.6666666666666666,False,True,False,True,False,False,False,True,False,True,False,False,False,False,False,False,True,False,False,True,False
55,1,725,2,3,4,78,3,5,1,19859,21199,5,13,3,4,1,24,2,3,5,2,1,4,3971.8,0.2,3.0,0.20833333333333334,0.8,False,True,True,False,False,False,True,False,False,True,False,False,True,False,False,False,False,False,True,False,True
36,0,1434,8,4,1,76,2,3,1,7587,14229,1,15,3,2,0,10,1,3,10,7,0,9,758.7,0.0,1.3333333333333333,1.0,0.9,False,False,False,True,True,False,False,False,False,True,False,False,False,False,False,False,True,False,False,True,False
52,0,715,19,4,4,41,3,1,4,4258,26589,0,18,3,1,1,5,3,3,4,3,1,2,1064.5,0.25,3.0,0.8,0.5,False,False,True,False,False,False,True,False,False,True,False,False,False,False,False,True,False,False,True,False,False
26,0,575,1,2,1,71,1,1,4,4364,5288,3,14,3,1,1,5,2,3,2,2,2,0,2182.0,1.0,2.0,0.4,0.0,True,False,True,False,True,False,False,False,False,False,False,True,False,False,False,False,False,False,False,False,False
29,0,657,27,3,2,66,3,2,3,4335,25549,4,12,3,1,1,11,3,2,8,7,1,1,541.875,0.125,2.0,0.7272727272727273,0.125,False,True,True,False,False,False,True,False,False,False,False,False,False,False,False,False,False,False,True,False,False
26,1,1146,8,3,4,38,2,2,1,5326,3064,6,17,3,3,0,6,2,2,4,3,1,2,1331.5,0.25,2.6666666666666665,0.6666666666666666,0.5,False,True,False,True,False,False,False,False,True,True,False,False,False,False,False,False,True,False,False,True,False
34,0,182,1,4,2,72,4,1,4,3280,13551,2,16,3,3,0,10,2,3,4,2,1,3,820.0,0.25,3.0,0.4,0.75,False,True,True,False,True,False,False,False,False,False,False,False,False,False,False,True,False,False,False,True,False
54,0,376,19,4,4,95,3,2,1,5485,22670,9,11,3,2,2,9,4,3,5,3,1,4,1097.0,0.2,2.3333333333333335,0.5555555555555556,0.8,False,True,True,False,False,False,True,False,False,False,False,False,False,True,False,False,False,False,False,False,True
27,0,829,8,1,3,84,3,2,4,4342,24008,0,19,3,2,1,5,3,3,4,2,1,1,1085.5,0.25,3.0,0.8,0.25,True,False,False,True,False,True,False,False,False,True,False,False,False,False,False,False,True,False,True,False,False
37,0,571,10,1,4,82,3,1,1,2782,19905,0,13,3,2,2,6,3,2,5,3,4,3,556.4,0.8,2.3333333333333335,0.8333333333333334,0.6,False,True,True,False,True,False,False,False,False,False,False,False,False,False,False,True,False,False,False,False,True
38,0,240,2,4,1,75,4,2,1,5980,26085,6,12,3,4,0,17,2,3,15,7,4,12,398.6666666666667,0.26666666666666666,2.0,0.8823529411764706,0.8,True,False,True,False,True,False,False,False,False,False,False,False,False,True,False,False,False,False,False,True,True
34,0,121,2,4,3,86,2,1,1,4381,7530,1,11,3,3,0,6,3,3,6,5,1,3,730.1666666666666,0.16666666666666666,2.3333333333333335,1.0,0.5,False,True,True,False,False,False,True,False,False,False,False,False,False,False,False,True,False,False,False,True,False
35,0,384,8,4,1,72,3,1,4,2572,20317,1,16,3,2,1,3,1,2,3,2,0,2,857.3333333333334,0.0,2.3333333333333335,1.0,0.6666666666666666,False,True,False,True,True,False,False,False,False,False,False,False,False,False,False,False,False,True,True,False,False
30,0,921,1,3,4,38,1,1,3,3833,24375,3,21,4,3,2,7,2,3,2,2,0,2,1916.5,0.0,3.3333333333333335,0.2857142857142857,1.0,False,True,True,False,True,False,False,False,False,True,False,True,False,False,False,False,False,False,True,False,False
40,0,791,2,2,3,38,4,2,2,4244,9931,1,24,4,4,1,8,2,3,8,7,3,7,530.5,0.375,3.0,1.0,0.875,True,False,True,False,False,False,True,False,False,False,False,False,False,False,False,False,False,False,True,False,False
34,0,1111,8,2,3,93,3,2,1,6500,13305,5,17,3,2,1,6,1,3,3,2,1,2,2166.6666666666665,0.3333333333333333,2.0,0.5,0.6666666666666666,False,True,False,True,True,False,False,False,False,False,False,False,False,False,False,False,True,False,True,False,False
42,0,570,8,3,2,66,3,5,4,18430,16225,1,13,3,2,1,24,4,2,24,7,14,9,767.9166666666666,0.5833333333333334,2.6666666666666665,1.0,0.375,True,False,True,False,True,False,False,False,False,True,False,False,True,False,False,False,False,False,False,False,False
23,1,1243,6,3,3,63,4,1,1,1601,3445,1,21,4,3,2,1,2,3,0,0,0,0,1601.0,0.0,2.3333333333333335,0.0,0.0,False,True,True,False,True,False,False,False,False,True,False,True,False,False,False,False,False,False,True,False,True
24,0,1092,9,3,3,60,2,1,2,2694,26551,1,11,3,3,3,1,4,3,1,0,0,0,2694.0,0.0,2.6666666666666665,1.0,0.0,False,False,True,False,True,False,False,False,False,True,False,True,False,False,False,False,False,False,False,False,False
52,0,1325,11,4,4,82,3,2,3,3149,21821,8,20,4,2,1,9,3,3,5,2,1,4,629.8,0.2,3.0,0.5555555555555556,0.8,False,True,True,False,True,False,False,False,False,False,False,True,False,False,False,False,False,False,True,False,False
50,0,691,2,3,3,64,3,4,3,17639,6881,5,16,3,4,0,30,3,3,4,3,0,3,4409.75,0.0,3.3333333333333335,0.13333333333333333,0.75,False,True,True,False,False,False,True,False,False,True,False,False,False,False,True,False,False,False,True,False,False
29,1,805,1,2,2,36,2,1,1,2319,6689,1,11,3,4,1,1,1,3,1,0,0,0,2319.0,0.0,2.3333333333333335,1.0,0.0,False,True,True,False,True,False,False,False,False,False,False,True,False,False,False,False,False,False,True,False,True
33,0,213,7,3,3,49,3,3,3,11691,25995,0,11,3,4,0,14,3,4,13,9,3,7,899.3076923076923,0.23076923076923078,3.3333333333333335,0.9285714285714286,0.5384615384615384,False,True,True,False,False,False,True,False,False,True,False,False,False,False,True,False,False,False,True,False,False
33,1,118,16,3,1,69,3,2,1,5324,26507,5,15,3,3,0,6,3,3,3,2,0,2,1774.6666666666667,0.0,1.6666666666666667,0.5,0.6666666666666666,False,True,False,True,False,True,False,False,False,False,False,False,False,False,False,False,True,False,False,True,False
47,0,202,2,2,3,33,3,4,4,16752,12982,1,11,3,3,1,26,3,2,26,14,3,0,644.3076923076923,0.11538461538461539,3.3333333333333335,1.0,0.0,False,True,True,False,False,False,False,True,False,False,False,False,True,False,False,False,False,False,True,False,True
36,0,676,1,3,3,35,3,2,2,5228,23361,0,15,3,1,1,10,2,3,9,7,0,5,580.8888888888889,0.0,2.0,0.9,0.5555555555555556,False,True,True,False,False,False,False,True,False,False,False,False,False,True,False,False,False,False,True,False,False
29,0,1252,23,2,3,81,4,1,3,2700,23779,1,24,4,3,1,10,3,3,10,7,0,7,270.0,0.0,3.0,1.0,0.7,False,True,True,False,True,False,False,False,False,True,False,False,False,False,False,True,False,False,True,False,False
58,1,286,2,4,4,31,3,5,2,19246,25761,7,12,3,4,0,40,2,3,31,15,13,8,620.8387096774194,0.41935483870967744,3.3333333333333335,0.775,0.25806451612903225,False,True,True,False,True,False,False,False,False,True,False,False,False,False,True,False,False,False,False,True,True
35,0,1258,1,4,4,40,4,1,3,2506,13301,3,13,3,3,0,7,0,3,2,2,2,2,1253.0,1.0,3.3333333333333335,0.2857142857142857,1.0,False,True,True,False,True,False,False,False,False,False,False,False,False,False,False,True,False,False,False,True,False
42,0,932,1,2,4,43,2,2,4,6062,4051,9,13,3,4,1,8,4,3,4,3,0,2,1515.5,0.0,4.0,0.5,0.5,False,True,True,False,True,False,False,False,False,False,False,False,False,True,False,False,False,False,True,False,True
28,1,890,2,4,3,46,3,1,3,4382,16374,6,17,3,4,0,5,3,2,2,2,2,1,2191.0,1.0,3.3333333333333335,0.4,0.5,False,True,True,False,False,False,True,False,False,True,False,False,False,False,False,True,False,False,False,True,False
36,0,1041,13,3,3,36,3,1,2,2143,25527,4,13,3,2,1,8,2,3,5,2,0,4,428.6,0.0,2.3333333333333335,0.625,0.8,False,True,False,False,False,False,False,False,False,True,True,False,False,False,False,False,False,False,True,False,False
32,0,859,4,3,3,98,2,2,3,6162,19124,1,12,3,3,1,14,3,3,14,13,6,8,440.14285714285717,0.42857142857142855,3.0,1.0,0.5714285714285714,False,True,True,False,True,False,False,False,False,False,False,False,False,True,False,False,False,False,True,False,False
40,0,720,16,4,1,51,2,2,3,5094,11983,6,14,3,4,0,10,6,3,1,0,0,0,5094.0,0.0,2.6666666666666665,0.1,0.0,True,False,True,False,False,False,True,False,False,True,False,True,False,False,False,False,False,False,False,True,False
30,0,946,2,3,3,52,2,2,4,6877,20234,5,24,4,2,0,12,4,2,0,0,0,0,6877.0,0.0,3.0,0.0,0.0,False,True,True,False,False,False,True,False,False,False,False,False,False,True,False,False,False,False,False,True,True
45,0,252,2,3,2,95,2,1,3,2274,6153,1,14,3,4,0,1,3,3,1,0,0,0,2274.0,0.0,3.0,1.0,0.0,False,True,True,False,True,False,False,False,False,False,False,False,False,False,False,True,False,False,False,True,False
42,0,933,29,3,2,98,3,2,2,4434,11806,1,13,3,4,1,10,3,2,9,8,7,8,492.6666666666667,0.7777777777777778,2.6666666666666665,0.9,0.8888888888888888,False,True,True,False,True,False,False,False,False,True,False,False,False,True,False,False,False,False,True,False,False
38,0,471,12,3,1,45,2,2,1,6288,4284,2,15,3,3,1,13,3,2,4,3,1,2,1572.0,0.25,1.6666666666666667,0.3076923076923077,0.5,True,False,True,False,True,False,False,False,False,True,False,False,False,False,False,False,False,False,False,False,False
34,0,702,16,4,3,100,2,1,4,2553,8306,1,16,3,3,0,6,3,3,5,2,1,3,510.6,0.2,3.3333333333333335,0.8333333333333334,0.6,True,False,True,False,True,False,False,False,False,False,False,False,False,False,False,True,False,False,False,True,False
49,1,1184,11,3,3,43,3,3,4,7654,5860,1,18,3,1,2,9,3,4,9,8,7,7,850.4444444444445,0.7777777777777778,2.6666666666666665,1.0,0.7777777777777778,False,True,False,True,False,True,False,False,False,False,False,False,False,False,False,False,True,False,True,False,False
55,1,436,2,1,3,37,3,2,4,5160,21519,4,16,3,3,0,12,3,2,9,7,7,3,573.3333333333334,0.7777777777777778,3.3333333333333335,0.75,0.3333333333333333,False,True,False,True,False,False,True,False,False,True,False,False,False,False,False,False,True,False,False,True,False
43,0,589,14,2,2,94,3,4,1,17159,5200,6,24,4,3,1,22,3,3,4,1,1,0,4289.75,0.25,2.0,0.18181818181818182,0.0,False,True,True,False,True,False,False,False,False,True,False,False,False,False,True,False,False,False,True,False,False
27,0,269,5,1,3,42,2,3,4,12808,8842,1,16,3,2,1,9,3,3,9,8,0,8,1423.111111111111,0.0,3.0,1.0,0.8888888888888888,False,True,True,False,False,False,False,False,True,True,False,False,False,False,True,False,False,False,False,False,True
35,0,950,7,3,3,59,3,3,3,10221,18869,3,21,4,2,0,17,3,4,8,5,1,6,1277.625,0.125,2.6666666666666665,0.47058823529411764,0.75,False,True,True,False,False,False,False,True,False,True,False,False,False,True,False,False,False,False,False,True,False
28,0,760,2,4,2,81,3,2,2,4779,3698,1,20,4,1,0,8,2,3,8,7,7,5,597.375,0.875,1.6666666666666667,1.0,0.625,False,True,False,True,False,True,False,False,False,False,False,False,False,False,False,False,True,False,True,False,True
34,0,829,3,2,3,88,3,1,4,3737,2243,0,19,3,3,1,4,1,1,3,2,0,2,1245.6666666666667,0.0,3.3333333333333335,0.75,0.6666666666666666,False,True,False,False,False,False,False,False,False,True,True,False,False,False,False,False,False,False,True,False,False
26,1,887,5,2,3,88,2,1,3,2366,20898,1,14,3,1,1,8,2,3,8,7,1,7,295.75,0.125,2.3333333333333335,1.0,0.875,True,False,True,False,False,False,True,False,False,False,False,False,False,False,False,True,False,False,True,False,True
27,0,443,3,3,4,50,3,1,4,1706,16571,1,11,3,3,3,0,6,2,0,0,0,0,1706.0,0.0,3.6666666666666665,0.0,0.0,False,False,True,False,False,False,True,False,False,True,False,False,False,False,False,True,False,False,True,False,False
51,0,1318,26,4,1,66,3,4,3,16307,5594,2,14,3,3,1,29,2,2,20,6,4,17,815.35,0.2,2.3333333333333335,0.6896551724137931,0.85,False,True,False,True,False,True,False,False,False,False,False,False,True,False,False,False,False,False,True,False,False
44,0,625,4,3,4,50,3,2,2,5933,5197,9,12,3,4,0,10,2,2,5,2,2,3,1186.6,0.4,3.3333333333333335,0.5,0.6,False,True,True,False,False,False,True,False,False,True,False,False,False,False,False,False,False,False,False,True,False
25,0,180,2,1,1,65,4,1,1,3424,21632,7,13,3,3,0,6,3,2,4,3,0,1,856.0,0.0,1.6666666666666667,0.6666666666666666,0.25,False,True,True,False,False,False,True,False,False,True,False,False,False,False,False,True,False,False,False,True,False
33,0,586,1,3,1,48,4,2,1,4037,21816,1,22,4,1,1,9,5,3,9,8,0,8,448.55555555555554,0.0,1.0,1.0,0.8888888888888888,False,True,False,True,False,False,True,False,False,True,False,False,False,False,False,False,True,False,False,False,False
35,0,1343,27,1,3,53,2,1,1,2559,17852,1,11,3,4,0,6,3,2,6,5,1,1,426.5,0.16666666666666666,2.6666666666666665,1.0,0.16666666666666666,False,True,True,False,False,False,True,False,False,False,False,False,False,False,False,True,False,False,False,True,False
36,0,928,1,2,2,56,3,2,4,6201,2823,1,14,3,4,1,18,1,2,18,14,4,11,344.5,0.2222222222222222,3.3333333333333335,1.0,0.6111111111111112,False,True,False,True,True,False,False,False,False,True,False,False,False,False,False,False,True,False,True,False,True
32,0,117,13,4,2,73,3,2,4,4403,9250,2,11,3,3,1,8,3,2,5,2,0,3,880.6,0.0,3.0,0.625,0.6,False,True,False,True,True,False,False,False,False,True,False,False,False,False,False,False,True,False,False,False,False
30,0,1012,5,4,2,75,2,1,4,3761,2373,9,12,3,2,1,10,3,2,5,4,0,3,752.2,0.0,2.6666666666666665,0.5,0.6,True,False,True,False,True,False,False,False,False,True,False,False,False,False,False,True,False,False,False,False,False
53,0,661,7,2,1,78,2,3,4,10934,20715,7,18,3,4,1,35,3,3,5,2,0,4,2186.8,0.0,3.0,0.14285714285714285,0.8,False,True,False,True,False,True,False,False,False,False,False,False,False,False,False,False,True,False,True,False,True
45,0,930,9,3,4,74,3,3,1,10761,19239,4,12,3,3,1,18,2,3,5,4,0,2,2152.2,0.0,2.6666666666666665,0.2777777777777778,0.4,False,True,False,True,False,True,False,False,False,True,False,False,False,False,False,False,True,False,False,False,True
32,0,638,8,2,3,91,4,2,3,5175,22162,5,12,3,3,1,9,3,2,5,3,1,3,1035.0,0.2,3.0,0.5555555555555556,0.6,False,True,True,False,False,False,True,False,False,False,False,False,False,False,False,True,False,False,True,False,False
52,0,890,25,4,3,81,2,4,4,13826,19028,3,22,4,3,0,31,3,3,9,8,0,0,1536.2222222222222,0.0,3.3333333333333335,0.2903225806451613,0.0,True,False,True,False,False,False,True,False,False,False,False,False,False,True,False,False,False,False,True,False,False
37,0,342,16,4,4,66,2,2,3,6334,24558,4,19,3,4,2,9,2,3,1,0,0,0,6334.0,0.0,3.6666666666666665,0.1111111111111111,0.0,False,True,False,True,False,True,False,False,False,True,False,False,False,False,False,False,True,False,False,False,False
28,0,1169,8,2,2,63,2,1,4,4936,23965,1,13,3,4,1,6,6,3,5,1,0,4,987.2,0.0,3.3333333333333335,0.8333333333333334,0.8,False,True,False,False,False,False,True,False,False,True,True,False,False,False,False,False,False,False,False,False,False
22,0,1230,1,2,4,33,2,2,4,4775,19146,6,22,4,1,2,4,2,1,2,2,2,2,2387.5,1.0,3.0,0.5,1.0,False,True,True,False,True,False,False,False,False,True,False,False,False,True,False,False,False,False,True,False,False
44,0,986,8,4,1,62,4,1,4,2818,5044,2,24,4,3,1,10,2,2,3,2,0,2,939.3333333333334,0.0,2.6666666666666665,0.3,0.6666666666666666,False,True,True,False,True,False,False,False,False,True,False,True,False,False,False,False,False,False,True,False,True
42,0,1271,2,1,2,35,3,1,4,2515,9068,5,14,3,4,0,8,2,3,2,1,2,2,1257.5,1.0,3.3333333333333335,0.25,1.0,True,False,True,False,False,False,True,False,False,True,False,False,False,False,False,True,False,False,False,True,True
36,0,1278,8,3,1,77,2,1,1,2342,8635,0,21,4,3,0,6,3,3,5,4,0,3,468.4,0.0,1.6666666666666667,0.8333333333333334,0.6,False,True,False,False,True,False,False,False,False,True,True,False,False,False,False,False,False,False,True,False,False
25,0,141,3,1,3,98,3,2,1,4194,14363,1,18,3,4,0,5,3,3,5,3,0,3,838.8,0.0,2.6666666666666665,1.0,0.6,False,True,False,True,False,False,False,True,False,True,False,False,False,False,False,False,True,False,True,False,True
35,0,607,9,3,4,66,2,3,3,10685,23457,1,20,4,2,1,17,2,3,17,14,5,15,628.5294117647059,0.29411764705882354,3.0,1.0,0.8823529411764706,False,True,True,False,True,False,False,False,False,False,False,False,False,True,False,False,False,False,True,False,True
35,1,130,25,4,4,96,3,1,2,2022,16612,1,19,3,1,1,10,3,2,10,2,7,8,202.2,0.7,2.3333333333333335,1.0,0.8,True,False,True,False,True,False,False,False,False,False,False,False,False,False,False,True,False,False,False,False,True
32,0,300,1,3,4,61,3,1,4,2314,9148,0,12,3,2,1,4,2,3,3,0,0,2,771.3333333333334,0.0,3.3333333333333335,0.75,0.6666666666666666,False,False,True,False,True,False,False,False,False,True,False,True,False,False,False,False,False,False,False,False,False
25,0,583,4,1,3,87,2,2,1,4256,18154,1,12,3,1,0,5,1,4,5,2,0,3,851.2,0.0,1.6666666666666667,1.0,0.6,False,True,False,True,False,True,False,False,False,True,False,False,False,False,False,False,True,False,True,False,False
49,0,1418,1,3,3,36,3,1,1,3580,10554,2,16,3,2,1,7,2,3,4,2,0,2,895.0,0.0,2.0,0.5714285714285714,0.5,False,True,True,False,False,False,False,False,True,False,False,False,False,False,False,True,False,False,True,False,False
24,0,1269,4,1,1,46,2,1,4,3162,10778,0,17,3,4,0,6,2,2,5,2,3,4,632.4,0.6,3.0,0.8333333333333334,0.8,False,False,True,False,True,False,False,False,False,True,False,True,False,False,False,False,False,False,True,False,False
32,0,379,5,2,2,48,3,2,2,6524,8891,1,14,3,4,1,10,3,3,10,8,5,3,652.4,0.5,2.6666666666666665,1.0,0.3,True,False,False,True,True,False,False,False,False,True,False,False,False,False,False,False,True,False,True,False,False
38,0,395,9,3,2,98,2,1,2,2899,12102,0,19,3,4,1,3,3,3,2,2,1,2,1449.5,0.5,2.6666666666666665,0.6666666666666666,1.0,False,True,False,True,False,True,False,False,False,True,False,False,False,False,False,False,False,True,True,False,False
42,0,1265,3,3,3,95,4,2,4,5231,23726,2,13,3,2,1,17,1,2,5,3,1,3,1046.2,0.2,3.0,0.29411764705882354,0.6,False,True,True,False,True,False,False,False,False,False,False,True,False,False,False,False,False,False,True,False,True
31,0,1222,11,4,4,48,3,1,4,2356,14871,3,19,3,2,1,8,2,3,6,4,0,2,392.6666666666667,0.0,3.3333333333333335,0.75,0.3333333333333333,False,True,True,False,True,False,False,False,False,True,False,False,False,False,False,True,False,False,True,False,True
29,1,341,1,3,2,48,2,1,3,2800,23522,6,19,3,3,3,5,3,3,3,2,0,2,933.3333333333334,0.0,2.6666666666666665,0.6,0.6666666666666666,False,True,False,True,False,False,True,False,False,False,False,False,False,False,False,False,False,True,False,False,True
53,0,868,8,3,1,73,3,4,4,11836,22789,5,14,3,3,1,28,3,3,2,0,2,2,5918.0,1.0,2.6666666666666665,0.07142857142857142,1.0,False,True,False,True,False,True,False,False,False,True,False,False,False,False,False,False,True,False,True,False,False
35,0,672,25,3,4,78,2,3,2,10903,9129,3,16,3,1,0,16,2,3,13,10,4,8,838.6923076923077,0.3076923076923077,2.3333333333333335,0.8125,0.6153846153846154,False,True,True,False,False,False,False,False,True,True,False,False,False,True,False,False,False,False,True,False,False
37,0,1231,21,2,3,54,3,1,4,2973,21222,5,15,3,2,1,10,3,3,5,4,0,0,594.6,0.0,3.0,0.5,0.0,True,False,False,True,False,False,True,False,False,False,False,False,False,False,False,False,False,True,True,False,False
53,0,102,23,4,4,72,3,4,4,14275,20206,6,18,3,3,0,33,0,3,12,9,3,8,1189.5833333333333,0.25,3.6666666666666665,0.36363636363636365,0.6666666666666666,False,True,True,False,True,False,False,False,False,False,False,False,False,False,True,False,False,False,False,True,False
43,0,422,1,3,4,33,3,2,4,5562,21782,4,13,3,2,1,12,2,2,5,2,2,2,1112.4,0.4,3.3333333333333335,0.4166666666666667,0.4,True,False,True,False,True,False,False,False,False,False,False,False,False,False,False,False,False,False,True,False,False
47,0,249,2,2,3,35,3,2,4,4537,17783,0,22,4,1,1,8,2,3,7,6,7,7,648.1428571428571,1.0,2.6666666666666665,0.875,1.0,False,True,False,True,False,True,False,False,False,False,False,False,False,False,False,False,True,False,True,False,True
37,0,1252,19,2,1,32,3,3,2,7642,4814,1,13,3,4,0,10,2,3,10,0,0,9,764.2,0.0,2.3333333333333335,1.0,0.9,False,False,False,True,False,False,True,False,False,True,False,False,False,False,False,False,True,False,False,True,True
50,0,881,2,4,1,98,3,4,1,17924,4544,1,11,3,4,1,31,3,3,31,6,14,7,578.1935483870968,0.45161290322580644,2.0,1.0,0.22580645161290322,False,False,True,False,True,False,False,False,False,True,False,False,True,False,False,False,False,False,False,False,False
39,0,1383,2,3,4,42,2,2,4,5204,7790,8,11,3,3,2,13,2,3,5,4,0,4,1040.8,0.0,3.6666666666666665,0.38461538461538464,0.8,False,True,False,False,True,False,False,False,False,False,True,False,False,False,False,False,False,False,True,False,False
33,0,1075,3,2,4,57,3,1,2,2277,22650,3,11,3,3,1,7,4,4,4,3,0,3,569.25,0.0,3.0,0.5714285714285714,0.75,False,True,False,False,False,False,False,False,False,True,True,False,False,False,False,False,False,False,False,False,True
32,1,374,25,4,1,87,3,1,4,2795,18016,1,24,4,3,0,1,2,1,1,0,0,1,2795.0,0.0,2.6666666666666665,1.0,1.0,False,True,True,False,True,False,False,False,False,True,False,True,False,False,False,False,False,False,False,True,True
29,0,1086,7,1,1,62,2,1,4,2532,6054,6,14,3,3,3,8,5,3,4,3,0,3,633.0,0.0,2.6666666666666665,0.5,0.75,False,True,True,False,False,False,True,False,False,False,False,True,False,False,False,False,False,False,False,False,False
44,0,661,9,2,2,61,3,1,1,2559,7508,1,13,3,4,0,8,0,3,8,7,7,1,319.875,0.875,2.3333333333333335,1.0,0.125,False,True,True,False,True,False,False,False,False,True,False,False,False,False,False,True,False,False,True,False,True
28,0,821,5,4,1,98,3,2,4,4908,24252,1,14,3,2,0,4,3,3,4,2,0,2,1227.0,0.0,2.3333333333333335,1.0,0.5,False,True,False,True,False,False,True,False,False,True,False,False,False,False,False,False,True,False,False,True,False
58,1,781,2,1,4,57,2,1,4,2380,13384,9,14,3,4,1,3,3,2,1,0,0,0,2380.0,0.0,4.0,0.3333333333333333,0.0,True,False,True,False,True,False,False,False,False,True,False,True,False,False,False,False,False,False,False,False,True
43,0,177,8,3,1,55,3,2,2,4765,23814,4,21,4,3,1,4,2,4,1,0,0,0,4765.0,0.0,2.0,0.25,0.0,False,True,True,False,True,False,False,False,False,False,False,False,False,True,False,False,False,False,False,False,False
20,1,500,2,3,3,49,2,1,3,2044,22052,1,13,3,4,0,2,3,2,2,2,0,2,1022.0,0.0,3.3333333333333335,1.0,1.0,False,True,False,True,False,False,True,False,False,False,False,False,False,False,False,False,False,True,False,True,False
21,1,1427,18,1,4,65,3,1,4,2693,8870,1,19,3,1,0,1,3,2,1,0,0,0,2693.0,0.0,3.0,1.0,0.0,False,True,True,False,False,False,False,True,False,False,False,False,False,False,False,True,False,False,False,True,False
36,0,1425,14,1,3,68,3,2,4,6586,4821,0,17,3,1,1,17,2,2,16,8,4,11,411.625,0.25,2.6666666666666665,0.9411764705882353,0.6875,False,True,True,False,True,False,False,False,False,True,False,False,False,False,False,False,False,False,True,False,True
47,0,1454,2,4,4,65,2,1,4,3294,13137,1,18,3,1,0,3,3,2,3,2,1,2,1098.0,0.3333333333333333,3.0,1.0,0.6666666666666666,False,True,False,True,True,False,False,False,False,False,False,False,False,False,False,False,False,True,False,True,True
22,1,617,3,1,2,34,3,2,3,4171,10022,0,19,3,1,1,4,3,4,3,2,0,2,1390.3333333333333,0.0,2.0,0.75,0.6666666666666666,False,True,True,False,True,False,False,False,False,False,False,False,False,True,False,False,False,False,True,False,True
41,1,1085,2,4,2,57,1,1,4,2778,17725,4,13,3,3,1,10,1,2,7,7,1,0,396.85714285714283,0.14285714285714285,3.0,0.7,0.0,False,True,True,False,True,False,False,False,False,False,False,True,False,False,False,False,False,False,False,False,True
28,0,995,9,3,3,77,3,1,3,2377,9834,5,18,3,2,1,6,2,3,2,2,2,2,1188.5,1.0,2.6666666666666665,0.3333333333333333,1.0,False,True,True,False,False,False,True,False,False,False,False,False,False,False,False,True,False,False,False,False,False
39,1,1122,6,3,4,70,3,1,1,2404,4303,7,21,4,4,0,8,2,1,2,2,2,2,1202.0,1.0,3.0,0.25,1.0,False,True,True,False,False,False,True,False,False,True,False,True,False,False,False,False,False,False,True,False,True
27,0,618,4,3,2,76,3,1,3,2318,17808,1,19,3,3,0,1,2,3,1,1,0,0,2318.0,0.0,2.6666666666666665,1.0,0.0,False,True,True,False,True,False,False,False,False,False,False,False,False,False,False,True,False,False,False,True,False
34,0,546,10,3,2,83,3,1,2,2008,6896,1,14,3,2,2,1,3,3,1,0,1,0,2008.0,1.0,2.0,1.0,0.0,False,True,True,False,True,False,False,False,False,True,False,True,False,False,False,False,False,False,False,False,False
42,0,462,14,2,3,68,2,2,3,6244,7824,7,17,3,1,0,10,6,3,5,4,0,3,1248.8,0.0,2.3333333333333335,0.5,0.6,False,True,False,True,False,False,True,False,False,False,False,False,False,False,False,False,True,False,False,True,False
33,0,1198,1,4,3,100,2,1,1,2799,3339,3,11,3,2,0,6,1,3,3,2,0,2,933.0,0.0,2.0,0.5,0.6666666666666666,False,True,True,False,False,False,False,True,False,True,False,False,False,False,False,True,False,False,False,True,True
58,0,1272,5,3,3,37,2,3,2,10552,9255,2,13,3,4,1,24,3,3,6,0,0,4,1758.6666666666667,0.0,3.0,0.25,0.6666666666666666,False,True,True,False,False,False,False,False,True,False,False,False,False,False,False,False,False,False,False,False,True
31,0,154,7,4,2,41,2,1,3,2329,11737,3,15,3,2,0,13,2,4,7,7,5,2,332.7142857142857,0.7142857142857143,2.3333333333333335,0.5384615384615384,0.2857142857142857,False,True,False,True,True,False,False,False,False,True,False,False,False,False,False,False,False,True,True,False,False
35,0,1137,21,1,4,51,3,2,4,4014,19170,1,25,4,4,1,10,2,1,10,6,0,7,401.4,0.0,4.0,1.0,0.7,False,True,True,False,True,False,False,False,False,False,False,False,False,False,False,False,False,False,True,False,True
49,0,527,8,2,1,51,3,3,2,7403,22477,4,11,3,3,1,29,3,2,26,9,1,7,284.7307692307692,0.038461538461538464,2.0,0.896551724137931,0.2692307692307692,False,True,True,False,False,False,False,True,False,False,False,True,False,False,False,False,False,False,True,False,False
48,0,1469,20,4,4,51,3,1,3,2259,5543,4,17,3,1,2,13,2,2,0,0,0,0,2259.0,0.0,2.6666666666666665,0.0,0.0,False,True,True,False,False,False,True,False,False,True,False,False,False,False,False,True,False,False,True,False,False
31,0,1188,20,2,4,45,3,2,3,6932,24406,1,13,3,4,1,9,2,2,9,8,0,0,770.2222222222222,0.0,3.6666666666666665,1.0,0.0,False,False,False,True,False,True,False,False,False,False,False,False,False,False,False,False,True,False,True,False,False
36,0,188,7,4,2,65,3,1,4,4678,23293,2,18,3,3,0,8,6,3,6,2,0,1,779.6666666666666,0.0,3.0,0.75,0.16666666666666666,False,True,True,False,False,False,False,True,False,True,False,False,False,False,False,True,False,False,False,True,False
38,0,1333,1,3,4,80,3,3,1,13582,16292,1,13,3,2,1,15,3,3,15,12,5,11,905.4666666666667,0.3333333333333333,2.3333333333333335,1.0,0.7333333333333333,False,True,True,False,False,False,False,False,True,False,False,False,False,False,True,False,False,False,True,False,False
32,0,1184,1,3,3,70,2,1,2,2332,3974,6,20,4,3,0,5,3,3,3,0,0,2,777.3333333333334,0.0,2.6666666666666665,0.6,0.6666666666666666,False,False,True,False,True,False,False,False,False,False,False,True,False,False,False,False,False,False,True,False,False
25,1,867,19,2,3,36,2,1,2,2413,18798,1,18,3,3,3,1,2,3,1,0,0,0,2413.0,0.0,2.6666666666666665,1.0,0.0,False,True,False,True,False,True,False,False,False,True,False,False,False,False,False,False,False,True,True,False,True
40,0,658,10,4,1,67,2,3,2,9705,20652,2,12,3,2,1,11,2,2,1,0,0,0,9705.0,0.0,1.6666666666666667,0.09090909090909091,0.0,False,True,False,True,False,True,False,False,False,True,False,False,False,False,False,False,True,False,False,False,False
26,0,1283,1,3,3,52,2,2,1,4294,11148,1,12,3,2,0,7,2,3,7,7,0,7,613.4285714285714,0.0,2.0,1.0,1.0,True,False,False,True,False,False,True,False,False,True,False,False,False,False,False,False,True,False,False,True,False
41,0,263,6,3,4,59,3,1,1,4721,3119,2,13,3,3,0,20,3,3,18,13,2,17,262.27777777777777,0.1111111111111111,2.6666666666666665,0.9,0.9444444444444444,False,True,True,False,False,False,True,False,False,True,False,True,False,False,False,False,False,False,False,True,True
36,0,938,2,4,3,79,3,1,3,2519,12287,4,21,4,3,0,16,6,3,11,8,3,9,229.0,0.2727272727272727,3.0,0.6875,0.8181818181818182,False,True,True,False,False,False,True,False,False,True,False,True,False,False,False,False,False,False,False,True,False
19,1,419,21,3,4,37,2,1,2,2121,9947,1,13,3,2,0,1,3,4,1,0,0,0,2121.0,0.0,2.6666666666666665,1.0,0.0,False,True,False,True,False,False,False,True,False,True,False,False,False,False,False,False,False,True,False,True,True
20,1,129,4,3,1,84,3,1,1,2973,13008,1,19,3,2,0,1,2,3,1,0,0,0,2973.0,0.0,1.3333333333333333,1.0,0.0,False,True,True,False,False,False,False,False,True,True,False,True,False,False,False,False,False,False,False,True,False
31,0,616,12,3,4,41,3,2,4,5855,17369,0,11,3,3,2,10,2,1,9,7,8,5,650.5555555555555,0.8888888888888888,3.6666666666666665,0.9,0.5555555555555556,False,True,True,False,False,False,True,False,False,False,False,False,False,False,False,False,False,False,True,False,True
40,0,1469,9,4,4,35,3,1,2,3617,25063,8,14,3,4,1,3,2,3,1,1,0,0,3617.0,0.0,3.3333333333333335,0.3333333333333333,0.0,True,False,True,False,False,False,True,False,False,True,False,False,False,False,False,True,False,False,False,False,True
32,0,498,3,4,3,93,3,2,1,6725,13554,1,12,3,3,1,8,2,4,8,7,6,3,840.625,0.75,2.3333333333333335,1.0,0.375,False,True,True,False,False,False,True,False,False,False,False,False,False,True,False,False,False,False,True,False,False
36,1,530,3,1,3,51,2,3,4,10325,5518,1,11,3,1,1,16,6,3,16,7,3,7,645.3125,0.1875,2.6666666666666665,1.0,0.4375,False,True,False,True,True,False,False,False,False,True,False,False,False,False,False,False,True,False,True,False,True
33,0,1069,1,3,2,42,2,2,4,6949,12291,0,14,3,1,0,6,3,3,5,0,1,4,1389.8,0.2,2.3333333333333335,0.8333333333333334,0.8,False,True,True,False,True,False,False,False,False,False,False,False,False,False,False,False,False,False,False,True,False
37,1,625,1,4,1,46,2,3,3,10609,14922,5,11,3,3,0,17,2,1,14,1,11,7,757.7857142857143,0.7857142857142857,2.3333333333333335,0.8235294117647058,0.5,False,True,False,True,True,False,False,False,False,True,False,False,False,False,False,False,True,False,True,False,False
45,0,805,4,2,3,57,3,2,2,4447,23163,1,12,3,2,0,9,5,2,9,7,0,8,494.1111111111111,0.0,2.3333333333333335,1.0,0.8888888888888888,False,False,True,False,True,False,False,False,False,True,False,True,False,False,False,False,False,False,True,False,False
29,0,1404,20,3,3,84,3,1,4,2157,18203,1,15,3,2,1,3,5,3,3,1,0,2,719.0,0.0,3.0,1.0,0.6666666666666666,True,False,False,True,False,False,False,False,True,False,False,False,False,False,False,False,False,True,True,False,False
35,0,1219,18,3,3,86,3,2,3,4601,6179,1,16,3,2,0,5,3,3,5,2,1,0,920.2,0.2,2.6666666666666665,1.0,0.0,False,True,False,True,False,False,True,False,False,False,False,False,False,False,False,False,True,False,True,False,False
52,0,1053,1,2,4,70,3,4,4,17099,13829,2,15,3,2,1,26,2,2,9,8,7,8,1899.888888888889,0.7777777777777778,3.3333333333333335,0.34615384615384615,0.8888888888888888,False,True,True,False,True,False,False,False,False,True,False,False,True,False,False,False,False,False,True,False,False
58,1,289,2,3,4,51,3,1,3,2479,26227,4,24,4,1,0,7,4,3,1,0,0,0,2479.0,0.0,2.6666666666666665,0.14285714285714285,0.0,False,True,True,False,False,False,False,False,True,True,False,False,False,False,False,True,False,False,False,True,False
53,0,1376,2,2,3,45,3,4,3,14852,13938,6,13,3,3,1,22,3,4,17,13,15,2,873.6470588235294,0.8823529411764706,3.0,0.7727272727272727,0.11764705882352941,False,True,False,True,False,False,True,False,False,True,False,False,True,False,False,False,False,False,False,False,False
30,0,231,8,2,3,62,3,3,3,7264,9977,5,11,3,1,1,10,2,4,8,4,7,7,908.0,0.875,2.3333333333333335,0.8,0.875,False,True,False,True,False,False,False,True,False,True,False,False,False,False,False,False,True,False,False,False,False
38,0,152,10,3,3,85,3,2,4,5666,19899,1,13,3,2,0,6,1,3,5,3,1,3,1133.2,0.2,3.0,0.8333333333333334,0.6,False,False,False,True,False,False,False,False,True,False,False,False,False,False,False,False,True,False,False,True,True
35,0,882,3,4,4,92,3,3,4,7823,6812,6,13,3,2,1,12,2,3,10,9,0,8,782.3,0.0,3.3333333333333335,0.8333333333333334,0.8,False,True,False,True,True,False,False,False,False,True,False,False,False,False,False,False,True,False,False,False,False
39,0,903,2,5,1,41,4,3,3,7880,2560,0,18,3,4,0,9,3,3,8,7,0,7,985.0,0.0,2.6666666666666665,0.8888888888888888,0.875,False,True,False,True,True,False,False,False,False,True,False,False,False,False,False,False,True,False,False,True,False
40,1,1479,24,3,2,100,4,4,2,13194,17071,4,16,3,4,0,22,2,2,1,0,0,0,13194.0,0.0,2.6666666666666665,0.045454545454545456,0.0,False,False,False,True,True,False,False,False,False,False,False,False,False,False,False,False,True,False,False,True,True
47,0,1379,16,4,3,64,4,2,3,5067,6759,1,19,3,3,0,20,3,4,19,10,2,7,266.6842105263158,0.10526315789473684,3.0,0.95,0.3684210526315789,True,False,True,False,False,False,True,False,False,True,False,False,False,True,False,False,False,False,False,False,True
36,0,1229,8,4,1,84,3,2,4,5079,25952,4,13,3,4,2,12,3,3,7,7,0,7,725.5714285714286,0.0,3.0,0.5833333333333334,1.0,False,False,False,True,False,False,False,False,True,True,False,False,False,False,False,False,True,False,False,False,False
31,1,335,9,2,3,46,2,1,1,2321,10322,0,22,4,1,0,4,0,3,3,2,1,2,773.6666666666666,0.3333333333333333,1.6666666666666667,0.75,0.6666666666666666,False,False,True,False,False,False,True,False,False,True,False,False,False,False,False,True,False,False,False,True,True
33,0,722,17,3,4,38,3,4,3,17444,20489,1,11,3,4,0,10,2,3,10,8,6,0,1744.4,0.6,3.6666666666666665,1.0,0.0,False,False,False,True,True,False,False,False,False,True,False,False,True,False,False,False,False,False,False,True,False
29,1,906,10,3,4,92,2,1,1,2404,11479,6,20,4,3,0,3,5,3,0,0,0,0,2404.0,0.0,2.6666666666666665,0.0,0.0,False,True,True,False,True,False,False,False,False,False,False,False,False,False,False,True,False,False,False,True,True
33,0,461,13,1,2,53,3,1,4,3452,17241,3,18,3,1,0,5,4,3,3,2,0,2,1150.6666666666667,0.0,2.3333333333333335,0.6,0.6666666666666666,False,True,True,False,True,False,False,False,False,False,False,False,False,False,False,True,False,False,False,True,False
45,0,974,1,4,4,91,3,1,4,2270,11005,3,14,3,4,2,8,2,3,5,3,0,2,454.0,0.0,4.0,0.625,0.4,False,True,True,False,False,False,True,False,False,False,False,True,False,False,False,False,False,False,False,False,False
50,0,1126,1,2,4,66,3,4,4,17399,6615,9,22,4,3,1,32,1,2,5,4,1,3,3479.8,0.2,3.6666666666666665,0.15625,0.6,False,True,True,False,False,False,True,False,False,True,False,False,False,False,True,False,False,False,False,False,False
33,0,827,1,4,3,84,4,2,2,5488,20161,1,13,3,1,1,6,2,3,6,5,1,2,914.6666666666666,0.16666666666666666,2.0,1.0,0.3333333333333333,True,False,True,False,False,False,False,True,False,False,False,False,False,False,False,False,False,False,True,False,True
41,0,840,9,3,1,64,3,5,3,19419,3735,2,17,3,2,1,21,2,4,18,16,0,11,1078.8333333333333,0.0,2.0,0.8571428571428571,0.6111111111111112,True,False,True,False,False,False,True,False,False,True,False,False,False,False,True,False,False,False,False,False,False
27,0,1134,16,4,3,37,3,1,2,2811,12086,9,14,3,2,1,4,2,3,2,2,2,2,1405.5,1.0,2.3333333333333335,0.5,1.0,False,True,True,False,False,False,False,False,True,False,False,True,False,False,False,False,False,False,True,False,False
45,0,248,23,2,4,42,3,2,1,3633,14039,1,15,3,3,1,9,2,3,9,8,0,8,403.6666666666667,0.0,2.6666666666666665,1.0,0.8888888888888888,False,False,True,False,True,False,False,False,False,True,False,True,False,False,False,False,False,False,True,False,True
47,0,955,4,2,4,83,3,2,4,4163,8571,1,17,3,3,0,9,0,3,9,0,0,7,462.55555555555554,0.0,3.6666666666666665,1.0,0.7777777777777778,False,True,False,True,True,False,False,False,False,False,False,False,False,False,False,False,True,False,False,True,True
30,1,138,22,3,1,48,3,1,3,2132,11539,4,11,3,2,0,7,2,3,5,2,0,1,426.4,0.0,2.0,0.7142857142857143,0.2,False,True,True,False,True,False,False,False,False,False,False,False,False,False,False,True,False,False,True,False,True
50,0,939,24,3,4,95,3,4,3,13973,4161,3,18,3,4,1,22,2,3,12,11,1,5,1164.4166666666667,0.08333333333333333,3.6666666666666665,0.5454545454545454,0.4166666666666667,False,True,True,False,True,False,False,False,False,True,False,False,False,True,False,False,False,False,True,False,True
38,0,1391,10,1,3,66,3,1,3,2684,12127,0,17,3,2,1,3,0,2,2,1,0,2,1342.0,0.0,2.6666666666666665,0.6666666666666666,1.0,True,False,True,False,False,False,True,False,False,True,False,False,False,False,False,True,False,False,True,False,False
46,0,566,7,2,4,75,3,3,3,10845,24208,6,13,3,2,1,13,3,3,8,7,0,7,1355.625,0.0,3.0,0.6153846153846154,0.875,False,True,True,False,False,False,True,False,False,True,False,False,False,True,False,False,False,False,False,False,False
24,0,1206,17,1,4,41,2,2,3,4377,24117,1,15,3,2,2,5,6,3,4,2,3,2,1094.25,0.75,3.0,0.8,0.5,False,True,True,False,False,False,True,False,False,False,False,False,False,True,False,False,False,False,False,False,False
35,1,622,14,4,3,39,2,1,2,3743,10074,1,24,4,4,1,5,2,1,4,2,0,2,935.75,0.0,3.0,0.8,0.5,False,True,True,False,False,False,False,True,False,True,False,True,False,False,False,False,False,False,False,False,True
31,0,853,1,1,3,96,3,2,1,4148,11275,1,12,3,3,1,4,1,3,4,3,0,3,1037.0,0.0,2.3333333333333335,1.0,0.75,True,False,True,False,True,False,False,False,False,False,False,False,False,True,False,False,False,False,True,False,False
18,0,287,5,2,2,73,3,1,4,1051,13493,1,15,3,4,0,0,2,3,0,0,0,0,1051.0,0.0,3.3333333333333335,0.0,0.0,False,False,True,False,True,False,False,False,False,True,False,False,False,False,False,True,False,False,False,True,False
54,0,1441,17,3,3,56,3,3,3,10739,13943,8,11,3,3,1,22,2,3,10,7,0,8,1073.9,0.0,3.0,0.45454545454545453,0.8,False,True,True,False,False,False,False,False,True,False,False,False,False,True,False,False,False,False,True,False,False
35,0,583,25,4,3,57,3,3,3,10388,6975,1,11,3,3,1,16,3,2,16,10,10,1,649.25,0.625,3.0,1.0,0.0625,False,True,True,False,False,False,True,False,False,False,False,False,False,False,False,False,False,False,False,False,True
30,0,153,8,2,2,73,4,3,1,11416,17802,0,12,3,3,3,9,4,2,8,7,1,7,1427.0,0.125,2.0,0.8888888888888888,0.875,False,True,True,False,True,False,False,False,False,False,False,False,False,False,True,False,False,False,True,False,True
20,1,1097,11,3,4,98,2,1,1,2600,18275,1,15,3,1,0,1,2,3,1,0,0,0,2600.0,0.0,2.0,1.0,0.0,False,True,True,False,False,False,True,False,False,False,False,False,False,False,False,True,False,False,False,True,True
30,1,109,5,3,2,60,3,1,2,2422,25725,0,17,3,1,0,4,3,3,3,2,1,2,807.3333333333334,0.3333333333333333,1.6666666666666667,0.75,0.6666666666666666,True,False,True,False,False,False,True,False,False,False,False,True,False,False,False,False,False,False,False,True,False
26,0,1066,2,2,4,32,4,2,4,5472,3334,1,12,3,2,0,8,2,3,8,7,1,3,684.0,0.125,3.3333333333333335,1.0,0.375,False,True,True,False,False,False,True,False,False,True,False,False,False,True,False,False,False,False,True,False,False
22,0,217,8,1,2,94,1,1,1,2451,6881,1,15,3,1,1,4,3,2,4,3,1,1,612.75,0.25,1.3333333333333333,1.0,0.25,False,True,True,False,True,False,False,False,False,True,False,True,False,False,False,False,False,False,True,False,False
48,0,277,6,3,1,97,2,2,3,4240,13119,2,13,3,4,0,19,0,3,2,2,2,2,2120.0,1.0,2.6666666666666665,0.10526315789473684,1.0,False,True,True,False,True,False,False,False,False,True,False,False,False,False,False,False,False,False,False,True,False
48,0,1355,4,4,3,78,2,3,3,10999,22245,7,14,3,2,0,27,3,3,15,11,4,8,733.2666666666667,0.26666666666666666,2.6666666666666665,0.5555555555555556,0.5333333333333333,False,True,True,False,True,False,False,False,False,True,False,False,False,False,False,False,False,False,False,True,False
41,0,549,7,2,4,42,3,2,3,5003,23371,6,14,3,2,0,8,6,3,2,2,2,1,2501.5,1.0,3.0,0.25,0.5,False,True,True,False,False,False,True,False,False,False,False,False,False,True,False,False,False,False,False,True,False
39,0,466,1,1,4,65,2,4,4,12742,7060,1,16,3,3,1,21,3,3,21,6,11,8,606.7619047619048,0.5238095238095238,3.6666666666666665,1.0,0.38095238095238093,False,True,True,False,True,False,False,False,False,False,False,False,False,True,False,False,False,False,True,False,False
27,0,1055,2,4,1,47,3,2,4,4227,4658,0,18,3,2,1,4,2,3,3,2,2,2,1409.0,0.6666666666666666,2.3333333333333335,0.75,0.6666666666666666,False,True,True,False,True,False,False,False,False,False,False,False,False,True,False,False,False,False,True,False,False
35,0,802,10,3,2,45,3,1,4,3917,9541,1,20,4,1,1,3,4,2,3,2,1,2,1305.6666666666667,0.3333333333333333,2.3333333333333335,1.0,0.6666666666666666,False,True,True,False,False,False,False,True,False,True,False,True,False,False,False,False,False,False,False,False,False
42,0,265,5,2,4,90,3,5,3,18303,7770,6,13,3,2,0,21,3,4,1,0,0,0,18303.0,0.0,3.0,0.047619047619047616,0.0,False,True,False,True,False,True,False,False,False,True,False,False,True,False,False,False,False,False,True,False,False
50,0,804,9,3,1,64,3,1,4,2380,20165,4,18,3,2,0,8,5,3,1,0,0,0,2380.0,0.0,2.3333333333333335,0.125,0.0,False,True,True,False,True,False,False,False,False,True,False,True,False,False,False,False,False,False,True,False,False
59,0,715,2,3,3,69,2,4,4,13726,21829,3,13,3,1,0,30,4,3,5,3,4,3,2745.2,0.8,2.6666666666666665,0.16666666666666666,0.6,False,True,True,False,True,False,False,False,False,False,False,False,False,True,False,False,False,False,False,True,True
37,1,1141,11,2,1,61,1,2,2,4777,14382,5,15,3,1,0,15,2,1,1,0,0,0,4777.0,0.0,1.3333333333333333,0.06666666666666667,0.0,False,True,True,False,False,False,True,False,False,False,False,False,False,False,False,False,False,False,True,False,False
55,0,135,18,4,3,62,3,2,2,6385,12992,3,14,3,4,2,17,3,3,8,7,6,7,798.125,0.75,3.0,0.47058823529411764,0.875,True,False,True,False,False,False,True,False,False,True,False,False,False,False,False,False,False,False,True,False,True
41,0,247,7,1,2,55,1,5,3,19973,20284,1,22,4,2,2,21,3,3,21,16,5,10,951.0952380952381,0.23809523809523808,2.3333333333333335,1.0,0.47619047619047616,False,False,True,False,True,False,False,False,False,False,False,False,False,False,True,False,False,False,False,False,False
38,0,1035,3,4,2,42,3,2,4,6861,4981,8,12,3,3,0,19,1,3,1,0,0,0,6861.0,0.0,3.0,0.05263157894736842,0.0,False,True,False,True,True,False,False,False,False,True,False,False,False,False,False,False,True,False,False,True,True
26,1,265,29,2,2,79,1,2,1,4969,21813,8,18,3,4,0,7,6,3,2,2,2,2,2484.5,1.0,2.3333333333333335,0.2857142857142857,1.0,False,False,False,True,False,False,True,False,False,True,False,False,False,False,False,False,True,False,False,True,False
52,1,266,2,1,1,57,1,5,4,19845,25846,1,15,3,4,1,33,3,3,32,14,6,9,620.15625,0.1875,3.0,0.9696969696969697,0.28125,False,True,False,True,False,True,False,False,False,False,False,False,True,False,False,False,False,False,True,False,False
44,0,1448,28,3,4,53,4,4,4,13320,11737,3,18,3,3,1,23,2,3,12,11,11,11,1110.0,0.9166666666666666,3.6666666666666665,0.5217391304347826,0.9166666666666666,False,True,False,True,False,False,True,False,False,False,False,False,False,False,False,False,True,False,True,False,True
50,0,145,1,3,4,95,3,2,3,6347,24920,0,12,3,1,1,19,3,3,18,7,0,13,352.6111111111111,0.0,2.6666666666666665,0.9473684210526315,0.7222222222222222,False,False,False,True,True,False,False,False,False,False,False,False,False,False,False,False,True,False,True,False,False
36,1,885,16,4,3,43,4,1,1,2743,8269,1,16,3,3,0,18,1,3,17,13,15,14,161.35294117647058,0.8823529411764706,2.3333333333333335,0.9444444444444444,0.8235294117647058,False,True,True,False,True,False,False,False,False,False,False,True,False,False,False,False,False,False,False,True,False
39,0,945,22,3,4,82,3,3,1,10880,5083,1,13,3,3,0,21,2,3,21,6,2,8,518.0952380952381,0.09523809523809523,2.6666666666666665,1.0,0.38095238095238093,True,False,True,False,False,False,True,False,False,False,False,False,False,True,False,False,False,False,False,True,True
33,0,1038,8,1,2,88,2,1,4,2342,21437,0,19,3,4,0,3,2,2,2,2,2,2,1171.0,1.0,3.3333333333333335,0.6666666666666666,1.0,False,False,False,True,True,False,False,False,False,False,False,False,False,False,False,False,False,True,False,True,False
45,0,1234,11,2,4,90,3,4,4,17650,5404,3,13,3,2,1,26,4,4,9,3,1,1,1961.111111111111,0.1111111111111111,3.3333333333333335,0.34615384615384615,0.1111111111111111,False,True,False,True,True,False,False,False,False,False,False,False,True,False,False,False,False,False,True,False,False
32,0,1109,29,4,4,69,3,1,3,4025,11135,9,12,3,2,0,10,2,3,8,7,7,7,503.125,0.875,3.0,0.8,0.875,False,False,True,False,False,False,True,False,False,False,False,True,False,False,False,False,False,False,False,True,False
34,0,216,1,4,2,75,4,2,4,9725,12278,0,11,3,4,1,16,2,2,15,1,0,9,648.3333333333334,0.0,3.3333333333333335,0.9375,0.6,False,True,False,True,False,True,False,False,False,True,False,False,False,False,False,False,True,False,False,False,False
59,0,1089,1,2,2,66,3,3,4,11904,11038,3,14,3,3,1,14,1,1,6,4,0,4,1984.0,0.0,3.0,0.42857142857142855,0.6666666666666666,False,True,False,True,False,False,False,False,True,True,False,False,True,False,False,False,False,False,True,False,True
45,0,788,24,4,2,36,3,1,2,2177,8318,1,16,3,1,0,6,3,3,6,3,0,4,362.8333333333333,0.0,1.6666666666666667,1.0,0.6666666666666666,False,True,False,False,False,False,True,False,False,True,True,False,False,False,False,False,False,False,False,True,False
53,0,124,2,3,3,38,2,3,2,7525,23537,2,12,3,1,1,30,2,3,15,7,6,12,501.6666666666667,0.4,2.0,0.5,0.8,True,False,False,True,False,True,False,False,False,False,False,False,False,False,False,False,True,False,True,False,False
36,1,660,15,3,1,81,3,2,3,4834,7858,7,14,3,2,1,9,3,2,1,0,0,0,4834.0,0.0,2.0,0.1111111111111111,0.0,False,True,True,False,False,False,False,True,False,True,False,True,False,False,False,False,False,False,False,False,False
26,1,342,2,3,1,57,3,1,1,2042,15346,6,14,3,2,1,6,2,3,3,2,1,2,680.6666666666666,0.3333333333333333,1.3333333333333333,0.5,0.6666666666666666,True,False,True,False,True,False,False,False,False,True,False,False,False,False,False,True,False,False,True,False,True
34,0,1333,10,4,3,87,3,1,3,2220,18410,1,19,3,4,1,1,2,3,1,1,0,0,2220.0,0.0,3.3333333333333335,1.0,0.0,False,True,False,True,True,False,False,False,False,False,False,False,False,False,False,False,False,True,True,False,True
28,0,1144,10,1,4,74,3,1,2,1052,23384,1,22,4,2,0,1,5,3,1,0,0,0,1052.0,0.0,2.6666666666666665,1.0,0.0,False,True,False,True,False,False,True,False,False,True,False,False,False,False,False,False,False,True,True,False,False
38,0,1186,3,4,3,44,3,1,3,2821,2997,3,16,3,1,1,8,2,3,2,2,2,2,1410.5,1.0,2.3333333333333335,0.25,1.0,True,False,True,False,False,False,False,True,False,True,False,False,False,False,False,True,False,False,True,False,False
50,0,1464,2,4,2,62,3,5,3,19237,12853,2,11,3,4,1,29,2,2,8,1,7,7,2404.625,0.875,3.0,0.27586206896551724,0.875,False,True,True,False,False,False,True,False,False,True,False,False,False,False,True,False,False,False,True,False,True
37,0,124,3,3,4,35,3,2,2,4107,13848,3,15,3,1,0,8,3,2,4,3,0,1,1026.75,0.0,2.3333333333333335,0.5,0.25,False,True,True,False,False,False,False,True,False,False,False,False,False,False,False,False,False,False,False,True,False
40,0,300,26,3,3,74,3,2,1,8396,22217,1,14,3,2,1,8,3,2,7,7,7,5,1199.4285714285713,1.0,2.0,0.875,0.7142857142857143,False,True,False,True,False,True,False,False,False,True,False,False,False,False,False,False,True,False,True,False,False
26,0,921,1,1,1,66,2,1,3,2007,25265,1,13,3,3,2,5,5,3,5,3,1,3,401.4,0.2,2.3333333333333335,1.0,0.6,True,False,True,False,False,False,True,False,False,False,False,False,False,False,False,True,False,False,False,False,False
46,0,430,1,4,4,40,3,5,4,19627,21445,9,17,3,4,2,23,0,3,2,2,2,2,9813.5,1.0,4.0,0.08695652173913043,1.0,False,True,True,False,False,False,True,False,False,True,False,False,False,False,True,False,False,False,False,False,False
54,0,1082,2,4,3,41,2,3,3,10686,8392,6,11,3,2,1,13,4,3,9,4,7,0,1187.3333333333333,0.7777777777777778,2.6666666666666665,0.6923076923076923,0.0,False,True,False,True,True,False,False,False,False,False,False,False,False,False,False,False,True,False,True,False,False
56,0,1240,9,3,1,63,3,1,3,2942,12154,2,19,3,2,1,18,4,3,5,4,0,3,588.4,0.0,2.0,0.2777777777777778,0.6,True,False,True,False,False,False,True,False,False,False,False,False,False,False,False,True,False,False,True,False,False
36,0,796,12,5,4,51,2,3,4,8858,15669,0,11,3,2,0,15,2,2,14,8,7,8,632.7142857142857,0.5,3.3333333333333335,0.9333333333333333,0.5714285714285714,False,True,True,False,False,False,True,False,False,False,False,False,False,True,False,False,False,False,False,True,False
55,0,444,2,1,3,40,2,4,1,16756,17323,7,15,3,2,0,31,3,4,9,7,6,2,1861.7777777777778,0.6666666666666666,2.0,0.2903225806451613,0.2222222222222222,False,False,True,False,False,False,True,False,False,True,False,False,True,False,False,False,False,False,False,True,False
43,0,415,25,3,3,79,2,3,4,10798,5268,5,13,3,3,1,18,5,3,1,0,0,0,10798.0,0.0,3.3333333333333335,0.05555555555555555,0.0,False,True,False,True,False,False,True,False,False,True,False,False,False,False,False,False,True,False,False,False,False
20,1,769,9,3,4,54,3,1,4,2323,17205,1,14,3,2,0,2,3,3,2,2,0,2,1161.5,0.0,3.3333333333333335,1.0,1.0,True,False,False,True,False,True,False,False,False,False,False,False,False,False,False,False,False,True,False,True,True
21,1,1334,10,3,3,36,2,1,1,1416,17258,1,13,3,1,0,1,6,2,1,0,1,0,1416.0,1.0,1.6666666666666667,1.0,0.0,False,True,True,False,True,False,False,False,False,False,False,True,False,False,False,False,False,False,False,True,False
46,0,1003,8,4,4,74,2,2,1,4615,21029,8,23,4,1,3,19,2,3,16,13,1,7,288.4375,0.0625,2.0,0.8421052631578947,0.4375,False,True,True,False,True,False,False,False,False,False,False,False,False,False,False,True,False,False,False,False,True
51,1,1323,4,4,1,34,3,1,3,2461,10332,9,12,3,3,3,18,2,4,10,0,2,7,246.1,0.2,2.3333333333333335,0.5555555555555556,0.7,False,True,True,False,True,False,False,False,False,True,False,False,False,False,False,True,False,False,True,False,True
28,1,1366,24,2,2,72,2,3,1,8722,12355,1,12,3,1,0,10,2,2,10,7,1,9,872.2,0.1,1.3333333333333333,1.0,0.9,False,False,True,False,False,False,False,False,True,True,False,False,False,False,False,False,False,False,False,True,False
26,0,192,1,2,1,59,2,1,1,3955,11141,1,16,3,1,2,6,2,3,5,3,1,3,791.0,0.2,1.0,0.8333333333333334,0.6,False,True,True,False,False,False,True,False,False,True,False,True,False,False,False,False,False,False,True,False,False
30,0,1176,20,3,3,85,3,2,1,9957,9096,0,15,3,3,1,7,1,2,6,2,0,2,1659.5,0.0,2.3333333333333335,0.8571428571428571,0.3333333333333333,False,True,True,False,False,False,False,True,False,True,False,False,False,True,False,False,False,False,True,False,False
41,0,509,7,2,2,43,4,1,3,3376,18863,1,13,3,3,0,10,3,3,10,6,0,8,337.6,0.0,2.6666666666666665,1.0,0.8,False,True,True,False,False,False,False,False,True,False,False,False,False,False,False,True,False,False,True,False,False
38,0,330,17,1,3,65,2,3,3,8823,24608,0,18,3,1,1,20,4,2,19,9,1,9,464.36842105263156,0.05263157894736842,2.3333333333333335,0.95,0.47368421052631576,False,True,True,False,True,False,False,False,False,False,False,False,False,False,False,False,False,False,True,False,False
40,0,1492,20,4,1,61,3,3,4,10322,26542,4,20,4,4,1,14,6,3,11,10,11,1,938.3636363636364,1.0,3.0,0.7857142857142857,0.09090909090909091,False,True,True,False,False,False,False,False,True,True,False,False,False,False,False,False,False,False,True,False,False
27,0,1277,8,5,1,87,1,1,3,4621,5869,1,19,3,4,3,3,4,3,3,2,1,2,1540.3333333333333,0.3333333333333333,2.6666666666666665,1.0,0.6666666666666666,False,False,True,False,True,False,False,False,False,True,False,True,False,False,False,False,False,False,True,False,False
55,0,1091,2,1,4,65,3,3,2,10976,15813,3,18,3,2,1,23,4,3,3,2,1,2,3658.6666666666665,0.3333333333333333,2.6666666666666665,0.13043478260869565,0.6666666666666666,True,False,True,False,True,False,False,False,False,True,False,False,False,True,False,False,False,False,True,False,False
28,0,857,10,3,3,59,3,2,3,3660,7909,3,13,3,4,0,10,4,4,8,7,1,7,457.5,0.125,3.3333333333333335,0.8,0.875,False,True,True,False,False,False,False,True,False,False,False,False,False,False,False,True,False,False,False,True,False
44,1,1376,1,2,2,91,2,3,1,10482,2326,9,14,3,4,1,24,1,3,20,6,3,6,524.1,0.15,2.3333333333333335,0.8333333333333334,0.3,False,True,False,False,False,False,True,False,False,True,True,False,False,False,False,False,False,False,True,False,False
33,0,654,5,3,4,34,2,3,4,7119,21214,4,15,3,3,1,9,2,3,3,2,1,2,2373.0,0.3333333333333333,3.6666666666666665,0.3333333333333333,0.6666666666666666,False,True,True,False,True,False,False,False,False,True,False,False,False,False,False,False,False,False,False,False,False
35,1,1204,4,3,4,86,3,3,1,9582,10333,0,22,4,1,0,9,2,3,8,7,4,7,1197.75,0.5,2.0,0.8888888888888888,0.875,False,True,False,True,False,False,False,False,True,True,False,False,False,False,False,False,True,False,False,True,True
33,1,827,29,4,1,54,2,2,3,4508,3129,1,22,4,2,0,14,4,3,13,7,3,8,346.7692307692308,0.23076923076923078,2.0,0.9285714285714286,0.6153846153846154,True,False,True,False,False,False,True,False,False,False,False,False,False,False,False,True,False,False,False,True,False
28,0,895,15,2,1,50,3,1,3,2207,22482,1,16,3,4,1,4,5,2,4,2,2,2,551.75,0.5,2.6666666666666665,1.0,0.5,False,True,True,False,True,False,False,False,False,True,False,True,False,False,False,False,False,False,False,False,False
34,0,618,3,1,1,45,3,2,4,7756,22266,0,17,3,3,0,7,1,2,6,2,0,4,1292.6666666666667,0.0,2.6666666666666665,0.8571428571428571,0.6666666666666666,True,False,True,False,True,False,False,False,False,True,False,False,False,False,False,False,False,False,False,True,False
37,0,309,10,4,4,88,2,2,4,6694,24223,2,14,3,3,3,8,5,3,1,0,0,0,6694.0,0.0,3.6666666666666665,0.125,0.0,False,True,False,True,True,False,False,False,False,False,False,False,False,False,False,False,True,False,False,False,True
25,1,1219,4,1,4,32,3,1,4,3691,4605,1,15,3,2,1,7,3,4,7,7,5,6,527.2857142857143,0.7142857142857143,3.3333333333333335,1.0,0.8571428571428571,False,True,True,False,False,False,False,False,True,True,False,True,False,False,False,False,False,False,True,False,True
26,1,1330,21,3,1,37,3,1,3,2377,19373,1,20,4,3,1,1,0,2,1,1,0,0,2377.0,0.0,2.3333333333333335,1.0,0.0,False,True,True,False,False,False,True,False,False,True,False,True,False,False,False,False,False,False,False,False,False
33,1,1017,25,3,1,55,2,1,2,2313,2993,4,20,4,2,0,5,0,3,2,2,2,2,1156.5,1.0,1.6666666666666667,0.4,1.0,False,True,True,False,False,False,True,False,False,True,False,False,False,False,False,True,False,False,False,True,True
42,0,469,2,2,4,35,3,4,1,17665,14399,0,17,3,4,1,23,3,3,22,6,13,7,802.9545454545455,0.5909090909090909,3.0,0.9565217391304348,0.3181818181818182,False,True,True,False,False,False,True,False,False,True,False,False,True,False,False,False,False,False,True,False,False
28,1,1009,1,3,1,45,2,1,2,2596,7160,1,15,3,1,2,1,2,3,1,0,0,0,2596.0,0.0,1.3333333333333333,1.0,0.0,True,False,True,False,False,False,True,False,False,True,False,True,False,False,False,False,False,False,False,False,False
50,1,959,1,4,4,81,3,2,3,4728,17251,3,14,3,4,0,5,4,3,0,0,0,0,4728.0,0.0,3.6666666666666665,0.0,0.0,True,False,False,True,False,False,False,True,False,True,False,False,False,False,False,False,True,False,False,True,True
33,0,970,7,3,4,30,3,2,2,4302,13401,0,17,3,3,1,4,3,3,3,2,0,2,1434.0,0.0,3.0,0.75,0.6666666666666666,True,False,False,True,True,False,False,False,False,False,False,False,False,False,False,False,True,False,True,False,False
34,0,697,3,4,3,40,2,1,4,2979,22478,3,17,3,4,3,6,2,3,0,0,0,0,2979.0,0.0,3.6666666666666665,0.0,0.0,False,False,True,False,True,False,False,False,False,True,False,False,False,False,False,True,False,False,True,False,False
48,0,1262,1,4,1,35,4,4,4,16885,16154,2,22,4,3,0,27,3,2,5,4,2,1,3377.0,0.4,2.6666666666666665,0.18518518518518517,0.2,False,False,True,False,False,False,True,False,False,True,False,False,True,False,False,False,False,False,False,True,False
45,0,1050,9,4,2,65,2,2,3,5593,17970,1,13,3,4,1,15,2,3,15,10,4,12,372.8666666666667,0.26666666666666666,3.0,1.0,0.8,False,False,False,True,True,False,False,False,False,False,False,False,False,False,False,False,True,False,True,False,False
52,0,994,7,4,2,87,3,3,2,10445,15322,7,19,3,4,0,18,4,3,8,6,4,0,1305.625,0.5,2.6666666666666665,0.4444444444444444,0.0,False,True,True,False,True,False,False,False,False,True,False,False,False,False,False,False,False,False,False,True,False
38,0,770,10,4,3,73,2,3,3,8740,5569,0,14,3,2,2,9,2,3,8,7,2,7,1092.5,0.25,2.6666666666666665,0.8888888888888888,0.875,False,True,False,True,False,True,False,False,False,True,False,False,False,False,False,False,True,False,False,False,True
29,0,1107,28,4,3,93,3,1,4,2514,26968,4,22,4,1,1,11,1,3,7,5,1,7,359.14285714285717,0.14285714285714285,2.6666666666666665,0.6363636363636364,1.0,False,True,True,False,True,False,False,False,False,False,False,False,False,False,False,True,False,False,False,False,False
28,0,950,3,3,4,93,3,3,2,7655,8039,0,17,3,2,3,10,3,2,9,7,1,7,850.5555555555555,0.1111111111111111,2.6666666666666665,0.9,0.7777777777777778,False,True,True,False,False,False,True,False,False,False,False,False,False,True,False,False,False,False,False,False,False
46,0,406,3,1,1,52,3,4,3,17465,15596,3,12,3,4,1,23,3,3,12,9,4,9,1455.4166666666667,0.3333333333333333,2.6666666666666665,0.5217391304347826,0.75,False,True,False,True,False,True,False,False,False,True,False,False,True,False,False,False,False,False,True,False,False
38,0,130,2,2,4,32,3,3,2,7351,20619,7,16,3,3,0,10,2,3,1,0,0,0,7351.0,0.0,3.0,0.1,0.0,False,True,False,True,False,True,False,False,False,True,False,False,False,False,False,False,True,False,False,True,False
43,0,1082,27,3,3,83,3,3,1,10820,11535,8,11,3,3,1,18,1,3,8,7,0,1,1352.5,0.0,2.3333333333333335,0.4444444444444444,0.125,True,False,True,False,True,False,False,False,False,False,False,False,False,True,False,False,False,False,True,False,False
39,1,203,2,3,1,84,3,4,4,12169,13547,7,11,3,4,3,21,4,3,18,7,11,5,676.0555555555555,0.6111111111111112,3.0,0.8571428571428571,0.2777777777777778,True,False,True,False,True,False,False,False,False,True,False,False,False,False,False,False,False,False,False,False,False
40,0,1308,14,3,3,44,2,5,3,19626,17544,1,14,3,1,0,21,2,4,20,7,4,9,981.3,0.2,2.3333333333333335,0.9523809523809523,0.45,False,True,True,False,False,False,True,False,False,True,False,False,False,False,True,False,False,False,False,True,False
21,0,984,1,1,4,70,2,1,2,2070,25326,1,11,3,3,0,2,6,4,2,2,2,2,1035.0,1.0,3.0,1.0,1.0,False,True,True,False,False,False,False,False,True,False,False,False,False,False,False,True,False,False,False,True,True
39,0,439,9,3,3,70,3,2,2,6782,8770,9,15,3,3,0,9,2,2,5,4,0,3,1356.4,0.0,2.6666666666666665,0.5555555555555556,0.6,False,False,True,False,True,False,False,False,False,True,False,True,False,False,False,False,False,False,False,True,False
36,0,217,18,4,1,78,3,2,4,7779,23238,2,20,4,1,0,18,0,3,11,9,0,9,707.1818181818181,0.0,2.0,0.6111111111111112,0.8181818181818182,False,False,True,False,True,False,False,False,False,True,False,False,False,True,False,False,False,False,False,True,False
31,0,793,20,3,3,67,4,1,4,2791,21981,0,12,3,1,1,3,4,3,2,2,2,2,1395.5,1.0,2.6666666666666665,0.6666666666666666,1.0,True,False,False,True,True,False,False,False,False,True,False,False,False,False,False,False,False,True,True,False,False
28,0,1451,2,1,1,67,2,1,2,3201,19911,0,17,3,1,0,6,2,1,5,3,0,4,640.2,0.0,1.3333333333333333,0.8333333333333334,0.8,False,True,True,False,True,False,False,False,False,True,False,False,False,False,False,True,False,False,True,False,False
35,0,1182,11,2,4,54,3,2,4,4968,18500,1,11,3,4,1,5,3,3,5,2,0,2,993.6,0.0,4.0,1.0,0.4,True,False,False,True,False,True,False,False,False,True,False,False,False,False,False,False,True,False,False,False,False
49,0,174,8,4,4,56,2,4,2,13120,11879,6,17,3,2,1,22,3,3,9,8,2,3,1457.7777777777778,0.2222222222222222,2.6666666666666665,0.4090909090909091,0.3333333333333333,False,True,False,True,False,False,False,False,True,True,False,False,False,False,False,False,True,False,True,False,False
34,0,1003,2,2,4,95,3,2,3,4033,15834,2,11,3,4,0,5,3,2,3,2,0,2,1344.3333333333333,0.0,3.6666666666666665,0.6,0.6666666666666666,True,False,True,False,True,False,False,False,False,True,False,False,False,True,False,False,False,False,False,True,False
29,0,490,10,3,4,61,3,1,2,3291,17940,0,14,3,4,2,8,2,2,7,5,1,1,470.14285714285717,0.14285714285714285,3.3333333333333335,0.875,0.14285714285714285,True,False,True,False,True,False,False,False,False,False,False,False,False,False,False,True,False,False,False,False,False
42,0,188,29,3,2,56,1,2,4,4272,9558,4,19,3,1,0,16,3,3,1,0,0,0,4272.0,0.0,2.3333333333333335,0.0625,0.0,False,True,True,False,False,False,True,False,False,True,False,True,False,False,False,False,False,False,False,True,False
29,0,718,8,1,2,79,2,2,4,5056,17689,1,15,3,3,1,10,2,2,10,7,1,2,505.6,0.1,3.0,1.0,0.2,False,True,True,False,False,False,True,False,False,True,False,False,False,True,False,False,False,False,True,False,True
38,0,433,1,3,3,37,4,1,3,2844,6004,1,13,3,4,1,7,2,4,7,6,5,0,406.2857142857143,0.7142857142857143,3.3333333333333335,1.0,0.0,False,True,False,False,False,False,False,False,False,True,True,False,False,False,False,False,False,False,True,False,False
28,0,773,6,3,3,39,2,1,3,2703,22088,1,14,3,4,1,3,2,3,3,1,0,2,901.0,0.0,3.3333333333333335,1.0,0.6666666666666666,True,False,True,False,True,False,False,False,False,True,False,False,False,False,False,True,False,False,False,False,True
18,1,247,8,1,3,80,3,1,3,1904,13556,1,12,3,4,0,0,0,3,0,0,0,0,1904.0,0.0,3.3333333333333335,0.0,0.0,False,False,True,False,False,False,True,False,False,True,False,True,False,False,False,False,False,False,False,True,False
33,1,603,9,4,1,77,3,2,1,8224,18385,0,17,3,1,0,6,3,3,5,2,0,3,1644.8,0.0,1.0,0.8333333333333334,0.6,False,True,False,True,False,True,False,False,False,False,False,False,False,False,False,False,True,False,False,True,True
41,0,167,12,4,2,46,3,1,4,4766,9051,3,11,3,1,1,6,4,3,1,0,0,0,4766.0,0.0,2.3333333333333335,0.16666666666666666,0.0,False,True,True,False,True,False,False,False,False,True,False,True,False,False,False,False,False,False,True,False,True
31,1,874,15,3,3,72,3,1,3,2610,6233,1,12,3,3,1,2,5,2,2,2,2,2,1305.0,1.0,3.0,1.0,1.0,True,False,True,False,False,False,True,False,False,True,False,True,False,False,False,False,False,False,True,False,False
37,0,367,25,2,3,52,2,2,4,5731,17171,7,13,3,3,2,9,2,3,6,2,1,3,955.1666666666666,0.16666666666666666,3.3333333333333335,0.6666666666666666,0.5,False,True,True,False,False,False,True,False,False,False,False,False,False,False,False,False,False,False,False,False,False
27,0,199,6,3,4,55,2,1,3,2539,7950,1,13,3,3,1,4,0,3,4,2,2,2,634.75,0.5,3.3333333333333335,1.0,0.5,False,True,True,False,True,False,False,False,False,True,False,False,False,False,False,True,False,False,True,False,False
34,0,1400,9,1,2,70,3,2,3,5714,5829,1,20,4,1,0,6,3,2,6,5,1,3,952.3333333333334,0.16666666666666666,2.0,1.0,0.5,False,True,False,True,True,False,False,False,False,False,False,False,False,False,False,False,True,False,True,False,False
35,0,528,8,4,3,100,3,1,3,4323,7108,1,17,3,2,0,6,2,1,5,4,1,4,864.6,0.2,2.6666666666666665,0.8333333333333334,0.8,False,True,False,False,False,False,False,False,True,True,True,False,False,False,False,False,False,False,False,True,False
29,1,408,23,1,4,45,2,3,1,7336,11162,1,13,3,1,1,11,3,1,11,8,3,10,666.9090909090909,0.2727272727272727,2.0,1.0,0.9090909090909091,False,True,False,True,True,False,False,False,False,False,False,False,False,False,False,False,True,False,True,False,False
40,0,593,9,4,2,88,3,3,3,13499,13782,9,17,3,3,0,20,3,2,18,7,2,13,749.9444444444445,0.1111111111111111,2.6666666666666665,0.9,0.7222222222222222,True,False,True,False,False,False,True,False,False,False,False,False,False,False,True,False,False,False,False,True,False
42,1,481,12,3,3,44,3,4,1,13758,2447,0,12,3,2,0,22,2,2,21,9,13,14,655.1428571428571,0.6190476190476191,2.0,0.9545454545454546,0.6666666666666666,True,False,False,True,True,False,False,False,False,True,False,False,False,False,False,False,True,False,False,True,True
42,0,647,4,4,2,45,3,2,1,5155,2253,7,13,3,4,0,9,3,4,6,4,1,5,859.1666666666666,0.16666666666666666,2.3333333333333335,0.6666666666666666,0.8333333333333334,False,True,False,True,False,True,False,False,False,True,False,False,False,False,False,False,True,False,False,True,False
35,0,982,1,4,4,58,2,1,3,2258,16340,6,12,3,2,1,10,2,3,8,0,1,7,282.25,0.125,3.0,0.8,0.875,False,True,True,False,False,False,True,False,False,True,False,True,False,False,False,False,False,False,True,False,False
24,0,477,24,3,4,49,3,1,2,3597,6409,8,22,4,4,0,6,2,3,4,3,1,2,899.25,0.25,3.3333333333333335,0.6666666666666666,0.5,False,True,True,False,False,False,True,False,False,True,False,True,False,False,False,False,False,False,False,True,False
28,1,1485,12,1,3,79,3,1,4,2515,22955,1,11,3,4,0,1,4,2,1,1,0,0,2515.0,0.0,3.6666666666666665,1.0,0.0,False,True,True,False,True,False,False,False,False,False,False,True,False,False,False,False,False,False,True,False,True
26,0,1384,3,4,1,82,4,1,4,4420,13421,1,22,4,2,1,8,2,3,8,7,0,7,552.5,0.0,2.3333333333333335,1.0,0.875,False,True,True,False,False,False,True,False,False,True,False,True,False,False,False,False,False,False,True,False,False
30,0,852,10,3,3,72,2,2,3,6578,2706,1,18,3,1,1,10,3,3,10,3,1,4,657.8,0.1,2.3333333333333335,1.0,0.4,False,True,False,True,False,True,False,False,False,True,False,False,False,False,False,False,True,False,True,False,False
40,0,902,26,2,3,92,2,2,4,4422,21203,3,13,3,4,1,16,3,1,1,1,0,0,4422.0,0.0,3.6666666666666665,0.0625,0.0,True,False,True,False,False,False,True,False,False,False,False,False,False,False,False,True,False,False,True,False,True
35,0,819,2,3,3,44,2,3,2,10274,19588,2,18,3,2,1,15,2,4,7,7,6,4,1467.7142857142858,0.8571428571428571,2.3333333333333335,0.4666666666666667,0.5714285714285714,False,True,True,False,True,False,False,False,False,True,False,False,False,True,False,False,False,False,False,False,False
34,0,669,1,3,4,97,2,2,1,5343,25755,0,20,4,3,0,14,3,3,13,9,4,9,411.0,0.3076923076923077,2.6666666666666665,0.9285714285714286,0.6923076923076923,True,False,True,False,False,False,True,False,False,True,False,False,False,False,False,False,False,False,False,True,False
35,0,636,4,4,4,47,2,1,4,2376,26537,1,13,3,2,1,2,2,4,2,2,2,2,1188.0,1.0,3.3333333333333335,1.0,1.0,True,False,True,False,False,False,False,True,False,True,False,True,False,False,False,False,False,False,True,False,False
43,1,1372,9,3,1,85,1,2,3,5346,9489,8,13,3,2,0,7,2,2,4,3,1,3,1336.5,0.25,2.0,0.5714285714285714,0.75,False,True,False,True,False,True,False,False,False,False,False,False,False,False,False,False,True,False,False,True,False
32,0,862,2,1,3,76,3,1,1,2827,14947,1,12,3,3,3,1,3,3,1,0,0,0,2827.0,0.0,2.3333333333333335,1.0,0.0,False,False,False,True,True,False,False,False,False,False,False,False,False,False,False,False,False,True,False,False,False
56,0,718,4,4,4,92,3,5,1,19943,18575,4,13,3,4,1,28,2,3,5,2,4,2,3988.6,0.8,3.0,0.17857142857142858,0.4,False,True,True,False,False,False,False,False,True,False,False,False,True,False,False,False,False,False,False,False,False
29,0,1401,6,1,2,54,3,1,4,3131,26342,1,13,3,1,1,10,5,3,10,8,0,8,313.1,0.0,2.3333333333333335,1.0,0.8,False,True,True,False,False,False,True,False,False,False,False,True,False,False,False,False,False,False,True,False,False
19,0,645,9,2,3,54,3,1,1,2552,7172,1,25,4,3,0,1,4,3,1,1,0,0,2552.0,0.0,2.3333333333333335,1.0,0.0,False,True,True,False,True,False,False,False,False,True,False,False,False,False,False,True,False,False,False,True,False
45,0,1457,7,3,1,83,3,1,3,4477,20100,4,19,3,3,1,7,2,2,3,2,0,2,1492.3333333333333,0.0,2.3333333333333335,0.42857142857142855,0.6666666666666666,False,True,True,False,False,False,True,False,False,False,False,False,False,False,False,True,False,False,True,False,True
37,0,977,1,3,4,56,2,2,4,6474,9961,1,13,3,2,1,14,2,2,14,8,3,11,462.42857142857144,0.21428571428571427,3.3333333333333335,1.0,0.7857142857142857,False,True,True,False,True,False,False,False,False,False,False,False,False,True,False,False,False,False,True,False,False
20,0,805,3,3,1,87,2,1,3,3033,12828,1,12,3,1,0,2,2,2,2,2,1,2,1516.5,0.5,1.6666666666666667,1.0,1.0,False,True,True,False,True,False,False,False,False,True,False,True,False,False,False,False,False,False,False,True,False
44,1,1097,10,4,3,96,3,1,3,2936,10826,1,11,3,3,0,6,4,3,6,4,0,2,489.3333333333333,0.0,3.0,1.0,0.3333333333333333,False,True,True,False,True,False,False,False,False,True,False,False,False,False,False,True,False,False,False,True,True
53,0,1223,7,2,4,50,3,5,3,18606,18640,3,18,3,2,1,26,6,3,7,7,4,7,2658.0,0.5714285714285714,3.0,0.2692307692307692,1.0,False,True,True,False,False,False,True,False,False,False,False,False,True,False,False,False,False,False,False,False,False
29,0,942,15,1,2,69,1,1,4,2168,26933,0,18,3,1,1,6,2,2,5,4,1,3,433.6,0.2,2.3333333333333335,0.8333333333333334,0.6,False,True,True,False,True,False,False,False,False,False,False,False,False,False,False,True,False,False,True,False,True
22,1,1256,3,4,3,48,2,1,4,2853,4223,0,11,3,2,1,1,5,3,0,0,0,0,2853.0,0.0,3.0,0.0,0.0,True,False,True,False,True,False,False,False,False,True,False,False,False,False,False,True,False,False,True,False,True
46,0,1402,2,3,3,69,3,4,1,17048,24097,8,23,4,1,0,28,2,3,26,15,15,9,655.6923076923077,0.5769230769230769,1.6666666666666667,0.9285714285714286,0.34615384615384615,False,True,False,True,False,True,False,False,False,False,False,False,True,False,False,False,False,False,True,False,False
44,0,111,17,3,4,74,1,1,3,2290,4279,2,13,3,4,0,6,3,3,0,0,0,0,2290.0,0.0,3.6666666666666665,0.0,0.0,False,False,True,False,True,False,False,False,False,True,False,False,False,False,False,True,False,False,False,True,False
33,0,147,2,3,2,99,3,1,3,3600,8429,1,13,3,4,1,5,2,3,5,4,1,4,720.0,0.2,3.0,1.0,0.8,False,True,False,False,False,False,False,False,False,True,True,False,False,False,False,False,False,False,True,False,False
41,1,906,5,2,1,95,2,1,1,2107,20293,6,17,3,1,1,5,2,1,1,0,0,0,2107.0,0.0,1.0,0.2,0.0,False,False,True,False,True,False,False,False,False,True,False,False,False,False,False,True,False,False,False,False,False
30,0,1329,29,4,3,61,3,2,1,4115,13192,8,19,3,3,3,8,3,3,4,3,0,3,1028.75,0.0,2.3333333333333335,0.5,0.75,False,True,False,True,True,False,False,False,False,True,False,False,False,False,False,False,True,False,False,False,False
40,0,1184,2,4,2,62,3,2,2,4327,25440,5,12,3,4,3,5,2,3,0,0,0,0,4327.0,0.0,2.6666666666666665,0.0,0.0,True,False,False,True,False,False,True,False,False,True,False,False,False,False,False,False,True,False,True,False,False
50,0,1421,2,3,4,30,3,4,1,17856,9490,2,22,4,3,1,32,3,3,2,2,2,2,8928.0,1.0,2.6666666666666665,0.0625,1.0,True,False,True,False,False,False,True,False,False,False,False,False,True,False,False,False,False,False,True,False,False
28,0,1179,19,4,4,78,2,1,1,3196,12449,1,12,3,3,3,6,2,3,6,5,3,3,532.6666666666666,0.5,2.6666666666666665,1.0,0.5,False,True,True,False,False,False,True,False,False,True,False,True,False,False,False,False,False,False,True,False,False
46,0,1450,15,2,4,52,3,5,2,19081,10849,5,11,3,1,1,25,2,3,4,2,0,3,4770.25,0.0,2.3333333333333335,0.16,0.75,False,True,True,False,True,False,False,False,False,True,False,False,False,False,True,False,False,False,True,False,False
35,0,1361,17,4,3,94,3,2,1,8966,21026,3,15,3,4,3,15,2,3,7,7,1,7,1280.857142857143,0.14285714285714285,2.6666666666666665,0.4666666666666667,1.0,False,True,False,True,True,False,False,False,False,True,False,False,False,False,False,False,True,False,True,False,True
24,1,984,17,2,4,97,3,1,2,2210,3372,1,13,3,1,1,1,3,1,1,0,0,0,2210.0,0.0,2.3333333333333335,1.0,0.0,False,True,True,False,True,False,False,False,False,False,False,True,False,False,False,False,False,False,True,False,False
33,0,1146,25,3,2,82,3,2,3,4539,4905,1,12,3,1,1,10,3,2,10,7,0,1,453.9,0.0,2.0,1.0,0.1,True,False,False,True,False,False,True,False,False,False,False,False,False,False,False,False,True,False,True,False,False
36,0,917,6,4,3,60,1,1,3,2741,6865,1,14,3,3,1,7,4,3,7,7,1,7,391.57142857142856,0.14285714285714285,3.0,1.0,1.0,False,True,True,False,True,False,False,False,False,True,False,True,False,False,False,False,False,False,False,False,False
30,0,853,7,4,3,49,3,2,3,3491,11309,1,13,3,1,3,10,4,2,10,7,8,9,349.1,0.8,2.3333333333333335,1.0,0.9,False,True,True,False,True,False,False,False,False,True,False,True,False,False,False,False,False,False,False,False,False
44,0,200,29,4,4,32,3,2,4,4541,7744,1,25,4,2,0,20,3,3,20,11,13,17,227.05,0.65,3.3333333333333335,1.0,0.85,False,True,True,False,False,False,False,True,False,True,False,False,False,False,False,True,False,False,False,True,False
20,0,654,21,3,3,43,4,1,4,2678,5050,1,17,3,4,0,2,2,3,2,1,2,2,1339.0,1.0,3.6666666666666665,1.0,1.0,False,True,False,True,False,True,False,False,False,True,False,False,False,False,False,False,False,True,False,True,False
46,0,150,2,4,4,60,3,2,4,7379,17433,2,11,3,3,1,12,3,2,6,3,1,4,1229.8333333333333,0.16666666666666666,3.6666666666666665,0.5,0.6666666666666666,False,True,True,False,False,False,False,False,True,True,False,False,False,True,False,False,False,False,False,False,False
42,0,179,2,5,4,79,4,2,1,6272,12858,7,16,3,1,1,10,3,4,4,3,0,3,1568.0,0.0,2.0,0.4,0.75,False,False,False,False,False,False,True,False,False,True,True,False,False,False,False,False,False,False,True,False,False
60,0,696,7,4,2,52,4,2,4,5220,10893,0,18,3,2,1,12,3,3,11,7,1,9,474.54545454545456,0.09090909090909091,2.6666666666666665,0.9166666666666666,0.8181818181818182,False,True,False,True,False,True,False,False,False,True,False,False,False,False,False,False,True,False,False,False,True
32,0,116,13,3,3,77,2,1,2,2743,7331,1,20,4,3,1,2,2,3,2,2,2,2,1371.5,1.0,2.6666666666666665,1.0,1.0,True,False,True,False,False,False,False,True,False,False,False,True,False,False,False,False,False,False,True,False,False
32,0,1316,2,2,4,38,3,2,3,4998,2338,4,14,3,4,0,10,2,3,8,7,0,7,624.75,0.0,3.6666666666666665,0.8,0.875,True,False,True,False,True,False,False,False,False,False,False,False,False,False,False,True,False,False,False,True,True
36,0,363,1,3,3,77,1,3,1,10252,4235,2,21,4,3,1,17,2,3,7,7,7,7,1464.5714285714287,1.0,2.3333333333333335,0.4117647058823529,1.0,False,True,True,False,False,False,False,False,True,False,False,False,False,True,False,False,False,False,False,False,True
33,0,117,9,3,1,60,3,1,4,2781,6311,0,13,3,2,1,15,5,3,14,10,4,10,198.64285714285714,0.2857142857142857,2.3333333333333335,0.9333333333333333,0.7142857142857143,False,True,True,False,False,False,True,False,False,True,False,False,False,False,False,True,False,False,True,False,False
40,0,107,10,3,2,84,2,2,2,6852,11591,7,12,3,2,1,7,2,4,5,1,1,3,1370.4,0.2,2.0,0.7142857142857143,0.6,False,True,False,True,False,False,False,False,True,False,False,False,False,False,False,False,True,False,False,False,False
25,0,1356,10,4,3,57,3,2,4,4950,20623,0,14,3,2,0,5,4,3,4,3,1,1,1237.5,0.25,3.0,0.8,0.25,False,True,False,True,True,False,False,False,False,True,False,False,False,False,False,False,True,False,False,True,False
30,0,1465,1,3,4,63,3,1,2,3579,9369,0,21,4,1,1,12,2,3,11,9,5,7,325.3636363636364,0.45454545454545453,2.3333333333333335,0.9166666666666666,0.6363636363636364,False,True,True,False,False,False,True,False,False,True,False,False,False,False,False,True,False,False,True,False,True
42,0,458,26,5,1,60,3,3,1,13191,23281,3,17,3,3,0,20,6,3,1,0,0,0,13191.0,0.0,1.6666666666666667,0.05,0.0,True,False,True,False,False,False,True,False,False,False,False,False,False,False,True,False,False,False,True,False,True
35,0,1212,8,2,3,78,2,3,4,10377,13755,4,11,3,2,1,16,6,2,13,2,4,12,798.2307692307693,0.3076923076923077,3.0,0.8125,0.9230769230769231,False,False,False,True,False,True,False,False,False,False,False,False,False,False,False,False,True,False,True,False,True
27,0,1103,14,3,1,42,3,1,1,2235,14377,1,14,3,4,2,9,3,2,9,7,6,8,248.33333333333334,0.6666666666666666,2.0,1.0,0.8888888888888888,False,True,True,False,True,False,False,False,False,True,False,False,False,False,False,True,False,False,True,False,True
54,0,966,1,4,4,53,3,3,3,10502,9659,7,17,3,1,1,33,2,1,5,4,1,4,2100.4,0.2,2.6666666666666665,0.15151515151515152,0.8,True,False,True,False,True,False,False,False,False,False,False,False,False,True,False,False,False,False,False,False,False
44,0,1117,2,1,1,72,4,1,4,2011,19982,1,13,3,4,1,10,5,3,10,5,7,7,201.1,0.7,3.0,1.0,0.7,False,True,True,False,True,False,False,False,False,False,False,False,False,False,False,True,False,False,True,False,False
19,1,504,10,3,1,96,2,1,2,1859,6148,1,25,4,2,0,1,2,4,1,1,0,0,1859.0,0.0,1.6666666666666667,1.0,0.0,False,False,True,False,False,False,True,False,False,False,False,False,False,False,False,True,False,False,False,True,True
29,0,1010,1,3,1,97,3,1,4,3760,5598,1,15,3,1,3,3,5,3,3,2,1,2,1253.3333333333333,0.3333333333333333,2.0,1.0,0.6666666666666666,False,True,True,False,True,False,False,False,False,False,False,False,False,False,False,True,False,False,False,False,False
54,0,685,3,3,4,85,3,4,4,17779,23474,3,14,3,1,0,36,2,3,10,9,0,9,1777.9,0.0,3.0,0.2777777777777778,0.9,False,True,True,False,True,False,False,False,False,True,False,False,False,False,True,False,False,False,True,False,False
31,0,1332,11,2,3,80,3,2,1,6833,17089,1,12,3,4,0,6,2,2,6,5,0,1,1138.8333333333333,0.0,2.6666666666666665,1.0,0.16666666666666666,False,True,True,False,False,False,True,False,False,True,False,False,False,False,False,False,False,False,True,False,True
31,0,1062,24,3,3,96,2,2,1,6812,17198,1,19,3,2,0,10,2,3,10,9,1,8,681.2,0.1,2.0,1.0,0.8,False,True,True,False,False,False,True,False,False,False,False,False,False,False,False,False,False,False,False,True,False
59,0,326,3,3,3,48,2,2,4,5171,16490,5,17,3,4,0,13,2,3,6,1,0,5,861.8333333333334,0.0,3.6666666666666665,0.46153846153846156,0.8333333333333334,False,True,False,True,True,False,False,False,False,False,False,False,False,False,False,False,True,False,False,True,False
43,0,920,3,3,3,96,1,5,4,19740,18625,3,14,3,2,1,25,2,3,8,7,0,7,2467.5,0.0,3.0,0.32,0.875,False,True,True,False,True,False,False,False,False,True,False,False,False,False,True,False,False,False,True,False,False
49,0,1098,4,2,1,85,2,5,3,18711,12124,2,13,3,3,1,23,2,4,1,0,0,0,18711.0,0.0,2.3333333333333335,0.043478260869565216,0.0,False,True,True,False,False,False,True,False,False,True,False,False,True,False,False,False,False,False,True,False,False
36,0,469,3,3,3,46,3,1,2,3692,9256,1,12,3,3,0,12,2,2,11,10,0,7,335.6363636363636,0.0,2.6666666666666665,0.9166666666666666,0.6363636363636364,True,False,True,False,False,False,False,False,True,True,False,False,False,False,False,True,False,False,True,False,False
48,0,969,2,2,4,76,4,1,2,2559,16620,5,11,3,3,0,7,4,2,1,0,0,0,2559.0,0.0,3.0,0.14285714285714285,0.0,False,True,True,False,False,False,False,False,True,True,False,True,False,False,False,False,False,False,False,True,False
27,0,1167,4,2,1,76,3,1,3,2517,3208,1,11,3,2,3,5,2,3,5,3,0,3,503.4,0.0,2.0,1.0,0.6,False,True,True,False,True,False,False,False,False,True,False,False,False,False,False,True,False,False,False,False,False
29,0,1329,7,3,3,82,3,2,4,6623,4204,1,11,3,2,2,6,2,3,6,0,1,0,1103.8333333333333,0.16666666666666666,3.0,1.0,0.0,False,True,True,False,True,False,False,False,False,True,False,False,False,False,False,False,False,False,False,False,True
48,0,715,1,3,4,76,2,5,4,18265,8733,6,12,3,3,0,25,3,4,1,0,0,0,18265.0,0.0,3.6666666666666665,0.04,0.0,False,True,True,False,True,False,False,False,False,True,False,False,False,False,True,False,False,False,False,True,False
29,0,694,1,3,4,87,2,4,4,16124,3423,3,14,3,2,2,9,2,2,7,7,1,7,2303.4285714285716,0.14285714285714285,3.3333333333333335,0.7777777777777778,1.0,False,True,True,False,True,False,False,False,False,False,False,False,False,False,True,False,False,False,False,False,False
34,0,1320,20,3,3,89,4,1,3,2585,21643,0,17,3,4,0,2,5,2,1,0,0,0,2585.0,0.0,3.3333333333333335,0.5,0.0,False,True,True,False,False,False,False,False,True,False,False,False,False,False,False,True,False,False,True,False,False
44,0,1099,5,3,2,88,3,5,2,18213,8751,7,11,3,3,1,26,5,3,22,9,3,10,827.8636363636364,0.13636363636363635,2.3333333333333335,0.8461538461538461,0.45454545454545453,False,True,False,True,False,True,False,False,False,True,False,False,True,False,False,False,False,False,True,False,False
33,0,536,10,5,4,82,4,3,3,8380,21708,0,14,3,4,2,10,3,3,9,8,0,8,931.1111111111111,0.0,3.6666666666666665,0.9,0.8888888888888888,False,True,False,True,False,True,False,False,False,True,False,False,False,False,False,False,True,False,False,False,True
19,0,265,25,3,2,57,4,1,4,2994,21221,1,12,3,4,0,1,2,3,1,0,0,1,2994.0,0.0,3.3333333333333335,1.0,1.0,False,True,True,False,True,False,False,False,False,False,False,False,False,False,False,True,False,False,False,True,True
23,0,373,1,2,4,47,3,1,3,1223,16901,1,22,4,4,1,1,2,3,1,0,0,1,1223.0,0.0,3.6666666666666665,1.0,1.0,False,True,True,False,True,False,False,False,False,True,False,False,False,False,False,True,False,False,True,False,False
25,1,599,24,1,3,73,1,1,4,1118,8040,1,14,3,4,0,1,4,3,1,0,1,0,1118.0,1.0,3.6666666666666665,1.0,0.0,True,False,False,True,True,False,False,False,False,True,False,False,False,False,False,False,False,True,False,True,True
26,0,583,4,2,3,53,3,1,4,2875,9973,1,20,4,2,0,8,2,2,8,5,2,2,359.375,0.25,3.0,1.0,0.25,False,True,True,False,True,False,False,False,False,True,False,False,False,False,False,True,False,False,False,True,True
45,1,1449,2,3,1,94,1,5,2,18824,2493,2,16,3,1,0,26,2,3,24,10,1,11,784.3333333333334,0.041666666666666664,1.3333333333333333,0.9230769230769231,0.4583333333333333,False,True,False,True,False,True,False,False,False,False,False,False,True,False,False,False,False,False,False,True,True
55,0,177,8,1,4,37,2,4,2,13577,25592,1,15,3,4,1,34,3,3,33,9,15,0,411.42424242424244,0.45454545454545453,3.3333333333333335,0.9705882352941176,0.0,False,False,True,False,False,False,True,False,False,True,False,False,False,False,False,False,False,False,False,False,True
21,1,251,10,2,1,45,2,1,3,2625,25308,1,20,4,3,0,2,2,1,2,2,2,2,1312.5,1.0,2.3333333333333335,1.0,1.0,True,False,True,False,True,False,False,False,False,False,False,True,False,False,False,False,False,False,False,True,False
46,0,168,4,2,4,33,2,5,2,18789,9946,2,14,3,3,1,26,2,3,11,4,0,8,1708.090909090909,0.0,3.0,0.4230769230769231,0.7272727272727273,False,True,False,True,False,True,False,False,False,False,False,False,True,False,False,False,False,False,True,False,False
34,0,131,2,3,3,86,3,2,1,4538,6039,0,12,3,4,0,4,3,3,3,2,0,2,1512.6666666666667,0.0,2.6666666666666665,0.75,0.6666666666666666,False,True,False,True,False,True,False,False,False,False,False,False,False,False,False,False,True,False,False,True,True
51,0,237,9,3,4,83,3,5,2,19847,19196,4,24,4,1,1,31,5,2,29,10,11,10,684.3793103448276,0.3793103448275862,2.3333333333333335,0.9354838709677419,0.3448275862068966,True,False,False,True,True,False,False,False,False,True,False,False,True,False,False,False,False,False,False,False,True
59,0,1429,18,4,4,67,3,3,4,10512,20002,6,12,3,4,0,25,6,2,9,7,5,4,1168.0,0.5555555555555556,4.0,0.36,0.4444444444444444,False,True,True,False,False,False,True,False,False,True,False,False,False,True,False,False,False,False,False,True,False
34,0,135,19,3,3,46,3,2,2,4444,22534,4,13,3,3,2,15,2,4,11,8,5,10,404.0,0.45454545454545453,2.6666666666666665,0.7333333333333333,0.9090909090909091,True,False,True,False,False,False,True,False,False,False,False,True,False,False,False,False,False,False,False,False,False
28,0,791,1,4,4,44,3,1,3,2154,6842,0,11,3,3,0,5,2,2,4,2,0,2,538.5,0.0,3.3333333333333335,0.8,0.5,True,False,True,False,False,False,True,False,False,True,False,True,False,False,False,False,False,False,False,True,True
44,0,1199,4,2,3,92,4,5,1,19190,17477,1,14,3,4,2,26,4,2,25,9,14,13,767.6,0.56,2.6666666666666665,0.9615384615384616,0.52,False,True,True,False,True,False,False,False,False,True,False,False,True,False,False,False,False,False,False,False,False
34,0,648,11,3,3,56,2,2,2,4490,21833,4,11,3,4,2,14,5,4,10,9,1,8,449.0,0.1,3.0,0.7142857142857143,0.8,True,False,False,False,True,False,False,False,False,True,True,False,False,False,False,False,False,False,True,False,False
35,0,735,6,1,3,66,3,1,3,3506,6020,0,14,3,4,0,4,3,3,3,2,2,2,1168.6666666666667,0.6666666666666666,3.3333333333333335,0.75,0.6666666666666666,False,True,True,False,True,False,False,False,False,True,False,False,False,False,False,True,False,False,True,False,True
42,0,603,7,4,2,78,4,2,2,2372,5628,6,16,3,4,0,18,2,3,1,0,0,0,2372.0,0.0,2.6666666666666665,0.05555555555555555,0.0,False,True,True,False,False,False,True,False,False,False,False,False,False,False,False,True,False,False,True,False,True
43,0,531,4,4,4,56,2,3,4,10231,20364,3,14,3,4,0,23,3,4,21,7,15,17,487.1904761904762,0.7142857142857143,4.0,0.9130434782608695,0.8095238095238095,False,True,False,True,False,True,False,False,False,False,False,False,False,False,False,False,True,False,False,True,False
36,0,429,2,4,3,53,3,2,2,5410,2323,9,11,3,4,0,18,2,3,16,14,5,12,338.125,0.3125,3.0,0.8888888888888888,0.75,False,True,True,False,True,False,False,False,False,False,False,False,False,True,False,False,False,False,False,True,True
44,1,621,15,3,1,73,3,3,4,7978,14075,1,11,3,4,1,10,2,3,10,7,0,5,797.8,0.0,3.0,1.0,0.5,False,True,True,False,False,False,True,False,False,False,False,False,False,False,False,False,False,False,True,False,False
28,0,193,2,3,4,52,2,1,4,3867,14222,1,12,3,2,1,2,2,3,2,2,2,2,1933.5,1.0,3.3333333333333335,1.0,1.0,True,False,True,False,True,False,False,False,False,True,False,True,False,False,False,False,False,False,True,False,True
51,0,968,6,2,2,40,2,1,3,2838,4257,0,14,3,2,0,8,6,2,7,0,7,7,405.42857142857144,1.0,2.3333333333333335,0.875,1.0,True,False,True,False,False,False,True,False,False,False,False,True,False,False,False,False,False,False,False,True,False
30,0,879,9,2,3,72,3,2,3,4695,12858,7,18,3,3,0,10,3,3,8,4,1,7,586.875,0.125,3.0,0.8,0.875,False,False,True,False,False,False,True,False,False,False,False,False,False,True,False,False,False,False,False,True,True
29,1,806,7,3,2,39,3,1,3,3339,17285,3,13,3,1,2,10,2,3,7,7,7,7,477.0,1.0,2.0,0.7,1.0,False,True,True,False,False,False,False,False,True,False,False,True,False,False,False,False,False,False,False,False,True
28,0,640,1,3,4,84,3,1,1,2080,4732,2,11,3,2,0,5,2,2,3,2,1,2,693.3333333333334,0.3333333333333333,2.3333333333333335,0.6,0.6666666666666666,False,True,True,False,False,False,False,False,True,True,False,False,False,False,False,True,False,False,False,True,False
25,0,266,1,3,4,40,3,1,2,2096,18830,1,18,3,4,0,2,3,2,2,2,2,1,1048.0,1.0,3.3333333333333335,1.0,0.5,False,True,True,False,False,False,True,False,False,False,False,False,False,False,False,True,False,False,False,True,False
32,0,604,8,3,3,56,4,2,4,6209,11693,1,15,3,3,2,10,4,4,10,7,0,8,620.9,0.0,3.3333333333333335,1.0,0.8,False,True,False,True,False,False,True,False,False,True,False,False,False,False,False,False,True,False,True,False,False
45,0,364,25,3,2,83,3,5,2,18061,13035,3,22,4,3,0,22,4,3,0,0,0,0,18061.0,0.0,2.3333333333333335,0.0,0.0,True,False,True,False,False,False,True,False,False,False,False,False,True,False,False,False,False,False,False,True,False
39,0,412,13,4,3,94,2,4,2,17123,17334,6,13,3,4,2,21,4,3,19,9,15,2,901.2105263157895,0.7894736842105263,3.0,0.9047619047619048,0.10526315789473684,False,True,True,False,False,False,True,False,False,False,False,False,True,False,False,False,False,False,False,False,True
58,0,848,23,4,1,88,3,1,3,2372,26076,1,12,3,4,2,2,3,3,2,2,2,2,1186.0,1.0,2.6666666666666665,1.0,1.0,False,True,True,False,True,False,False,False,False,True,False,False,False,False,False,True,False,False,False,False,False
32,1,1089,7,2,4,79,3,2,3,4883,22845,1,18,3,1,1,10,3,3,10,4,1,1,488.3,0.1,2.6666666666666665,1.0,0.1,False,True,True,False,True,False,False,False,False,True,False,True,False,False,False,False,False,False,True,False,False
39,1,360,23,3,3,93,3,1,1,3904,22154,0,13,3,1,0,6,2,3,5,2,0,3,780.8,0.0,1.6666666666666667,0.8333333333333334,0.6,False,True,True,False,False,False,True,False,False,True,False,False,False,False,False,True,False,False,False,True,False
30,0,1138,6,3,1,48,2,2,4,4627,23631,0,12,3,1,1,10,6,3,9,2,6,7,514.1111111111111,0.6666666666666666,2.0,0.9,0.7777777777777778,False,True,True,False,False,False,False,False,True,False,False,True,False,False,False,False,False,False,True,False,False
36,0,325,10,4,4,63,3,3,3,7094,5747,3,12,3,1,0,10,0,3,7,7,1,7,1013.4285714285714,0.14285714285714285,2.6666666666666665,0.7,1.0,False,True,True,False,False,False,False,False,True,False,False,False,False,False,False,False,False,False,True,False,False
46,0,991,1,2,4,44,3,1,1,3423,22957,6,12,3,3,0,10,3,4,7,6,5,7,489.0,0.7142857142857143,2.6666666666666665,0.7,1.0,False,True,False,False,True,False,False,False,False,False,True,False,False,False,False,False,False,False,False,True,False
28,0,1476,1,3,3,55,1,2,4,6674,16392,0,11,3,1,3,10,6,3,9,8,7,5,741.5555555555555,0.7777777777777778,2.6666666666666665,0.9,0.5555555555555556,False,False,True,False,True,False,False,False,False,False,False,True,False,False,False,False,False,False,True,False,False
50,0,1322,28,3,4,43,3,4,1,16880,22422,4,11,3,2,0,25,2,3,3,2,1,2,5626.666666666667,0.3333333333333333,2.3333333333333335,0.12,0.6666666666666666,False,True,True,False,True,False,False,False,False,False,False,False,False,False,True,False,False,False,True,False,True
40,1,299,25,4,4,57,2,3,2,9094,17235,2,12,3,3,0,9,2,3,5,4,1,0,1818.8,0.2,3.0,0.5555555555555556,0.0,False,True,False,True,False,True,False,False,False,True,False,False,False,False,False,False,True,False,False,True,True
52,1,1030,5,3,2,64,3,3,2,8446,21534,9,19,3,3,0,10,2,2,8,7,7,7,1055.75,0.875,2.3333333333333335,0.8,0.875,False,True,False,True,True,False,False,False,False,True,False,False,False,False,False,False,True,False,False,True,True
30,0,634,17,4,2,95,3,3,1,11916,25927,1,23,4,4,2,9,2,3,9,1,0,8,1324.0,0.0,2.3333333333333335,1.0,0.8888888888888888,False,True,True,False,False,False,True,False,False,False,False,False,True,False,False,False,False,False,True,False,True
39,0,524,18,2,1,32,3,2,3,4534,13352,0,11,3,1,0,9,6,3,8,7,1,7,566.75,0.125,1.6666666666666667,0.8888888888888888,0.875,False,True,True,False,True,False,False,False,False,True,False,False,False,True,False,False,False,False,False,True,False
31,0,587,2,4,4,57,3,3,3,9852,8935,1,19,3,1,1,10,5,2,10,8,9,6,985.2,0.9,2.6666666666666665,1.0,0.6,False,False,False,True,True,False,False,False,False,False,False,False,False,False,False,False,True,False,False,False,True
41,0,256,10,2,3,40,1,2,2,6151,22074,1,13,3,1,0,19,4,3,19,2,11,9,323.7368421052632,0.5789473684210527,2.0,1.0,0.47368421052631576,False,False,False,True,False,False,True,False,False,True,False,False,False,False,False,False,True,False,False,True,False
31,1,1060,1,3,4,54,3,1,2,2302,8319,1,11,3,1,0,3,2,4,3,2,2,2,767.3333333333334,0.6666666666666666,2.3333333333333335,1.0,0.6666666666666666,True,False,False,True,True,False,False,False,False,False,False,False,False,False,False,False,False,True,False,True,True
44,1,935,3,3,1,89,3,1,1,2362,14669,4,12,3,3,0,10,4,4,3,2,1,2,787.3333333333334,0.3333333333333333,1.6666666666666667,0.3,0.6666666666666666,False,True,True,False,True,False,False,False,False,True,False,True,False,False,False,False,False,False,True,False,False
42,0,495,2,1,3,37,3,4,3,17861,26582,0,13,3,4,0,21,3,2,20,8,2,10,893.05,0.1,3.3333333333333335,0.9523809523809523,0.5,False,False,True,False,True,False,False,False,False,True,False,False,True,False,False,False,False,False,True,False,True
55,0,282,2,2,4,58,1,5,3,19187,6992,4,14,3,4,1,23,5,3,19,9,9,11,1009.8421052631579,0.47368421052631576,3.6666666666666665,0.8260869565217391,0.5789473684210527,False,True,True,False,False,False,True,False,False,False,False,False,True,False,False,False,False,False,True,False,False
56,0,206,8,4,4,99,3,5,2,19717,4022,6,14,3,1,0,36,4,3,7,3,7,7,2816.714285714286,1.0,2.3333333333333335,0.19444444444444445,1.0,False,True,False,False,True,False,False,False,False,True,False,False,True,False,False,False,False,False,False,True,False
40,0,458,16,2,3,74,3,1,3,3544,8532,9,16,3,2,1,6,0,3,4,2,0,0,886.0,0.0,2.6666666666666665,0.6666666666666666,0.0,False,False,True,False,True,False,False,False,False,True,False,False,False,False,False,True,False,False,False,False,False
34,0,943,9,3,4,86,3,3,4,8500,5494,0,11,3,4,1,10,0,2,9,7,1,6,944.4444444444445,0.1111111111111111,4.0,0.9,0.6666666666666666,False,True,True,False,True,False,False,False,False,True,False,False,False,False,False,False,False,False,False,False,False
40,0,523,2,3,3,98,3,2,4,4661,22455,1,13,3,3,0,9,4,3,9,8,8,8,517.8888888888889,0.8888888888888888,3.3333333333333335,1.0,0.8888888888888888,False,True,True,False,True,False,False,False,False,True,False,False,False,False,False,True,False,False,False,True,False
41,0,1018,1,3,3,66,3,2,1,4103,4297,0,17,3,4,1,10,2,3,9,3,1,7,455.8888888888889,0.1111111111111111,2.6666666666666665,0.9,0.7777777777777778,True,False,False,True,False,True,False,False,False,False,False,False,False,False,False,False,True,False,False,False,False
35,0,482,4,4,3,87,3,2,3,4249,2690,1,11,3,2,0,9,3,3,9,6,1,1,472.1111111111111,0.1111111111111111,2.6666666666666665,1.0,0.1111111111111111,True,False,True,False,True,False,False,False,False,True,False,False,False,False,False,True,False,False,False,True,True
51,0,770,5,3,3,84,3,4,2,14026,17588,1,11,3,2,1,33,2,3,33,9,0,10,425.030303030303,0.0,2.3333333333333335,1.0,0.30303030303030304,False,True,False,False,True,False,False,False,False,True,False,False,True,False,False,False,False,False,False,False,True
38,0,1009,2,2,2,31,3,2,1,6893,19461,3,15,3,4,1,11,3,3,7,7,1,7,984.7142857142857,0.14285714285714285,2.3333333333333335,0.6363636363636364,1.0,False,True,False,True,True,False,False,False,False,False,False,False,False,False,False,False,True,False,False,False,False
34,0,507,15,2,3,66,3,2,1,6125,23553,1,12,3,4,0,10,6,4,10,8,9,6,612.5,0.9,2.6666666666666665,1.0,0.6,False,True,False,True,False,False,True,False,False,False,False,False,False,False,False,False,True,False,False,True,False
25,0,882,19,1,4,67,3,1,4,3669,9075,3,11,3,3,3,7,6,2,3,2,1,2,1223.0,0.3333333333333333,3.6666666666666665,0.42857142857142855,0.6666666666666666,False,True,True,False,False,False,True,False,False,True,False,True,False,False,False,False,False,False,True,False,False
58,1,601,7,4,3,53,2,3,1,10008,12023,7,14,3,4,0,31,0,2,10,9,5,9,1000.8,0.5,2.6666666666666665,0.3225806451612903,0.9,False,True,True,False,False,False,True,False,False,False,False,False,False,True,False,False,False,False,True,False,True
40,0,329,1,4,2,88,3,1,2,2387,6762,3,22,4,3,1,7,3,3,4,2,0,3,596.75,0.0,2.3333333333333335,0.5714285714285714,0.75,False,True,True,False,True,False,False,False,False,True,False,True,False,False,False,False,False,False,True,False,False
36,0,607,7,3,1,83,4,2,1,4639,2261,2,16,3,4,1,17,2,2,15,7,6,13,309.26666666666665,0.4,2.0,0.8823529411764706,0.8666666666666667,True,False,False,True,False,True,False,False,False,False,False,False,False,False,False,False,True,False,True,False,False
48,0,855,4,3,4,54,3,3,4,7898,18706,1,11,3,3,0,11,2,3,10,9,0,8,789.8,0.0,3.6666666666666665,0.9090909090909091,0.8,False,True,True,False,True,False,False,False,False,True,False,False,False,True,False,False,False,False,False,True,False
27,0,1291,11,3,3,98,4,1,4,2534,6527,8,14,3,2,1,5,4,3,1,0,0,0,2534.0,0.0,3.0,0.2,0.0,False,True,False,True,False,False,True,False,False,False,False,False,False,False,False,False,False,True,True,False,False
51,0,1405,11,2,4,82,2,4,2,13142,24439,3,16,3,2,0,29,1,2,5,2,0,3,2628.4,0.0,2.6666666666666665,0.1724137931034483,0.6,False,True,True,False,False,False,False,False,True,False,False,False,False,True,False,False,False,False,False,True,False
18,0,1124,1,3,4,97,3,1,4,1611,19305,1,15,3,3,0,0,5,4,0,0,0,0,1611.0,0.0,3.6666666666666665,0.0,0.0,False,False,True,False,True,False,False,False,False,False,False,True,False,False,False,False,False,False,False,True,False
35,0,817,1,3,4,60,2,2,4,5363,10846,0,12,3,2,1,10,0,3,9,7,0,0,595.8888888888889,0.0,3.3333333333333335,0.9,0.0,False,True,True,False,False,False,True,False,False,False,False,True,False,False,False,False,False,False,True,False,False
27,0,793,2,1,4,43,1,2,4,5071,20392,3,20,4,2,0,8,3,3,6,2,0,0,845.1666666666666,0.0,3.3333333333333335,0.75,0.0,True,False,False,True,True,False,False,False,False,True,False,False,False,False,False,False,True,False,False,True,False
55,1,267,13,4,1,85,4,4,3,13695,9277,6,17,3,3,0,24,2,2,19,7,3,8,720.7894736842105,0.15789473684210525,2.3333333333333335,0.7916666666666666,0.42105263157894735,False,True,False,True,False,True,False,False,False,True,False,False,False,False,False,False,True,False,False,True,True
56,0,1369,23,3,4,68,3,4,2,13402,18235,4,12,3,1,1,33,0,3,19,16,15,9,705.3684210526316,0.7894736842105263,2.3333333333333335,0.5757575757575758,0.47368421052631576,False,True,True,False,True,False,False,False,False,True,False,False,False,True,False,False,False,False,True,False,True
34,0,999,26,1,1,92,2,1,3,2029,15891,1,20,4,3,3,5,2,3,5,4,0,0,405.8,0.0,2.3333333333333335,1.0,0.0,False,False,True,False,False,False,False,False,True,False,False,False,False,False,False,True,False,False,False,False,False
40,0,1202,2,1,2,89,4,2,3,6377,13888,5,20,4,2,3,15,0,3,12,11,11,8,531.4166666666666,0.9166666666666666,2.3333333333333335,0.8,0.6666666666666666,False,True,True,False,False,False,True,False,False,False,False,False,False,False,False,False,False,False,False,False,False
34,0,285,29,3,2,86,3,2,3,5429,17491,4,13,3,1,2,10,1,3,8,7,7,7,678.625,0.875,2.0,0.8,0.875,False,True,True,False,False,False,True,False,False,True,False,True,False,False,False,False,False,False,True,False,False
31,1,703,2,3,3,90,2,1,4,2785,11882,7,14,3,3,0,3,3,4,1,0,0,0,2785.0,0.0,3.3333333333333335,0.3333333333333333,0.0,True,False,False,True,True,False,False,False,False,False,False,False,False,False,False,False,False,True,False,True,False
35,1,662,18,4,4,67,3,2,3,4614,23288,0,18,3,3,1,5,0,2,4,2,3,2,1153.5,0.75,3.3333333333333335,0.8,0.5,True,False,False,True,False,True,False,False,False,False,False,False,False,False,False,False,True,False,True,False,True
38,0,693,7,3,4,57,4,1,3,2610,15748,1,11,3,4,3,4,2,3,4,2,0,3,652.5,0.0,3.6666666666666665,1.0,0.75,True,False,True,False,True,False,False,False,False,True,False,False,False,False,False,True,False,False,False,False,False
34,0,404,2,4,3,98,3,2,4,6687,6163,1,11,3,4,0,14,2,4,14,11,4,11,477.64285714285717,0.2857142857142857,3.6666666666666665,1.0,0.7857142857142857,False,True,True,False,False,False,False,False,True,False,False,False,False,False,False,False,False,False,False,True,False
28,0,736,26,3,3,48,2,2,1,4724,24232,1,11,3,3,1,5,0,3,5,3,0,4,944.8,0.0,2.3333333333333335,1.0,0.8,False,True,False,True,True,False,False,False,False,True,False,False,False,False,False,False,True,False,True,False,False
31,1,330,22,4,4,98,3,2,3,6179,21057,1,15,3,4,2,10,3,2,10,2,6,7,617.9,0.6,3.6666666666666665,1.0,0.7,False,True,True,False,False,False,True,False,False,True,False,False,False,True,False,False,False,False,True,False,True
39,0,1498,21,4,1,44,2,2,4,6120,3567,3,12,3,4,2,8,2,4,5,4,1,4,1224.0,0.2,3.0,0.625,0.8,False,True,False,True,True,False,False,False,False,True,False,False,False,False,False,False,True,False,True,False,True
51,0,541,2,3,2,52,3,3,2,10596,15395,2,11,3,2,0,14,5,3,4,2,3,2,2649.0,0.75,2.0,0.2857142857142857,0.5,True,False,False,True,False,True,False,False,False,True,False,False,False,False,False,False,True,False,True,False,False
41,0,1200,22,3,4,75,3,2,4,5467,13953,3,14,3,1,2,12,4,2,6,2,3,3,911.1666666666666,0.5,3.0,0.5,0.5,True,False,True,False,True,False,False,False,False,False,False,False,False,False,False,True,False,False,False,False,True
37,0,1439,4,1,3,54,3,1,3,2996,5182,7,15,3,4,0,8,2,3,6,4,1,3,499.3333333333333,0.16666666666666666,3.3333333333333335,0.75,0.5,False,True,True,False,True,False,False,False,False,True,False,False,False,False,False,True,False,False,True,False,True
33,0,1111,5,1,2,61,3,2,4,9998,19293,6,13,3,1,0,8,2,4,5,4,1,2,1999.6,0.2,2.3333333333333335,0.625,0.4,True,False,False,True,True,False,False,False,False,True,False,False,False,False,False,False,True,False,True,False,False
32,0,499,2,1,3,36,3,2,2,4078,20497,0,13,3,1,3,4,3,2,3,2,1,2,1359.3333333333333,0.3333333333333333,2.0,0.75,0.6666666666666666,False,True,False,True,False,True,False,False,False,True,False,False,False,False,False,False,True,False,True,False,True
39,0,1485,25,2,3,71,3,3,3,10920,3449,3,21,4,2,1,13,2,3,6,4,0,5,1820.0,0.0,2.6666666666666665,0.46153846153846156,0.8333333333333334,False,False,True,False,True,False,False,False,False,True,False,False,False,False,False,False,False,False,True,False,False
25,0,1372,18,1,1,93,4,2,3,6232,12477,2,11,3,2,0,6,3,2,3,2,1,2,2077.3333333333335,0.3333333333333333,2.0,0.5,0.6666666666666666,False,True,False,True,True,False,False,False,False,True,False,False,False,False,False,False,True,False,True,False,False
52,0,322,28,2,4,59,4,4,3,13247,9731,2,11,3,2,1,24,3,2,5,3,0,2,2649.4,0.0,3.0,0.20833333333333334,0.4,True,False,True,False,False,False,True,False,False,False,False,False,False,True,False,False,False,False,True,False,True
43,0,930,6,3,1,73,2,2,3,4081,20003,1,14,3,1,0,20,3,1,20,7,1,8,204.05,0.05,1.6666666666666667,1.0,0.4,False,True,True,False,False,False,True,False,False,False,False,False,False,False,False,True,False,False,False,True,True
27,0,205,10,3,4,98,2,2,4,5769,7100,1,11,3,4,0,6,3,3,6,2,4,4,961.5,0.6666666666666666,4.0,1.0,0.6666666666666666,False,True,False,True,False,True,False,False,False,False,False,False,False,False,False,False,True,False,True,False,True
27,1,135,17,4,4,51,3,1,3,2394,25681,1,13,3,4,0,8,2,3,8,2,7,7,299.25,0.875,3.6666666666666665,1.0,0.875,False,True,True,False,True,False,False,False,False,False,False,False,False,False,False,True,False,False,False,True,True
26,0,683,2,1,1,36,2,1,4,3904,4050,0,12,3,4,0,5,2,3,4,3,1,1,976.0,0.25,3.0,0.8,0.25,False,True,True,False,False,False,True,False,False,True,False,False,False,False,False,True,False,False,False,True,False
42,0,1147,10,3,3,31,3,4,1,16799,16616,0,14,3,3,1,21,5,3,20,7,0,9,839.95,0.0,2.3333333333333335,0.9523809523809523,0.45,False,True,False,False,False,False,False,False,False,False,False,False,True,False,False,False,False,False,True,False,False
52,0,258,8,4,3,54,3,1,1,2950,17363,9,13,3,3,0,12,2,1,5,4,0,4,590.0,0.0,2.3333333333333335,0.4166666666666667,0.8,False,True,True,False,False,False,False,True,False,False,False,True,False,False,False,False,False,False,True,False,False
37,0,1462,11,3,1,94,3,1,3,3629,19106,4,18,3,1,0,8,6,3,3,2,0,2,1209.6666666666667,0.0,1.6666666666666667,0.375,0.6666666666666666,False,True,True,False,False,False,True,False,False,False,False,True,False,False,False,False,False,False,False,True,False
35,0,200,18,2,3,60,3,3,4,9362,19944,2,11,3,3,0,10,2,3,2,2,2,2,4681.0,1.0,3.3333333333333335,0.2,1.0,True,False,True,False,True,False,False,False,False,True,False,False,False,True,False,False,False,False,False,True,False
25,0,949,1,3,1,81,3,1,4,3229,4910,4,11,3,2,1,7,2,2,3,2,0,2,1076.3333333333333,0.0,2.3333333333333335,0.42857142857142855,0.6666666666666666,False,True,True,False,False,False,False,False,True,True,False,True,False,False,False,False,False,False,True,False,False
26,0,652,7,3,3,100,4,1,1,3578,23577,0,12,3,4,0,8,2,3,7,7,0,7,511.14285714285717,0.0,2.6666666666666665,0.875,1.0,False,True,True,False,False,False,False,True,False,True,False,True,False,False,False,False,False,False,False,True,False
29,0,332,17,3,2,51,2,3,1,7988,9769,1,13,3,1,0,10,3,2,10,9,0,9,798.8,0.0,1.3333333333333333,1.0,0.9,False,True,False,False,False,False,False,True,False,True,True,False,False,False,False,False,False,False,False,True,False
49,1,1475,28,2,1,97,2,2,1,4284,22710,3,20,4,1,0,20,2,3,4,3,1,3,1071.0,0.25,1.0,0.2,0.75,True,False,True,False,True,False,False,False,False,True,False,True,False,False,False,False,False,False,False,True,False
29,1,337,14,1,3,84,3,3,4,7553,22930,0,12,3,1,0,9,1,3,8,7,7,7,944.125,0.875,2.6666666666666665,0.8888888888888888,0.875,True,False,True,False,False,False,False,True,False,False,False,False,False,False,False,False,False,False,False,True,True
54,0,971,1,3,4,54,3,4,4,17328,5652,6,19,3,4,0,29,3,2,20,7,12,7,866.4,0.6,4.0,0.6896551724137931,0.35,False,True,True,False,False,False,True,False,False,False,False,False,False,False,True,False,False,False,False,True,False
58,0,1055,1,3,4,76,3,5,1,19701,22456,3,21,4,3,1,32,3,3,9,8,1,5,2189.0,0.1111111111111111,2.6666666666666665,0.28125,0.5555555555555556,False,True,True,False,False,False,True,False,False,False,False,False,False,False,True,False,False,False,True,False,True
55,0,1136,1,4,2,81,4,4,4,14732,12414,2,13,3,4,2,31,4,4,7,7,0,0,2104.5714285714284,0.0,3.3333333333333335,0.22580645161290322,0.0,False,True,True,False,False,False,True,False,False,True,False,False,False,False,True,False,False,False,False,False,False
36,0,1174,3,4,1,99,3,2,2,9278,20763,3,16,3,4,0,15,3,3,5,4,0,1,1855.6,0.0,2.3333333333333335,0.3333333333333333,0.2,False,True,False,True,False,True,False,False,False,False,False,False,False,False,False,False,True,False,False,True,True
31,1,667,1,4,2,50,1,1,3,1359,16154,1,12,3,2,0,1,3,3,1,0,0,0,1359.0,0.0,2.3333333333333335,1.0,0.0,True,False,False,True,True,False,False,False,False,False,False,False,False,False,False,False,False,True,False,True,False
30,0,855,7,4,4,73,3,2,1,4779,12761,7,14,3,2,2,8,3,3,3,2,0,2,1593.0,0.0,2.3333333333333335,0.375,0.6666666666666666,False,True,False,True,False,True,False,False,False,False,False,False,False,False,False,False,True,False,False,False,False
31,0,182,8,5,1,93,3,4,2,16422,8847,3,11,3,3,0,9,3,4,3,2,1,0,5474.0,0.3333333333333333,2.0,0.3333333333333333,0.0,False,True,True,False,True,False,False,False,False,False,False,False,False,False,True,False,False,False,False,True,False
34,0,560,1,4,4,91,3,1,1,2996,20284,5,14,3,3,2,10,2,3,4,3,1,3,749.0,0.25,2.6666666666666665,0.4,0.75,True,False,True,False,False,False,False,True,False,True,False,False,False,False,False,True,False,False,False,False,False
31,1,202,8,3,1,34,2,1,2,1261,22262,1,12,3,3,0,1,3,4,1,0,0,0,1261.0,0.0,2.0,1.0,0.0,False,True,True,False,True,False,False,False,False,False,False,False,False,False,False,True,False,False,False,True,False
27,0,1377,11,1,2,91,3,1,1,2099,7679,0,14,3,2,0,6,3,4,5,0,1,4,419.8,0.2,1.6666666666666667,0.8333333333333334,0.8,False,True,True,False,True,False,False,False,False,True,False,True,False,False,False,False,False,False,True,False,False
36,0,172,4,4,1,37,2,2,4,5810,22604,1,16,3,3,0,10,2,2,10,4,1,8,581.0,0.1,2.6666666666666665,1.0,0.8,False,True,True,False,True,False,False,False,False,True,False,True,False,False,False,False,False,False,False,True,False
36,0,329,16,4,3,98,2,2,1,5647,13494,4,13,3,1,2,11,3,2,3,2,0,2,1882.3333333333333,0.0,1.6666666666666667,0.2727272727272727,0.6666666666666666,False,True,False,True,False,True,False,False,False,False,False,False,False,False,False,False,True,False,True,False,False
47,0,465,1,3,1,74,3,1,4,3420,10205,7,12,3,3,1,17,2,2,6,5,1,2,570.0,0.16666666666666666,2.6666666666666665,0.35294117647058826,0.3333333333333333,False,True,True,False,False,False,False,False,True,True,False,False,False,False,False,True,False,False,True,False,False
25,1,383,9,2,1,68,2,1,1,4400,15182,3,12,3,1,0,6,2,3,3,2,2,2,1466.6666666666667,0.6666666666666666,1.0,0.5,0.6666666666666666,False,True,False,True,True,False,False,False,False,True,False,False,False,False,False,False,False,True,True,False,False
37,0,1413,5,2,3,84,4,1,3,3500,25470,0,14,3,1,0,7,2,1,6,5,1,3,583.3333333333334,0.16666666666666666,2.3333333333333335,0.8571428571428571,0.5,False,False,True,False,False,False,False,False,True,True,False,True,False,False,False,False,False,False,False,True,False
56,0,1255,1,2,1,90,3,1,1,2066,10494,2,22,4,4,1,5,3,4,3,2,1,0,688.6666666666666,0.3333333333333333,2.0,0.6,0.0,False,True,True,False,True,False,False,False,False,False,False,False,False,False,False,True,False,False,True,False,False
47,0,359,2,4,1,82,3,4,3,17169,26703,3,19,3,2,2,26,2,4,20,17,5,6,858.45,0.25,2.0,0.7692307692307693,0.3,False,True,True,False,False,False,True,False,False,False,False,False,False,False,True,False,False,False,True,False,False
24,0,1476,4,1,4,42,3,2,3,4162,15211,1,12,3,3,2,5,3,3,5,4,0,3,832.4,0.0,3.3333333333333335,1.0,0.6,False,True,False,True,False,False,True,False,False,False,False,False,False,False,False,False,True,False,True,False,True
32,0,601,7,5,4,97,3,2,4,9204,23343,4,12,3,3,1,7,3,2,4,3,0,3,2301.0,0.0,3.6666666666666665,0.5714285714285714,0.75,False,True,False,True,False,True,False,False,False,True,False,False,False,False,False,False,True,False,True,False,False
34,0,401,1,3,4,86,2,1,2,3294,3708,5,17,3,1,1,7,2,2,5,4,0,2,658.8,0.0,2.3333333333333335,0.7142857142857143,0.4,False,True,True,False,True,False,False,False,False,False,False,True,False,False,False,False,False,False,True,False,False
41,0,1283,5,5,2,90,4,1,3,2127,5561,2,12,3,1,0,7,5,2,4,2,0,3,531.75,0.0,2.0,0.5714285714285714,0.75,False,True,True,False,False,False,True,False,False,True,False,False,False,False,False,True,False,False,True,False,True
40,0,663,9,4,3,81,3,2,3,3975,23099,3,11,3,3,2,11,2,4,8,7,0,7,496.875,0.0,3.0,0.7272727272727273,0.875,False,False,True,False,False,False,False,True,False,True,False,True,False,False,False,False,False,False,False,False,False
31,0,326,8,2,1,31,3,3,4,10793,8386,1,18,3,1,1,13,5,3,13,7,9,9,830.2307692307693,0.6923076923076923,2.0,1.0,0.6923076923076923,False,True,False,True,True,False,False,False,False,True,False,False,False,False,False,False,True,False,False,False,False
46,1,377,9,3,1,52,3,3,4,10096,15986,4,11,3,1,1,28,1,4,7,7,4,3,1442.2857142857142,0.5714285714285714,2.0,0.25,0.42857142857142855,False,True,False,True,False,True,False,False,False,True,False,False,False,False,False,False,True,False,False,False,False
39,1,592,2,3,1,54,2,1,1,3646,17181,2,23,4,2,0,11,2,4,1,0,0,0,3646.0,0.0,1.3333333333333333,0.09090909090909091,0.0,False,False,True,False,True,False,False,False,False,False,False,True,False,False,False,False,False,False,False,True,True
31,1,1445,1,5,3,100,4,3,2,7446,8931,1,11,3,1,0,10,2,3,10,8,4,7,744.6,0.4,2.0,1.0,0.7,True,False,True,False,True,False,False,False,False,False,False,False,False,True,False,False,False,False,False,True,False
45,0,1038,20,3,2,95,1,3,1,10851,19863,2,18,3,2,1,24,2,3,7,7,0,7,1550.142857142857,0.0,1.6666666666666667,0.2916666666666667,1.0,False,True,True,False,False,False,True,False,False,True,False,False,False,False,False,False,False,False,False,False,True
31,0,1398,8,2,4,96,4,1,2,2109,24609,9,18,3,4,0,8,3,3,3,2,0,2,703.0,0.0,3.3333333333333335,0.375,0.6666666666666666,False,True,False,False,False,False,True,False,False,False,True,False,False,False,False,False,False,False,False,True,False
31,1,523,2,3,2,94,3,1,4,3722,21081,6,13,3,3,1,7,2,1,2,2,2,2,1861.0,1.0,3.0,0.2857142857142857,1.0,True,False,True,False,True,False,False,False,False,True,False,True,False,False,False,False,False,False,True,False,True
45,0,1448,29,3,2,55,3,3,4,9380,14720,4,18,3,4,2,10,4,4,3,1,1,2,3126.6666666666665,0.3333333333333333,3.3333333333333335,0.3,0.6666666666666666,False,True,True,False,False,False,False,False,True,True,False,False,False,True,False,False,False,False,True,False,True
48,0,1221,7,3,3,96,3,2,1,5486,24795,4,11,3,1,3,15,3,3,2,2,2,2,2743.0,1.0,1.6666666666666667,0.13333333333333333,1.0,False,True,False,True,False,True,False,False,False,True,False,False,False,False,False,False,True,False,False,False,False
34,1,1107,9,4,1,52,3,1,3,2742,3072,1,15,3,4,0,2,0,3,2,2,2,2,1371.0,1.0,2.6666666666666665,1.0,1.0,False,True,False,False,False,False,False,False,True,False,True,False,False,False,False,False,False,False,True,False,False
40,0,218,8,1,4,55,2,3,2,13757,25178,2,11,3,3,1,16,5,3,9,8,4,8,1528.5555555555557,0.4444444444444444,3.0,0.5625,0.8888888888888888,False,False,True,False,False,False,True,False,False,True,False,False,False,False,True,False,False,False,False,False,False
28,0,866,5,3,4,84,3,2,1,8463,23490,0,18,3,4,0,6,4,3,5,4,1,3,1692.6,0.2,3.0,0.8333333333333334,0.6,False,True,False,True,False,False,True,False,False,True,False,False,False,False,False,False,True,False,False,True,False
44,0,981,5,3,3,90,2,1,3,3162,7973,3,14,3,4,0,7,5,3,5,2,0,3,632.4,0.0,3.3333333333333335,0.7142857142857143,0.6,False,False,True,False,True,False,False,False,False,True,False,True,False,False,False,False,False,False,False,True,False
53,0,447,2,3,4,39,4,4,2,16598,19764,4,12,3,2,0,35,2,2,9,8,8,8,1844.2222222222222,0.8888888888888888,2.6666666666666665,0.2571428571428571,0.8888888888888888,False,True,True,False,False,False,True,False,False,True,False,False,False,False,True,False,False,False,False,True,False
49,0,1495,5,4,1,96,3,2,3,6651,21534,2,14,3,2,1,20,0,2,3,2,1,2,2217.0,0.3333333333333333,2.0,0.15,0.6666666666666666,False,True,True,False,False,False,False,False,True,True,False,False,False,False,False,False,False,False,True,False,False
40,0,896,2,3,3,68,3,1,3,2345,8045,2,14,3,3,1,8,3,4,3,1,1,2,781.6666666666666,0.3333333333333333,3.0,0.375,0.6666666666666666,False,True,True,False,False,False,True,False,False,True,False,False,False,False,False,True,False,False,False,False,False
44,0,1467,20,3,4,49,3,1,2,3420,21158,1,13,3,3,0,6,3,2,5,2,1,3,684.0,0.2,3.0,0.8333333333333334,0.6,False,True,True,False,True,False,False,False,False,True,False,False,False,False,False,True,False,False,False,True,False
33,0,430,7,3,4,54,3,2,1,4373,17456,0,14,3,1,2,5,2,3,4,3,0,3,1093.25,0.0,2.0,0.8,0.75,True,False,False,True,False,False,True,False,False,True,False,False,False,False,False,False,True,False,True,False,False
34,0,1326,3,3,4,81,1,2,1,4759,15891,3,18,3,4,0,15,2,3,13,9,3,12,366.0769230769231,0.23076923076923078,3.0,0.8666666666666667,0.9230769230769231,False,True,False,True,False,False,False,True,False,True,False,False,False,False,False,False,True,False,False,True,False
30,0,1358,16,1,4,96,3,2,3,5301,2939,8,15,3,3,2,4,2,2,2,1,2,2,2650.5,1.0,3.3333333333333335,0.5,1.0,False,True,False,True,True,False,False,False,False,True,False,False,False,False,False,False,True,False,True,False,False
42,0,748,9,2,1,74,3,1,4,3673,16458,1,13,3,3,0,12,3,3,12,9,5,8,306.0833333333333,0.4166666666666667,2.6666666666666665,1.0,0.6666666666666666,True,False,True,False,False,False,True,False,False,False,False,True,False,False,False,False,False,False,False,True,False
44,0,383,1,5,1,79,3,2,3,4768,9282,7,12,3,3,1,11,4,2,1,0,0,0,4768.0,0.0,2.3333333333333335,0.09090909090909091,0.0,True,False,False,True,False,True,False,False,False,False,False,False,False,False,False,False,True,False,True,False,False
30,0,990,7,3,3,64,3,1,3,1274,7152,1,13,3,2,2,1,2,2,1,0,0,0,1274.0,0.0,2.6666666666666665,1.0,0.0,False,False,True,False,False,False,False,False,True,True,False,False,False,False,False,True,False,False,False,False,False
57,0,405,1,2,2,93,4,2,3,4900,2721,0,24,4,1,1,13,2,2,12,9,2,8,408.3333333333333,0.16666666666666666,2.0,0.9230769230769231,0.6666666666666666,False,True,True,False,True,False,False,False,False,True,False,False,False,False,False,True,False,False,True,False,False
49,0,1490,7,4,3,35,3,3,2,10466,20948,3,14,3,2,2,29,3,3,8,7,0,7,1308.25,0.0,2.3333333333333335,0.27586206896551724,0.875,False,True,True,False,True,False,False,False,False,True,False,False,False,False,False,False,False,False,False,False,False
34,0,829,15,3,2,71,3,4,1,17007,11929,7,14,3,4,2,16,3,2,14,8,6,9,1214.7857142857142,0.42857142857142855,2.3333333333333335,0.875,0.6428571428571429,True,False,True,False,False,False,True,False,False,True,False,False,False,False,True,False,False,False,False,False,False
28,1,1496,1,3,1,92,3,1,3,2909,15747,3,15,3,4,1,5,3,4,3,2,1,2,969.6666666666666,0.3333333333333333,2.6666666666666665,0.6,0.6666666666666666,True,False,False,True,False,False,False,False,True,True,False,False,False,False,False,False,False,True,True,False,False
29,1,115,13,3,1,51,3,2,2,5765,17485,5,11,3,1,0,7,4,1,5,3,0,0,1153.0,0.0,1.3333333333333333,0.7142857142857143,0.0,True,False,False,True,False,False,False,False,True,False,False,False,False,False,False,False,True,False,False,True,False
34,1,790,24,4,1,40,2,2,2,4599,7815,0,23,4,3,0,16,2,4,15,9,10,10,306.6,0.6666666666666666,2.0,0.9375,0.6666666666666666,False,True,False,True,False,False,True,False,False,False,False,False,False,False,False,False,True,False,False,True,True
35,0,660,7,1,4,76,3,1,3,2404,16192,1,13,3,1,1,1,3,3,1,0,0,0,2404.0,0.0,2.6666666666666665,1.0,0.0,False,True,False,True,True,False,False,False,False,True,False,False,False,False,False,False,False,True,True,False,False
24,1,381,9,3,2,89,3,1,1,3172,16998,2,11,3,3,0,4,2,2,0,0,0,0,3172.0,0.0,2.0,0.0,0.0,True,False,True,False,False,False,True,False,False,True,False,True,False,False,False,False,False,False,False,True,True
24,0,830,13,2,4,78,3,1,2,2033,7103,1,13,3,3,1,1,2,3,1,0,0,0,2033.0,0.0,3.0,1.0,0.0,False,False,False,True,True,False,False,False,False,False,False,False,False,False,False,False,False,True,True,False,False
44,0,1193,2,1,2,86,3,3,3,10209,19719,5,18,3,2,0,16,2,2,2,2,2,2,5104.5,1.0,2.3333333333333335,0.125,1.0,True,False,True,False,False,False,True,False,False,True,False,False,False,True,False,False,False,False,False,True,True
29,0,1246,19,3,3,77,2,2,3,8620,23757,1,14,3,3,2,10,3,3,10,7,0,4,862.0,0.0,3.0,1.0,0.4,False,True,False,True,True,False,False,False,False,True,False,False,False,False,False,False,True,False,False,False,False
30,0,330,1,3,3,46,3,1,3,2064,15428,0,21,4,1,1,6,3,4,5,3,1,3,412.8,0.2,2.3333333333333335,0.8333333333333334,0.6,False,True,False,False,True,False,False,False,False,True,True,False,False,False,False,False,False,False,False,False,False
55,0,1229,4,4,4,30,3,2,3,4035,16143,0,16,3,2,0,4,2,3,3,2,1,2,1345.0,0.3333333333333333,3.0,0.75,0.6666666666666666,False,True,True,False,True,False,False,False,False,True,False,False,False,False,False,False,False,False,True,False,True
33,0,1099,4,4,1,82,2,1,2,3838,8192,8,11,3,4,0,8,5,3,5,4,0,2,767.6,0.0,2.3333333333333335,0.625,0.4,False,True,True,False,False,False,True,False,False,False,False,True,False,False,False,False,False,False,True,False,False
47,0,571,14,3,3,78,3,2,3,4591,24200,3,17,3,3,1,11,4,2,5,4,1,2,918.2,0.2,3.0,0.45454545454545453,0.4,False,True,False,True,False,False,True,False,False,False,False,False,False,False,False,False,True,False,True,False,True
28,1,289,2,2,3,38,2,1,1,2561,5355,7,11,3,3,0,8,2,2,0,0,0,0,2561.0,0.0,2.3333333333333335,0.0,0.0,True,False,True,False,False,False,True,False,False,True,False,True,False,False,False,False,False,False,False,True,False
28,0,1423,1,3,1,72,2,1,3,1563,12530,1,14,3,4,1,1,2,1,1,0,0,0,1563.0,0.0,2.6666666666666665,1.0,0.0,False,True,True,False,True,False,False,False,False,True,False,False,False,False,False,True,False,False,False,False,False
28,0,467,7,3,3,55,3,2,1,4898,11827,0,14,3,4,0,5,5,3,4,2,1,3,1224.5,0.25,2.6666666666666665,0.8,0.75,True,False,False,True,True,False,False,False,False,True,False,False,False,False,False,False,True,False,False,True,False
49,0,271,3,2,3,43,2,2,1,4789,23070,4,25,4,1,1,10,3,3,3,2,1,2,1596.3333333333333,0.3333333333333333,1.6666666666666667,0.3,0.6666666666666666,False,True,True,False,False,False,True,False,False,False,False,True,False,False,False,False,False,False,True,False,False
29,0,410,2,1,4,97,3,1,2,3180,4668,0,13,3,3,3,4,3,3,3,2,0,2,1060.0,0.0,3.0,0.75,0.6666666666666666,True,False,True,False,True,False,False,False,False,False,False,True,False,False,False,False,False,False,True,False,False
28,0,1083,29,1,3,96,1,2,2,6549,3173,1,14,3,2,2,8,2,2,8,6,1,7,818.625,0.125,2.3333333333333335,1.0,0.875,False,True,True,False,True,False,False,False,False,True,False,False,False,True,False,False,False,False,True,False,False
33,0,516,8,5,4,69,3,2,3,6388,22049,2,17,3,1,0,14,6,3,0,0,0,0,6388.0,0.0,2.6666666666666665,0.0,0.0,False,True,True,False,True,False,False,False,False,True,False,False,False,False,False,False,False,False,False,True,True
32,0,495,10,3,3,64,3,3,4,11244,21072,2,25,4,2,0,10,5,4,5,2,0,0,2248.8,0.0,3.0,0.5,0.0,False,True,True,False,False,False,True,False,False,True,False,False,True,False,False,False,False,False,False,True,False
54,0,1050,11,4,2,87,3,4,4,16032,24456,3,20,4,1,1,26,2,3,14,9,1,12,1145.142857142857,0.07142857142857142,2.3333333333333335,0.5384615384615384,0.8571428571428571,True,False,True,False,False,False,True,False,False,False,False,False,True,False,False,False,False,False,False,False,False
29,1,224,1,4,1,100,2,1,1,2362,7568,6,13,3,3,0,11,2,1,9,7,0,7,262.44444444444446,0.0,1.6666666666666667,0.8181818181818182,0.7777777777777778,False,True,True,False,False,False,False,False,True,True,False,False,False,False,False,True,False,False,False,True,False
44,0,136,28,3,4,32,3,4,1,16328,22074,3,13,3,3,1,24,1,4,20,6,14,17,816.4,0.7,2.6666666666666665,0.8333333333333334,0.85,False,True,True,False,True,False,False,False,False,True,False,False,False,False,True,False,False,False,True,False,False
39,0,1089,6,3,2,32,3,3,2,8376,9150,4,18,3,4,0,9,3,3,2,0,2,2,4188.0,1.0,2.6666666666666665,0.2222222222222222,1.0,False,True,True,False,True,False,False,False,False,False,False,False,False,True,False,False,False,False,False,True,False
46,0,228,3,3,3,51,3,4,2,16606,11380,8,12,3,4,1,23,2,4,13,12,5,1,1277.3846153846155,0.38461538461538464,3.0,0.5652173913043478,0.07692307692307693,False,True,False,True,True,False,False,False,False,False,False,False,True,False,False,False,False,False,True,False,False
35,0,1029,16,3,4,91,2,3,2,8606,21195,1,19,3,4,0,11,3,1,11,8,3,3,782.3636363636364,0.2727272727272727,3.3333333333333335,1.0,0.2727272727272727,False,True,True,False,True,False,False,False,False,False,False,False,False,False,False,False,False,False,False,True,False
23,0,507,20,1,1,97,3,2,3,2272,24812,0,14,3,2,0,5,2,3,4,3,1,2,568.0,0.25,2.0,0.8,0.5,False,True,True,False,True,False,False,False,False,True,False,True,False,False,False,False,False,False,False,True,False
40,1,676,9,4,4,86,3,1,1,2018,21831,3,14,3,2,0,15,3,1,5,4,1,0,403.6,0.2,2.3333333333333335,0.3333333333333333,0.0,False,True,True,False,True,False,False,False,False,True,False,True,False,False,False,False,False,False,False,True,False
34,0,971,1,3,4,64,2,3,3,7083,12288,1,14,3,4,0,10,3,3,10,9,8,6,708.3,0.8,3.6666666666666665,1.0,0.6,False,True,False,True,False,False,False,False,True,True,False,False,False,False,False,False,True,False,True,False,True
31,1,561,3,3,4,33,3,1,3,4084,4156,1,12,3,1,0,7,2,1,7,2,7,7,583.4285714285714,1.0,2.6666666666666665,1.0,1.0,True,False,True,False,True,False,False,False,False,False,False,False,False,False,False,True,False,False,False,True,False
50,0,333,22,5,3,88,1,4,4,14411,24450,1,13,3,4,0,32,2,3,32,6,13,9,450.34375,0.40625,3.6666666666666665,1.0,0.28125,True,False,True,False,False,False,True,False,False,True,False,False,False,False,True,False,False,False,False,True,True
34,0,1440,7,2,2,55,3,1,3,2308,4944,0,25,4,2,1,12,4,3,11,10,5,7,209.8181818181818,0.45454545454545453,2.3333333333333335,0.9166666666666666,0.6363636363636364,False,True,False,True,False,False,False,False,True,True,False,False,False,False,False,False,False,True,True,False,True
42,0,1210,2,3,3,68,2,1,2,4841,24052,4,14,3,2,1,4,3,3,1,0,0,0,4841.0,0.0,2.3333333333333335,0.25,0.0,False,True,True,False,False,False,True,False,False,True,False,True,False,False,False,False,False,False,True,False,False
37,0,674,13,3,1,47,3,2,4,4285,3031,1,17,3,1,0,10,2,3,10,8,3,7,428.5,0.3,2.0,1.0,0.7,False,True,True,False,False,False,True,False,False,True,False,False,False,False,False,True,False,False,True,False,False
29,0,441,8,1,3,39,1,2,1,9715,7288,3,13,3,3,1,9,3,3,7,7,0,7,1387.857142857143,0.0,2.3333333333333335,0.7777777777777778,1.0,False,True,True,False,False,False,False,True,False,False,False,False,False,False,False,False,False,False,True,False,False
33,0,575,25,3,4,44,2,2,2,4320,24152,1,13,3,4,0,5,2,3,5,3,0,2,864.0,0.0,3.3333333333333335,1.0,0.4,False,True,True,False,True,False,False,False,False,True,False,False,False,True,False,False,False,False,False,True,False
45,0,950,28,3,4,97,3,1,4,2132,4585,4,20,4,4,1,8,3,3,5,4,0,3,426.4,0.0,4.0,0.625,0.6,False,True,True,False,False,False,False,False,True,True,False,False,False,False,False,True,False,False,True,False,False
42,0,288,2,3,4,40,3,3,4,10124,18611,2,14,3,3,1,24,3,1,20,8,13,9,506.2,0.65,3.6666666666666665,0.8333333333333334,0.45,True,False,True,False,True,False,False,False,False,True,False,False,False,False,False,False,False,False,True,False,True
40,0,1342,9,2,1,47,3,2,1,5473,19345,0,12,3,4,0,9,5,4,8,4,7,1,684.125,0.875,2.0,0.8888888888888888,0.125,False,True,False,True,False,False,True,False,False,True,False,False,False,False,False,False,True,False,True,False,False
33,0,589,28,4,2,79,3,2,3,5207,22949,1,12,3,2,1,15,3,3,15,14,5,7,347.1333333333333,0.3333333333333333,2.3333333333333335,1.0,0.4666666666666667,False,True,True,False,True,False,False,False,False,True,False,True,False,False,False,False,False,False,True,False,True
40,0,898,6,2,3,38,3,4,4,16437,17381,1,21,4,4,0,21,2,3,21,7,7,7,782.7142857142857,0.3333333333333333,3.6666666666666665,1.0,0.3333333333333333,False,True,False,False,False,False,True,False,False,True,False,False,True,False,False,False,False,False,False,True,True
24,0,350,21,2,3,57,2,1,1,2296,10036,0,14,3,2,3,2,3,3,1,1,0,0,2296.0,0.0,2.0,0.5,0.0,False,True,True,False,False,False,False,False,True,True,False,True,False,False,False,False,False,False,False,False,False
40,0,1142,8,2,4,72,3,2,4,4069,8841,3,18,3,3,0,8,2,3,2,2,2,2,2034.5,1.0,3.6666666666666665,0.25,1.0,False,False,True,False,True,False,False,False,False,True,False,False,False,False,False,False,False,False,False,False,True
45,0,538,1,4,1,66,3,3,2,7441,20933,1,12,3,1,3,10,4,3,10,8,7,7,744.1,0.7,1.3333333333333333,1.0,0.7,False,True,True,False,False,False,False,False,True,True,False,False,False,False,False,False,False,False,False,False,False
35,0,1402,28,4,2,98,2,1,3,2430,26204,0,23,4,1,2,6,5,3,5,3,4,2,486.0,0.8,2.0,0.8333333333333334,0.4,False,True,False,True,True,False,False,False,False,False,False,False,False,False,False,False,False,True,True,False,False
32,0,824,5,2,4,67,2,2,2,5878,15624,3,12,3,1,1,12,2,3,7,1,2,5,839.7142857142857,0.2857142857142857,2.3333333333333335,0.5833333333333334,0.7142857142857143,False,True,True,False,True,False,False,False,False,False,False,False,False,False,False,True,False,False,True,False,False
36,0,1157,2,4,3,70,3,1,4,2644,17001,3,21,4,4,0,7,3,2,3,2,1,2,881.3333333333334,0.3333333333333333,3.6666666666666665,0.42857142857142855,0.6666666666666666,False,True,False,True,True,False,False,False,False,True,False,False,False,False,False,False,False,True,False,True,True
48,0,492,16,4,3,96,3,2,3,6439,13693,8,14,3,3,1,18,2,3,8,7,7,7,804.875,0.875,3.0,0.4444444444444444,0.875,False,True,False,True,True,False,False,False,False,False,False,False,False,False,False,False,True,False,False,False,False
29,0,598,9,3,3,91,4,1,3,2451,22376,6,18,3,1,2,5,2,2,1,0,0,0,2451.0,0.0,2.3333333333333335,0.2,0.0,False,True,True,False,True,False,False,False,False,True,False,False,False,False,False,True,False,False,True,False,False
33,0,1242,8,4,1,46,3,2,1,6392,10589,2,13,3,4,1,8,6,1,2,2,2,2,3196.0,1.0,2.0,0.25,1.0,False,True,False,True,True,False,False,False,False,True,False,False,False,False,False,False,True,False,True,False,False
30,1,740,1,3,2,64,2,2,1,9714,5323,1,11,3,4,1,10,4,3,10,8,6,7,971.4,0.6,2.3333333333333335,1.0,0.7,False,True,False,True,True,False,False,False,False,True,False,False,False,False,False,False,True,False,True,False,False
38,0,888,10,4,3,71,3,2,3,6077,14814,3,11,3,3,0,10,2,3,6,3,1,2,1012.8333333333334,0.16666666666666666,3.0,0.6,0.3333333333333333,True,False,False,False,False,False,False,False,False,True,True,False,False,False,False,False,False,False,True,False,False
35,0,992,1,3,4,68,2,1,1,2450,21731,1,19,3,2,0,3,3,3,3,0,1,2,816.6666666666666,0.3333333333333333,2.3333333333333335,1.0,0.6666666666666666,False,True,True,False,False,False,True,False,False,True,False,True,False,False,False,False,False,False,False,True,False
30,0,1288,29,4,3,33,3,3,2,9250,17799,3,12,3,2,1,9,3,3,4,2,1,3,2312.5,0.25,2.3333333333333335,0.4444444444444444,0.75,False,True,False,True,False,False,False,False,True,True,False,False,False,False,False,False,True,False,True,False,False
35,1,104,2,3,1,69,3,1,1,2074,26619,1,12,3,4,1,1,2,3,1,0,0,0,2074.0,0.0,2.0,1.0,0.0,False,True,True,False,True,False,False,False,False,False,False,True,False,False,False,False,False,False,False,False,True
53,1,607,2,5,3,78,2,3,4,10169,14618,0,16,3,2,1,34,4,3,33,7,1,9,308.1515151515151,0.030303030303030304,3.0,0.9705882352941176,0.2727272727272727,False,True,True,False,False,False,False,False,True,False,False,False,False,True,False,False,False,False,True,False,False
38,1,903,2,3,3,81,3,2,2,4855,7653,4,11,3,1,2,7,2,3,5,2,1,4,971.0,0.2,2.0,0.7142857142857143,0.8,False,True,True,False,False,False,True,False,False,True,False,False,False,True,False,False,False,False,True,False,False
32,0,1200,1,4,4,62,3,2,1,4087,25174,4,14,3,2,1,9,3,2,6,5,1,2,681.1666666666666,0.16666666666666666,2.3333333333333335,0.6666666666666666,0.3333333333333333,False,False,True,False,False,False,False,False,True,True,False,False,False,False,False,True,False,False,True,False,False
48,0,1108,15,4,3,65,3,1,1,2367,16530,8,12,3,4,1,10,3,2,8,2,7,6,295.875,0.875,2.6666666666666665,0.8,0.75,False,True,True,False,False,False,False,True,False,False,False,False,False,False,False,True,False,False,True,False,False
34,0,479,7,4,1,35,3,1,4,2972,22061,1,13,3,3,0,1,4,1,1,0,0,0,2972.0,0.0,2.6666666666666665,1.0,0.0,False,True,True,False,False,False,True,False,False,True,False,False,False,False,False,True,False,False,False,True,False
55,0,685,26,5,3,60,2,5,4,19586,23037,1,21,4,3,1,36,3,3,36,6,2,13,544.0555555555555,0.05555555555555555,3.3333333333333335,1.0,0.3611111111111111,False,True,False,True,False,True,False,False,False,True,False,False,True,False,False,False,False,False,True,False,False
34,0,1351,1,4,2,45,3,2,4,5484,13008,9,17,3,2,1,9,3,2,2,2,2,1,2742.0,1.0,2.6666666666666665,0.2222222222222222,0.5,False,True,True,False,True,False,False,False,False,True,False,False,False,False,False,True,False,False,True,False,False
26,0,474,3,3,1,89,3,1,4,2061,11133,1,21,4,1,0,1,5,3,1,0,0,0,2061.0,0.0,2.0,1.0,0.0,False,True,True,False,True,False,False,False,False,False,False,False,False,False,False,True,False,False,True,False,False
38,0,1245,14,3,3,80,3,2,2,9924,12355,0,11,3,4,1,10,3,3,9,8,7,7,1102.6666666666667,0.7777777777777778,3.0,0.9,0.7777777777777778,False,True,False,True,True,False,False,False,False,True,False,False,False,False,False,False,True,False,True,False,False
38,0,437,16,3,2,90,3,2,2,4198,16379,2,12,3,2,0,8,5,4,3,2,1,2,1399.3333333333333,0.3333333333333333,2.0,0.375,0.6666666666666666,False,True,False,True,True,False,False,False,False,False,False,False,False,False,False,False,True,False,False,True,False
36,0,884,1,4,2,73,3,2,3,6815,21447,6,13,3,1,0,15,5,3,1,0,0,0,6815.0,0.0,2.0,0.06666666666666667,0.0,False,True,False,True,True,False,False,False,False,False,False,False,False,False,False,False,True,False,False,True,False
29,0,1370,3,1,2,87,3,1,1,4723,16213,1,18,3,4,0,10,3,3,10,9,1,5,472.3,0.1,2.3333333333333335,1.0,0.5,False,True,True,False,False,False,True,False,False,True,False,True,False,False,False,False,False,False,False,True,True
35,0,670,10,4,1,51,3,2,3,6142,4223,3,16,3,3,0,10,4,3,5,2,0,4,1228.4,0.0,2.3333333333333335,0.5,0.8,False,True,True,False,False,False,True,False,False,False,False,False,False,False,False,False,False,False,False,True,True
39,0,1462,6,3,4,38,4,3,3,8237,4658,2,11,3,1,1,11,3,3,7,6,7,6,1176.7142857142858,1.0,2.6666666666666665,0.6363636363636364,0.8571428571428571,False,True,False,True,False,False,True,False,False,True,False,False,False,False,False,False,True,False,True,False,False
29,0,995,2,1,1,87,3,2,4,8853,24483,1,19,3,4,1,6,0,4,6,4,1,3,1475.5,0.16666666666666666,3.0,1.0,0.5,True,False,True,False,True,False,False,False,False,True,False,False,False,False,False,False,False,False,False,False,False
50,0,264,9,3,3,59,3,5,3,19331,19519,4,16,3,3,1,27,2,3,1,0,0,0,19331.0,0.0,3.0,0.037037037037037035,0.0,False,True,False,True,False,True,False,False,False,True,False,False,True,False,False,False,False,False,True,False,True
23,0,977,10,3,4,45,4,1,3,2073,12826,2,16,3,4,1,4,2,3,2,2,2,2,1036.5,1.0,3.6666666666666665,0.5,1.0,False,True,True,False,False,False,False,False,True,True,False,False,False,False,False,True,False,False,True,False,False
36,0,1302,6,4,1,80,4,2,1,5562,19711,3,13,3,4,1,9,3,3,3,2,0,2,1854.0,0.0,2.0,0.3333333333333333,0.6666666666666666,True,False,True,False,True,False,False,False,False,True,False,True,False,False,False,False,False,False,True,False,True
42,0,1059,9,2,4,93,2,5,4,19613,26362,8,22,4,4,0,24,2,3,1,0,0,1,19613.0,0.0,4.0,0.041666666666666664,1.0,False,True,True,False,False,False,False,True,False,True,False,False,True,False,False,False,False,False,False,True,False
35,0,750,28,3,2,46,4,2,3,3407,25348,1,17,3,4,2,10,3,2,10,9,6,8,340.7,0.6,3.0,1.0,0.8,False,True,True,False,True,False,False,False,False,True,False,True,False,False,False,False,False,False,True,False,False
34,0,653,10,4,4,92,2,2,3,5063,15332,1,14,3,2,1,8,3,2,8,2,7,7,632.875,0.875,3.0,1.0,0.875,True,False,True,False,False,False,False,False,True,True,False,False,False,False,False,False,False,False,True,False,False
40,0,118,14,2,4,84,3,2,1,4639,11262,1,15,3,3,1,5,2,3,5,4,1,2,927.8,0.2,2.6666666666666665,1.0,0.4,False,True,False,True,True,False,False,False,False,False,False,False,False,False,False,False,True,False,True,False,False
43,0,990,27,3,4,87,4,1,2,4876,5855,5,12,3,3,1,8,0,3,6,4,0,2,812.6666666666666,0.0,3.0,0.75,0.3333333333333333,False,True,True,False,False,False,False,False,True,True,False,True,False,False,False,False,False,False,False,False,False
35,0,1349,7,2,3,63,2,1,4,2690,7713,1,18,3,4,1,1,5,2,1,0,0,1,2690.0,0.0,3.6666666666666665,1.0,1.0,False,True,True,False,True,False,False,False,False,True,False,True,False,False,False,False,False,False,True,False,False
46,0,563,1,4,4,56,4,4,1,17567,3156,1,15,3,2,0,27,5,1,26,0,0,12,675.6538461538462,0.0,2.3333333333333335,0.9629629629629629,0.46153846153846156,False,True,False,True,True,False,False,False,False,True,False,False,True,False,False,False,False,False,False,True,False
28,1,329,24,3,3,51,3,1,2,2408,7324,1,17,3,3,3,1,3,3,1,1,0,0,2408.0,0.0,2.6666666666666665,1.0,0.0,False,True,True,False,False,False,True,False,False,True,False,True,False,False,False,False,False,False,True,False,True
22,0,457,26,2,2,85,2,1,3,2814,10293,1,14,3,2,0,4,2,2,4,2,1,3,703.5,0.25,2.3333333333333335,1.0,0.75,False,False,True,False,False,False,False,True,False,False,False,False,False,False,False,True,False,False,True,False,True
50,0,1234,20,5,2,41,3,4,3,11245,20689,2,15,3,3,1,32,3,3,30,8,12,13,374.8333333333333,0.4,2.6666666666666665,0.9375,0.43333333333333335,True,False,True,False,False,False,True,False,False,True,False,False,False,False,False,False,False,False,True,False,True
32,0,634,5,4,2,35,4,1,4,3312,18783,3,17,3,4,2,6,3,3,3,2,0,2,1104.0,0.0,3.3333333333333335,0.5,0.6666666666666666,False,True,True,False,False,False,False,True,False,False,False,False,False,False,False,True,False,False,True,False,False
44,0,1313,7,3,2,31,3,5,4,19049,3549,0,14,3,4,1,23,4,2,22,7,1,10,865.8636363636364,0.045454545454545456,3.3333333333333335,0.9565217391304348,0.45454545454545453,False,True,True,False,False,False,True,False,False,False,False,False,False,False,True,False,False,False,False,False,True
30,0,241,7,3,2,48,2,1,2,2141,5348,1,12,3,2,1,6,3,2,6,4,1,1,356.8333333333333,0.16666666666666666,2.0,1.0,0.16666666666666666,False,True,True,False,False,False,True,False,False,True,False,False,False,False,False,True,False,False,True,False,False
45,0,1015,5,5,3,50,1,2,1,5769,23447,1,14,3,1,0,10,3,3,10,7,1,4,576.9,0.1,1.6666666666666667,1.0,0.4,False,True,True,False,False,False,True,False,False,False,False,True,False,False,False,False,False,False,False,True,True
45,0,336,26,3,1,52,2,2,1,4385,24162,1,15,3,1,1,10,2,3,10,7,4,5,438.5,0.4,1.0,1.0,0.5,False,False,False,True,False,True,False,False,False,True,False,False,False,False,False,False,True,False,True,False,False
31,0,715,2,4,4,54,3,2,1,5332,21602,7,13,3,4,0,10,3,3,5,2,0,3,1066.4,0.0,3.0,0.5,0.6,True,False,False,True,False,False,False,True,False,True,False,False,False,False,False,False,True,False,False,True,False
36,0,559,12,4,3,76,3,2,3,4663,12421,9,12,3,2,2,7,2,3,3,2,1,1,1554.3333333333333,0.3333333333333333,2.6666666666666665,0.42857142857142855,0.3333333333333333,False,True,True,False,True,False,False,False,False,False,False,False,False,True,False,False,False,False,True,False,True
34,0,426,10,4,3,42,4,2,4,4724,17000,1,13,3,1,1,9,3,3,9,7,7,2,524.8888888888889,0.7777777777777778,2.6666666666666665,1.0,0.2222222222222222,True,False,True,False,True,False,False,False,False,True,False,False,False,True,False,False,False,False,False,False,False
49,0,722,25,4,3,84,3,1,1,3211,22102,1,14,3,4,1,10,3,2,9,6,1,4,356.77777777777777,0.1111111111111111,2.6666666666666665,0.9,0.4444444444444444,False,True,True,False,True,False,False,False,False,False,False,True,False,False,False,False,False,False,True,False,False
39,0,1387,10,5,2,76,3,2,1,5377,3835,2,13,3,4,3,10,3,3,7,7,7,7,768.1428571428571,1.0,2.3333333333333335,0.7,1.0,False,True,True,False,False,False,True,False,False,True,False,False,False,True,False,False,False,False,True,False,False
27,0,1302,19,3,4,67,2,1,1,4066,16290,1,11,3,1,2,7,3,3,7,7,0,7,580.8571428571429,0.0,2.0,1.0,1.0,False,True,True,False,False,False,False,True,False,True,False,True,False,False,False,False,False,False,False,False,False
35,0,819,18,5,2,48,4,2,1,5208,26312,1,11,3,4,0,16,2,3,16,15,1,10,325.5,0.0625,2.3333333333333335,1.0,0.625,False,True,True,False,True,False,False,False,False,True,False,False,False,False,False,True,False,False,True,False,False
28,0,580,27,3,2,39,1,2,1,4877,20460,0,21,4,2,1,6,5,2,5,3,0,0,975.4,0.0,1.6666666666666667,0.8333333333333334,0.0,False,True,True,False,False,False,True,False,False,False,False,False,False,True,False,False,False,False,False,False,False
21,0,546,5,1,3,97,3,1,4,3117,26009,1,18,3,3,0,3,2,3,2,2,2,2,1558.5,1.0,3.3333333333333335,0.6666666666666666,1.0,False,True,True,False,False,False,True,False,False,True,False,False,False,False,False,True,False,False,False,True,False
18,1,544,3,2,2,70,3,1,4,1569,18420,1,12,3,3,0,0,2,4,0,0,0,0,1569.0,0.0,3.0,0.0,0.0,True,False,False,True,False,False,True,False,False,False,False,False,False,False,False,False,False,True,False,True,True
47,0,1176,26,4,4,98,3,5,3,19658,5220,3,11,3,3,1,27,2,3,5,2,1,0,3931.6,0.2,3.3333333333333335,0.18518518518518517,0.0,False,True,False,False,True,False,False,False,False,False,False,False,True,False,False,False,False,False,True,False,False
39,0,170,3,2,3,76,2,2,3,3069,10302,0,15,3,4,1,11,3,3,10,8,0,7,306.9,0.0,3.3333333333333335,0.9090909090909091,0.7,False,True,True,False,False,False,True,False,False,True,False,True,False,False,False,False,False,False,False,False,False
40,0,884,15,3,1,80,2,3,3,10435,25800,1,13,3,4,2,18,2,3,18,15,14,12,579.7222222222222,0.7777777777777778,2.6666666666666665,1.0,0.6666666666666666,False,True,True,False,True,False,False,False,False,False,False,False,False,True,False,False,False,False,True,False,False
35,0,208,8,4,3,52,3,2,3,4148,12250,1,12,3,4,1,15,5,3,14,11,2,9,296.2857142857143,0.14285714285714285,3.3333333333333335,0.9333333333333333,0.6428571428571429,False,False,True,False,True,False,False,False,False,False,False,False,False,False,False,False,False,False,True,False,False
37,0,671,19,3,3,85,3,2,3,5768,26493,3,17,3,1,3,9,2,2,4,3,0,2,1442.0,0.0,2.3333333333333335,0.4444444444444444,0.5,False,True,True,False,True,False,False,False,False,True,False,False,False,True,False,False,False,False,True,False,False
39,0,711,4,3,1,81,3,2,3,5042,3140,0,13,3,4,0,10,2,1,9,2,3,8,560.2222222222222,0.3333333333333333,2.6666666666666665,0.9,0.8888888888888888,True,False,True,False,False,False,True,False,False,False,False,False,False,True,False,False,False,False,False,True,False
45,0,1329,2,2,4,59,2,2,4,5770,5388,1,19,3,1,2,10,3,3,10,7,3,9,577.0,0.3,3.0,1.0,0.9,False,True,True,False,False,False,False,True,False,False,False,False,False,True,False,False,False,False,False,False,False
38,0,397,2,2,4,54,2,3,3,7756,14199,3,19,3,4,1,10,6,4,5,4,0,2,1551.2,0.0,3.6666666666666665,0.5,0.4,False,True,True,False,False,False,True,False,False,False,False,False,False,True,False,False,False,False,True,False,True
35,1,737,10,3,4,55,2,3,1,10306,21530,9,17,3,3,0,15,3,3,13,12,6,0,792.7692307692307,0.46153846153846156,2.6666666666666665,0.8666666666666667,0.0,False,True,False,True,False,False,True,False,False,True,False,False,False,False,False,False,True,False,True,False,False
37,0,1470,10,3,2,71,3,1,2,3936,9953,1,11,3,1,1,8,2,1,8,4,7,7,492.0,0.875,1.6666666666666667,1.0,0.875,False,True,True,False,False,False,True,False,False,False,False,False,False,False,False,True,False,False,True,False,False
40,0,448,16,3,3,84,3,3,4,7945,19948,6,15,3,4,0,18,2,2,4,2,3,3,1986.25,0.75,3.6666666666666665,0.2222222222222222,0.75,False,True,True,False,True,False,False,False,False,False,False,False,False,True,False,False,False,False,False,True,True
44,0,602,1,5,1,37,3,2,4,5743,10503,4,11,3,3,0,14,3,3,10,7,0,2,574.3,0.0,2.6666666666666665,0.7142857142857143,0.2,True,False,False,False,False,False,False,False,False,True,True,False,False,False,False,False,False,False,True,False,True
48,0,365,4,5,3,89,2,4,4,15202,5602,2,25,4,2,1,23,3,3,2,2,2,2,7601.0,1.0,3.0,0.08695652173913043,1.0,True,False,True,False,False,False,True,False,False,True,False,False,True,False,False,False,False,False,True,False,False
35,1,763,15,2,1,59,1,2,4,5440,22098,6,14,3,4,2,7,2,2,2,2,2,2,2720.0,1.0,3.0,0.2857142857142857,1.0,False,True,False,True,False,False,True,False,False,True,False,False,False,False,False,False,True,False,False,False,True
24,0,567,2,1,1,32,3,1,4,3760,17218,1,13,3,3,0,6,2,3,6,3,1,3,626.6666666666666,0.16666666666666666,2.6666666666666665,1.0,0.5,True,False,True,False,False,False,False,False,True,False,False,False,False,False,False,True,False,False,False,True,True
27,0,486,8,3,2,86,4,1,3,3517,22490,7,17,3,1,0,5,0,3,3,2,0,2,1172.3333333333333,0.0,2.0,0.6,0.6666666666666666,False,True,True,False,False,False,True,False,False,False,False,False,False,False,False,True,False,False,True,False,False
27,0,591,2,3,4,87,3,1,4,2580,6297,2,13,3,3,0,6,0,2,4,2,1,2,645.0,0.25,3.6666666666666665,0.6666666666666666,0.5,True,False,True,False,False,False,True,False,False,True,False,False,False,False,False,True,False,False,False,True,False
40,1,1329,7,3,1,73,3,1,1,2166,3339,3,14,3,2,0,10,3,1,4,2,0,3,541.5,0.0,1.3333333333333333,0.4,0.75,False,True,True,False,True,False,False,False,False,True,False,True,False,False,False,False,False,False,False,True,True
29,0,469,10,3,3,42,2,2,3,5869,23413,9,11,3,3,0,8,2,3,5,2,1,4,1173.8,0.2,3.0,0.625,0.8,False,True,False,True,False,False,True,False,False,True,False,False,False,False,False,False,True,False,False,True,False
36,0,711,5,4,2,42,3,3,1,8008,22792,4,12,3,3,2,9,6,3,3,2,0,2,2669.3333333333335,0.0,2.0,0.3333333333333333,0.6666666666666666,False,True,True,False,True,False,False,False,False,False,False,False,False,False,False,False,False,False,True,False,False
25,0,772,2,1,4,77,4,2,3,5206,4973,1,17,3,3,2,7,6,3,7,7,0,7,743.7142857142857,0.0,3.3333333333333335,1.0,1.0,True,False,True,False,True,False,False,False,False,True,False,False,False,True,False,False,False,False,False,False,False
39,0,492,12,3,4,66,3,2,2,5295,7693,4,21,4,3,0,7,3,3,5,4,1,0,1059.0,0.2,3.0,0.7142857142857143,0.0,False,True,True,False,False,False,True,False,False,True,False,False,False,True,False,False,False,False,True,False,False
49,0,301,22,4,1,72,3,4,2,16413,3498,3,16,3,2,2,27,2,3,4,2,1,2,4103.25,0.25,1.6666666666666667,0.14814814814814814,0.5,False,True,True,False,False,False,False,True,False,False,False,False,False,False,True,False,False,False,True,False,False
50,0,813,17,5,4,50,2,3,1,13269,21981,5,15,3,3,3,19,3,3,14,11,1,11,947.7857142857143,0.07142857142857142,2.6666666666666665,0.7368421052631579,0.7857142857142857,False,True,True,False,True,False,False,False,False,False,False,False,False,False,True,False,False,False,False,False,False
20,0,1141,2,3,3,31,3,1,3,2783,13251,1,19,3,1,0,2,3,3,2,2,2,2,1391.5,1.0,2.3333333333333335,1.0,1.0,False,True,False,True,False,False,True,False,False,False,False,False,False,False,False,False,False,True,False,True,False
34,0,1130,3,3,4,66,3,2,2,5433,19332,1,12,3,3,1,11,2,3,11,8,7,9,493.90909090909093,0.6363636363636364,3.0,1.0,0.8181818181818182,False,True,True,False,True,False,False,False,False,False,False,False,False,False,False,True,False,False,False,False,False
36,0,311,7,3,1,77,3,1,2,2013,10950,2,11,3,3,0,15,4,3,4,3,1,3,503.25,0.25,2.0,0.26666666666666666,0.75,False,True,True,False,True,False,False,False,False,True,False,True,False,False,False,False,False,False,False,True,False
49,0,465,6,1,3,41,2,4,3,13966,11652,2,19,3,2,1,30,3,3,15,11,2,12,931.0666666666667,0.13333333333333333,2.6666666666666665,0.5,0.8,False,True,True,False,True,False,False,False,False,False,False,False,False,False,False,False,False,False,True,False,True
36,0,894,1,4,4,33,2,2,3,4374,15411,0,15,3,3,0,4,6,3,3,2,1,2,1458.0,0.3333333333333333,3.3333333333333335,0.75,0.6666666666666666,False,False,True,False,False,False,True,False,False,False,False,False,False,True,False,False,False,False,True,False,False
36,0,1040,3,2,4,79,4,2,1,6842,26308,6,20,4,1,1,13,3,3,5,4,0,4,1368.4,0.0,2.0,0.38461538461538464,0.8,False,True,True,False,True,False,False,False,False,True,False,False,False,False,False,False,False,False,False,False,False
54,0,584,22,5,2,91,3,4,3,17426,18685,3,25,4,3,1,36,6,3,10,8,4,7,1742.6,0.4,2.6666666666666665,0.2777777777777778,0.7,False,True,True,False,False,False,True,False,False,False,False,False,True,False,False,False,False,False,True,False,False
43,0,1291,15,2,3,65,2,4,3,17603,3525,1,24,4,1,1,14,3,3,14,10,6,11,1257.357142857143,0.42857142857142855,2.3333333333333335,1.0,0.7857142857142857,False,True,True,False,True,False,False,False,False,True,False,False,False,False,True,False,False,False,True,False,False
35,1,880,12,4,4,36,3,2,4,4581,10414,3,24,4,1,0,13,2,4,11,9,6,7,416.45454545454544,0.5454545454545454,3.0,0.8461538461538461,0.6363636363636364,True,False,False,True,False,False,False,True,False,True,False,False,False,False,False,False,True,False,False,True,True
38,0,1189,1,3,4,90,3,2,4,4735,9867,7,15,3,4,2,19,4,4,13,11,2,9,364.2307692307692,0.15384615384615385,4.0,0.6842105263157895,0.6923076923076923,True,False,True,False,True,False,False,False,False,True,False,False,False,False,False,True,False,False,True,False,False
29,0,991,5,3,1,43,2,2,2,4187,3356,1,13,3,2,1,10,3,2,10,0,0,9,418.7,0.0,1.6666666666666667,1.0,0.9,False,True,False,True,False,False,True,False,False,True,False,False,False,False,False,False,True,False,False,False,True
33,0,392,2,4,4,93,3,2,4,5505,3921,1,14,3,3,2,6,5,3,6,2,0,4,917.5,0.0,3.6666666666666665,1.0,0.6666666666666666,False,True,False,True,False,False,True,False,False,True,False,False,False,False,False,False,True,False,False,False,False
32,0,977,2,3,4,45,3,2,2,5470,25518,0,13,3,3,2,10,4,2,9,5,1,6,607.7777777777778,0.1111111111111111,3.0,0.9,0.6666666666666666,False,True,True,False,False,False,True,False,False,True,False,False,False,False,False,True,False,False,False,False,False
31,0,1112,5,4,1,67,3,2,4,5476,22589,1,11,3,1,2,10,2,3,10,0,0,2,547.6,0.0,2.0,1.0,0.2,False,True,False,True,True,False,False,False,False,False,False,False,False,False,False,False,True,False,True,False,False
49,0,464,16,3,4,74,3,1,1,2587,24941,4,16,3,2,1,17,2,2,2,2,2,2,1293.5,1.0,2.3333333333333335,0.11764705882352941,1.0,False,True,True,False,False,False,True,False,False,False,False,True,False,False,False,False,False,False,False,False,True
38,0,148,2,3,4,42,2,1,2,2440,23826,1,22,4,2,0,4,3,3,4,3,3,3,610.0,0.75,2.6666666666666665,1.0,0.75,True,False,True,False,False,False,True,False,False,False,False,True,False,False,False,False,False,False,False,True,False
47,0,1225,2,4,2,47,4,4,2,15972,21086,6,14,3,3,3,29,2,3,3,2,1,2,5324.0,0.3333333333333333,2.3333333333333335,0.10344827586206896,0.6666666666666666,False,True,False,True,True,False,False,False,False,False,False,False,True,False,False,False,False,False,False,False,False
49,0,809,1,3,3,36,3,4,3,15379,22384,4,14,3,1,0,23,2,3,8,7,0,0,1922.375,0.0,2.3333333333333335,0.34782608695652173,0.0,False,True,True,False,True,False,False,False,False,True,False,False,True,False,False,False,False,False,False,True,False
41,0,1206,23,2,4,80,3,3,3,7082,11591,3,16,3,4,0,21,2,3,2,0,0,2,3541.0,0.0,3.6666666666666665,0.09523809523809523,1.0,False,True,False,True,True,False,False,False,False,True,False,False,False,False,False,False,True,False,False,True,True
20,0,727,9,1,4,54,3,1,1,2728,21082,1,11,3,1,0,2,3,3,2,2,0,2,1364.0,0.0,2.0,1.0,1.0,False,True,False,True,True,False,False,False,False,True,False,False,False,False,False,False,False,True,False,True,False
33,0,530,16,3,3,36,3,2,4,5368,16130,1,25,4,3,1,7,2,3,6,5,1,2,894.6666666666666,0.16666666666666666,3.3333333333333335,0.8571428571428571,0.3333333333333333,False,False,False,True,True,False,False,False,False,False,False,False,False,False,False,False,True,False,False,False,True
36,0,1351,26,4,1,80,3,2,3,5347,7419,6,14,3,2,2,10,2,2,3,2,0,2,1782.3333333333333,0.0,2.0,0.3,0.6666666666666666,False,True,True,False,True,False,False,False,False,True,False,False,False,False,False,False,False,False,True,False,False
44,0,528,1,3,3,44,3,1,4,3195,4167,4,18,3,1,3,8,2,3,2,2,2,2,1597.5,1.0,2.6666666666666665,0.25,1.0,False,True,False,False,True,False,False,False,False,False,True,False,False,False,False,False,False,False,False,False,True
23,1,1320,8,1,4,93,2,1,3,3989,20586,1,11,3,1,0,5,2,3,5,4,1,2,797.8,0.2,2.6666666666666665,1.0,0.4,False,True,True,False,False,False,True,False,False,True,False,True,False,False,False,False,False,False,False,True,True
38,0,1495,4,2,4,87,3,1,3,3306,26176,7,19,3,4,1,7,5,2,0,0,0,0,3306.0,0.0,3.6666666666666665,0.0,0.0,False,True,True,False,False,False,True,False,False,False,False,True,False,False,False,False,False,False,True,False,False
53,0,1395,24,4,2,48,4,3,4,7005,3458,3,15,3,3,0,11,2,3,4,3,1,2,1751.25,0.25,3.0,0.36363636363636365,0.5,False,True,True,False,False,False,True,False,False,True,False,False,False,False,False,False,False,False,True,False,False
48,1,708,7,2,4,95,3,1,3,2655,11740,2,11,3,3,2,19,3,3,9,7,7,7,295.0,0.7777777777777778,3.3333333333333335,0.47368421052631576,0.7777777777777778,True,False,False,True,False,False,True,False,False,False,False,False,False,False,False,False,False,True,True,False,True
32,1,1259,2,4,4,95,3,1,2,1393,24852,1,12,3,1,0,1,2,3,1,0,0,0,1393.0,0.0,2.3333333333333335,1.0,0.0,False,True,True,False,True,False,False,False,False,True,False,True,False,False,False,False,False,False,False,True,False
26,0,786,7,3,4,76,3,1,4,2570,11925,1,20,4,3,0,7,5,3,7,7,5,7,367.14285714285717,0.7142857142857143,3.6666666666666665,1.0,1.0,False,False,True,False,False,False,True,False,False,True,False,True,False,False,False,False,False,False,False,True,False
55,0,1441,22,3,1,94,2,1,2,3537,23737,5,12,3,4,1,8,1,3,4,2,1,2,884.25,0.25,2.3333333333333335,0.5,0.5,False,True,True,False,False,False,False,False,True,True,False,False,False,False,False,True,False,False,False,False,False
34,0,1157,5,2,2,57,2,2,4,3986,11912,1,14,3,3,1,15,3,4,15,10,4,13,265.73333333333335,0.26666666666666666,3.0,1.0,0.8666666666666667,False,True,True,False,False,False,True,False,False,True,False,True,False,False,False,False,False,False,True,False,False
60,0,370,1,4,3,92,1,3,4,10883,20467,3,20,4,3,1,19,2,4,1,0,0,0,10883.0,0.0,3.3333333333333335,0.05263157894736842,0.0,False,True,True,False,False,False,True,False,False,True,False,False,False,False,False,False,False,False,False,False,False
33,0,267,21,3,2,79,4,1,2,2028,13637,1,18,3,4,3,14,6,3,14,11,2,13,144.85714285714286,0.14285714285714285,2.6666666666666665,1.0,0.9285714285714286,False,True,True,False,False,False,True,False,False,True,False,True,False,False,False,False,False,False,True,False,False
37,0,1278,1,4,3,31,1,2,4,9525,7677,1,14,3,3,2,6,2,2,6,3,1,3,1587.5,0.16666666666666666,3.3333333333333335,1.0,0.5,True,False,False,True,False,False,True,False,False,True,False,False,False,False,False,False,True,False,False,False,False
34,0,678,19,3,2,35,2,1,4,2929,20338,1,12,3,2,0,10,3,3,10,9,8,7,292.9,0.8,2.6666666666666665,1.0,0.7,False,True,True,False,True,False,False,False,False,False,False,False,False,False,False,True,False,False,True,False,False
23,1,427,7,3,3,99,3,1,4,2275,25103,1,21,4,2,1,3,2,3,3,2,0,2,758.3333333333334,0.0,3.0,1.0,0.6666666666666666,False,True,False,True,True,False,False,False,False,True,False,False,False,False,False,False,False,True,False,False,True
44,0,921,2,3,3,96,4,3,4,7879,14810,1,19,3,2,1,9,2,3,8,7,6,7,984.875,0.75,3.0,0.8888888888888888,0.875,False,True,True,False,True,False,False,False,False,False,False,False,False,False,False,False,False,False,True,False,True
35,0,146,2,4,1,79,2,1,4,4930,13970,0,14,3,3,0,6,2,4,5,4,1,4,986.0,0.2,2.6666666666666665,0.8333333333333334,0.8,True,False,True,False,False,False,True,False,False,True,False,False,False,False,False,True,False,False,False,True,True
43,0,1179,2,3,4,73,3,2,4,7847,6069,1,17,3,1,1,10,3,3,10,9,8,8,784.7,0.8,3.0,1.0,0.8,False,True,False,True,False,False,True,False,False,True,False,False,False,False,False,False,True,False,True,False,True
24,0,581,9,3,3,62,4,1,3,4401,17616,1,16,3,4,1,5,1,3,5,3,0,4,880.2,0.0,3.3333333333333335,1.0,0.8,False,True,True,False,False,False,True,False,False,True,False,False,False,False,False,True,False,False,True,False,False
41,0,918,6,3,4,35,3,3,3,9241,15869,1,12,3,2,0,10,3,3,10,8,8,7,924.1,0.8,3.0,1.0,0.7,False,True,False,True,False,True,False,False,False,True,False,False,False,False,False,False,True,False,False,True,False
29,0,1082,9,4,4,43,3,1,3,2974,25412,9,17,3,3,1,9,2,3,5,3,1,2,594.8,0.2,3.3333333333333335,0.5555555555555556,0.4,False,True,True,False,False,False,True,False,False,False,False,True,False,False,False,False,False,False,True,False,False
36,0,530,2,4,3,51,3,2,4,4502,7439,3,15,3,3,0,17,2,2,13,7,6,7,346.3076923076923,0.46153846153846156,3.3333333333333335,0.7647058823529411,0.5384615384615384,False,True,False,True,True,False,False,False,False,False,False,False,False,False,False,False,False,True,False,True,False
45,0,1238,1,1,3,74,2,3,3,10748,3395,3,23,4,4,1,25,3,2,23,15,14,4,467.30434782608694,0.6086956521739131,3.3333333333333335,0.92,0.17391304347826086,False,False,True,False,True,False,False,False,False,True,False,False,False,False,False,False,False,False,True,False,False
24,1,240,22,1,4,58,1,1,3,1555,11585,1,11,3,3,1,1,2,3,1,0,0,0,1555.0,0.0,3.3333333333333335,1.0,0.0,False,True,False,False,False,False,False,False,False,True,True,False,False,False,False,False,False,False,True,False,False
47,1,1093,9,3,3,82,1,4,3,12936,24164,7,11,3,3,0,25,3,1,23,5,14,10,562.4347826086956,0.6086956521739131,3.0,0.92,0.43478260869565216,True,False,False,True,True,False,False,False,False,True,False,False,False,False,False,False,True,False,True,False,False
26,0,390,17,4,4,62,1,1,3,2305,6217,1,15,3,3,3,3,3,4,3,2,0,2,768.3333333333334,0.0,3.3333333333333335,1.0,0.6666666666666666,False,True,True,False,False,False,True,False,False,True,False,True,False,False,False,False,False,False,True,False,False
45,0,1005,28,2,4,48,2,4,2,16704,17119,1,11,3,3,0,21,2,3,21,6,8,6,795.4285714285714,0.38095238095238093,3.0,1.0,0.2857142857142857,False,True,True,False,False,False,False,False,True,False,False,False,False,False,True,False,False,False,False,True,False
32,0,585,10,3,1,56,3,1,3,3433,17360,6,13,3,1,1,10,3,2,5,2,1,3,686.6,0.2,1.6666666666666667,0.5,0.6,True,False,True,False,True,False,False,False,False,True,False,False,False,False,False,True,False,False,True,False,False
31,0,741,2,4,2,69,3,1,3,3477,18103,1,14,3,4,1,6,2,4,5,2,0,3,695.4,0.0,3.0,0.8333333333333334,0.6,False,True,True,False,True,False,False,False,False,True,False,True,False,False,False,False,False,False,True,False,False
41,0,552,4,3,3,60,1,2,2,6430,20794,6,19,3,2,1,10,4,3,3,2,1,2,2143.3333333333335,0.3333333333333333,2.3333333333333335,0.3,0.6666666666666666,False,False,False,False,False,False,False,False,False,True,True,False,False,False,False,False,False,False,True,False,False
40,0,369,8,2,2,92,3,2,1,6516,5041,2,16,3,2,1,18,3,3,1,0,0,0,6516.0,0.0,1.6666666666666667,0.05555555555555555,0.0,False,True,True,False,True,False,False,False,False,False,False,False,False,True,False,False,False,False,True,False,True
24,0,506,29,1,2,91,3,1,1,3907,3622,1,13,3,2,3,6,2,4,6,2,1,2,651.1666666666666,0.16666666666666666,1.6666666666666667,1.0,0.3333333333333333,False,True,True,False,False,False,True,False,False,True,False,True,False,False,False,False,False,False,False,False,False
46,0,717,13,4,3,34,3,2,2,5562,9697,6,14,3,4,0,19,3,3,10,7,0,9,556.2,0.0,3.0,0.5263157894736842,0.9,False,True,True,False,True,False,False,False,False,True,False,False,False,False,False,False,False,False,False,True,False
35,0,1370,27,4,4,49,3,2,3,6883,5151,2,16,3,2,1,17,3,3,7,7,0,7,983.2857142857143,0.0,3.0,0.4117647058823529,1.0,False,True,True,False,True,False,False,False,False,True,False,False,False,True,False,False,False,False,True,False,False
30,0,793,16,1,2,33,3,1,4,2862,3811,1,12,3,2,1,10,2,2,10,0,0,8,286.2,0.0,2.6666666666666665,1.0,0.8,False,True,True,False,True,False,False,False,False,True,False,False,False,False,False,True,False,False,True,False,False
47,0,543,2,4,3,87,3,2,2,4978,3536,7,11,3,4,1,4,3,1,1,0,0,0,4978.0,0.0,3.0,0.25,0.0,False,False,False,True,False,True,False,False,False,True,False,False,False,False,False,False,True,False,True,False,False
46,0,1277,2,3,3,74,3,3,4,10368,5596,4,12,3,2,1,13,5,2,10,6,0,3,1036.8,0.0,3.0,0.7692307692307693,0.3,False,True,False,True,True,False,False,False,False,True,False,False,False,False,False,False,True,False,False,False,True
36,1,1456,13,5,2,96,2,2,1,6134,8658,5,13,3,2,3,16,3,3,2,2,2,2,3067.0,1.0,1.6666666666666667,0.125,1.0,False,True,False,True,False,True,False,False,False,True,False,False,False,False,False,False,True,False,False,False,True
32,1,964,1,2,1,34,1,2,2,6735,12147,6,15,3,2,0,10,2,3,0,0,0,0,6735.0,0.0,1.6666666666666667,0.0,0.0,False,True,False,True,True,False,False,False,False,True,False,False,False,False,False,False,True,False,False,True,False
23,0,160,4,1,3,51,3,1,2,3295,12862,1,13,3,3,0,3,3,1,3,2,1,2,1098.3333333333333,0.3333333333333333,2.6666666666666665,1.0,0.6666666666666666,False,True,True,False,False,False,True,False,False,False,False,True,False,False,False,False,False,False,False,True,False
31,0,163,24,1,4,30,3,2,4,5238,6670,2,20,4,4,0,9,3,2,5,4,1,4,1047.6,0.2,4.0,0.5555555555555556,0.8,True,False,True,False,False,False,False,False,True,False,False,False,False,True,False,False,False,False,False,True,False
39,0,792,1,3,4,77,3,2,4,6472,8989,1,15,3,4,1,9,2,3,9,8,5,8,719.1111111111111,0.5555555555555556,4.0,1.0,0.8888888888888888,False,False,True,False,True,False,False,False,False,True,False,True,False,False,False,False,False,False,True,False,True
32,0,371,19,3,4,80,1,3,3,9610,3840,3,13,3,3,1,10,2,1,4,3,0,2,2402.5,0.0,3.3333333333333335,0.4,0.5,False,True,False,True,True,False,False,False,False,True,False,False,False,False,False,False,True,False,True,False,False
40,0,611,7,4,2,88,3,5,2,19833,4349,1,14,3,2,0,21,3,2,21,8,12,8,944.4285714285714,0.5714285714285714,2.0,1.0,0.38095238095238093,False,True,False,True,False,False,True,False,False,True,False,False,True,False,False,False,False,False,False,True,False
45,0,176,4,3,3,56,1,3,3,9756,6595,4,21,4,3,2,9,2,4,5,0,0,3,1951.2,0.0,3.0,0.5555555555555556,0.6,False,True,False,False,True,False,False,False,False,False,True,False,False,False,False,False,False,False,True,False,False
30,0,1312,2,4,4,78,2,1,1,4968,26427,0,16,3,4,0,10,2,3,9,7,0,7,552.0,0.0,3.0,0.9,0.7777777777777778,True,False,True,False,False,False,False,False,True,False,False,False,False,False,False,True,False,False,False,True,False
24,0,897,10,3,1,59,3,1,4,2145,2097,0,14,3,4,1,3,2,3,2,2,2,1,1072.5,1.0,3.0,0.6666666666666666,0.5,True,False,False,False,False,False,True,False,False,True,True,False,False,False,False,False,False,False,True,False,False
30,1,600,8,3,3,66,2,1,4,2180,9732,6,11,3,3,1,6,0,2,4,2,1,2,545.0,0.25,3.3333333333333335,0.6666666666666666,0.5,True,False,False,False,False,False,False,False,False,False,True,False,False,False,False,False,False,False,False,False,False
31,0,1003,5,3,1,51,3,2,3,8346,20943,1,19,3,3,1,6,3,3,5,2,0,2,1669.2,0.0,2.3333333333333335,0.8333333333333334,0.4,False,True,False,True,False,False,False,False,True,True,False,False,False,False,False,False,True,False,True,False,False
27,0,1054,8,3,3,67,3,1,4,3445,6152,1,11,3,3,0,6,5,2,6,2,1,4,574.1666666666666,0.16666666666666666,3.3333333333333335,1.0,0.6666666666666666,False,True,True,False,False,False,True,False,False,False,False,False,False,False,False,True,False,False,False,True,False
29,1,428,9,3,2,52,1,1,2,2760,14630,1,13,3,3,0,2,3,3,2,2,2,2,1380.0,1.0,2.3333333333333335,1.0,1.0,False,True,False,True,False,True,False,False,False,False,False,False,False,False,False,False,False,True,False,True,False
29,0,461,1,3,4,70,4,2,3,6294,23060,8,12,3,4,0,10,5,4,3,2,0,2,2098.0,0.0,3.6666666666666665,0.3,0.6666666666666666,True,False,True,False,True,False,False,False,False,True,False,False,False,False,False,False,False,False,False,True,True
30,0,979,15,2,3,94,2,3,1,7140,3088,2,11,3,1,1,12,2,3,7,7,1,7,1020.0,0.14285714285714285,1.6666666666666667,0.5833333333333334,1.0,False,True,False,True,False,True,False,False,False,True,False,False,False,False,False,False,True,False,False,False,False
34,0,181,2,4,4,97,4,1,4,2932,5586,0,14,3,1,3,6,3,3,5,0,1,2,586.4,0.2,3.0,0.8333333333333334,0.4,False,True,True,False,False,False,True,False,False,True,False,False,False,False,False,True,False,False,True,False,True
33,0,1283,2,3,4,62,3,2,2,5147,10697,8,15,3,4,0,13,2,2,11,7,1,7,467.90909090909093,0.09090909090909091,3.3333333333333335,0.8461538461538461,0.6363636363636364,False,False,False,True,False,True,False,False,False,False,False,False,False,False,False,False,True,False,False,True,False
49,0,1313,11,4,4,80,3,2,4,4507,8191,3,12,3,3,0,8,1,4,5,1,0,4,901.4,0.0,3.6666666666666665,0.625,0.8,False,True,False,True,False,True,False,False,False,False,False,False,False,False,False,False,True,False,False,True,False
33,1,211,16,3,1,74,3,3,1,8564,10092,2,20,4,3,0,11,2,2,0,0,0,0,8564.0,0.0,1.6666666666666667,0.0,0.0,False,True,False,True,True,False,False,False,False,False,False,False,False,False,False,False,True,False,False,True,True
38,0,594,2,2,3,75,2,1,2,2468,15963,4,14,3,2,1,9,4,2,6,1,0,5,411.3333333333333,0.0,2.3333333333333335,0.6666666666666666,0.8333333333333334,True,False,True,False,False,False,True,False,False,False,False,True,False,False,False,False,False,False,True,False,False
31,1,1079,16,4,1,70,3,3,3,8161,19002,2,13,3,1,3,10,2,3,1,0,0,0,8161.0,0.0,1.6666666666666667,0.1,0.0,False,True,False,True,False,True,False,False,False,True,False,False,False,False,False,False,True,False,True,False,False
29,0,590,4,3,4,91,2,1,1,2109,10007,1,13,3,3,1,1,2,3,1,0,0,0,2109.0,0.0,2.6666666666666665,1.0,0.0,False,True,True,False,False,False,False,False,True,False,False,False,False,False,False,True,False,False,False,False,False
30,0,305,16,3,3,58,4,2,3,5294,9128,3,16,3,3,1,10,3,3,7,0,1,7,756.2857142857143,0.14285714285714285,3.0,0.7,1.0,False,True,True,False,True,False,False,False,False,True,False,False,False,False,False,False,False,False,True,False,False
32,0,953,5,4,2,65,3,1,2,2718,17674,2,14,3,2,0,12,3,3,7,7,0,7,388.2857142857143,0.0,2.0,0.5833333333333334,1.0,False,False,True,False,False,False,False,False,True,True,False,False,False,False,False,True,False,False,False,True,False
38,0,833,18,3,2,60,1,2,4,5811,24539,3,16,3,3,1,15,2,3,1,0,1,0,5811.0,1.0,3.0,0.06666666666666667,0.0,False,True,True,False,False,False,True,False,False,True,False,False,False,False,False,False,False,False,True,False,True
43,1,807,17,3,3,38,2,1,3,2437,15587,9,16,3,4,1,6,4,3,1,0,0,0,2437.0,0.0,3.3333333333333335,0.16666666666666666,0.0,True,False,True,False,False,False,False,False,True,True,False,False,False,False,False,True,False,False,True,False,True
42,0,855,12,3,2,57,3,1,2,2766,8952,8,22,4,2,3,7,6,2,5,3,0,4,553.2,0.0,2.0,0.7142857142857143,0.8,False,True,True,False,False,False,True,False,False,True,False,True,False,False,False,False,False,False,False,False,False
55,0,478,2,3,3,60,2,5,1,19038,19805,8,12,3,2,3,34,2,3,1,0,0,0,19038.0,0.0,2.0,0.029411764705882353,0.0,False,True,True,False,False,False,True,False,False,True,False,False,False,False,True,False,False,False,True,False,False
33,0,775,4,3,4,90,3,2,2,3055,6194,5,15,3,4,2,11,2,2,9,8,1,7,339.44444444444446,0.1111111111111111,3.3333333333333335,0.8181818181818182,0.7777777777777778,False,False,True,False,False,False,False,False,True,True,False,False,False,False,False,True,False,False,False,False,False
41,0,548,9,4,3,94,3,1,1,2289,20520,1,20,4,2,2,5,2,3,5,3,0,4,457.8,0.0,2.0,1.0,0.8,False,True,True,False,True,False,False,False,False,True,False,True,False,False,False,False,False,False,False,False,False
34,0,1375,10,3,4,87,3,2,3,4001,12313,1,14,3,3,1,15,3,3,15,14,0,7,266.73333333333335,0.0,3.3333333333333335,1.0,0.4666666666666667,False,False,False,True,True,False,False,False,False,True,False,False,False,False,False,False,True,False,False,False,True
53,0,661,1,4,1,60,2,4,3,12965,22308,4,20,4,4,3,27,2,2,3,2,0,2,4321.666666666667,0.0,2.6666666666666665,0.1111111111111111,0.6666666666666666,False,False,True,False,False,False,True,False,False,False,False,False,False,True,False,False,False,False,True,False,True
43,0,244,2,3,2,97,3,1,4,3539,5033,0,13,3,2,0,10,5,3,9,7,1,8,393.22222222222223,0.1111111111111111,2.6666666666666665,0.9,0.8888888888888888,False,True,False,False,True,False,False,False,False,True,True,False,False,False,False,False,False,False,False,True,False
34,0,511,3,2,4,32,1,2,4,6029,25353,5,12,3,1,0,6,3,3,2,2,2,2,3014.5,1.0,3.0,0.3333333333333333,1.0,False,True,False,True,True,False,False,False,False,False,False,False,False,False,False,False,True,False,False,True,False
21,1,337,7,1,2,31,3,1,2,2679,4567,1,13,3,2,0,1,3,3,1,0,1,0,2679.0,1.0,2.0,1.0,0.0,False,True,False,True,False,True,False,False,False,True,False,False,False,False,False,False,False,True,False,True,False
38,0,1153,6,2,4,40,2,1,3,3702,16376,1,11,3,2,1,5,3,3,5,4,0,4,740.4,0.0,3.0,1.0,0.8,False,True,True,False,False,False,False,True,False,False,False,True,False,False,False,False,False,False,True,False,False
22,1,1294,8,1,3,79,3,1,1,2398,15999,1,17,3,3,0,1,6,3,1,0,0,0,2398.0,0.0,2.3333333333333335,1.0,0.0,False,True,True,False,False,False,True,False,False,False,False,True,False,False,False,False,False,False,True,False,True
31,0,196,29,4,1,91,2,2,4,5468,13402,1,14,3,1,2,13,3,3,12,7,5,7,455.6666666666667,0.4166666666666667,2.0,0.9230769230769231,0.5833333333333334,False,True,False,True,False,True,False,False,False,False,False,False,False,False,False,False,True,False,True,False,False
51,0,942,3,3,1,53,3,3,3,13116,22984,2,11,3,4,0,15,2,3,2,2,2,2,6558.0,1.0,2.6666666666666665,0.13333333333333333,1.0,False,True,True,False,False,False,False,False,True,False,False,False,True,False,False,False,False,False,True,False,False
37,0,589,9,2,2,46,2,2,2,4189,8800,1,14,3,1,2,5,2,3,5,2,0,3,837.8,0.0,1.6666666666666667,1.0,0.6,False,True,False,True,False,True,False,False,False,True,False,False,False,False,False,False,True,False,True,False,False
46,0,734,2,4,3,46,3,5,4,19328,14218,7,17,3,3,1,24,3,3,2,1,2,2,9664.0,1.0,3.3333333333333335,0.08333333333333333,1.0,False,True,True,False,False,False,True,False,False,True,False,False,False,False,True,False,False,False,False,False,True
36,0,1383,10,3,4,90,3,3,1,8321,25949,7,13,3,4,1,15,1,3,12,8,5,7,693.4166666666666,0.4166666666666667,3.0,0.8,0.5833333333333334,False,True,True,False,True,False,False,False,False,True,False,False,False,False,False,False,False,False,True,False,True
44,1,429,1,2,3,99,3,1,2,2342,11092,1,12,3,3,3,6,2,2,5,3,2,3,468.4,0.4,2.6666666666666665,0.8333333333333334,0.6,True,False,True,False,False,False,True,False,False,True,False,False,False,False,False,True,False,False,False,False,True
37,0,1239,8,2,3,89,3,2,2,4071,12832,2,13,3,3,0,19,4,2,10,0,4,7,407.1,0.4,2.6666666666666665,0.5263157894736842,0.7,False,True,False,False,False,False,False,True,False,True,True,False,False,False,False,False,False,False,False,False,False
35,1,303,27,3,3,84,3,2,4,5813,13492,1,18,3,4,0,10,2,3,10,7,7,7,581.3,0.7,3.6666666666666665,1.0,0.7,False,True,False,True,True,False,False,False,False,True,False,False,False,False,False,False,True,False,False,True,True
33,0,867,8,4,4,90,4,1,1,3143,6076,6,19,3,2,1,14,1,3,10,8,7,6,314.3,0.7,2.3333333333333335,0.7142857142857143,0.6,False,True,True,False,True,False,False,False,False,True,False,False,False,False,False,True,False,False,True,False,False
28,0,1181,1,3,3,82,3,1,4,2044,5531,1,11,3,3,1,5,6,4,5,3,0,3,408.8,0.0,3.3333333333333335,1.0,0.6,False,True,True,False,True,False,False,False,False,True,False,False,False,False,False,True,False,False,True,False,False
39,0,1253,10,1,3,65,3,3,3,13464,7914,7,21,4,3,0,9,3,3,4,3,2,2,3366.0,0.5,3.0,0.4444444444444444,0.5,False,True,True,False,False,False,True,False,False,True,False,False,False,False,True,False,False,False,False,True,False
46,0,849,26,2,2,98,2,2,2,7991,25166,8,15,3,3,0,6,3,3,2,2,2,2,3995.5,1.0,2.3333333333333335,0.3333333333333333,1.0,False,False,False,True,True,False,False,False,False,True,False,False,False,False,False,False,True,False,False,True,False
40,0,616,2,2,3,99,3,1,1,3377,25605,4,17,3,4,1,7,5,2,4,3,0,2,844.25,0.0,2.6666666666666665,0.5714285714285714,0.5,False,True,True,False,True,False,False,False,False,False,False,True,False,False,False,False,False,False,True,False,False
42,0,1128,13,3,2,95,4,2,1,5538,5696,5,18,3,3,2,10,2,2,0,0,0,0,5538.0,0.0,2.0,0.0,0.0,False,True,True,False,False,False,True,False,False,True,False,False,False,False,False,False,False,False,True,False,False
35,0,1180,2,2,2,90,3,2,4,5762,24442,2,14,3,3,1,15,6,3,7,7,1,7,823.1428571428571,0.14285714285714285,3.0,0.4666666666666667,1.0,False,False,True,False,False,False,True,False,False,True,False,False,False,True,False,False,False,False,False,False,False
38,0,1336,2,3,1,100,3,1,2,2592,7129,5,13,3,4,3,13,3,3,11,10,3,8,235.63636363636363,0.2727272727272727,2.3333333333333335,0.8461538461538461,0.7272727272727273,False,False,False,False,False,False,False,False,False,True,True,False,False,False,False,False,False,False,False,False,False
34,1,234,9,4,4,93,3,2,1,5346,6208,4,17,3,3,1,11,3,2,7,1,0,7,763.7142857142857,0.0,2.6666666666666665,0.6363636363636364,1.0,True,False,True,False,True,False,False,False,False,True,False,True,False,False,False,False,False,False,True,False,False
37,1,370,10,4,4,58,3,2,1,4213,4992,1,15,3,2,0,10,4,1,10,3,0,8,421.3,0.0,2.3333333333333335,1.0,0.8,False,True,True,False,False,False,True,False,False,True,False,False,False,True,False,False,False,False,False,True,False
39,0,766,20,3,3,83,3,2,4,4127,19188,2,18,3,4,1,7,6,3,2,1,2,2,2063.5,1.0,3.6666666666666665,0.2857142857142857,1.0,True,False,False,True,True,False,False,False,False,True,False,False,False,False,False,False,True,False,False,False,False
43,0,343,9,3,1,52,3,1,3,2438,24978,4,13,3,3,0,7,2,2,3,2,1,2,812.6666666666666,0.3333333333333333,2.3333333333333335,0.42857142857142855,0.6666666666666666,False,False,True,False,True,False,False,False,False,True,False,False,False,False,False,True,False,False,False,True,False
41,0,447,5,3,2,85,4,2,2,6870,15530,3,12,3,1,0,11,3,1,3,2,1,2,2290.0,0.3333333333333333,1.6666666666666667,0.2727272727272727,0.6666666666666666,False,True,True,False,True,False,False,False,False,True,False,False,False,False,False,False,False,False,False,True,False
41,0,796,4,1,3,81,3,3,3,10447,26458,0,13,3,4,1,23,3,4,22,14,13,5,474.8636363636364,0.5909090909090909,3.3333333333333335,0.9565217391304348,0.22727272727272727,False,True,False,True,False,True,False,False,False,False,False,False,False,False,False,False,True,False,False,False,True
30,0,1092,10,3,1,64,3,3,3,9667,2739,9,14,3,2,0,9,3,3,7,7,0,2,1381.0,0.0,2.0,0.7777777777777778,0.2857142857142857,False,True,True,False,False,False,True,False,False,False,False,False,False,True,False,False,False,False,False,True,False
26,1,920,20,2,4,69,3,1,2,2148,6889,0,11,3,3,0,6,3,3,5,1,1,4,429.6,0.2,3.0,0.8333333333333334,0.8,False,True,False,False,False,False,True,False,False,False,True,False,False,False,False,False,False,False,True,False,True
46,1,261,21,2,4,66,3,2,2,8926,10842,4,22,4,4,1,13,2,4,9,7,3,7,991.7777777777778,0.3333333333333333,3.3333333333333335,0.6923076923076923,0.7777777777777778,False,True,True,False,False,False,True,False,False,False,False,False,False,False,False,False,False,False,True,False,False
40,0,1194,1,3,3,52,3,2,4,6513,9060,4,17,3,4,1,12,3,3,5,3,0,3,1302.6,0.0,3.6666666666666665,0.4166666666666667,0.6,False,True,True,False,True,False,False,False,False,False,False,False,False,False,False,False,False,False,False,False,False
34,0,810,8,2,2,92,4,2,3,6799,22128,1,21,4,3,2,10,5,3,10,8,4,8,679.9,0.4,2.6666666666666665,1.0,0.8,False,True,False,True,False,False,False,False,True,True,False,False,False,False,False,False,True,False,True,False,False
58,0,350,2,3,2,52,3,4,2,16291,22577,4,22,4,4,1,37,0,2,16,9,14,14,1018.1875,0.875,2.6666666666666665,0.43243243243243246,0.875,False,False,False,True,False,False,True,False,False,True,False,False,True,False,False,False,False,False,False,False,False
35,0,185,23,4,2,91,1,1,3,2705,9696,0,16,3,2,1,6,2,4,5,4,0,3,541.0,0.0,2.3333333333333335,0.8333333333333334,0.6,False,True,True,False,False,False,True,False,False,True,False,True,False,False,False,False,False,False,True,False,False
47,0,1001,4,3,3,92,2,3,2,10333,19271,8,12,3,3,1,28,4,3,22,11,14,10,469.6818181818182,0.6363636363636364,2.6666666666666665,0.7857142857142857,0.45454545454545453,False,True,True,False,True,False,False,False,False,False,False,False,False,True,False,False,False,False,False,False,True
40,0,750,12,3,2,47,3,2,1,4448,10748,2,12,3,2,1,15,3,3,7,4,7,7,635.4285714285714,1.0,1.6666666666666667,0.4666666666666667,1.0,False,True,True,False,True,False,False,False,False,False,False,False,False,False,False,False,False,False,False,False,False
54,0,431,7,4,4,68,3,2,4,6854,15696,4,15,3,2,1,14,2,2,7,1,1,7,979.1428571428571,0.14285714285714285,3.3333333333333335,0.5,1.0,False,True,True,False,False,False,True,False,False,False,False,False,False,False,False,True,False,False,True,False,False
31,0,1125,7,4,1,68,3,3,1,9637,8277,2,14,3,4,2,9,3,3,3,2,2,2,3212.3333333333335,0.6666666666666666,2.0,0.3333333333333333,0.6666666666666666,True,False,False,True,False,True,False,False,False,False,False,False,False,False,False,False,True,False,True,False,False
28,0,1217,1,3,3,67,3,1,1,3591,12719,1,25,4,3,1,3,3,3,3,2,1,2,1197.0,0.3333333333333333,2.3333333333333335,1.0,0.6666666666666666,False,True,True,False,False,False,True,False,False,False,False,False,False,False,False,True,False,False,True,False,False
38,0,723,2,4,2,77,1,2,4,5405,4244,2,20,4,1,2,20,4,2,4,2,0,3,1351.25,0.0,2.3333333333333335,0.2,0.75,False,True,False,True,False,True,False,False,False,False,False,False,False,False,False,False,False,True,True,False,True
26,0,572,10,3,3,46,3,2,4,4684,9125,1,13,3,1,0,5,4,3,5,3,1,2,936.8,0.2,2.6666666666666665,1.0,0.4,False,True,False,True,False,False,True,False,False,True,False,False,False,False,False,False,True,False,False,True,False
58,0,1216,15,4,1,87,3,4,3,15787,21624,2,14,3,2,0,23,3,3,2,2,2,2,7893.5,1.0,2.0,0.08695652173913043,1.0,True,False,True,False,True,False,False,False,False,True,False,False,False,False,True,False,False,False,True,False,True
18,0,1431,14,3,2,33,3,1,3,1514,8018,1,16,3,3,0,0,4,1,0,0,0,0,1514.0,0.0,2.6666666666666665,0.0,0.0,False,False,True,False,False,False,True,False,False,False,False,False,False,False,False,True,False,False,False,True,False
31,1,359,18,5,4,89,4,1,1,2956,21495,0,17,3,3,0,2,4,3,1,0,0,0,2956.0,0.0,2.6666666666666665,0.5,0.0,False,True,False,False,False,False,False,False,False,True,True,False,False,False,False,False,False,False,True,False,False
29,1,350,13,3,1,56,2,1,1,2335,3157,4,15,3,4,3,4,3,3,2,2,2,0,1167.5,1.0,2.0,0.5,0.0,False,True,False,False,False,False,False,False,False,True,True,False,False,False,False,False,False,False,False,False,True
45,0,589,2,4,3,67,3,2,3,5154,19665,4,22,4,2,2,10,3,4,8,7,5,7,644.25,0.625,2.6666666666666665,0.8,0.875,False,False,False,True,True,False,False,False,False,False,False,False,False,False,False,False,True,False,True,False,False
36,0,430,2,4,4,73,3,2,2,6962,19573,4,22,4,4,1,15,2,3,1,0,0,0,6962.0,0.0,3.3333333333333335,0.06666666666666667,0.0,False,True,True,False,False,False,False,True,False,False,False,False,False,False,False,True,False,False,True,False,True
43,0,1422,2,4,1,92,3,2,4,5675,19246,1,20,4,3,1,7,5,3,7,7,7,7,810.7142857142857,1.0,2.6666666666666665,1.0,1.0,True,False,False,True,True,False,False,False,False,True,False,False,False,False,False,False,True,False,True,False,False
27,0,1297,5,2,4,53,3,1,4,2379,19826,0,14,3,3,0,6,3,2,5,4,0,2,475.8,0.0,3.6666666666666665,0.8333333333333334,0.4,True,False,True,False,True,False,False,False,False,False,False,True,False,False,False,False,False,False,False,True,True
29,0,574,20,1,4,40,3,1,4,3812,7003,1,13,3,2,0,11,3,4,11,8,3,10,346.54545454545456,0.2727272727272727,3.3333333333333335,1.0,0.9090909090909091,True,False,True,False,False,False,True,False,False,True,False,True,False,False,False,False,False,False,True,False,False
32,0,1318,10,4,4,79,3,2,4,4648,26075,8,13,3,3,0,4,2,4,0,0,0,0,4648.0,0.0,3.6666666666666665,0.0,0.0,True,False,False,True,False,True,False,False,False,True,False,False,False,False,False,False,True,False,False,True,False
42,0,355,10,4,3,38,3,1,3,2936,6161,3,22,4,2,2,10,1,2,6,3,3,3,489.3333333333333,0.5,2.6666666666666665,0.6,0.5,False,False,True,False,False,False,False,False,True,True,False,False,False,False,False,True,False,False,True,False,False
47,0,207,9,4,2,64,3,1,3,2105,5411,4,12,3,3,0,7,2,3,2,2,2,0,1052.5,1.0,2.6666666666666665,0.2857142857142857,0.0,False,True,True,False,True,False,False,False,False,False,False,True,False,False,False,False,False,False,False,True,False
46,0,706,2,2,4,82,3,3,4,8578,19989,3,14,3,3,1,12,4,2,9,8,4,7,953.1111111111111,0.4444444444444444,3.6666666666666665,0.75,0.7777777777777778,False,True,True,False,True,False,False,False,False,True,False,False,False,True,False,False,False,False,False,False,False
28,0,280,1,2,3,43,3,1,4,2706,10494,1,15,3,2,1,3,2,3,3,2,2,2,902.0,0.6666666666666666,3.0,1.0,0.6666666666666666,False,False,False,False,True,False,False,False,False,True,True,False,False,False,False,False,False,False,False,False,False
29,0,726,29,1,4,93,1,2,3,6384,21143,8,17,3,4,2,11,3,3,7,0,1,6,912.0,0.14285714285714285,3.6666666666666665,0.6363636363636364,0.8571428571428571,False,True,True,False,True,False,False,False,False,True,False,False,False,False,False,False,False,False,False,False,False
42,0,1142,8,3,4,81,3,1,3,3968,13624,4,13,3,4,0,8,3,3,0,0,0,0,3968.0,0.0,3.6666666666666665,0.0,0.0,False,True,True,False,True,False,False,False,False,True,False,True,False,False,False,False,False,False,False,True,False
32,1,414,2,4,3,82,2,2,2,9907,26186,7,12,3,3,0,7,3,2,2,2,2,2,4953.5,1.0,2.6666666666666665,0.2857142857142857,1.0,False,True,False,True,False,True,False,False,False,True,False,False,False,False,False,False,True,False,False,True,True
46,0,1319,3,3,1,45,4,4,1,13225,7739,2,12,3,4,1,25,5,3,19,17,2,8,696.0526315789474,0.10526315789473684,2.0,0.76,0.42105263157894735,False,True,False,True,False,False,False,False,True,False,False,False,False,False,False,False,True,False,False,False,False
27,0,728,23,1,2,36,2,2,3,3540,7018,1,21,4,4,1,9,5,3,9,8,5,8,393.3333333333333,0.5555555555555556,3.0,1.0,0.8888888888888888,False,True,False,True,False,False,True,False,False,False,False,False,False,False,False,False,False,True,True,False,False
29,0,352,6,1,4,87,2,1,2,2804,15434,1,11,3,4,0,1,3,3,1,0,0,0,2804.0,0.0,3.3333333333333335,1.0,0.0,False,True,False,False,False,False,True,False,False,True,True,False,False,False,False,False,False,False,True,False,False
43,0,823,6,3,1,81,2,5,3,19392,22539,7,13,3,4,0,21,2,3,16,12,6,14,1212.0,0.375,2.6666666666666665,0.7619047619047619,0.875,False,True,True,False,False,False,True,False,False,False,False,False,True,False,False,False,False,False,True,False,False
48,0,1224,10,3,4,91,2,5,2,19665,13583,4,12,3,4,0,29,3,3,22,10,12,9,893.8636363636364,0.5454545454545454,3.3333333333333335,0.7586206896551724,0.4090909090909091,False,True,True,False,True,False,False,False,False,True,False,False,False,False,True,False,False,False,True,False,False
29,1,459,24,2,4,73,2,1,4,2439,14753,1,24,4,2,0,1,3,2,1,0,1,0,2439.0,1.0,3.3333333333333335,1.0,0.0,True,False,True,False,True,False,False,False,False,True,False,False,False,False,False,True,False,False,False,True,True
46,1,1254,10,3,3,64,3,3,2,7314,14011,5,21,4,3,3,14,2,3,8,7,0,7,914.25,0.0,2.6666666666666665,0.5714285714285714,0.875,False,True,False,True,True,False,False,False,False,False,False,False,False,False,False,False,True,False,True,False,False
27,0,1131,15,3,4,77,2,1,1,4774,23844,0,19,3,4,1,8,2,2,7,6,7,3,682.0,1.0,3.0,0.875,0.42857142857142855,True,False,True,False,True,False,False,False,False,False,False,False,False,False,False,True,False,False,True,False,False
39,0,835,19,4,4,41,3,2,4,3902,5141,8,14,3,2,3,7,2,3,2,2,2,2,1951.0,1.0,3.3333333333333335,0.2857142857142857,1.0,False,True,True,False,False,False,False,True,False,True,False,False,False,False,False,True,False,False,False,False,False
55,0,836,2,4,2,98,2,1,4,2662,7975,8,20,4,2,1,19,2,4,5,2,0,4,532.4,0.0,2.6666666666666665,0.2631578947368421,0.8,False,True,True,False,False,False,False,False,True,True,False,False,False,False,False,True,False,False,True,False,False
28,0,1172,3,3,2,78,3,1,2,2856,3692,1,19,3,4,1,1,3,3,1,0,0,0,2856.0,0.0,2.6666666666666665,1.0,0.0,False,True,False,True,False,False,True,False,False,False,False,False,False,False,False,False,False,True,True,False,False
30,1,945,9,3,2,89,3,1,4,1081,16019,1,13,3,3,0,1,3,2,1,0,0,0,1081.0,0.0,3.0,1.0,0.0,False,True,False,True,False,False,True,False,False,True,False,False,False,False,False,False,False,True,False,True,False
22,1,391,7,1,4,75,3,1,2,2472,26092,1,23,4,1,0,1,2,3,1,0,0,0,2472.0,0.0,2.3333333333333335,1.0,0.0,False,True,True,False,True,False,False,False,False,True,False,False,False,False,False,True,False,False,False,True,True
36,0,1266,10,4,2,63,2,2,3,5673,6060,1,13,3,1,1,10,4,3,10,9,1,7,567.3,0.1,2.0,1.0,0.7,False,True,False,True,False,False,False,False,True,False,False,False,False,False,False,False,True,False,True,False,True
31,0,311,20,3,2,89,3,2,3,4197,18624,1,11,3,1,1,10,2,3,10,8,0,2,419.7,0.0,2.0,1.0,0.2,False,True,True,False,True,False,False,False,False,True,False,True,False,False,False,False,False,False,False,False,False
34,0,1480,4,3,3,64,3,3,4,9713,24444,2,13,3,4,3,9,3,3,5,3,1,0,1942.6,0.2,3.6666666666666665,0.5555555555555556,0.0,False,True,False,True,True,False,False,False,False,True,False,False,False,False,False,False,True,False,True,False,True
29,0,592,7,3,4,59,3,1,1,2062,19384,3,14,3,2,0,11,2,3,3,2,1,2,687.3333333333334,0.3333333333333333,2.3333333333333335,0.2727272727272727,0.6666666666666666,False,True,True,False,True,False,False,False,False,True,False,True,False,False,False,False,False,False,False,True,False
37,0,783,7,4,4,78,3,2,1,4284,13588,5,22,4,3,1,16,2,3,5,3,0,4,856.8,0.0,2.6666666666666665,0.3125,0.8,False,True,True,False,False,False,True,False,False,True,False,False,False,False,False,True,False,False,True,False,True
35,0,219,16,2,4,44,2,2,2,4788,25388,0,11,3,4,0,4,2,3,3,2,0,2,1596.0,0.0,3.3333333333333335,0.75,0.6666666666666666,False,True,True,False,False,False,False,True,False,False,False,False,False,True,False,False,False,False,True,False,True
45,0,556,25,2,2,93,2,2,4,5906,23888,0,13,3,4,2,10,2,2,9,8,3,8,656.2222222222222,0.3333333333333333,3.3333333333333335,0.9,0.8888888888888888,False,True,True,False,True,False,False,False,False,False,False,False,False,True,False,False,False,False,True,False,False
36,0,1213,2,1,2,94,2,2,4,3886,4223,1,21,4,4,0,10,2,2,10,1,0,8,388.6,0.0,3.3333333333333335,1.0,0.8,True,False,False,False,False,False,False,False,False,True,True,False,False,False,False,False,False,False,False,True,False
40,0,1137,1,4,1,98,3,4,1,16823,18991,2,11,3,1,1,22,3,3,19,7,11,16,885.421052631579,0.5789473684210527,1.0,0.8636363636363636,0.8421052631578947,False,True,True,False,True,False,False,False,False,True,False,False,True,False,False,False,False,False,False,False,False
26,0,482,1,2,2,90,2,1,3,2933,14908,1,13,3,3,1,1,3,2,1,0,1,0,2933.0,1.0,2.6666666666666665,1.0,0.0,False,True,True,False,True,False,False,False,False,False,False,False,False,False,False,True,False,False,True,False,True
27,0,511,2,2,1,89,4,2,3,6500,26997,0,14,3,2,0,9,5,2,8,7,0,7,812.5,0.0,2.0,0.8888888888888888,0.875,False,True,False,True,False,False,True,False,False,False,False,False,False,False,False,False,True,False,False,True,False
48,0,117,22,3,4,58,3,4,4,17174,2437,3,11,3,2,1,24,3,3,22,17,4,7,780.6363636363636,0.18181818181818182,3.3333333333333335,0.9166666666666666,0.3181818181818182,True,False,True,False,False,False,True,False,False,False,False,False,True,False,False,False,False,False,False,False,False
44,0,170,1,4,2,78,4,2,1,5033,9364,2,15,3,4,1,10,5,3,2,0,2,2,2516.5,1.0,2.3333333333333335,0.2,1.0,False,True,True,False,True,False,False,False,False,True,False,False,False,False,False,False,False,False,True,False,False
34,1,967,16,4,4,85,1,1,1,2307,14460,1,23,4,2,1,5,2,3,5,2,3,0,461.4,0.6,2.3333333333333335,1.0,0.0,False,False,True,False,False,False,False,False,True,True,False,False,False,False,False,True,False,False,True,False,True
56,1,1162,24,2,1,97,3,1,4,2587,10261,1,16,3,4,0,5,3,3,4,2,1,0,646.75,0.25,3.0,0.8,0.0,False,True,True,False,True,False,False,False,False,True,False,True,False,False,False,False,False,False,False,True,False
36,0,335,17,2,3,33,2,2,2,5507,16822,2,16,3,3,2,12,1,1,4,2,1,3,1376.75,0.25,2.6666666666666665,0.3333333333333333,0.75,False,True,False,True,False,True,False,False,False,True,False,False,False,False,False,False,True,False,True,False,False
41,0,337,8,3,3,54,3,2,2,4393,26841,5,21,4,3,1,14,3,3,5,4,1,4,878.6,0.2,2.6666666666666665,0.35714285714285715,0.8,False,True,False,True,False,True,False,False,False,False,False,False,False,False,False,False,True,False,True,False,False
42,0,1396,6,3,3,83,3,3,1,13348,14842,9,13,3,2,1,18,3,4,13,7,5,7,1026.7692307692307,0.38461538461538464,2.0,0.7222222222222222,0.5384615384615384,False,True,True,False,False,False,True,False,False,True,False,False,False,False,True,False,False,False,True,False,False
31,0,1079,10,2,3,86,3,2,4,6583,20115,2,11,3,4,1,8,2,3,5,2,1,4,1316.6,0.2,3.6666666666666665,0.625,0.8,False,True,False,True,False,False,True,False,False,False,False,False,False,False,False,False,True,False,False,False,True
34,0,735,3,1,4,75,2,2,4,8103,16495,3,12,3,3,0,9,3,2,4,2,0,1,2025.75,0.0,3.6666666666666665,0.4444444444444444,0.25,False,True,False,True,False,False,True,False,False,False,False,False,False,False,False,False,True,False,True,False,True
31,0,471,4,3,1,62,4,1,3,3978,16031,8,12,3,2,1,4,0,2,2,2,2,2,1989.0,1.0,2.0,0.5,1.0,False,True,True,False,False,False,True,False,False,False,False,True,False,False,False,False,False,False,False,False,False
26,0,1096,6,3,3,61,4,1,4,2544,7102,0,18,3,1,1,8,3,3,7,7,7,7,363.42857142857144,1.0,2.6666666666666665,0.875,1.0,True,False,True,False,False,False,False,True,False,True,False,True,False,False,False,False,False,False,True,False,False
45,0,1297,1,4,2,44,3,2,3,5399,14511,4,12,3,3,0,12,3,3,4,2,0,3,1349.75,0.0,2.6666666666666665,0.3333333333333333,0.75,True,False,True,False,False,False,True,False,False,True,False,False,False,False,False,False,False,False,False,True,False
33,0,217,10,4,2,43,3,2,3,5487,10410,1,14,3,2,0,10,2,2,10,4,0,9,548.7,0.0,2.3333333333333335,1.0,0.9,False,True,False,True,False,True,False,False,False,True,False,False,False,False,False,False,True,False,False,True,False
28,0,783,1,2,3,42,2,2,4,6834,19255,1,12,3,3,1,7,2,3,7,7,0,7,976.2857142857143,0.0,3.3333333333333335,1.0,1.0,True,False,False,True,True,False,False,False,False,True,False,False,False,False,False,False,True,False,True,False,True
29,1,746,24,3,3,45,4,1,1,1091,10642,1,17,3,4,0,1,3,3,1,0,0,0,1091.0,0.0,2.6666666666666665,1.0,0.0,True,False,False,True,False,False,False,False,True,True,False,False,False,False,False,False,False,True,False,True,False
39,0,1251,21,4,1,32,1,2,3,5736,3987,6,19,3,3,1,10,1,3,3,2,1,2,1912.0,0.3333333333333333,2.3333333333333335,0.3,0.6666666666666666,False,False,False,True,True,False,False,False,False,False,False,False,False,False,False,False,True,False,True,False,False
27,0,1354,2,4,2,41,3,1,2,2226,6073,1,11,3,3,1,6,3,2,5,3,1,2,445.2,0.2,2.3333333333333335,0.8333333333333334,0.4,False,True,True,False,False,False,False,False,True,True,False,False,False,False,False,True,False,False,True,False,False
34,0,735,22,4,3,86,2,2,4,5747,26496,1,15,3,2,0,16,3,3,15,10,6,11,383.1333333333333,0.4,3.0,0.9375,0.7333333333333333,True,False,True,False,False,False,False,True,False,True,False,False,False,False,False,True,False,False,True,False,True
28,1,1475,13,2,4,84,3,2,3,9854,23352,3,11,3,4,0,6,0,3,2,0,2,2,4927.0,1.0,3.6666666666666665,0.3333333333333333,1.0,False,True,False,True,False,True,False,False,False,False,False,False,False,False,False,False,True,False,False,True,True
47,0,1169,14,4,3,64,3,2,2,5467,2125,8,18,3,3,1,16,4,4,8,7,1,7,683.375,0.125,2.6666666666666665,0.5,0.875,False,False,True,False,False,False,False,False,True,True,False,False,False,False,False,True,False,False,True,False,False
56,0,1443,11,5,4,89,2,2,1,5380,20328,4,16,3,3,1,6,3,3,0,0,0,0,5380.0,0.0,2.6666666666666665,0.0,0.0,False,True,False,True,False,True,False,False,False,False,False,False,False,False,False,False,True,False,True,False,False
39,0,867,9,2,1,87,3,2,1,5151,12315,1,25,4,4,1,10,3,3,10,0,7,9,515.1,0.7,2.0,1.0,0.9,False,True,True,False,False,False,True,False,False,True,False,False,False,True,False,False,False,False,True,False,False
38,0,1394,8,3,4,58,2,2,2,2133,18115,1,16,3,3,1,20,3,3,20,11,0,7,106.65,0.0,3.0,1.0,0.35,True,False,True,False,False,False,True,False,False,False,False,False,False,False,False,True,False,False,False,False,True
58,0,605,21,3,4,72,3,4,4,17875,11761,4,13,3,3,1,29,2,2,1,0,0,0,17875.0,0.0,3.6666666666666665,0.034482758620689655,0.0,False,True,False,True,True,False,False,False,False,False,False,False,True,False,False,False,False,False,True,False,True
32,1,238,5,2,1,47,4,1,3,2432,15318,3,14,3,1,0,8,2,3,4,1,0,3,608.0,0.0,1.6666666666666667,0.5,0.75,True,False,True,False,True,False,False,False,False,False,False,False,False,False,False,True,False,False,False,True,True
38,0,1206,9,2,2,71,3,1,4,4771,14293,2,19,3,4,2,10,0,4,5,2,0,3,954.2,0.0,3.3333333333333335,0.5,0.6,False,True,True,False,True,False,False,False,False,True,False,False,False,False,False,True,False,False,False,False,False
49,0,1064,2,1,2,42,3,5,4,19161,13738,3,15,3,4,0,28,3,3,5,4,4,3,3832.2,0.8,3.3333333333333335,0.17857142857142858,0.6,True,False,True,False,True,False,False,False,False,True,False,False,False,False,True,False,False,False,True,False,False
42,0,419,12,4,2,77,3,2,4,5087,2900,3,12,3,3,2,14,4,3,0,0,0,0,5087.0,0.0,3.0,0.0,0.0,False,True,False,True,False,True,False,False,False,True,False,False,False,False,False,False,True,False,False,False,True
27,1,1337,22,3,1,58,2,1,2,2863,19555,1,12,3,1,0,1,2,3,1,0,0,0,2863.0,0.0,1.3333333333333333,1.0,0.0,True,False,False,False,False,False,False,False,False,False,True,False,False,False,False,False,False,False,True,False,False
35,0,682,18,4,2,71,3,2,1,5561,15975,0,16,3,4,1,6,2,1,5,3,0,4,1112.2,0.0,2.3333333333333335,0.8333333333333334,0.8,False,True,False,True,False,False,True,False,False,True,False,False,False,False,False,False,True,False,True,False,False
28,0,1103,16,3,3,49,3,1,3,2144,2122,1,14,3,3,0,5,3,2,5,3,1,4,428.8,0.2,3.0,1.0,0.8,False,False,True,False,False,False,True,False,False,True,False,False,False,False,False,True,False,False,False,True,False
31,0,976,3,2,3,48,3,1,1,3065,3995,1,13,3,4,1,4,3,4,4,2,2,3,766.25,0.5,2.6666666666666665,1.0,0.75,False,False,True,False,False,False,True,False,False,True,False,False,False,False,False,True,False,False,False,False,True
36,0,1351,9,4,1,66,4,1,2,2810,9238,1,22,4,2,0,5,3,3,5,4,0,2,562.0,0.0,1.6666666666666667,1.0,0.4,False,False,True,False,True,False,False,False,False,True,False,True,False,False,False,False,False,False,True,False,False
34,0,937,1,3,1,32,3,3,4,9888,6770,1,21,4,1,0,14,3,2,14,8,2,1,706.2857142857143,0.14285714285714285,2.0,1.0,0.07142857142857142,False,True,False,True,False,True,False,False,False,True,False,False,False,False,False,False,True,False,False,True,False
34,0,1239,13,4,4,39,3,3,3,8628,22914,1,18,3,3,1,9,2,2,8,7,1,1,1078.5,0.125,3.3333333333333335,0.8888888888888888,0.125,False,True,False,True,False,False,True,False,False,True,False,False,False,False,False,False,True,False,False,False,False
26,0,157,1,3,3,95,3,1,1,2867,20006,0,13,3,4,0,8,6,2,7,7,7,6,409.57142857142856,1.0,2.6666666666666665,0.875,0.8571428571428571,False,True,True,False,False,False,True,False,False,True,False,True,False,False,False,False,False,False,False,True,False
29,0,136,1,3,1,89,3,2,1,5373,6225,0,12,3,1,1,6,5,2,5,3,0,2,1074.6,0.0,1.0,0.8333333333333334,0.4,False,True,True,False,True,False,False,False,False,True,False,False,False,False,False,False,False,False,True,False,False
32,0,1146,15,4,3,34,3,2,4,6667,16542,5,18,3,2,1,9,6,3,5,1,1,2,1333.4,0.2,3.0,0.5555555555555556,0.4,False,False,True,False,False,False,True,False,False,False,False,False,False,False,False,False,False,False,False,False,False
31,0,1125,1,3,4,48,1,2,1,5003,5771,1,21,4,2,0,10,6,3,10,8,8,7,500.3,0.8,2.3333333333333335,1.0,0.7,True,False,True,False,True,False,False,False,False,True,False,False,False,False,False,True,False,False,True,False,False
28,1,1404,17,3,3,32,2,1,4,2367,18779,5,12,3,1,1,6,2,2,4,1,0,3,591.75,0.0,2.6666666666666665,0.6666666666666666,0.75,False,True,True,False,False,False,False,False,True,True,False,True,False,False,False,False,False,False,False,False,False
38,0,1404,1,3,1,59,2,1,1,2858,11473,4,14,3,1,0,20,3,2,1,0,0,0,2858.0,0.0,1.0,0.05,0.0,False,True,False,True,True,False,False,False,False,True,False,False,False,False,False,False,False,True,False,True,False
35,0,1224,7,4,3,55,3,2,4,5204,13586,1,11,3,4,0,10,2,3,10,8,0,9,520.4,0.0,3.6666666666666665,1.0,0.9,False,True,False,True,True,False,False,False,False,False,False,False,False,False,False,False,True,False,True,False,True
27,0,954,9,3,4,44,3,2,4,4105,5099,1,14,3,1,0,7,5,3,7,7,0,7,586.4285714285714,0.0,3.0,1.0,1.0,False,True,False,True,False,True,False,False,False,True,False,False,False,False,False,False,True,False,False,True,False
32,0,1373,5,4,4,56,2,2,4,9679,10138,8,24,4,2,0,8,1,3,1,0,0,0,9679.0,0.0,3.3333333333333335,0.125,0.0,False,True,True,False,True,False,False,False,False,True,False,False,False,True,False,False,False,False,False,True,False
31,1,754,26,4,1,63,3,2,4,5617,21075,1,11,3,3,0,10,4,3,10,7,0,8,561.7,0.0,2.6666666666666665,1.0,0.8,True,False,False,True,False,True,False,False,False,True,False,False,False,False,False,False,True,False,True,False,True
53,1,1168,24,4,1,66,3,3,1,10448,5843,6,13,3,2,0,15,2,2,2,2,2,2,5224.0,1.0,1.3333333333333333,0.13333333333333333,1.0,False,True,False,True,True,False,False,False,False,True,False,False,False,False,False,False,True,False,False,True,True
54,0,155,9,2,1,67,3,2,3,2897,22474,3,11,3,3,2,9,6,2,4,3,2,3,724.25,0.5,2.3333333333333335,0.4444444444444444,0.75,False,True,True,False,True,False,False,False,False,False,False,False,False,False,False,True,False,False,True,False,False
33,0,1303,7,2,4,36,3,2,3,5968,18079,1,20,4,3,3,9,2,3,9,7,2,8,663.1111111111111,0.2222222222222222,3.3333333333333335,1.0,0.8888888888888888,True,False,True,False,True,False,False,False,False,True,False,False,False,False,False,False,False,False,False,False,False
43,0,574,11,3,1,30,3,3,3,7510,16873,1,17,3,2,1,10,1,3,10,9,0,9,751.0,0.0,2.0,1.0,0.9,False,True,True,False,True,False,False,False,False,True,False,False,False,False,False,False,False,False,True,False,False
38,0,1444,1,4,4,88,3,1,2,2991,5224,0,11,3,2,1,7,2,3,6,2,1,2,498.5,0.16666666666666666,2.6666666666666665,0.8571428571428571,0.3333333333333333,True,False,False,False,False,False,False,True,False,True,True,False,False,False,False,False,False,False,True,False,True
55,0,189,26,4,3,71,4,5,2,19636,25811,4,18,3,1,1,35,0,3,10,9,1,4,1963.6,0.1,2.0,0.2857142857142857,0.4,False,True,False,False,False,False,False,False,False,True,False,False,True,False,False,False,False,False,True,False,True
31,0,1276,2,1,4,59,1,1,4,1129,17536,1,11,3,3,3,1,4,3,1,0,0,0,1129.0,0.0,3.6666666666666665,1.0,0.0,False,True,True,False,False,False,True,False,False,False,False,True,False,False,False,False,False,False,False,False,True
39,0,119,15,4,2,77,3,4,1,13341,25098,0,12,3,1,0,21,3,3,20,8,11,10,667.05,0.55,1.3333333333333333,0.9523809523809523,0.5,False,True,False,True,False,True,False,False,False,True,False,False,False,False,False,False,True,False,False,True,False
42,0,335,23,2,4,37,2,2,3,4332,14811,1,12,3,4,0,20,2,3,20,9,3,7,216.6,0.15,3.6666666666666665,1.0,0.35,False,False,True,False,True,False,False,False,False,True,False,False,False,False,False,True,False,False,False,True,False
31,0,697,10,3,3,40,3,3,3,11031,26862,4,20,4,3,1,13,2,4,11,7,4,8,1002.8181818181819,0.36363636363636365,3.0,0.8461538461538461,0.7272727272727273,False,False,True,False,False,False,True,False,False,False,False,False,False,False,True,False,False,False,True,False,False
54,0,157,10,3,3,77,3,2,1,4440,25198,6,19,3,4,0,9,3,3,5,2,1,4,888.0,0.2,2.6666666666666665,0.5555555555555556,0.8,False,True,True,False,False,False,True,False,False,False,False,False,False,True,False,False,False,False,False,True,True
24,0,771,1,2,2,45,2,2,3,4617,14120,1,12,3,2,0,4,2,2,4,3,1,2,1154.25,0.25,2.3333333333333335,1.0,0.5,False,True,True,False,True,False,False,False,False,True,False,False,False,False,False,False,False,False,False,True,False
23,0,571,12,2,4,78,3,1,4,2647,13672,1,13,3,3,0,5,6,4,5,2,1,4,529.4,0.2,3.6666666666666665,1.0,0.8,False,True,True,False,False,False,False,True,False,True,False,True,False,False,False,False,False,False,False,True,False
40,0,692,11,3,4,73,3,2,3,6323,26849,1,11,3,1,1,10,2,4,10,9,9,4,632.3,0.9,2.6666666666666665,1.0,0.4,True,False,True,False,False,False,False,False,True,False,False,True,False,False,False,False,False,False,True,False,False
40,0,444,2,2,2,92,3,2,2,5677,4258,3,14,3,3,1,15,4,3,11,8,5,10,516.0909090909091,0.45454545454545453,2.3333333333333335,0.7333333333333333,0.9090909090909091,False,True,False,True,False,True,False,False,False,False,False,False,False,False,False,False,True,False,True,False,False
25,0,309,2,3,3,82,3,1,2,2187,19655,4,14,3,3,0,6,3,3,2,0,1,2,1093.5,0.5,2.6666666666666665,0.3333333333333333,1.0,False,True,False,False,False,False,False,False,False,False,True,False,False,False,False,False,False,False,True,False,False
30,0,911,1,2,4,76,3,1,2,3748,4077,1,13,3,3,0,12,6,2,12,8,1,7,312.3333333333333,0.08333333333333333,3.0,1.0,0.5833333333333334,False,True,True,False,False,False,True,False,False,True,False,True,False,False,False,False,False,False,True,False,False
25,0,977,2,1,4,57,3,1,3,3977,7298,6,19,3,3,1,7,2,2,2,2,0,2,1988.5,0.0,3.3333333333333335,0.2857142857142857,1.0,False,True,True,False,False,False,False,True,False,True,False,True,False,False,False,False,False,False,False,False,True
47,0,1180,25,3,1,84,3,3,3,8633,13084,2,23,4,2,0,25,3,3,17,14,12,11,507.8235294117647,0.7058823529411765,2.0,0.68,0.6470588235294118,False,True,True,False,False,False,True,False,False,True,False,False,False,False,False,False,False,False,False,True,False
33,0,1313,1,2,2,59,2,1,3,2008,20439,1,12,3,3,3,1,2,2,1,1,0,0,2008.0,0.0,2.6666666666666665,1.0,0.0,False,False,True,False,False,False,True,False,False,True,False,True,False,False,False,False,False,False,False,False,False
38,0,1321,1,4,4,86,3,2,2,4440,7636,0,15,3,1,2,16,3,3,15,13,5,8,296.0,0.3333333333333333,2.3333333333333335,0.9375,0.5333333333333333,False,True,False,True,True,False,False,False,False,True,False,False,False,False,False,False,True,False,True,False,False
31,0,1154,2,2,1,54,3,1,3,3067,6393,0,19,3,3,1,3,1,3,2,2,1,2,1533.5,0.5,2.3333333333333335,0.6666666666666666,1.0,False,True,False,True,True,False,False,False,False,True,False,False,False,False,False,False,False,True,True,False,False
38,0,508,6,4,1,72,2,2,3,5321,14284,2,11,3,4,1,10,1,3,8,3,7,7,665.125,0.875,2.6666666666666665,0.8,0.875,True,False,True,False,True,False,False,False,False,True,False,False,False,True,False,False,False,False,True,False,False
42,0,557,18,4,4,35,3,2,1,5410,11189,6,17,3,3,1,9,3,2,4,3,1,2,1352.5,0.25,2.6666666666666665,0.4444444444444444,0.5,False,True,True,False,True,False,False,False,False,True,False,False,False,False,False,True,False,False,False,False,True
41,0,642,1,3,4,76,3,1,4,2782,21412,3,22,4,1,1,12,3,3,5,3,1,0,556.4,0.2,3.0,0.4166666666666667,0.0,False,True,True,False,True,False,False,False,False,True,False,False,False,False,False,True,False,False,True,False,False
47,0,1162,1,1,3,98,3,3,2,11957,17231,0,18,3,1,2,14,3,1,13,8,5,12,919.7692307692307,0.38461538461538464,2.0,0.9285714285714286,0.9230769230769231,False,False,True,False,False,False,True,False,False,False,False,False,False,False,True,False,False,False,True,False,False
35,0,1490,11,4,4,43,3,1,3,2660,20232,7,11,3,3,1,5,3,3,2,2,2,2,1330.0,1.0,3.3333333333333335,0.4,1.0,False,True,True,False,False,False,True,False,False,True,False,True,False,False,False,False,False,False,True,False,True
22,0,581,1,2,4,63,3,1,3,3375,17624,0,12,3,4,0,4,2,4,3,2,1,2,1125.0,0.3333333333333333,3.6666666666666665,0.75,0.6666666666666666,False,True,True,False,True,False,False,False,False,True,False,False,False,False,False,True,False,False,False,True,False
35,0,1395,9,4,2,48,3,2,3,5098,18698,1,19,3,2,0,10,5,3,10,7,0,8,509.8,0.0,2.3333333333333335,1.0,0.8,False,True,True,False,False,False,True,False,False,True,False,False,False,False,False,True,False,False,False,True,False
33,0,501,15,2,2,95,3,2,4,4878,21653,0,13,3,1,1,10,6,3,9,7,8,1,542.0,0.8888888888888888,2.3333333333333335,0.9,0.1111111111111111,False,True,True,False,False,False,True,False,False,False,False,False,False,False,False,False,False,False,True,False,True
32,0,267,29,4,3,49,2,1,2,2837,15919,1,13,3,3,0,6,3,3,6,2,4,1,472.8333333333333,0.6666666666666666,2.6666666666666665,1.0,0.16666666666666666,False,True,True,False,True,False,False,False,False,False,False,True,False,False,False,False,False,False,False,True,False
40,0,543,1,4,1,83,3,1,4,2406,4060,8,19,3,3,2,8,3,2,1,0,0,0,2406.0,0.0,2.6666666666666665,0.125,0.0,False,True,True,False,True,False,False,False,False,True,False,True,False,False,False,False,False,False,True,False,False
32,0,234,1,4,2,68,2,1,2,2269,18024,0,14,3,2,1,3,2,3,2,2,2,2,1134.5,1.0,2.0,0.6666666666666666,1.0,False,True,False,True,False,False,True,False,False,True,False,False,False,False,False,False,False,True,True,False,False
39,0,116,24,1,1,52,3,2,4,4108,5340,7,13,3,1,0,18,2,3,7,7,1,7,586.8571428571429,0.14285714285714285,2.0,0.3888888888888889,1.0,False,True,True,False,True,False,False,False,False,True,False,False,False,False,False,True,False,False,False,True,False
38,0,201,10,3,2,99,1,3,3,13206,3376,3,12,3,1,1,20,3,3,18,16,1,11,733.6666666666666,0.05555555555555555,2.0,0.9,0.6111111111111112,False,True,True,False,False,False,True,False,False,False,False,False,False,False,True,False,False,False,True,False,False
32,0,801,1,4,3,48,3,3,4,10422,24032,1,19,3,3,2,14,3,3,14,10,5,7,744.4285714285714,0.35714285714285715,3.3333333333333335,1.0,0.5,False,True,False,True,False,True,False,False,False,False,False,False,False,False,False,False,True,False,True,False,False
37,0,161,10,3,3,42,4,3,4,13744,15471,1,25,4,1,1,16,2,3,16,11,6,8,859.0,0.375,2.6666666666666665,1.0,0.5,False,True,True,False,True,False,False,False,False,False,False,False,False,False,True,False,False,False,True,False,True
25,0,1382,8,2,1,85,3,2,3,4907,13684,0,22,4,2,1,6,3,2,5,3,0,4,981.4,0.0,2.0,0.8333333333333334,0.8,False,True,False,True,False,False,False,True,False,False,False,False,False,False,False,False,True,False,False,False,True
52,0,585,29,4,1,40,3,1,4,3482,19788,2,15,3,2,2,16,3,2,9,8,0,0,386.8888888888889,0.0,2.3333333333333335,0.5625,0.0,False,False,False,True,True,False,False,False,False,True,False,False,False,False,False,False,False,True,False,False,False
44,0,1037,1,3,2,42,3,1,4,2436,13422,6,12,3,3,0,6,2,3,4,3,1,2,609.0,0.25,3.0,0.6666666666666666,0.5,False,True,True,False,False,False,True,False,False,True,False,False,False,False,False,True,False,False,False,True,True
21,0,501,5,1,3,58,3,1,1,2380,25479,1,11,3,4,0,2,6,3,2,2,1,2,1190.0,0.5,2.6666666666666665,1.0,1.0,False,True,False,True,False,False,True,False,False,True,False,False,False,False,False,False,False,True,False,True,True
39,0,105,9,3,4,87,3,5,4,19431,15302,2,13,3,3,0,21,3,2,6,0,1,3,3238.5,0.16666666666666666,3.6666666666666665,0.2857142857142857,0.5,False,False,True,False,True,False,False,False,False,True,False,False,True,False,False,False,False,False,False,True,False
23,1,638,9,3,4,33,3,1,1,1790,26956,1,19,3,1,1,1,3,2,1,0,1,0,1790.0,1.0,2.0,1.0,0.0,True,False,False,True,False,True,False,False,False,True,False,False,False,False,False,False,False,True,True,False,False
36,0,557,3,3,1,94,2,3,4,7644,12695,0,19,3,3,2,10,2,3,9,7,3,4,849.3333333333334,0.3333333333333333,2.6666666666666665,0.9,0.4444444444444444,False,True,False,True,False,False,True,False,False,False,False,False,False,False,False,False,True,False,True,False,False
36,0,688,4,2,4,97,3,2,2,5131,9192,7,13,3,2,3,18,3,3,4,2,0,2,1282.75,0.0,2.6666666666666665,0.2222222222222222,0.5,True,False,True,False,True,False,False,False,False,False,False,False,False,True,False,False,False,False,False,False,False
56,0,667,1,4,3,57,3,2,3,6306,26236,1,21,4,1,1,13,2,2,13,12,1,9,485.0769230769231,0.07692307692307693,2.3333333333333335,1.0,0.6923076923076923,False,False,True,False,True,False,False,False,False,True,False,False,False,False,False,False,False,False,False,False,False
29,1,1092,1,4,1,36,3,1,4,4787,26124,9,14,3,2,3,4,3,4,2,2,2,2,2393.5,1.0,2.3333333333333335,0.5,1.0,False,True,True,False,False,False,True,False,False,True,False,False,False,False,False,True,False,False,True,False,True
42,0,300,2,3,1,56,3,5,3,18880,17312,5,11,3,1,0,24,2,2,22,6,4,14,858.1818181818181,0.18181818181818182,1.6666666666666667,0.9166666666666666,0.6363636363636364,False,True,True,False,True,False,False,False,False,True,False,False,True,False,False,False,False,False,True,False,False
56,1,310,7,2,4,72,3,1,3,2339,3666,8,11,3,4,1,14,4,1,10,9,9,8,233.9,0.9,3.6666666666666665,0.7142857142857143,0.8,False,True,True,False,False,False,False,False,True,True,False,True,False,False,False,False,False,False,True,False,False
41,0,582,28,4,1,60,2,4,2,13570,5640,0,23,4,3,1,21,3,3,20,7,0,10,678.5,0.0,2.0,0.9523809523809523,0.5,False,True,True,False,True,False,False,False,False,False,False,False,False,True,False,False,False,False,True,False,False
34,0,704,28,3,4,95,2,2,3,6712,8978,1,21,4,4,2,8,2,3,8,7,1,7,839.0,0.125,3.6666666666666665,1.0,0.875,False,True,False,True,False,True,False,False,False,False,False,False,False,False,False,False,True,False,True,False,False
36,0,301,15,4,4,88,1,2,4,5406,10436,1,24,4,1,1,15,4,2,15,12,11,11,360.4,0.7333333333333333,3.0,1.0,0.7333333333333333,False,False,False,True,False,True,False,False,False,True,False,False,False,False,False,False,True,False,False,False,False
41,0,930,3,3,3,57,2,2,2,8938,12227,2,11,3,3,1,14,5,3,5,4,0,4,1787.6,0.0,2.6666666666666665,0.35714285714285715,0.8,False,True,False,True,True,False,False,False,False,True,False,False,False,False,False,False,True,False,False,False,False
32,0,529,2,3,4,78,3,1,1,2439,11288,1,14,3,4,0,4,4,3,4,2,1,2,609.75,0.25,3.0,1.0,0.5,False,True,True,False,False,False,False,False,True,True,False,False,False,False,False,True,False,False,False,True,False
35,0,1146,26,4,3,31,3,3,4,8837,16642,1,16,3,3,0,9,2,3,9,0,1,7,981.8888888888889,0.1111111111111111,3.3333333333333335,1.0,0.7777777777777778,False,True,False,False,True,False,False,False,False,False,True,False,False,False,False,False,False,False,False,True,True
38,0,345,10,2,1,100,3,2,4,5343,5982,1,11,3,3,1,10,1,3,10,7,1,9,534.3,0.1,2.6666666666666665,1.0,0.9,False,True,False,True,True,False,False,False,False,False,False,False,False,False,False,False,True,False,True,False,False
50,1,878,1,4,2,94,3,2,3,6728,14255,7,12,3,4,2,12,3,3,6,3,0,1,1121.3333333333333,0.0,3.0,0.5,0.16666666666666666,True,False,False,True,True,False,False,False,False,True,False,False,False,False,False,False,True,False,False,False,False
36,0,1120,11,4,2,100,2,2,4,6652,14369,4,13,3,1,1,8,2,2,6,3,0,0,1108.6666666666667,0.0,2.3333333333333335,0.75,0.0,False,True,False,True,False,True,False,False,False,False,False,False,False,False,False,False,True,False,True,False,False
45,0,374,20,3,4,50,3,2,3,4850,23333,8,15,3,3,0,8,3,3,5,3,0,1,970.0,0.0,3.3333333333333335,0.625,0.2,False,True,False,True,True,False,False,False,False,False,False,False,False,False,False,False,True,False,False,True,False
40,0,1322,2,4,3,52,2,1,3,2809,2725,2,14,3,4,0,8,2,3,2,2,2,2,1404.5,1.0,3.3333333333333335,0.25,1.0,False,True,True,False,True,False,False,False,False,True,False,False,False,False,False,True,False,False,False,True,False
35,0,1199,18,4,3,80,3,2,3,5689,24594,1,14,3,4,2,10,2,4,10,2,0,2,568.9,0.0,3.3333333333333335,1.0,0.2,True,False,True,False,True,False,False,False,False,True,False,False,False,False,False,False,False,False,True,False,True
40,0,1194,2,4,3,98,3,1,3,2001,12549,2,14,3,2,3,20,2,3,5,3,0,2,400.2,0.0,2.6666666666666665,0.25,0.4,False,True,True,False,False,False,True,False,False,False,False,False,False,False,False,True,False,False,True,False,False
35,0,287,1,4,3,62,1,1,4,2977,8952,1,12,3,4,1,4,5,3,4,3,1,1,744.25,0.25,3.6666666666666665,1.0,0.25,False,True,True,False,True,False,False,False,False,False,False,False,False,False,False,True,False,False,True,False,False
29,0,1378,13,2,4,46,2,2,2,4025,23679,4,13,3,1,1,10,2,3,4,3,0,3,1006.25,0.0,2.3333333333333335,0.4,0.75,False,True,True,False,False,False,False,True,False,True,False,True,False,False,False,False,False,False,True,False,True
29,0,468,28,4,4,73,2,1,1,3785,8489,1,14,3,2,0,5,3,1,5,4,0,4,757.0,0.0,2.3333333333333335,1.0,0.8,False,True,True,False,False,False,True,False,False,False,False,False,False,False,False,True,False,False,False,True,False
50,1,410,28,3,4,39,2,3,1,10854,16586,4,13,3,2,1,20,3,3,3,2,2,0,3618.0,0.6666666666666666,2.3333333333333335,0.15,0.0,False,True,False,True,False,True,False,False,False,True,False,False,False,False,False,False,True,False,False,False,True
39,0,722,24,1,2,60,2,4,4,12031,8828,0,11,3,1,1,21,2,2,20,9,9,6,601.55,0.45,2.3333333333333335,0.9523809523809523,0.3,False,True,False,True,False,True,False,False,False,False,False,False,False,False,False,False,True,False,True,False,False
31,0,325,5,3,2,74,3,2,1,9936,3787,0,19,3,2,0,10,2,3,9,4,1,7,1104.0,0.1111111111111111,1.6666666666666667,0.9,0.7777777777777778,False,False,True,False,False,False,True,False,False,True,False,False,False,True,False,False,False,False,False,True,False
26,0,1167,5,3,4,30,2,1,3,2966,21378,0,18,3,4,0,5,2,3,4,2,0,0,741.5,0.0,3.6666666666666665,0.8,0.0,False,True,False,True,False,False,False,True,False,False,False,False,False,False,False,False,False,True,False,True,False
36,0,884,23,2,3,41,4,2,4,2571,12290,4,17,3,3,1,17,3,3,5,2,0,3,514.2,0.0,3.3333333333333335,0.29411764705882354,0.6,True,False,True,False,False,False,True,False,False,True,False,True,False,False,False,False,False,False,True,False,False
39,0,613,6,1,4,42,2,3,1,9991,21457,4,15,3,1,1,9,5,3,7,7,1,7,1427.2857142857142,0.14285714285714285,2.0,0.7777777777777778,1.0,False,True,True,False,False,False,True,False,False,True,False,False,False,False,False,False,False,False,True,False,False
27,0,155,4,3,2,87,4,2,2,6142,5174,1,20,4,2,1,6,0,3,6,2,0,3,1023.6666666666666,0.0,2.0,1.0,0.5,False,True,True,False,True,False,False,False,False,True,False,False,False,True,False,False,False,False,True,False,True
49,0,1023,2,3,4,63,2,2,2,5390,13243,2,14,3,4,0,17,3,2,9,6,0,8,598.8888888888889,0.0,3.3333333333333335,0.5294117647058824,0.8888888888888888,True,False,False,True,False,False,True,False,False,True,False,False,False,False,False,False,True,False,True,False,False
34,0,628,8,3,2,82,4,2,3,4404,10228,2,12,3,1,0,6,3,4,4,3,1,2,1101.0,0.25,2.0,0.6666666666666666,0.5,False,True,True,False,False,False,True,False,False,True,False,True,False,False,False,False,False,False,True,False,False
