EmployeeNumber,EmployeeName,Department,JobRole,Attrition_Prob,Risk,occupation_title,gap_count,skill_gap,recommendation
1,Mateo Green,Sales,Sales Executive,0.909,HIGH,Sales Managers,3,"Active Learning, Microsoft Office software, Microsoft PowerPoint",Priority: Microsoft Office software -> Microsoft Office Essentials
2,Kenneth Chen,Research & Development,Research Scientist,0.108,LOW,Natural Sciences Managers,4,"Critical Thinking, Microsoft Office software, Microsoft PowerPoint, Writing",Priority: Critical Thinking -> Structured Problem Solving workshop
4,Steven Shah,Research & Development,Laboratory Technician,0.796,HIGH,Chemical Technicians,1,Microsoft Excel,Priority: Microsoft Excel -> Excel for Business Analysis (internal LMS)
5,Fatima Muller,Research & Development,Research Scientist,0.385,MEDIUM,Natural Sciences Managers,2,"Microsoft Excel, Reading Comprehension",Priority: Microsoft Excel -> Excel for Business Analysis (internal LMS)
7,Sanjay Wright (7),Research & Development,Laboratory Technician,0.768,HIGH,Chemical Technicians,2,"Microsoft Office software, Microsoft Outlook",Priority: Microsoft Office software -> Microsoft Office Essentials
8,Betty Robinson,Research & Development,Laboratory Technician,0.227,LOW,Chemical Technicians,3,"Microsoft Excel, Microsoft Outlook, Monitoring",Priority: Microsoft Excel -> Excel for Business Analysis (internal LMS)
10,Stephanie Ivanova,Research & Development,Laboratory Technician,0.502,MEDIUM,Chemical Technicians,1,Microsoft Office software,Priority: Microsoft Office software -> Microsoft Office Essentials
11,Divya Ahmed,Research & Development,Laboratory Technician,0.413,MEDIUM,Chemical Technicians,4,"Critical Thinking, Microsoft Outlook, Science, Writing",Priority: Critical Thinking -> Structured Problem Solving workshop
12,Michael Liu,Research & Development,Manufacturing Director,0.344,MEDIUM,Industrial Production Managers,4,"Microsoft Excel, Microsoft Office software, Monitoring, Reading Comprehension",Priority: Microsoft Excel -> Excel for Business Analysis (internal LMS)
13,Anthony Ibrahim,Research & Development,Healthcare Representative,0.133,LOW,"Sales Representatives, Wholesale and Manufacturing, Technical and Scientific Products",2,"Critical Thinking, Microsoft Outlook",Priority: Critical Thinking -> Structured Problem Solving workshop
14,Fatima Hernandez,Research & Development,Laboratory Technician,0.265,LOW,Chemical Technicians,2,"Microsoft Office software, Writing",Priority: Microsoft Office software -> Microsoft Office Essentials
15,David Zhao,Research & Development,Laboratory Technician,0.677,HIGH,Chemical Technicians,2,"Active Listening, Microsoft Office software",Priority: Active Listening -> Active Listening for Managers
16,Betty Wilson,Research & Development,Research Scientist,0.387,MEDIUM,Natural Sciences Managers,2,"Monitoring, Writing",Priority: Monitoring -> Performance Monitoring & KPIs
18,Elizabeth Wright,Research & Development,Laboratory Technician,0.134,LOW,Chemical Technicians,3,"Active Listening, Microsoft Excel, Microsoft Office software",Priority: Microsoft Excel -> Excel for Business Analysis (internal LMS)
19,Brian Rao,Research & Development,Laboratory Technician,0.965,HIGH,Chemical Technicians,3,"Microsoft Outlook, Monitoring, Writing",Priority: Monitoring -> Performance Monitoring & KPIs
20,Lee Williams,Research & Development,Manufacturing Director,0.252,LOW,Industrial Production Managers,4,"Active Listening, Microsoft Office software, Microsoft PowerPoint, Reading Comprehension",Priority: Active Listening -> Active Listening for Managers
21,Susan Thomas (21),Research & Development,Research Scientist,0.184,LOW,Natural Sciences Managers,2,"Critical Thinking, Microsoft Office software",Priority: Critical Thinking -> Structured Problem Solving workshop
22,Michael Taylor (22),Research & Development,Laboratory Technician,0.466,MEDIUM,Chemical Technicians,3,"Active Listening, Critical Thinking, Monitoring",Priority: Critical Thinking -> Structured Problem Solving workshop
23,Neha Mitchell,Sales,Manager,0.019,LOW,General and Operations Managers,2,"Active Learning, Monitoring",Priority: Monitoring -> Performance Monitoring & KPIs
24,Sergei Singh,Research & Development,Research Scientist,0.453,MEDIUM,Natural Sciences Managers,3,"Microsoft Office software, Science, Writing",Priority: Microsoft Office software -> Microsoft Office Essentials
26,Kim Young,Research & Development,Manufacturing Director,0.007,LOW,Industrial Production Managers,3,"Active Listening, Microsoft Outlook, Reading Comprehension",Priority: Active Listening -> Active Listening for Managers
27,Ling Allen,Sales,Sales Representative,0.785,HIGH,"Sales Representatives of Services, Except Advertising, Insurance, Financial Services, and Travel",2,"Microsoft Office software, Salesforce software",Priority: Microsoft Office software -> Microsoft Office Essentials
28,Andrew Nair,Research & Development,Research Director,0.034,LOW,Natural Sciences Managers,1,Microsoft Office software,Priority: Microsoft Office software -> Microsoft Office Essentials
30,Barbara Wilson,Research & Development,Research Scientist,0.221,LOW,Natural Sciences Managers,4,"Microsoft Office software, Microsoft PowerPoint, Monitoring, Reading Comprehension",Priority: Microsoft Office software -> Microsoft Office Essentials
31,Kimberly Kowalski,Research & Development,Research Scientist,0.346,MEDIUM,Natural Sciences Managers,1,Reading Comprehension,Priority: Reading Comprehension -> Business Writing & Comprehension
32,Hassan Adams,Research & Development,Manager,0.009,LOW,General and Operations Managers,4,"Active Learning, Active Listening, Microsoft Excel, Speaking",Priority: Microsoft Excel -> Excel for Business Analysis (internal LMS)
33,Robert Chowdhury (33),Research & Development,Research Scientist,0.913,HIGH,Natural Sciences Managers,3,"Critical Thinking, Science, Writing",Priority: Critical Thinking -> Structured Problem Solving workshop
35,Elizabeth King,Sales,Sales Executive,0.255,LOW,Sales Managers,4,"Active Learning, Active Listening, Monitoring, Speaking",Priority: Active Listening -> Active Listening for Managers
36,Vikram Kumar,Research & Development,Healthcare Representative,0.036,LOW,"Sales Representatives, Wholesale and Manufacturing, Technical and Scientific Products",4,"Active Listening, Microsoft Excel, Salesforce software, Speaking",Priority: Microsoft Excel -> Excel for Business Analysis (internal LMS)
38,Ali Chen (38),Sales,Manager,0.44,MEDIUM,General and Operations Managers,3,"Microsoft Excel, Microsoft Office software, Speaking",Priority: Microsoft Excel -> Excel for Business Analysis (internal LMS)
39,Patricia Hill,Research & Development,Laboratory Technician,0.44,MEDIUM,Chemical Technicians,3,"Critical Thinking, Monitoring, Writing",Priority: Critical Thinking -> Structured Problem Solving workshop
40,Pooja Hill,Research & Development,Healthcare Representative,0.019,LOW,"Sales Representatives, Wholesale and Manufacturing, Technical and Scientific Products",2,"Active Learning, Active Listening",Priority: Active Listening -> Active Listening for Managers
41,Ling Hassan,Research & Development,Laboratory Technician,0.459,MEDIUM,Chemical Technicians,1,Active Listening,Priority: Active Listening -> Active Listening for Managers
42,Wang Miller,Sales,Sales Representative,0.185,LOW,"Sales Representatives of Services, Except Advertising, Insurance, Financial Services, and Travel",2,"Critical Thinking, Microsoft Excel",Priority: Microsoft Excel -> Excel for Business Analysis (internal LMS)
45,Ling Jones,Research & Development,Research Scientist,0.756,HIGH,Natural Sciences Managers,2,"Reading Comprehension, Science",Priority: Reading Comprehension -> Business Writing & Comprehension
46,Robert Anderson,Research & Development,Research Scientist,0.005,LOW,Natural Sciences Managers,1,Microsoft Excel,Priority: Microsoft Excel -> Excel for Business Analysis (internal LMS)
47,Hassan Brown,Sales,Sales Representative,0.886,HIGH,"Sales Representatives of Services, Except Advertising, Insurance, Financial Services, and Travel",2,"Critical Thinking, Microsoft Excel",Priority: Microsoft Excel -> Excel for Business Analysis (internal LMS)
49,William Patel,Sales,Sales Representative,0.23,LOW,"Sales Representatives of Services, Except Advertising, Insurance, Financial Services, and Travel",3,"Active Listening, Microsoft Office software, Salesforce software",Priority: Active Listening -> Active Listening for Managers
51,Fatima Rodriguez,Research & Development,Research Scientist,0.818,HIGH,Natural Sciences Managers,1,Active Listening,Priority: Active Listening -> Active Listening for Managers
52,Sandra Singh (52),Sales,Sales Executive,0.123,LOW,Sales Managers,3,"Microsoft Office software, Microsoft Outlook, Reading Comprehension",Priority: Microsoft Office software -> Microsoft Office Essentials
53,Lee Miller,Research & Development,Laboratory Technician,0.2,LOW,Chemical Technicians,4,"Critical Thinking, Microsoft Excel, Microsoft Office software, Science",Priority: Microsoft Excel -> Excel for Business Analysis (internal LMS)
54,Tran Nguyen,Research & Development,Laboratory Technician,0.215,LOW,Chemical Technicians,4,"Active Listening, Microsoft Outlook, Reading Comprehension, Writing",Priority: Active Listening -> Active Listening for Managers
55,Olga Nguyen,Research & Development,Laboratory Technician,0.898,HIGH,Chemical Technicians,2,"Active Listening, Science",Priority: Active Listening -> Active Listening for Managers
56,Andrew Green,Sales,Sales Executive,0.334,MEDIUM,Sales Managers,2,"Critical Thinking, Monitoring",Priority: Critical Thinking -> Structured Problem Solving workshop
57,Sanjay Thomas,Research & Development,Laboratory Technician,0.265,LOW,Chemical Technicians,2,"Monitoring, Science",Priority: Monitoring -> Performance Monitoring & KPIs
58,Christopher Perez,Research & Development,Research Director,0.105,LOW,Natural Sciences Managers,3,"Critical Thinking, Microsoft Excel, Science",Priority: Microsoft Excel -> Excel for Business Analysis (internal LMS)
60,Linda Campbell,Sales,Sales Executive,0.325,MEDIUM,Sales Managers,4,"Active Learning, Critical Thinking, Monitoring, Reading Comprehension",Priority: Critical Thinking -> Structured Problem Solving workshop
61,Nancy Hall,Research & Development,Research Scientist,0.582,MEDIUM,Natural Sciences Managers,3,"Microsoft Office software, Reading Comprehension, Science",Priority: Microsoft Office software -> Microsoft Office Essentials
62,Camila Wang,Sales,Sales Executive,0.605,HIGH,Sales Managers,3,"Microsoft Excel, Microsoft Office software, Speaking",Priority: Microsoft Excel -> Excel for Business Analysis (internal LMS)
63,Paul Shah,Research & Development,Laboratory Technician,0.041,LOW,Chemical Technicians,2,"Science, Writing",Priority: Writing -> Business Writing Essentials
64,Jonas Rahman,Research & Development,Laboratory Technician,0.975,HIGH,Chemical Technicians,1,Monitoring,Priority: Monitoring -> Performance Monitoring & KPIs
65,Jessica Hill,Research & Development,Laboratory Technician,0.893,HIGH,Chemical Technicians,4,"Active Listening, Critical Thinking, Science, Writing",Priority: Critical Thinking -> Structured Problem Solving workshop
68,Jun Thomas,Sales,Sales Executive,0.547,MEDIUM,Sales Managers,3,"Microsoft PowerPoint, Monitoring, Speaking",Priority: Monitoring -> Performance Monitoring & KPIs
70,Deborah Rao,Research & Development,Healthcare Representative,0.296,LOW,"Sales Representatives, Wholesale and Manufacturing, Technical and Scientific Products",3,"Critical Thinking, Microsoft Office software, Writing",Priority: Critical Thinking -> Structured Problem Solving workshop
72,Paul Ramirez (72),Sales,Sales Executive,0.925,HIGH,Sales Managers,2,"Critical Thinking, Monitoring",Priority: Critical Thinking -> Structured Problem Solving workshop
73,Jun Shah (73),Research & Development,Research Director,0.232,LOW,Natural Sciences Managers,3,"Active Listening, Monitoring, Writing",Priority: Active Listening -> Active Listening for Managers
74,Ananya Wright,Sales,Sales Executive,0.471,MEDIUM,Sales Managers,1,Critical Thinking,Priority: Critical Thinking -> Structured Problem Solving workshop
75,Jessica King,Research & Development,Laboratory Technician,0.794,HIGH,Chemical Technicians,4,"Active Listening, Microsoft Office software, Microsoft Outlook, Reading Comprehension",Priority: Active Listening -> Active Listening for Managers
76,Ivan Rivera (76),Research & Development,Laboratory Technician,0.057,LOW,Chemical Technicians,2,"Microsoft Office software, Science",Priority: Microsoft Office software -> Microsoft Office Essentials
77,Diego Siddiqui,Research & Development,Manufacturing Director,0.027,LOW,Industrial Production Managers,2,"Active Listening, Speaking",Priority: Active Listening -> Active Listening for Managers
78,Liu Iyer,Research & Development,Manufacturing Director,0.471,MEDIUM,Industrial Production Managers,3,"Microsoft Excel, Microsoft Outlook, Monitoring",Priority: Microsoft Excel -> Excel for Business Analysis (internal LMS)
79,Aisha Ahmed,Research & Development,Laboratory Technician,0.72,HIGH,Chemical Technicians,1,Reading Comprehension,Priority: Reading Comprehension -> Business Writing & Comprehension
80,Lee Zhao,Research & Development,Research Director,0.372,MEDIUM,Natural Sciences Managers,2,"Microsoft PowerPoint, Reading Comprehension",Priority: Reading Comprehension -> Business Writing & Comprehension
81,Brian Nair,Sales,Sales Executive,0.479,MEDIUM,Sales Managers,3,"Critical Thinking, Microsoft Outlook, Reading Comprehension",Priority: Critical Thinking -> Structured Problem Solving workshop
83,Anthony Lee,Research & Development,Healthcare Representative,0.052,LOW,"Sales Representatives, Wholesale and Manufacturing, Technical and Scientific Products",4,"Active Listening, Microsoft Office software, Microsoft Outlook, Writing",Priority: Active Listening -> Active Listening for Managers
84,Tran Moore (84),Research & Development,Manager,0.046,LOW,General and Operations Managers,2,"Active Learning, Active Listening",Priority: Active Listening -> Active Listening for Managers
85,Anna Lee,Research & Development,Manufacturing Director,0.475,MEDIUM,Industrial Production Managers,5,"Critical Thinking, Microsoft Office software, Microsoft PowerPoint, Monitoring, Speaking",Priority: Critical Thinking -> Structured Problem Solving workshop
86,Steven Campbell,Research & Development,Research Scientist,0.071,LOW,Natural Sciences Managers,2,"Microsoft Office software, Reading Comprehension",Priority: Microsoft Office software -> Microsoft Office Essentials
88,Diego Liu,Research & Development,Research Scientist,0.447,MEDIUM,Natural Sciences Managers,4,"Active Listening, Critical Thinking, Reading Comprehension, Science",Priority: Critical Thinking -> Structured Problem Solving workshop
90,Mark Clark,Research & Development,Research Scientist,0.728,HIGH,Natural Sciences Managers,3,"Microsoft Office software, Monitoring, Writing",Priority: Microsoft Office software -> Microsoft Office Essentials
91,Neha Iyer,Sales,Sales Executive,0.433,MEDIUM,Sales Managers,4,"Microsoft Outlook, Microsoft PowerPoint, Monitoring, Reading Comprehension",Priority: Reading Comprehension -> Business Writing & Comprehension
94,Anna Wilson,Research & Development,Research Scientist,0.016,LOW,Natural Sciences Managers,4,"Critical Thinking, Microsoft Excel, Reading Comprehension, Science",Priority: Microsoft Excel -> Excel for Business Analysis (internal LMS)
95,Patricia Shah,Research & Development,Research Scientist,0.404,MEDIUM,Natural Sciences Managers,3,"Microsoft Excel, Microsoft Office software, Writing",Priority: Microsoft Excel -> Excel for Business Analysis (internal LMS)
96,David Thomas,Research & Development,Research Scientist,0.062,LOW,Natural Sciences Managers,2,"Monitoring, Science",Priority: Monitoring -> Performance Monitoring & KPIs
97,Ali Zhang,Research & Development,Laboratory Technician,0.428,MEDIUM,Chemical Technicians,2,"Active Listening, Writing",Priority: Active Listening -> Active Listening for Managers
98,Steven Moreau,Research & Development,Manufacturing Director,0.031,LOW,Industrial Production Managers,1,Active Listening,Priority: Active Listening -> Active Listening for Managers
100,Joshua Brown,Sales,Sales Executive,0.271,LOW,Sales Managers,2,"Microsoft Excel, Microsoft Outlook",Priority: Microsoft Excel -> Excel for Business Analysis (internal LMS)
101,Steven Clark (101),Research & Development,Research Director,0.07,LOW,Natural Sciences Managers,1,Microsoft Excel,Priority: Microsoft Excel -> Excel for Business Analysis (internal LMS)
102,Wei Ali,Research & Development,Research Director,0.117,LOW,Natural Sciences Managers,4,"Microsoft Office software, Monitoring, Science, Writing",Priority: Microsoft Office software -> Microsoft Office Essentials
103,Tariq Garcia (103),Human Resources,Human Resources,0.565,MEDIUM,Human Resources Specialists,4,"Active Listening, Applicant tracking software, Critical Thinking, Microsoft Outlook",Priority: Critical Thinking -> Structured Problem Solving workshop
104,Karen Ali (104),Research & Development,Laboratory Technician,0.738,HIGH,Chemical Technicians,1,Microsoft Outlook,Priority: Microsoft Outlook -> Effective Email & Calendar Management
105,Elizabeth Wang,Research & Development,Research Scientist,0.191,LOW,Natural Sciences Managers,2,"Reading Comprehension, Writing",Priority: Reading Comprehension -> Business Writing & Comprehension
106,Neha Moreau,Sales,Sales Executive,0.116,LOW,Sales Managers,1,Microsoft Office software,Priority: Microsoft Office software -> Microsoft Office Essentials
107,Ali Gupta,Research & Development,Research Scientist,0.078,LOW,Natural Sciences Managers,2,"Microsoft Office software, Science",Priority: Microsoft Office software -> Microsoft Office Essentials
110,Choi Lewis,Research & Development,Manufacturing Director,0.22,LOW,Industrial Production Managers,1,Learning Strategies,Priority: Learning Strategies -> Instructional Design Basics
112,Kim Rao,Research & Development,Manufacturing Director,0.055,LOW,Industrial Production Managers,5,"Critical Thinking, Microsoft Excel, Monitoring, Reading Comprehension, Speaking",Priority: Microsoft Excel -> Excel for Business Analysis (internal LMS)
113,George Lee,Sales,Sales Representative,0.817,HIGH,"Sales Representatives of Services, Except Advertising, Insurance, Financial Services, and Travel",4,"Critical Thinking, Microsoft Excel, Microsoft Office software, Reading Comprehension",Priority: Microsoft Excel -> Excel for Business Analysis (internal LMS)
116,Joshua Nelson,Research & Development,Laboratory Technician,0.034,LOW,Chemical Technicians,4,"Active Listening, Microsoft Excel, Monitoring, Science",Priority: Microsoft Excel -> Excel for Business Analysis (internal LMS)
117,Priya Rodriguez (117),Research & Development,Healthcare Representative,0.049,LOW,"Sales Representatives, Wholesale and Manufacturing, Technical and Scientific Products",1,Salesforce software,Priority: Salesforce software -> Salesforce Administrator Certification
118,Tran Petrov (118),Sales,Sales Executive,0.229,LOW,Sales Managers,1,Microsoft PowerPoint,Priority: Microsoft PowerPoint -> Presentation Design Fundamentals
119,Donald Campbell,Research & Development,Healthcare Representative,0.312,MEDIUM,"Sales Representatives, Wholesale and Manufacturing, Technical and Scientific Products",1,Speaking,Priority: Speaking -> Public Speaking & Presentation Skills
120,Kim Lewis,Sales,Sales Executive,0.704,HIGH,Sales Managers,2,"Microsoft Office software, Reading Comprehension",Priority: Microsoft Office software -> Microsoft Office Essentials
121,Betty Liu,Sales,Sales Executive,0.303,MEDIUM,Sales Managers,2,"Critical Thinking, Microsoft PowerPoint",Priority: Critical Thinking -> Structured Problem Solving workshop
124,Anthony Ferrari,Research & Development,Healthcare Representative,0.634,HIGH,"Sales Representatives, Wholesale and Manufacturing, Technical and Scientific Products",2,"Active Listening, Microsoft Outlook",Priority: Active Listening -> Active Listening for Managers
125,Deborah Lewis,Sales,Sales Executive,0.454,MEDIUM,Sales Managers,2,"Active Learning, Monitoring",Priority: Monitoring -> Performance Monitoring & KPIs
126,Tariq Kumar,Research & Development,Research Director,0.071,LOW,Natural Sciences Managers,4,"Active Listening, Critical Thinking, Microsoft Excel, Reading Comprehension",Priority: Microsoft Excel -> Excel for Business Analysis (internal LMS)
128,Deborah Kowalski,Sales,Sales Executive,0.181,LOW,Sales Managers,2,"Microsoft Office software, Microsoft PowerPoint",Priority: Microsoft Office software -> Microsoft Office Essentials
129,Nguyen Malik,Sales,Sales Executive,0.092,LOW,Sales Managers,3,"Active Learning, Critical Thinking, Microsoft PowerPoint",Priority: Critical Thinking -> Structured Problem Solving workshop
131,Olga Rao,Sales,Sales Executive,0.029,LOW,Sales Managers,2,"Microsoft Office software, Reading Comprehension",Priority: Microsoft Office software -> Microsoft Office Essentials
132,Liu Ali (132),Research & Development,Laboratory Technician,0.214,LOW,Chemical Technicians,4,"Microsoft Excel, Microsoft Office software, Monitoring, Reading Comprehension",Priority: Microsoft Excel -> Excel for Business Analysis (internal LMS)
133,Olga Miller,Human Resources,Human Resources,0.694,HIGH,Human Resources Specialists,1,Active Listening,Priority: Active Listening -> Active Listening for Managers
134,Elena Gupta,Research & Development,Research Scientist,0.357,MEDIUM,Natural Sciences Managers,1,Monitoring,Priority: Monitoring -> Performance Monitoring & KPIs
137,Jonas Gonzalez,Research & Development,Laboratory Technician,0.936,HIGH,Chemical Technicians,1,Writing,Priority: Writing -> Business Writing Essentials
138,Brian Rahman (138),Research & Development,Research Scientist,0.05,LOW,Natural Sciences Managers,2,"Reading Comprehension, Science",Priority: Reading Comprehension -> Business Writing & Comprehension
139,Elizabeth Ibrahim (139),Research & Development,Healthcare Representative,0.007,LOW,"Sales Representatives, Wholesale and Manufacturing, Technical and Scientific Products",3,"Active Listening, Microsoft Excel, Writing",Priority: Microsoft Excel -> Excel for Business Analysis (internal LMS)
140,Melissa Rivera,Human Resources,Manager,0.013,LOW,General and Operations Managers,2,"Microsoft Excel, Speaking",Priority: Microsoft Excel -> Excel for Business Analysis (internal LMS)
141,Mary Wright,Research & Development,Research Director,0.152,LOW,Natural Sciences Managers,2,"Microsoft Office software, Writing",Priority: Microsoft Office software -> Microsoft Office Essentials
142,Richard Smith,Sales,Sales Executive,0.905,HIGH,Sales Managers,5,"Active Listening, Critical Thinking, Microsoft Outlook, Microsoft PowerPoint, Reading Comprehension",Priority: Critical Thinking -> Structured Problem Solving workshop
143,Jonas Zhao (143),Research & Development,Research Scientist,0.119,LOW,Natural Sciences Managers,3,"Microsoft Excel, Microsoft Office software, Reading Comprehension",Priority: Microsoft Excel -> Excel for Business Analysis (internal LMS)
144,Diego Iyer (144),Research & Development,Laboratory Technician,0.606,HIGH,Chemical Technicians,2,"Microsoft Excel, Writing",Priority: Microsoft Excel -> Excel for Business Analysis (internal LMS)
145,Anna Roberts,Research & Development,Healthcare Representative,0.574,MEDIUM,"Sales Representatives, Wholesale and Manufacturing, Technical and Scientific Products",3,"Active Learning, Reading Comprehension, Writing",Priority: Reading Comprehension -> Business Writing & Comprehension
147,Zhang Torres,Research & Development,Laboratory Technician,0.939,HIGH,Chemical Technicians,1,Critical Thinking,Priority: Critical Thinking -> Structured Problem Solving workshop
148,Susan Zhao (148),Human Resources,Manager,0.103,LOW,General and Operations Managers,2,"Monitoring, Speaking",Priority: Monitoring -> Performance Monitoring & KPIs
150,Sarah Ahmed,Research & Development,Laboratory Technician,0.443,MEDIUM,Chemical Technicians,4,"Active Listening, Microsoft Office software, Monitoring, Science",Priority: Active Listening -> Active Listening for Managers
151,Betty Gupta,Research & Development,Research Scientist,0.202,LOW,Natural Sciences Managers,3,"Microsoft Office software, Microsoft PowerPoint, Science",Priority: Microsoft Office software -> Microsoft Office Essentials
152,Sergei Nguyen,Sales,Sales Executive,0.225,LOW,Sales Managers,4,"Critical Thinking, Microsoft Office software, Monitoring, Reading Comprehension",Priority: Critical Thinking -> Structured Problem Solving workshop
153,Charles Petrov,Research & Development,Manager,0.094,LOW,General and Operations Managers,1,Critical Thinking,Priority: Critical Thinking -> Structured Problem Solving workshop
154,Kim Green,Sales,Sales Executive,0.123,LOW,Sales Managers,3,"Microsoft Excel, Reading Comprehension, Speaking",Priority: Microsoft Excel -> Excel for Business Analysis (internal LMS)
155,Timothy Moore,Research & Development,Laboratory Technician,0.402,MEDIUM,Chemical Technicians,3,"Critical Thinking, Microsoft Excel, Science",Priority: Microsoft Excel -> Excel for Business Analysis (internal LMS)
158,Amanda Park,Sales,Manager,0.187,LOW,General and Operations Managers,1,Monitoring,Priority: Monitoring -> Performance Monitoring & KPIs
159,Wei Chen (159),Research & Development,Research Scientist,0.125,LOW,Natural Sciences Managers,2,"Critical Thinking, Science",Priority: Critical Thinking -> Structured Problem Solving workshop
160,Anna Hall,Sales,Sales Executive,0.057,LOW,Sales Managers,3,"Microsoft Outlook, Microsoft PowerPoint, Monitoring",Priority: Monitoring -> Performance Monitoring & KPIs
161,Hiro Hill,Research & Development,Research Scientist,0.73,HIGH,Natural Sciences Managers,3,"Microsoft Excel, Monitoring, Science",Priority: Microsoft Excel -> Excel for Business Analysis (internal LMS)
162,Elena Moreau,Research & Development,Research Director,0.193,LOW,Natural Sciences Managers,4,"Active Listening, Critical Thinking, Microsoft PowerPoint, Science",Priority: Critical Thinking -> Structured Problem Solving workshop
163,Mei Kowalski,Sales,Sales Executive,0.901,HIGH,Sales Managers,2,"Microsoft Office software, Microsoft Outlook",Priority: Microsoft Office software -> Microsoft Office Essentials
164,Chen Shah,Research & Development,Research Scientist,0.131,LOW,Natural Sciences Managers,4,"Critical Thinking, Monitoring, Reading Comprehension, Writing",Priority: Critical Thinking -> Structured Problem Solving workshop
165,Charles Huang,Research & Development,Healthcare Representative,0.009,LOW,"Sales Representatives, Wholesale and Manufacturing, Technical and Scientific Products",3,"Microsoft Office software, Speaking, Writing",Priority: Microsoft Office software -> Microsoft Office Essentials
167,Ling Davis,Sales,Sales Representative,0.973,HIGH,"Sales Representatives of Services, Except Advertising, Insurance, Financial Services, and Travel",4,"Active Listening, Microsoft Excel, Reading Comprehension, Speaking",Priority: Microsoft Excel -> Excel for Business Analysis (internal LMS)
169,David Davis,Research & Development,Laboratory Technician,0.401,MEDIUM,Chemical Technicians,3,"Active Listening, Science, Writing",Priority: Active Listening -> Active Listening for Managers
170,Mei Allen,Research & Development,Manufacturing Director,0.09,LOW,Industrial Production Managers,2,"Microsoft Excel, Speaking",Priority: Microsoft Excel -> Excel for Business Analysis (internal LMS)
171,Ivan Mitchell,Research & Development,Research Scientist,0.191,LOW,Natural Sciences Managers,4,"Active Listening, Reading Comprehension, Science, Writing",Priority: Active Listening -> Active Listening for Managers
174,Dmitri Ivanova,Sales,Sales Executive,0.353,MEDIUM,Sales Managers,1,Monitoring,Priority: Monitoring -> Performance Monitoring & KPIs
175,Lee Huang (175),Sales,Sales Executive,0.885,HIGH,Sales Managers,3,"Active Learning, Active Listening, Monitoring",Priority: Active Listening -> Active Listening for Managers
176,Linda Ali,Sales,Sales Executive,0.319,MEDIUM,Sales Managers,1,Monitoring,Priority: Monitoring -> Performance Monitoring & KPIs
177,Arjun Nelson,Human Resources,Human Resources,0.073,LOW,Human Resources Specialists,3,"Active Listening, Critical Thinking, Microsoft Excel",Priority: Microsoft Excel -> Excel for Business Analysis (internal LMS)
178,Brian Petrov,Research & Development,Manufacturing Director,0.263,LOW,Industrial Production Managers,2,"Microsoft Outlook, Microsoft PowerPoint",Priority: Microsoft PowerPoint -> Presentation Design Fundamentals
179,Yusuf Hassan (179),Research & Development,Manufacturing Director,0.227,LOW,Industrial Production Managers,1,Critical Thinking,Priority: Critical Thinking -> Structured Problem Solving workshop
182,Mark Jackson,Sales,Sales Executive,0.045,LOW,Sales Managers,4,"Microsoft Office software, Microsoft Outlook, Microsoft PowerPoint, Reading Comprehension",Priority: Microsoft Office software -> Microsoft Office Essentials
183,Tariq Mitchell,Sales,Sales Executive,0.481,MEDIUM,Sales Managers,1,Microsoft Outlook,Priority: Microsoft Outlook -> Effective Email & Calendar Management
184,Elizabeth Ramirez,Human Resources,Human Resources,0.599,MEDIUM,Human Resources Specialists,5,"Active Learning, Applicant tracking software, Critical Thinking, Microsoft Office software, Speaking",Priority: Critical Thinking -> Structured Problem Solving workshop
190,Joseph Moore,Research & Development,Laboratory Technician,0.759,HIGH,Chemical Technicians,3,"Microsoft Office software, Microsoft Outlook, Monitoring",Priority: Microsoft Office software -> Microsoft Office Essentials
192,Brian Harris,Research & Development,Research Scientist,0.291,LOW,Natural Sciences Managers,2,"Critical Thinking, Reading Comprehension",Priority: Critical Thinking -> Structured Problem Solving workshop
193,Barbara Adams,Research & Development,Research Scientist,0.481,MEDIUM,Natural Sciences Managers,3,"Active Listening, Microsoft Excel, Science",Priority: Microsoft Excel -> Excel for Business Analysis (internal LMS)
194,Andrew Rodriguez,Research & Development,Research Scientist,0.294,LOW,Natural Sciences Managers,1,Microsoft PowerPoint,Priority: Microsoft PowerPoint -> Presentation Design Fundamentals
195,Patricia Smith,Sales,Sales Executive,0.032,LOW,Sales Managers,5,"Active Learning, Active Listening, Critical Thinking, Microsoft Outlook, Reading Comprehension",Priority: Critical Thinking -> Structured Problem Solving workshop
197,Divya Miller,Research & Development,Research Scientist,0.141,LOW,Natural Sciences Managers,1,Science,Priority: Science -> Domain Science Fundamentals (role-specific)
198,Liu Siddiqui (198),Research & Development,Laboratory Technician,0.355,MEDIUM,Chemical Technicians,2,"Critical Thinking, Microsoft Outlook",Priority: Critical Thinking -> Structured Problem Solving workshop
199,Ling Ahmed,Research & Development,Manager,0.284,LOW,General and Operations Managers,2,"Critical Thinking, Microsoft PowerPoint",Priority: Critical Thinking -> Structured Problem Solving workshop
200,Barbara Ferrari,Research & Development,Laboratory Technician,0.217,LOW,Chemical Technicians,2,"Active Listening, Microsoft Excel",Priority: Microsoft Excel -> Excel for Business Analysis (internal LMS)
201,Nguyen White,Research & Development,Laboratory Technician,0.744,HIGH,Chemical Technicians,1,Writing,Priority: Writing -> Business Writing Essentials
202,Diego Wilson,Research & Development,Research Scientist,0.134,LOW,Natural Sciences Managers,3,"Critical Thinking, Monitoring, Science",Priority: Critical Thinking -> Structured Problem Solving workshop
204,Kevin Hernandez (204),Sales,Sales Executive,0.179,LOW,Sales Managers,3,"Active Learning, Microsoft Outlook, Speaking",Priority: Microsoft Outlook -> Effective Email & Calendar Management
205,Pooja Rivera,Sales,Sales Representative,0.755,HIGH,"Sales Representatives of Services, Except Advertising, Insurance, Financial Services, and Travel",1,Reading Comprehension,Priority: Reading Comprehension -> Business Writing & Comprehension
206,Ananya Liu,Research & Development,Laboratory Technician,0.352,MEDIUM,Chemical Technicians,1,Monitoring,Priority: Monitoring -> Performance Monitoring & KPIs
207,Priya Siddiqui,Sales,Sales Executive,0.435,MEDIUM,Sales Managers,4,"Microsoft Excel, Monitoring, Reading Comprehension, Speaking",Priority: Microsoft Excel -> Excel for Business Analysis (internal LMS)
208,Park Hernandez,Research & Development,Manufacturing Director,0.016,LOW,Industrial Production Managers,1,Learning Strategies,Priority: Learning Strategies -> Instructional Design Basics
211,Karen Choi,Research & Development,Manufacturing Director,0.136,LOW,Industrial Production Managers,3,"Microsoft Office software, Monitoring, Reading Comprehension",Priority: Microsoft Office software -> Microsoft Office Essentials
214,Elena Green,Research & Development,Research Scientist,0.596,MEDIUM,Natural Sciences Managers,4,"Critical Thinking, Microsoft Excel, Microsoft PowerPoint, Writing",Priority: Microsoft Excel -> Excel for Business Analysis (internal LMS)
215,Camila Williams,Sales,Sales Executive,0.413,MEDIUM,Sales Managers,1,Active Listening,Priority: Active Listening -> Active Listening for Managers
216,Omar Liu,Sales,Sales Representative,0.607,HIGH,"Sales Representatives of Services, Except Advertising, Insurance, Financial Services, and Travel",1,Writing,Priority: Writing -> Business Writing Essentials
217,Sarah Rahman,Research & Development,Research Scientist,0.054,LOW,Natural Sciences Managers,1,Science,Priority: Science -> Domain Science Fundamentals (role-specific)
218,Liu Siddiqui (218),Research & Development,Research Scientist,0.052,LOW,Natural Sciences Managers,1,Science,Priority: Science -> Domain Science Fundamentals (role-specific)
221,Nguyen Hassan,Research & Development,Research Scientist,0.314,MEDIUM,Natural Sciences Managers,3,"Active Listening, Critical Thinking, Science",Priority: Critical Thinking -> Structured Problem Solving workshop
223,Mark Baker,Research & Development,Healthcare Representative,0.211,LOW,"Sales Representatives, Wholesale and Manufacturing, Technical and Scientific Products",1,Speaking,Priority: Speaking -> Public Speaking & Presentation Skills
224,David Walker (224),Research & Development,Research Scientist,0.086,LOW,Natural Sciences Managers,3,"Critical Thinking, Microsoft Excel, Microsoft Office software",Priority: Microsoft Excel -> Excel for Business Analysis (internal LMS)
226,Sergei Ahmed,Research & Development,Manager,0.1,LOW,General and Operations Managers,2,"Critical Thinking, Speaking",Priority: Critical Thinking -> Structured Problem Solving workshop
227,Ravi Robinson,Research & Development,Research Scientist,0.103,LOW,Natural Sciences Managers,3,"Microsoft Office software, Microsoft PowerPoint, Science",Priority: Microsoft Office software -> Microsoft Office Essentials
228,Amit Nelson,Sales,Sales Executive,0.239,LOW,Sales Managers,2,"Microsoft PowerPoint, Speaking",Priority: Microsoft PowerPoint -> Presentation Design Fundamentals
230,Sandra Petrov,Sales,Sales Executive,0.179,LOW,Sales Managers,5,"Critical Thinking, Microsoft Excel, Microsoft Office software, Microsoft PowerPoint, Reading Comprehension",Priority: Microsoft Excel -> Excel for Business Analysis (internal LMS)
231,Wei Zhang,Research & Development,Research Scientist,0.243,LOW,Natural Sciences Managers,3,"Microsoft Excel, Microsoft PowerPoint, Writing",Priority: Microsoft Excel -> Excel for Business Analysis (internal LMS)
233,Sergei Lewis,Research & Development,Research Scientist,0.68,HIGH,Natural Sciences Managers,4,"Active Listening, Microsoft PowerPoint, Monitoring, Reading Comprehension",Priority: Active Listening -> Active Listening for Managers
235,Wei Davis,Sales,Sales Representative,0.952,HIGH,"Sales Representatives of Services, Except Advertising, Insurance, Financial Services, and Travel",3,"Critical Thinking, Microsoft Office software, Reading Comprehension",Priority: Critical Thinking -> Structured Problem Solving workshop
238,Margaret Novak (238),Research & Development,Laboratory Technician,0.752,HIGH,Chemical Technicians,3,"Microsoft Outlook, Monitoring, Reading Comprehension",Priority: Reading Comprehension -> Business Writing & Comprehension
239,Chen Kumar,Research & Development,Laboratory Technician,0.142,LOW,Chemical Technicians,4,"Active Listening, Monitoring, Reading Comprehension, Science",Priority: Active Listening -> Active Listening for Managers
240,Pooja Gonzalez,Sales,Sales Executive,0.39,MEDIUM,Sales Managers,2,"Microsoft Excel, Reading Comprehension",Priority: Microsoft Excel -> Excel for Business Analysis (internal LMS)
241,Tariq Patel,Research & Development,Research Scientist,0.057,LOW,Natural Sciences Managers,4,"Critical Thinking, Microsoft Office software, Monitoring, Reading Comprehension",Priority: Critical Thinking -> Structured Problem Solving workshop
242,Hassan Gupta (242),Research & Development,Research Scientist,0.098,LOW,Natural Sciences Managers,4,"Microsoft Office software, Monitoring, Reading Comprehension, Science",Priority: Microsoft Office software -> Microsoft Office Essentials
243,Hassan Rossi (243),Research & Development,Laboratory Technician,0.895,HIGH,Chemical Technicians,3,"Critical Thinking, Monitoring, Science",Priority: Critical Thinking -> Structured Problem Solving workshop
244,Sandra Yang,Sales,Sales Executive,0.11,LOW,Sales Managers,5,"Active Learning, Active Listening, Critical Thinking, Microsoft PowerPoint, Speaking",Priority: Critical Thinking -> Structured Problem Solving workshop
245,Ling Lopez,Research & Development,Laboratory Technician,0.307,MEDIUM,Chemical Technicians,3,"Active Listening, Monitoring, Writing",Priority: Active Listening -> Active Listening for Managers
246,Chen Ivanova,Research & Development,Research Scientist,0.597,MEDIUM,Natural Sciences Managers,4,"Microsoft PowerPoint, Monitoring, Science, Writing",Priority: Monitoring -> Performance Monitoring & KPIs
247,Tariq Robinson,Research & Development,Research Scientist,0.113,LOW,Natural Sciences Managers,2,"Microsoft Excel, Writing",Priority: Microsoft Excel -> Excel for Business Analysis (internal LMS)
248,Noor Dubois,Sales,Sales Representative,0.906,HIGH,"Sales Representatives of Services, Except Advertising, Insurance, Financial Services, and Travel",2,"Active Listening, Critical Thinking",Priority: Critical Thinking -> Structured Problem Solving workshop
249,Daniel Gupta (249),Research & Development,Laboratory Technician,0.19,LOW,Chemical Technicians,1,Microsoft Excel,Priority: Microsoft Excel -> Excel for Business Analysis (internal LMS)
250,Karen Gupta,Research & Development,Manufacturing Director,0.021,LOW,Industrial Production Managers,4,"Active Listening, Critical Thinking, Microsoft Excel, Microsoft PowerPoint",Priority: Microsoft Excel -> Excel for Business Analysis (internal LMS)
252,Charles Singh,Research & Development,Research Scientist,0.018,LOW,Natural Sciences Managers,2,"Reading Comprehension, Writing",Priority: Reading Comprehension -> Business Writing & Comprehension
253,Timothy Kumar,Research & Development,Manager,0.07,LOW,General and Operations Managers,4,"Active Listening, Critical Thinking, Microsoft Excel, Microsoft PowerPoint",Priority: Microsoft Excel -> Excel for Business Analysis (internal LMS)
254,Tariq Brown,Research & Development,Research Director,0.015,LOW,Natural Sciences Managers,3,"Microsoft Excel, Microsoft Office software, Microsoft PowerPoint",Priority: Microsoft Excel -> Excel for Business Analysis (internal LMS)
256,Ravi Hernandez,Research & Development,Manufacturing Director,0.057,LOW,Industrial Production Managers,2,"Active Listening, Microsoft PowerPoint",Priority: Active Listening -> Active Listening for Managers
258,Daniel Gupta (258),Research & Development,Healthcare Representative,0.041,LOW,"Sales Representatives, Wholesale and Manufacturing, Technical and Scientific Products",4,"Active Learning, Microsoft Outlook, Reading Comprehension, Speaking",Priority: Reading Comprehension -> Business Writing & Comprehension
259,Betty Rodriguez,Research & Development,Manager,0.018,LOW,General and Operations Managers,2,"Microsoft Excel, Microsoft PowerPoint",Priority: Microsoft Excel -> Excel for Business Analysis (internal LMS)
260,Daniel Roberts,Research & Development,Research Scientist,0.09,LOW,Natural Sciences Managers,1,Reading Comprehension,Priority: Reading Comprehension -> Business Writing & Comprehension
261,Zara Thomas,Research & Development,Manufacturing Director,0.726,HIGH,Industrial Production Managers,4,"Active Listening, Learning Strategies, Microsoft PowerPoint, Speaking",Priority: Active Listening -> Active Listening for Managers
262,Sandra Robinson,Research & Development,Research Scientist,0.002,LOW,Natural Sciences Managers,1,Science,Priority: Science -> Domain Science Fundamentals (role-specific)
264,Hassan Scott,Research & Development,Manager,0.194,LOW,General and Operations Managers,3,"Active Listening, Microsoft PowerPoint, Monitoring",Priority: Active Listening -> Active Listening for Managers
267,Zara Clark,Research & Development,Research Scientist,0.646,HIGH,Natural Sciences Managers,2,"Critical Thinking, Microsoft Excel",Priority: Microsoft Excel -> Excel for Business Analysis (internal LMS)
269,Arjun Campbell,Research & Development,Laboratory Technician,0.865,HIGH,Chemical Technicians,3,"Monitoring, Science, Writing",Priority: Monitoring -> Performance Monitoring & KPIs
270,Park Rahman,Research & Development,Manufacturing Director,0.011,LOW,Industrial Production Managers,3,"Critical Thinking, Microsoft Outlook, Speaking",Priority: Critical Thinking -> Structured Problem Solving workshop
271,Fatima Ramirez,Research & Development,Manufacturing Director,0.157,LOW,Industrial Production Managers,2,"Microsoft Office software, Speaking",Priority: Microsoft Office software -> Microsoft Office Essentials
273,Sanjay Nair (273),Research & Development,Manufacturing Director,0.129,LOW,Industrial Production Managers,4,"Microsoft Excel, Microsoft Office software, Monitoring, Reading Comprehension",Priority: Microsoft Excel -> Excel for Business Analysis (internal LMS)
274,Jennifer Campbell,Research & Development,Manufacturing Director,0.848,HIGH,Industrial Production Managers,1,Microsoft PowerPoint,Priority: Microsoft PowerPoint -> Presentation Design Fundamentals
275,Kim Wang,Research & Development,Manufacturing Director,0.027,LOW,Industrial Production Managers,1,Active Listening,Priority: Active Listening -> Active Listening for Managers
277,Mark Ibrahim,Research & Development,Research Scientist,0.317,MEDIUM,Natural Sciences Managers,3,"Active Listening, Microsoft PowerPoint, Monitoring",Priority: Active Listening -> Active Listening for Managers
281,Deborah Lopez,Research & Development,Laboratory Technician,0.727,HIGH,Chemical Technicians,3,"Microsoft Excel, Reading Comprehension, Science",Priority: Microsoft Excel -> Excel for Business Analysis (internal LMS)
282,Emily Campbell,Research & Development,Healthcare Representative,0.834,HIGH,"Sales Representatives, Wholesale and Manufacturing, Technical and Scientific Products",3,"Microsoft Office software, Microsoft Outlook, Reading Comprehension",Priority: Microsoft Office software -> Microsoft Office Essentials
283,Diego Gupta,Sales,Sales Executive,0.245,LOW,Sales Managers,2,"Microsoft Office software, Monitoring",Priority: Microsoft Office software -> Microsoft Office Essentials
284,Steven Choi,Research & Development,Research Scientist,0.395,MEDIUM,Natural Sciences Managers,2,"Microsoft Excel, Writing",Priority: Microsoft Excel -> Excel for Business Analysis (internal LMS)
286,Layla Iyer,Research & Development,Laboratory Technician,0.639,HIGH,Chemical Technicians,3,"Critical Thinking, Microsoft Outlook, Writing",Priority: Critical Thinking -> Structured Problem Solving workshop
287,Kevin Choi,Research & Development,Healthcare Representative,0.041,LOW,"Sales Representatives, Wholesale and Manufacturing, Technical and Scientific Products",2,"Active Learning, Salesforce software",Priority: Active Learning -> Learning How to Learn
288,Sarah Chen,Research & Development,Healthcare Representative,0.036,LOW,"Sales Representatives, Wholesale and Manufacturing, Technical and Scientific Products",2,"Reading Comprehension, Writing",Priority: Reading Comprehension -> Business Writing & Comprehension
291,Mateo Young,Sales,Sales Executive,0.477,MEDIUM,Sales Managers,4,"Active Listening, Microsoft Excel, Microsoft Office software, Microsoft Outlook",Priority: Microsoft Excel -> Excel for Business Analysis (internal LMS)
292,Anthony Allen (292),Research & Development,Manufacturing Director,0.067,LOW,Industrial Production Managers,2,"Critical Thinking, Microsoft Outlook",Priority: Critical Thinking -> Structured Problem Solving workshop
293,Wei Kumar (293),Sales,Sales Executive,0.155,LOW,Sales Managers,2,"Microsoft Excel, Microsoft Outlook",Priority: Microsoft Excel -> Excel for Business Analysis (internal LMS)
296,James Davis,Research & Development,Research Director,0.015,LOW,Natural Sciences Managers,2,"Active Listening, Microsoft Excel",Priority: Microsoft Excel -> Excel for Business Analysis (internal LMS)
297,Melissa Baker,Research & Development,Research Scientist,0.587,MEDIUM,Natural Sciences Managers,4,"Microsoft Office software, Microsoft PowerPoint, Monitoring, Science",Priority: Microsoft Office software -> Microsoft Office Essentials
298,Jennifer Moreau,Sales,Manager,0.164,LOW,General and Operations Managers,3,"Active Listening, Critical Thinking, Speaking",Priority: Critical Thinking -> Structured Problem Solving workshop
299,Elizabeth Patel,Sales,Sales Executive,0.947,HIGH,Sales Managers,2,"Critical Thinking, Monitoring",Priority: Critical Thinking -> Structured Problem Solving workshop
300,Donald Adams,Research & Development,Research Scientist,0.162,LOW,Natural Sciences Managers,2,"Reading Comprehension, Science",Priority: Reading Comprehension -> Business Writing & Comprehension
302,Jennifer Green,Sales,Sales Executive,0.173,LOW,Sales Managers,2,"Microsoft Excel, Speaking",Priority: Microsoft Excel -> Excel for Business Analysis (internal LMS)
303,Elena Rossi,Sales,Sales Executive,0.018,LOW,Sales Managers,4,"Active Learning, Active Listening, Microsoft Office software, Speaking",Priority: Active Listening -> Active Listening for Managers
304,Thomas Scott,Research & Development,Laboratory Technician,0.28,LOW,Chemical Technicians,2,"Critical Thinking, Microsoft Excel",Priority: Microsoft Excel -> Excel for Business Analysis (internal LMS)
305,Camila Gupta,Research & Development,Research Scientist,0.313,MEDIUM,Natural Sciences Managers,2,"Microsoft Excel, Reading Comprehension",Priority: Microsoft Excel -> Excel for Business Analysis (internal LMS)
306,Kevin Wang,Research & Development,Research Director,0.027,LOW,Natural Sciences Managers,4,"Active Listening, Microsoft PowerPoint, Monitoring, Writing",Priority: Active Listening -> Active Listening for Managers
307,Karen Roberts,Sales,Sales Executive,0.086,LOW,Sales Managers,2,"Microsoft Excel, Reading Comprehension",Priority: Microsoft Excel -> Excel for Business Analysis (internal LMS)
308,Piotr Williams (308),Research & Development,Manufacturing Director,0.023,LOW,Industrial Production Managers,2,"Microsoft Excel, Microsoft Office software",Priority: Microsoft Excel -> Excel for Business Analysis (internal LMS)
309,Kim Hassan,Research & Development,Research Scientist,0.062,LOW,Natural Sciences Managers,4,"Active Listening, Critical Thinking, Monitoring, Reading Comprehension",Priority: Critical Thinking -> Structured Problem Solving workshop
311,Mark Nair,Sales,Sales Representative,0.515,MEDIUM,"Sales Representatives of Services, Except Advertising, Insurance, Financial Services, and Travel",4,"Critical Thinking, Microsoft Excel, Microsoft Office software, Reading Comprehension",Priority: Microsoft Excel -> Excel for Business Analysis (internal LMS)
312,Sarah Williams,Sales,Sales Executive,0.166,LOW,Sales Managers,3,"Active Learning, Microsoft Office software, Microsoft Outlook",Priority: Microsoft Office software -> Microsoft Office Essentials
314,Elena Baker (314),Sales,Sales Executive,0.236,LOW,Sales Managers,1,Speaking,Priority: Speaking -> Public Speaking & Presentation Skills
315,Daniel Carter,Research & Development,Research Scientist,0.789,HIGH,Natural Sciences Managers,2,"Microsoft Office software, Monitoring",Priority: Microsoft Office software -> Microsoft Office Essentials
316,Donna Wright,Research & Development,Laboratory Technician,0.301,MEDIUM,Chemical Technicians,1,Writing,Priority: Writing -> Business Writing Essentials
319,Hassan Moore,Research & Development,Manager,0.096,LOW,General and Operations Managers,4,"Critical Thinking, Microsoft Excel, Microsoft Office software, Speaking",Priority: Microsoft Excel -> Excel for Business Analysis (internal LMS)
321,Sergei Rivera,Human Resources,Human Resources,0.244,LOW,Human Resources Specialists,2,"Microsoft Excel, Reading Comprehension",Priority: Microsoft Excel -> Excel for Business Analysis (internal LMS)
323,Yuki Perez,Sales,Manager,0.009,LOW,General and Operations Managers,3,"Active Learning, Active Listening, Monitoring",Priority: Active Listening -> Active Listening for Managers
325,Lee Walker,Research & Development,Laboratory Technician,0.792,HIGH,Chemical Technicians,3,"Microsoft Outlook, Monitoring, Science",Priority: Monitoring -> Performance Monitoring & KPIs
327,Fatima Rao,Sales,Manager,0.091,LOW,General and Operations Managers,2,"Active Learning, Reading Comprehension",Priority: Reading Comprehension -> Business Writing & Comprehension
328,Michelle Liu,Research & Development,Laboratory Technician,0.568,MEDIUM,Chemical Technicians,1,Microsoft Excel,Priority: Microsoft Excel -> Excel for Business Analysis (internal LMS)
329,Ling Iyer,Sales,Manager,0.363,MEDIUM,General and Operations Managers,4,"Active Learning, Microsoft Excel, Monitoring, Speaking",Priority: Microsoft Excel -> Excel for Business Analysis (internal LMS)
330,Park Ali,Sales,Sales Representative,0.356,MEDIUM,"Sales Representatives of Services, Except Advertising, Insurance, Financial Services, and Travel",1,Microsoft Excel,Priority: Microsoft Excel -> Excel for Business Analysis (internal LMS)
331,Richard Allen,Research & Development,Laboratory Technician,0.808,HIGH,Chemical Technicians,3,"Active Listening, Microsoft Outlook, Science",Priority: Active Listening -> Active Listening for Managers
332,Anna Zhang,Research & Development,Laboratory Technician,0.111,LOW,Chemical Technicians,4,"Critical Thinking, Microsoft Excel, Monitoring, Writing",Priority: Microsoft Excel -> Excel for Business Analysis (internal LMS)
333,Divya Walker,Sales,Sales Executive,0.136,LOW,Sales Managers,1,Monitoring,Priority: Monitoring -> Performance Monitoring & KPIs
334,Nancy Johnson,Research & Development,Research Scientist,0.184,LOW,Natural Sciences Managers,3,"Microsoft Office software, Monitoring, Writing",Priority: Microsoft Office software -> Microsoft Office Essentials
335,William Allen,Research & Development,Research Scientist,0.172,LOW,Natural Sciences Managers,3,"Microsoft Excel, Microsoft PowerPoint, Writing",Priority: Microsoft Excel -> Excel for Business Analysis (internal LMS)
336,Donna Ramirez,Research & Development,Manager,0.014,LOW,General and Operations Managers,1,Reading Comprehension,Priority: Reading Comprehension -> Business Writing & Comprehension
337,Charles Rossi,Research & Development,Research Director,0.096,LOW,Natural Sciences Managers,4,"Active Listening, Microsoft Office software, Microsoft PowerPoint, Science",Priority: Active Listening -> Active Listening for Managers
338,Deborah Ivanova,Research & Development,Research Scientist,0.052,LOW,Natural Sciences Managers,2,"Science, Writing",Priority: Writing -> Business Writing Essentials
339,Mateo Williams,Research & Development,Manufacturing Director,0.23,LOW,Industrial Production Managers,4,"Active Listening, Critical Thinking, Microsoft Excel, Monitoring",Priority: Microsoft Excel -> Excel for Business Analysis (internal LMS)
340,Wang Ramirez (340),Research & Development,Research Scientist,0.076,LOW,Natural Sciences Managers,2,"Critical Thinking, Microsoft Office software",Priority: Critical Thinking -> Structured Problem Solving workshop
341,Charles Jones,Research & Development,Manufacturing Director,0.094,LOW,Industrial Production Managers,3,"Active Listening, Learning Strategies, Microsoft Excel",Priority: Microsoft Excel -> Excel for Business Analysis (internal LMS)
342,James Malik,Research & Development,Manufacturing Director,0.466,MEDIUM,Industrial Production Managers,3,"Learning Strategies, Microsoft Outlook, Reading Comprehension",Priority: Reading Comprehension -> Business Writing & Comprehension
343,Christopher Martin,Research & Development,Healthcare Representative,0.227,LOW,"Sales Representatives, Wholesale and Manufacturing, Technical and Scientific Products",2,"Microsoft Outlook, Writing",Priority: Microsoft Outlook -> Effective Email & Calendar Management
346,Liu Adams,Research & Development,Research Scientist,0.152,LOW,Natural Sciences Managers,4,"Active Listening, Microsoft Office software, Monitoring, Reading Comprehension",Priority: Active Listening -> Active Listening for Managers
347,Yuki Choi (347),Research & Development,Research Scientist,0.484,MEDIUM,Natural Sciences Managers,3,"Active Listening, Microsoft Excel, Science",Priority: Microsoft Excel -> Excel for Business Analysis (internal LMS)
349,Richard Singh (349),Sales,Sales Executive,0.052,LOW,Sales Managers,4,"Active Learning, Microsoft PowerPoint, Reading Comprehension, Speaking",Priority: Reading Comprehension -> Business Writing & Comprehension
350,Kenneth Adams,Research & Development,Manufacturing Director,0.087,LOW,Industrial Production Managers,1,Learning Strategies,Priority: Learning Strategies -> Instructional Design Basics
351,Nancy Lee,Research & Development,Laboratory Technician,0.492,MEDIUM,Chemical Technicians,2,"Critical Thinking, Microsoft Excel",Priority: Microsoft Excel -> Excel for Business Analysis (internal LMS)
352,Neha Garcia,Research & Development,Research Director,0.004,LOW,Natural Sciences Managers,3,"Microsoft Excel, Monitoring, Reading Comprehension",Priority: Microsoft Excel -> Excel for Business Analysis (internal LMS)
353,Ling Flores,Research & Development,Research Scientist,0.223,LOW,Natural Sciences Managers,2,"Critical Thinking, Microsoft PowerPoint",Priority: Critical Thinking -> Structured Problem Solving workshop
355,Brian Singh,Research & Development,Laboratory Technician,0.853,HIGH,Chemical Technicians,4,"Critical Thinking, Microsoft Excel, Microsoft Outlook, Reading Comprehension",Priority: Microsoft Excel -> Excel for Business Analysis (internal LMS)
359,Mary Muller,Research & Development,Laboratory Technician,0.572,MEDIUM,Chemical Technicians,3,"Active Listening, Critical Thinking, Microsoft Excel",Priority: Microsoft Excel -> Excel for Business Analysis (internal LMS)
361,Susan Zhao (361),Sales,Sales Executive,0.028,LOW,Sales Managers,3,"Active Learning, Microsoft Excel, Microsoft Office software",Priority: Microsoft Excel -> Excel for Business Analysis (internal LMS)
362,Donald Martin,Research & Development,Laboratory Technician,0.756,HIGH,Chemical Technicians,4,"Active Listening, Microsoft Office software, Microsoft Outlook, Reading Comprehension",Priority: Active Listening -> Active Listening for Managers
363,Donna Davis,Sales,Manager,0.666,HIGH,General and Operations Managers,1,Active Listening,Priority: Active Listening -> Active Listening for Managers
364,Margaret Huang,Research & Development,Laboratory Technician,0.818,HIGH,Chemical Technicians,4,"Critical Thinking, Microsoft Excel, Monitoring, Reading Comprehension",Priority: Microsoft Excel -> Excel for Business Analysis (internal LMS)
366,Joseph Smith,Sales,Sales Executive,0.381,MEDIUM,Sales Managers,4,"Critical Thinking, Microsoft Office software, Microsoft PowerPoint, Reading Comprehension",Priority: Critical Thinking -> Structured Problem Solving workshop
367,Ashley Lee,Research & Development,Healthcare Representative,0.172,LOW,"Sales Representatives, Wholesale and Manufacturing, Technical and Scientific Products",4,"Active Learning, Microsoft Excel, Speaking, Writing",Priority: Microsoft Excel -> Excel for Business Analysis (internal LMS)
369,Ali Yang,Research & Development,Healthcare Representative,0.017,LOW,"Sales Representatives, Wholesale and Manufacturing, Technical and Scientific Products",2,"Microsoft Outlook, Salesforce software",Priority: Microsoft Outlook -> Effective Email & Calendar Management
372,Piotr Wright,Research & Development,Healthcare Representative,0.193,LOW,"Sales Representatives, Wholesale and Manufacturing, Technical and Scientific Products",2,"Microsoft Office software, Microsoft Outlook",Priority: Microsoft Office software -> Microsoft Office Essentials
373,Omar Rahman (373),Research & Development,Laboratory Technician,0.039,LOW,Chemical Technicians,1,Microsoft Outlook,Priority: Microsoft Outlook -> Effective Email & Calendar Management
374,Jennifer Zhao,Research & Development,Manager,0.108,LOW,General and Operations Managers,4,"Active Learning, Critical Thinking, Microsoft Office software, Speaking",Priority: Critical Thinking -> Structured Problem Solving workshop
376,William Gonzalez,Research & Development,Manager,0.589,MEDIUM,General and Operations Managers,3,"Active Listening, Microsoft Excel, Reading Comprehension",Priority: Microsoft Excel -> Excel for Business Analysis (internal LMS)
377,Ling Ferrari,Research & Development,Research Scientist,0.02,LOW,Natural Sciences Managers,3,"Active Listening, Critical Thinking, Monitoring",Priority: Critical Thinking -> Structured Problem Solving workshop
378,Margaret Harris (378),Sales,Sales Executive,0.177,LOW,Sales Managers,3,"Critical Thinking, Microsoft Excel, Microsoft Office software",Priority: Microsoft Excel -> Excel for Business Analysis (internal LMS)
379,Piotr Rivera,Research & Development,Research Scientist,0.294,LOW,Natural Sciences Managers,2,"Microsoft Office software, Microsoft PowerPoint",Priority: Microsoft Office software -> Microsoft Office Essentials
380,Steven Patel (380),Research & Development,Research Director,0.011,LOW,Natural Sciences Managers,4,"Active Listening, Microsoft Excel, Monitoring, Reading Comprehension",Priority: Microsoft Excel -> Excel for Business Analysis (internal LMS)
381,Noor Singh,Research & Development,Manager,0.276,LOW,General and Operations Managers,2,"Microsoft Office software, Speaking",Priority: Microsoft Office software -> Microsoft Office Essentials
382,Kenneth Sanchez,Sales,Sales Executive,0.739,HIGH,Sales Managers,4,"Active Learning, Active Listening, Microsoft Office software, Speaking",Priority: Active Listening -> Active Listening for Managers
384,Emily Scott,Research & Development,Manufacturing Director,0.101,LOW,Industrial Production Managers,3,"Learning Strategies, Microsoft Outlook, Reading Comprehension",Priority: Reading Comprehension -> Business Writing & Comprehension
385,Kevin Jackson,Research & Development,Research Director,0.016,LOW,Natural Sciences Managers,3,"Microsoft PowerPoint, Monitoring, Science",Priority: Monitoring -> Performance Monitoring & KPIs
386,Ananya Choi,Research & Development,Research Director,0.014,LOW,Natural Sciences Managers,4,"Critical Thinking, Microsoft Office software, Science, Writing",Priority: Critical Thinking -> Structured Problem Solving workshop
387,Tariq Wright,Sales,Sales Executive,0.073,LOW,Sales Managers,4,"Microsoft Excel, Microsoft Office software, Microsoft PowerPoint, Reading Comprehension",Priority: Microsoft Excel -> Excel for Business Analysis (internal LMS)
388,Nancy Wilson,Sales,Sales Executive,0.349,MEDIUM,Sales Managers,4,"Microsoft Outlook, Microsoft PowerPoint, Reading Comprehension, Speaking",Priority: Reading Comprehension -> Business Writing & Comprehension
389,Nancy Yang,Research & Development,Laboratory Technician,0.583,MEDIUM,Chemical Technicians,4,"Active Listening, Critical Thinking, Microsoft Outlook, Science",Priority: Critical Thinking -> Structured Problem Solving workshop
390,Lisa Nelson,Research & Development,Healthcare Representative,0.905,HIGH,"Sales Representatives, Wholesale and Manufacturing, Technical and Scientific Products",2,"Reading Comprehension, Salesforce software",Priority: Reading Comprehension -> Business Writing & Comprehension
391,Ali Ahmed,Research & Development,Research Scientist,0.015,LOW,Natural Sciences Managers,4,"Active Listening, Microsoft Excel, Microsoft Office software, Reading Comprehension",Priority: Microsoft Excel -> Excel for Business Analysis (internal LMS)
392,Sofia Kowalski,Research & Development,Laboratory Technician,0.767,HIGH,Chemical Technicians,4,"Active Listening, Critical Thinking, Microsoft Outlook, Monitoring",Priority: Critical Thinking -> Structured Problem Solving workshop
393,Christopher Williams,Research & Development,Healthcare Representative,0.07,LOW,"Sales Representatives, Wholesale and Manufacturing, Technical and Scientific Products",3,"Active Learning, Salesforce software, Speaking",Priority: Speaking -> Public Speaking & Presentation Skills
394,Jennifer Malik,Research & Development,Laboratory Technician,0.805,HIGH,Chemical Technicians,2,"Active Listening, Microsoft Office software",Priority: Active Listening -> Active Listening for Managers
395,Zhang Anderson,Research & Development,Research Scientist,0.039,LOW,Natural Sciences Managers,4,"Active Listening, Microsoft PowerPoint, Reading Comprehension, Science",Priority: Active Listening -> Active Listening for Managers
396,Daniel Torres (396),Research & Development,Research Director,0.629,HIGH,Natural Sciences Managers,3,"Active Listening, Critical Thinking, Science",Priority: Critical Thinking -> Structured Problem Solving workshop
397,Matthew Singh,Research & Development,Research Scientist,0.713,HIGH,Natural Sciences Managers,3,"Microsoft Office software, Reading Comprehension, Science",Priority: Microsoft Office software -> Microsoft Office Essentials
399,Wei Sanchez,Sales,Sales Representative,0.445,MEDIUM,"Sales Representatives of Services, Except Advertising, Insurance, Financial Services, and Travel",2,"Active Listening, Salesforce software",Priority: Active Listening -> Active Listening for Managers
401,Aisha Young,Sales,Sales Executive,0.894,HIGH,Sales Managers,2,"Critical Thinking, Monitoring",Priority: Critical Thinking -> Structured Problem Solving workshop
403,Michael Choi,Research & Development,Research Scientist,0.553,MEDIUM,Natural Sciences Managers,4,"Critical Thinking, Microsoft Office software, Monitoring, Reading Comprehension",Priority: Critical Thinking -> Structured Problem Solving workshop
404,Vikram Davis,Sales,Sales Executive,0.584,MEDIUM,Sales Managers,4,"Active Listening, Monitoring, Reading Comprehension, Speaking",Priority: Active Listening -> Active Listening for Managers
405,Jennifer Torres,Research & Development,Laboratory Technician,0.752,HIGH,Chemical Technicians,1,Critical Thinking,Priority: Critical Thinking -> Structured Problem Solving workshop
406,Carol Rodriguez,Sales,Sales Executive,0.203,LOW,Sales Managers,5,"Active Learning, Active Listening, Critical Thinking, Microsoft Excel, Microsoft PowerPoint",Priority: Microsoft Excel -> Excel for Business Analysis (internal LMS)
407,Mary Nelson,Research & Development,Laboratory Technician,0.391,MEDIUM,Chemical Technicians,4,"Microsoft Excel, Reading Comprehension, Science, Writing",Priority: Microsoft Excel -> Excel for Business Analysis (internal LMS)
408,Mark Rossi,Research & Development,Manufacturing Director,0.037,LOW,Industrial Production Managers,3,"Active Listening, Monitoring, Reading Comprehension",Priority: Active Listening -> Active Listening for Managers
410,Anna Zhao,Sales,Manager,0.053,LOW,General and Operations Managers,3,"Active Listening, Reading Comprehension, Speaking",Priority: Active Listening -> Active Listening for Managers
411,Susan Yang,Sales,Sales Representative,0.861,HIGH,"Sales Representatives of Services, Except Advertising, Insurance, Financial Services, and Travel",4,"Active Listening, Critical Thinking, Reading Comprehension, Writing",Priority: Critical Thinking -> Structured Problem Solving workshop
412,Fatima Wang (412),Research & Development,Healthcare Representative,0.083,LOW,"Sales Representatives, Wholesale and Manufacturing, Technical and Scientific Products",2,"Active Learning, Critical Thinking",Priority: Critical Thinking -> Structured Problem Solving workshop
416,Divya Campbell,Sales,Sales Executive,0.547,MEDIUM,Sales Managers,5,"Active Learning, Active Listening, Microsoft Excel, Microsoft Office software, Speaking",Priority: Microsoft Excel -> Excel for Business Analysis (internal LMS)
417,Arjun Roberts,Research & Development,Healthcare Representative,0.003,LOW,"Sales Representatives, Wholesale and Manufacturing, Technical and Scientific Products",1,Microsoft Outlook,Priority: Microsoft Outlook -> Effective Email & Calendar Management
419,Michelle Dubois (419),Research & Development,Laboratory Technician,0.213,LOW,Chemical Technicians,1,Science,Priority: Science -> Domain Science Fundamentals (role-specific)
420,Carol Siddiqui,Sales,Sales Executive,0.107,LOW,Sales Managers,2,"Active Listening, Critical Thinking",Priority: Critical Thinking -> Structured Problem Solving workshop
421,Jun Hall,Research & Development,Research Director,0.044,LOW,Natural Sciences Managers,4,"Microsoft Office software, Microsoft PowerPoint, Monitoring, Science",Priority: Microsoft Office software -> Microsoft Office Essentials
422,Emily Baker,Research & Development,Healthcare Representative,0.035,LOW,"Sales Representatives, Wholesale and Manufacturing, Technical and Scientific Products",3,"Active Listening, Microsoft Excel, Writing",Priority: Microsoft Excel -> Excel for Business Analysis (internal LMS)
423,Divya Roberts,Research & Development,Research Scientist,0.253,LOW,Natural Sciences Managers,2,"Critical Thinking, Science",Priority: Critical Thinking -> Structured Problem Solving workshop
424,Priya Park,Human Resources,Human Resources,0.941,HIGH,Human Resources Specialists,2,"Active Listening, Writing",Priority: Active Listening -> Active Listening for Managers
425,Ashley Williams,Research & Development,Laboratory Technician,0.549,MEDIUM,Chemical Technicians,4,"Active Listening, Monitoring, Reading Comprehension, Writing",Priority: Active Listening -> Active Listening for Managers
426,Kevin Park,Research & Development,Research Scientist,0.242,LOW,Natural Sciences Managers,3,"Active Listening, Monitoring, Writing",Priority: Active Listening -> Active Listening for Managers
428,Jonas Reddy,Research & Development,Manager,0.354,MEDIUM,General and Operations Managers,2,"Active Listening, Critical Thinking",Priority: Critical Thinking -> Structured Problem Solving workshop
429,Sanjay Zhang,Research & Development,Manager,0.629,HIGH,General and Operations Managers,3,"Active Learning, Active Listening, Reading Comprehension",Priority: Active Listening -> Active Listening for Managers
430,Linda Johnson,Research & Development,Laboratory Technician,0.15,LOW,Chemical Technicians,2,"Active Listening, Critical Thinking",Priority: Critical Thinking -> Structured Problem Solving workshop
431,Mary Davis,Research & Development,Healthcare Representative,0.423,MEDIUM,"Sales Representatives, Wholesale and Manufacturing, Technical and Scientific Products",5,"Active Learning, Active Listening, Microsoft Excel, Reading Comprehension, Speaking",Priority: Microsoft Excel -> Excel for Business Analysis (internal LMS)
433,William Carter,Research & Development,Research Scientist,0.364,MEDIUM,Natural Sciences Managers,3,"Critical Thinking, Microsoft Excel, Monitoring",Priority: Microsoft Excel -> Excel for Business Analysis (internal LMS)
434,Sofia Lee (434),Research & Development,Research Scientist,0.703,HIGH,Natural Sciences Managers,4,"Critical Thinking, Microsoft Excel, Microsoft PowerPoint, Writing",Priority: Microsoft Excel -> Excel for Business Analysis (internal LMS)
436,Neha Ibrahim,Sales,Sales Executive,0.855,HIGH,Sales Managers,4,"Active Listening, Microsoft Office software, Microsoft Outlook, Reading Comprehension",Priority: Active Listening -> Active Listening for Managers
437,Priya Rivera,Sales,Sales Executive,0.558,MEDIUM,Sales Managers,4,"Active Learning, Active Listening, Microsoft Excel, Microsoft Outlook",Priority: Microsoft Excel -> Excel for Business Analysis (internal LMS)
438,Ling Dubois,Sales,Sales Executive,0.018,LOW,Sales Managers,2,"Microsoft Office software, Speaking",Priority: Microsoft Office software -> Microsoft Office Essentials
439,Karen Perez,Research & Development,Research Scientist,0.213,LOW,Natural Sciences Managers,1,Science,Priority: Science -> Domain Science Fundamentals (role-specific)
440,Kenneth Ferrari,Research & Development,Research Scientist,0.805,HIGH,Natural Sciences Managers,1,Critical Thinking,Priority: Critical Thinking -> Structured Problem Solving workshop
441,Hiro Baker,Research & Development,Research Scientist,0.018,LOW,Natural Sciences Managers,4,"Active Listening, Microsoft Office software, Microsoft PowerPoint, Writing",Priority: Active Listening -> Active Listening for Managers
442,William Ferrari,Research & Development,Manufacturing Director,0.279,LOW,Industrial Production Managers,3,"Active Listening, Microsoft Excel, Microsoft Office software",Priority: Microsoft Excel -> Excel for Business Analysis (internal LMS)
444,James Nair,Research & Development,Manager,0.554,MEDIUM,General and Operations Managers,2,"Monitoring, Reading Comprehension",Priority: Reading Comprehension -> Business Writing & Comprehension
445,Mei Lewis,Sales,Sales Executive,0.542,MEDIUM,Sales Managers,3,"Microsoft Excel, Microsoft Outlook, Monitoring",Priority: Microsoft Excel -> Excel for Business Analysis (internal LMS)
446,Zhang Wang,Sales,Sales Executive,0.708,HIGH,Sales Managers,2,"Active Listening, Monitoring",Priority: Active Listening -> Active Listening for Managers
447,Hassan Gupta (447),Research & Development,Research Director,0.017,LOW,Natural Sciences Managers,2,"Critical Thinking, Monitoring",Priority: Critical Thinking -> Structured Problem Solving workshop
448,Jennifer Wang (448),Research & Development,Laboratory Technician,0.34,MEDIUM,Chemical Technicians,4,"Critical Thinking, Microsoft Office software, Microsoft Outlook, Reading Comprehension",Priority: Critical Thinking -> Structured Problem Solving workshop
449,Donald Clark,Sales,Sales Executive,0.348,MEDIUM,Sales Managers,1,Microsoft PowerPoint,Priority: Microsoft PowerPoint -> Presentation Design Fundamentals
450,Ashley Nair (450),Research & Development,Research Scientist,0.064,LOW,Natural Sciences Managers,3,"Microsoft PowerPoint, Monitoring, Writing",Priority: Monitoring -> Performance Monitoring & KPIs
451,Tariq Baker,Research & Development,Healthcare Representative,0.467,MEDIUM,"Sales Representatives, Wholesale and Manufacturing, Technical and Scientific Products",3,"Active Learning, Reading Comprehension, Writing",Priority: Reading Comprehension -> Business Writing & Comprehension
452,Sofia Kumar,Research & Development,Research Scientist,0.137,LOW,Natural Sciences Managers,1,Writing,Priority: Writing -> Business Writing Essentials
453,Carol Singh (453),Sales,Sales Executive,0.545,MEDIUM,Sales Managers,4,"Microsoft Office software, Microsoft PowerPoint, Reading Comprehension, Speaking",Priority: Microsoft Office software -> Microsoft Office Essentials
454,Donald Kim,Research & Development,Laboratory Technician,0.793,HIGH,Chemical Technicians,4,"Microsoft Excel, Microsoft Outlook, Science, Writing",Priority: Microsoft Excel -> Excel for Business Analysis (internal LMS)
455,Susan Ibrahim,Research & Development,Laboratory Technician,0.389,MEDIUM,Chemical Technicians,3,"Microsoft Excel, Monitoring, Reading Comprehension",Priority: Microsoft Excel -> Excel for Business Analysis (internal LMS)
456,Nancy Reddy,Sales,Sales Executive,0.064,LOW,Sales Managers,3,"Active Learning, Monitoring, Reading Comprehension",Priority: Reading Comprehension -> Business Writing & Comprehension
458,Wang Sanchez,Sales,Sales Executive,0.138,LOW,Sales Managers,3,"Active Learning, Microsoft Excel, Monitoring",Priority: Microsoft Excel -> Excel for Business Analysis (internal LMS)
460,Tran Brown,Research & Development,Manufacturing Director,0.051,LOW,Industrial Production Managers,5,"Critical Thinking, Microsoft PowerPoint, Monitoring, Reading Comprehension, Speaking",Priority: Critical Thinking -> Structured Problem Solving workshop
461,Divya Kim,Research & Development,Research Director,0.028,LOW,Natural Sciences Managers,1,Monitoring,Priority: Monitoring -> Performance Monitoring & KPIs
462,David Rodriguez,Research & Development,Manufacturing Director,0.415,MEDIUM,Industrial Production Managers,1,Monitoring,Priority: Monitoring -> Performance Monitoring & KPIs
463,Ivan Hernandez (463),Sales,Sales Executive,0.492,MEDIUM,Sales Managers,1,Reading Comprehension,Priority: Reading Comprehension -> Business Writing & Comprehension
464,Divya Yang,Research & Development,Manufacturing Director,0.062,LOW,Industrial Production Managers,3,"Active Listening, Microsoft PowerPoint, Speaking",Priority: Active Listening -> Active Listening for Managers
465,Robert Hill,Research & Development,Research Scientist,0.103,LOW,Natural Sciences Managers,1,Microsoft Office software,Priority: Microsoft Office software -> Microsoft Office Essentials
466,Ashley Rao,Research & Development,Manufacturing Director,0.727,HIGH,Industrial Production Managers,4,"Learning Strategies, Microsoft Excel, Reading Comprehension, Speaking",Priority: Microsoft Excel -> Excel for Business Analysis (internal LMS)
467,Piotr Moore (467),Sales,Sales Representative,0.868,HIGH,"Sales Representatives of Services, Except Advertising, Insurance, Financial Services, and Travel",3,"Active Listening, Microsoft Office software, Reading Comprehension",Priority: Active Listening -> Active Listening for Managers
468,Emily Chowdhury,Research & Development,Research Director,0.086,LOW,Natural Sciences Managers,2,"Monitoring, Writing",Priority: Monitoring -> Performance Monitoring & KPIs
469,Sergei Miller,Sales,Sales Executive,0.08,LOW,Sales Managers,3,"Active Learning, Microsoft Office software, Microsoft Outlook",Priority: Microsoft Office software -> Microsoft Office Essentials
470,Jessica Muller,Human Resources,Human Resources,0.571,MEDIUM,Human Resources Specialists,3,"Microsoft Excel, Microsoft Office software, Writing",Priority: Microsoft Excel -> Excel for Business Analysis (internal LMS)
471,Deborah Khan (471),Research & Development,Laboratory Technician,0.097,LOW,Chemical Technicians,3,"Critical Thinking, Microsoft Office software, Writing",Priority: Critical Thinking -> Structured Problem Solving workshop
473,Deborah Miller,Sales,Manager,0.395,MEDIUM,General and Operations Managers,2,"Critical Thinking, Microsoft Excel",Priority: Microsoft Excel -> Excel for Business Analysis (internal LMS)
474,Emily Johnson,Research & Development,Research Scientist,0.384,MEDIUM,Natural Sciences Managers,2,"Active Listening, Microsoft Excel",Priority: Microsoft Excel -> Excel for Business Analysis (internal LMS)
475,Kevin Ivanova,Sales,Sales Executive,0.669,HIGH,Sales Managers,5,"Active Learning, Microsoft Excel, Microsoft Office software, Microsoft Outlook, Microsoft PowerPoint",Priority: Microsoft Excel -> Excel for Business Analysis (internal LMS)
476,Jun Ivanova,Sales,Sales Executive,0.163,LOW,Sales Managers,5,"Active Learning, Active Listening, Microsoft Excel, Microsoft PowerPoint, Reading Comprehension",Priority: Microsoft Excel -> Excel for Business Analysis (internal LMS)
477,Stephanie Rivera,Research & Development,Healthcare Representative,0.05,LOW,"Sales Representatives, Wholesale and Manufacturing, Technical and Scientific Products",2,"Active Listening, Microsoft Office software",Priority: Active Listening -> Active Listening for Managers
478,Yusuf Walker,Sales,Sales Representative,0.992,HIGH,"Sales Representatives of Services, Except Advertising, Insurance, Financial Services, and Travel",3,"Active Learning, Speaking, Writing",Priority: Writing -> Business Writing Essentials
479,Linda Wang,Sales,Sales Executive,0.06,LOW,Sales Managers,4,"Active Learning, Active Listening, Microsoft Office software, Microsoft Outlook",Priority: Active Listening -> Active Listening for Managers
481,Linda Hernandez,Sales,Sales Executive,0.526,MEDIUM,Sales Managers,2,"Reading Comprehension, Speaking",Priority: Reading Comprehension -> Business Writing & Comprehension
482,Karen Martin,Research & Development,Healthcare Representative,0.011,LOW,"Sales Representatives, Wholesale and Manufacturing, Technical and Scientific Products",2,"Active Listening, Reading Comprehension",Priority: Active Listening -> Active Listening for Managers
483,Zhang Nelson (483),Research & Development,Laboratory Technician,0.144,LOW,Chemical Technicians,4,"Active Listening, Microsoft Office software, Reading Comprehension, Science",Priority: Active Listening -> Active Listening for Managers
484,Michael Rahman,Sales,Sales Representative,0.585,MEDIUM,"Sales Representatives of Services, Except Advertising, Insurance, Financial Services, and Travel",4,"Active Listening, Microsoft Excel, Salesforce software, Speaking",Priority: Microsoft Excel -> Excel for Business Analysis (internal LMS)
485,Karen Ali (485),Sales,Sales Representative,0.961,HIGH,"Sales Representatives of Services, Except Advertising, Insurance, Financial Services, and Travel",3,"Microsoft Excel, Reading Comprehension, Salesforce software",Priority: Microsoft Excel -> Excel for Business Analysis (internal LMS)
486,Hassan Jackson,Research & Development,Laboratory Technician,0.241,LOW,Chemical Technicians,2,"Microsoft Office software, Microsoft Outlook",Priority: Microsoft Office software -> Microsoft Office Essentials
487,Emily Carter,Research & Development,Manufacturing Director,0.021,LOW,Industrial Production Managers,3,"Learning Strategies, Monitoring, Speaking",Priority: Monitoring -> Performance Monitoring & KPIs
488,Klara Patel,Sales,Sales Executive,0.701,HIGH,Sales Managers,5,"Active Learning, Critical Thinking, Microsoft Excel, Microsoft PowerPoint, Reading Comprehension",Priority: Microsoft Excel -> Excel for Business Analysis (internal LMS)
491,Robert Kumar,Research & Development,Healthcare Representative,0.072,LOW,"Sales Representatives, Wholesale and Manufacturing, Technical and Scientific Products",2,"Microsoft Office software, Salesforce software",Priority: Microsoft Office software -> Microsoft Office Essentials
492,Mary Chowdhury,Sales,Sales Executive,0.838,HIGH,Sales Managers,3,"Active Learning, Active Listening, Speaking",Priority: Active Listening -> Active Listening for Managers
493,William Johnson (493),Research & Development,Research Scientist,0.492,MEDIUM,Natural Sciences Managers,1,Microsoft Excel,Priority: Microsoft Excel -> Excel for Business Analysis (internal LMS)
494,Lee Lee,Sales,Sales Representative,0.876,HIGH,"Sales Representatives of Services, Except Advertising, Insurance, Financial Services, and Travel",1,Speaking,Priority: Speaking -> Public Speaking & Presentation Skills
495,Chen Martinez,Research & Development,Research Scientist,0.263,LOW,Natural Sciences Managers,2,"Microsoft Office software, Reading Comprehension",Priority: Microsoft Office software -> Microsoft Office Essentials
496,Andrew Torres,Research & Development,Healthcare Representative,0.427,MEDIUM,"Sales Representatives, Wholesale and Manufacturing, Technical and Scientific Products",1,Microsoft Outlook,Priority: Microsoft Outlook -> Effective Email & Calendar Management
497,Ananya Rivera (497),Research & Development,Laboratory Technician,0.129,LOW,Chemical Technicians,3,"Critical Thinking, Microsoft Outlook, Reading Comprehension",Priority: Critical Thinking -> Structured Problem Solving workshop
498,David Jackson,Sales,Sales Executive,0.206,LOW,Sales Managers,2,"Active Learning, Critical Thinking",Priority: Critical Thinking -> Structured Problem Solving workshop
499,Yusuf Ahmed,Research & Development,Healthcare Representative,0.157,LOW,"Sales Representatives, Wholesale and Manufacturing, Technical and Scientific Products",1,Salesforce software,Priority: Salesforce software -> Salesforce Administrator Certification
500,Chen Gonzalez,Sales,Sales Executive,0.022,LOW,Sales Managers,3,"Active Learning, Microsoft Office software, Microsoft Outlook",Priority: Microsoft Office software -> Microsoft Office Essentials
501,Anthony Martinez,Research & Development,Research Scientist,0.038,LOW,Natural Sciences Managers,1,Monitoring,Priority: Monitoring -> Performance Monitoring & KPIs
502,Klara Iyer,Sales,Sales Executive,0.819,HIGH,Sales Managers,4,"Microsoft Outlook, Microsoft PowerPoint, Monitoring, Speaking",Priority: Monitoring -> Performance Monitoring & KPIs
505,Park Martinez,Research & Development,Manager,0.062,LOW,General and Operations Managers,1,Active Learning,Priority: Active Learning -> Learning How to Learn
507,Jun Robinson,Sales,Sales Executive,0.237,LOW,Sales Managers,4,"Active Learning, Critical Thinking, Microsoft Office software, Monitoring",Priority: Critical Thinking -> Structured Problem Solving workshop
508,David Martinez,Sales,Sales Representative,0.869,HIGH,"Sales Representatives of Services, Except Advertising, Insurance, Financial Services, and Travel",1,Microsoft Office software,Priority: Microsoft Office software -> Microsoft Office Essentials
510,Brian Sanchez,Research & Development,Research Scientist,0.397,MEDIUM,Natural Sciences Managers,2,"Active Listening, Science",Priority: Active Listening -> Active Listening for Managers
511,Hassan Yang,Research & Development,Research Scientist,0.324,MEDIUM,Natural Sciences Managers,1,Science,Priority: Science -> Domain Science Fundamentals (role-specific)
513,Stephanie Harris,Sales,Sales Executive,0.728,HIGH,Sales Managers,3,"Active Learning, Microsoft Excel, Speaking",Priority: Microsoft Excel -> Excel for Business Analysis (internal LMS)
514,Richard Nelson,Research & Development,Research Scientist,0.961,HIGH,Natural Sciences Managers,2,"Microsoft Excel, Writing",Priority: Microsoft Excel -> Excel for Business Analysis (internal LMS)
515,Michael Davis,Research & Development,Laboratory Technician,0.195,LOW,Chemical Technicians,2,"Active Listening, Critical Thinking",Priority: Critical Thinking -> Structured Problem Solving workshop
516,Ivan Singh,Sales,Sales Executive,0.117,LOW,Sales Managers,5,"Active Learning, Active Listening, Critical Thinking, Microsoft PowerPoint, Monitoring",Priority: Critical Thinking -> Structured Problem Solving workshop
517,Ali Huang,Research & Development,Laboratory Technician,0.26,LOW,Chemical Technicians,2,"Monitoring, Science",Priority: Monitoring -> Performance Monitoring & KPIs
518,Steven Clark (518),Research & Development,Manufacturing Director,0.261,LOW,Industrial Production Managers,4,"Active Listening, Microsoft Excel, Monitoring, Speaking",Priority: Microsoft Excel -> Excel for Business Analysis (internal LMS)
520,Susan Nelson,Research & Development,Research Director,0.015,LOW,Natural Sciences Managers,4,"Microsoft Excel, Microsoft Office software, Microsoft PowerPoint, Monitoring",Priority: Microsoft Excel -> Excel for Business Analysis (internal LMS)
521,Tariq Smith,Research & Development,Laboratory Technician,0.482,MEDIUM,Chemical Technicians,2,"Microsoft Excel, Microsoft Office software",Priority: Microsoft Excel -> Excel for Business Analysis (internal LMS)
522,Thomas Siddiqui,Research & Development,Research Director,0.069,LOW,Natural Sciences Managers,4,"Active Listening, Microsoft Excel, Monitoring, Writing",Priority: Microsoft Excel -> Excel for Business Analysis (internal LMS)
523,Nguyen Flores,Sales,Sales Executive,0.175,LOW,Sales Managers,5,"Active Learning, Active Listening, Critical Thinking, Microsoft Office software, Microsoft Outlook",Priority: Critical Thinking -> Structured Problem Solving workshop
524,Sanjay Brown,Research & Development,Manufacturing Director,0.137,LOW,Industrial Production Managers,5,"Active Listening, Microsoft Excel, Microsoft Office software, Monitoring, Speaking",Priority: Microsoft Excel -> Excel for Business Analysis (internal LMS)
525,Yuki Moreau,Research & Development,Laboratory Technician,0.678,HIGH,Chemical Technicians,2,"Active Listening, Microsoft Outlook",Priority: Active Listening -> Active Listening for Managers
526,Michael Rivera,Research & Development,Healthcare Representative,0.06,LOW,"Sales Representatives, Wholesale and Manufacturing, Technical and Scientific Products",4,"Critical Thinking, Reading Comprehension, Salesforce software, Writing",Priority: Critical Thinking -> Structured Problem Solving workshop
527,Steven Patel (527),Sales,Sales Executive,0.788,HIGH,Sales Managers,3,"Microsoft Outlook, Monitoring, Speaking",Priority: Monitoring -> Performance Monitoring & KPIs
529,Arjun Singh,Research & Development,Research Scientist,0.439,MEDIUM,Natural Sciences Managers,4,"Critical Thinking, Microsoft Excel, Monitoring, Reading Comprehension",Priority: Microsoft Excel -> Excel for Business Analysis (internal LMS)
530,Wei Campbell,Research & Development,Laboratory Technician,0.532,MEDIUM,Chemical Technicians,2,"Microsoft Outlook, Monitoring",Priority: Monitoring -> Performance Monitoring & KPIs
531,Omar Rahman (531),Research & Development,Manager,0.245,LOW,General and Operations Managers,1,Microsoft Excel,Priority: Microsoft Excel -> Excel for Business Analysis (internal LMS)
532,Arjun Miller,Sales,Sales Executive,0.254,LOW,Sales Managers,4,"Active Learning, Active Listening, Critical Thinking, Microsoft PowerPoint",Priority: Critical Thinking -> Structured Problem Solving workshop
533,Melissa Dubois,Sales,Sales Executive,0.463,MEDIUM,Sales Managers,3,"Active Learning, Microsoft Outlook, Speaking",Priority: Microsoft Outlook -> Effective Email & Calendar Management
534,Andrew Harris,Sales,Sales Executive,0.189,LOW,Sales Managers,3,"Active Listening, Critical Thinking, Microsoft PowerPoint",Priority: Critical Thinking -> Structured Problem Solving workshop
536,Ashley Nair (536),Research & Development,Laboratory Technician,0.361,MEDIUM,Chemical Technicians,4,"Active Listening, Microsoft Excel, Microsoft Office software, Writing",Priority: Microsoft Excel -> Excel for Business Analysis (internal LMS)
538,Ravi Wright (538),Research & Development,Laboratory Technician,0.488,MEDIUM,Chemical Technicians,3,"Critical Thinking, Microsoft Excel, Microsoft Office software",Priority: Microsoft Excel -> Excel for Business Analysis (internal LMS)
543,Wang Rahman,Research & Development,Manufacturing Director,0.068,LOW,Industrial Production Managers,3,"Critical Thinking, Learning Strategies, Monitoring",Priority: Critical Thinking -> Structured Problem Solving workshop
544,Sanjay Wright (544),Research & Development,Research Scientist,0.04,LOW,Natural Sciences Managers,3,"Microsoft PowerPoint, Reading Comprehension, Writing",Priority: Reading Comprehension -> Business Writing & Comprehension
546,Joseph Gupta,Research & Development,Manager,0.005,LOW,General and Operations Managers,2,"Microsoft Office software, Speaking",Priority: Microsoft Office software -> Microsoft Office Essentials
547,Piotr Petrov,Research & Development,Research Scientist,0.198,LOW,Natural Sciences Managers,4,"Active Listening, Reading Comprehension, Science, Writing",Priority: Active Listening -> Active Listening for Managers
548,Ivan Hernandez (548),Research & Development,Manufacturing Director,0.166,LOW,Industrial Production Managers,4,"Active Listening, Microsoft Excel, Microsoft Office software, Monitoring",Priority: Microsoft Excel -> Excel for Business Analysis (internal LMS)
549,Tariq Rodriguez,Research & Development,Manager,0.358,MEDIUM,General and Operations Managers,4,"Active Learning, Microsoft Excel, Microsoft PowerPoint, Reading Comprehension",Priority: Microsoft Excel -> Excel for Business Analysis (internal LMS)
550,Anna Nelson,Research & Development,Manufacturing Director,0.006,LOW,Industrial Production Managers,4,"Active Listening, Critical Thinking, Monitoring, Speaking",Priority: Critical Thinking -> Structured Problem Solving workshop
551,Robert Lewis,Research & Development,Healthcare Representative,0.021,LOW,"Sales Representatives, Wholesale and Manufacturing, Technical and Scientific Products",1,Microsoft Office software,Priority: Microsoft Office software -> Microsoft Office Essentials
554,Kim King,Sales,Sales Representative,0.934,HIGH,"Sales Representatives of Services, Except Advertising, Insurance, Financial Services, and Travel",1,Writing,Priority: Writing -> Business Writing Essentials
555,Elizabeth White,Sales,Sales Representative,0.695,HIGH,"Sales Representatives of Services, Except Advertising, Insurance, Financial Services, and Travel",4,"Active Listening, Microsoft Excel, Reading Comprehension, Writing",Priority: Microsoft Excel -> Excel for Business Analysis (internal LMS)
556,Charles Scott,Research & Development,Laboratory Technician,0.65,HIGH,Chemical Technicians,2,"Critical Thinking, Reading Comprehension",Priority: Critical Thinking -> Structured Problem Solving workshop
558,Olga Hernandez,Sales,Manager,0.01,LOW,General and Operations Managers,2,"Active Learning, Reading Comprehension",Priority: Reading Comprehension -> Business Writing & Comprehension
560,Kim Petrov,Research & Development,Research Scientist,0.114,LOW,Natural Sciences Managers,3,"Microsoft Excel, Microsoft PowerPoint, Monitoring",Priority: Microsoft Excel -> Excel for Business Analysis (internal LMS)
562,Timothy Petrov,Research & Development,Laboratory Technician,0.061,LOW,Chemical Technicians,2,"Microsoft Excel, Microsoft Outlook",Priority: Microsoft Excel -> Excel for Business Analysis (internal LMS)
564,Layla Johnson,Research & Development,Research Director,0.023,LOW,Natural Sciences Managers,2,"Reading Comprehension, Science",Priority: Reading Comprehension -> Business Writing & Comprehension
565,Karen Sanchez,Research & Development,Research Scientist,0.6,MEDIUM,Natural Sciences Managers,3,"Critical Thinking, Science, Writing",Priority: Critical Thinking -> Structured Problem Solving workshop
566,Steven Allen,Human Resources,Human Resources,0.86,HIGH,Human Resources Specialists,1,Microsoft Office software,Priority: Microsoft Office software -> Microsoft Office Essentials
567,Donald Ramirez,Sales,Sales Executive,0.095,LOW,Sales Managers,2,"Microsoft Outlook, Speaking",Priority: Microsoft Outlook -> Effective Email & Calendar Management
568,Barbara Kowalski,Sales,Manager,0.225,LOW,General and Operations Managers,2,"Active Learning, Reading Comprehension",Priority: Reading Comprehension -> Business Writing & Comprehension
569,Mark Wang (569),Research & Development,Manager,0.221,LOW,General and Operations Managers,2,"Active Learning, Active Listening",Priority: Active Listening -> Active Listening for Managers
571,George Davis,Research & Development,Laboratory Technician,0.074,LOW,Chemical Technicians,2,"Reading Comprehension, Science",Priority: Reading Comprehension -> Business Writing & Comprehension
573,Tran Robinson,Sales,Sales Executive,0.339,MEDIUM,Sales Managers,4,"Critical Thinking, Microsoft Outlook, Microsoft PowerPoint, Reading Comprehension",Priority: Critical Thinking -> Structured Problem Solving workshop
574,Michelle Ali,Research & Development,Manufacturing Director,0.013,LOW,Industrial Production Managers,3,"Learning Strategies, Microsoft Excel, Monitoring",Priority: Microsoft Excel -> Excel for Business Analysis (internal LMS)
575,Tariq Wilson (575),Research & Development,Research Director,0.055,LOW,Natural Sciences Managers,4,"Microsoft Excel, Microsoft Office software, Reading Comprehension, Science",Priority: Microsoft Excel -> Excel for Business Analysis (internal LMS)
577,Olga Ibrahim,Research & Development,Laboratory Technician,0.725,HIGH,Chemical Technicians,2,"Microsoft Excel, Writing",Priority: Microsoft Excel -> Excel for Business Analysis (internal LMS)
578,Klara Perez,Research & Development,Laboratory Technician,0.567,MEDIUM,Chemical Technicians,3,"Active Listening, Reading Comprehension, Science",Priority: Active Listening -> Active Listening for Managers
579,Donald Ali,Research & Development,Research Scientist,0.022,LOW,Natural Sciences Managers,4,"Active Listening, Critical Thinking, Microsoft Office software, Monitoring",Priority: Critical Thinking -> Structured Problem Solving workshop
580,Yuki Farooq,Sales,Sales Executive,0.222,LOW,Sales Managers,5,"Active Learning, Active Listening, Critical Thinking, Microsoft PowerPoint, Reading Comprehension",Priority: Critical Thinking -> Structured Problem Solving workshop
581,Sandra Garcia,Research & Development,Manufacturing Director,0.01,LOW,Industrial Production Managers,3,"Microsoft Office software, Microsoft Outlook, Microsoft PowerPoint",Priority: Microsoft Office software -> Microsoft Office Essentials
582,Elena Nelson,Research & Development,Manager,0.639,HIGH,General and Operations Managers,4,"Active Listening, Microsoft Excel, Microsoft Office software, Monitoring",Priority: Microsoft Excel -> Excel for Business Analysis (internal LMS)
584,Sandra Muller,Research & Development,Laboratory Technician,0.68,HIGH,Chemical Technicians,1,Science,Priority: Science -> Domain Science Fundamentals (role-specific)
585,Amit Park,Sales,Sales Representative,0.701,HIGH,"Sales Representatives of Services, Except Advertising, Insurance, Financial Services, and Travel",3,"Active Listening, Microsoft Excel, Salesforce software",Priority: Microsoft Excel -> Excel for Business Analysis (internal LMS)
586,Ravi Yang,Research & Development,Healthcare Representative,0.479,MEDIUM,"Sales Representatives, Wholesale and Manufacturing, Technical and Scientific Products",4,"Active Listening, Critical Thinking, Microsoft Outlook, Salesforce software",Priority: Critical Thinking -> Structured Problem Solving workshop
587,Aisha Thompson,Research & Development,Healthcare Representative,0.725,HIGH,"Sales Representatives, Wholesale and Manufacturing, Technical and Scientific Products",4,"Active Listening, Microsoft Outlook, Reading Comprehension, Writing",Priority: Active Listening -> Active Listening for Managers
590,Sofia Wang,Human Resources,Human Resources,0.977,HIGH,Human Resources Specialists,2,"Active Learning, Microsoft Office software",Priority: Microsoft Office software -> Microsoft Office Essentials
591,Michael Clark,Research & Development,Laboratory Technician,0.273,LOW,Chemical Technicians,3,"Active Listening, Science, Writing",Priority: Active Listening -> Active Listening for Managers
592,Anna Farooq,Sales,Sales Executive,0.436,MEDIUM,Sales Managers,5,"Active Learning, Active Listening, Microsoft Excel, Microsoft Office software, Microsoft PowerPoint",Priority: Microsoft Excel -> Excel for Business Analysis (internal LMS)
593,Mary Rivera,Research & Development,Laboratory Technician,0.764,HIGH,Chemical Technicians,2,"Active Listening, Microsoft Outlook",Priority: Active Listening -> Active Listening for Managers
595,Lee Yang,Sales,Sales Executive,0.155,LOW,Sales Managers,3,"Active Learning, Microsoft Office software, Monitoring",Priority: Microsoft Office software -> Microsoft Office Essentials
597,Deborah Yang,Sales,Manager,0.079,LOW,General and Operations Managers,2,"Active Listening, Speaking",Priority: Active Listening -> Active Listening for Managers
599,Zhang Mitchell (599),Sales,Sales Executive,0.069,LOW,Sales Managers,2,"Microsoft Office software, Microsoft Outlook",Priority: Microsoft Office software -> Microsoft Office Essentials
600,Sergei Davis,Sales,Sales Executive,0.569,MEDIUM,Sales Managers,4,"Active Listening, Microsoft Office software, Monitoring, Reading Comprehension",Priority: Active Listening -> Active Listening for Managers
601,Wei Adams,Research & Development,Manufacturing Director,0.401,MEDIUM,Industrial Production Managers,2,"Critical Thinking, Learning Strategies",Priority: Critical Thinking -> Structured Problem Solving workshop
602,Lisa Khan,Research & Development,Laboratory Technician,0.267,LOW,Chemical Technicians,4,"Critical Thinking, Monitoring, Reading Comprehension, Science",Priority: Critical Thinking -> Structured Problem Solving workshop
604,Sanjay Wilson,Sales,Sales Executive,0.521,MEDIUM,Sales Managers,4,"Active Learning, Microsoft PowerPoint, Monitoring, Reading Comprehension",Priority: Reading Comprehension -> Business Writing & Comprehension
605,Ananya Lopez,Research & Development,Manufacturing Director,0.525,MEDIUM,Industrial Production Managers,5,"Active Listening, Critical Thinking, Monitoring, Reading Comprehension, Speaking",Priority: Critical Thinking -> Structured Problem Solving workshop
606,Chen Torres,Sales,Sales Executive,0.016,LOW,Sales Managers,2,"Active Learning, Microsoft Outlook",Priority: Microsoft Outlook -> Effective Email & Calendar Management
608,Andrew Davis,Human Resources,Human Resources,0.847,HIGH,Human Resources Specialists,3,"Active Listening, Speaking, Writing",Priority: Active Listening -> Active Listening for Managers
611,Ananya Gupta,Research & Development,Manufacturing Director,0.143,LOW,Industrial Production Managers,2,"Microsoft Office software, Microsoft PowerPoint",Priority: Microsoft Office software -> Microsoft Office Essentials
612,Piotr Chen,Research & Development,Research Director,0.012,LOW,Natural Sciences Managers,4,"Critical Thinking, Microsoft Office software, Monitoring, Science",Priority: Critical Thinking -> Structured Problem Solving workshop
613,Margaret Hussain (613),Sales,Manager,0.365,MEDIUM,General and Operations Managers,2,"Active Listening, Speaking",Priority: Active Listening -> Active Listening for Managers
614,Matthew Scott,Sales,Sales Representative,0.984,HIGH,"Sales Representatives of Services, Except Advertising, Insurance, Financial Services, and Travel",4,"Active Listening, Microsoft Office software, Reading Comprehension, Writing",Priority: Active Listening -> Active Listening for Managers
615,Ashley Chen,Sales,Sales Executive,0.041,LOW,Sales Managers,1,Microsoft Office software,Priority: Microsoft Office software -> Microsoft Office Essentials
616,Margaret Novak (616),Research & Development,Healthcare Representative,0.089,LOW,"Sales Representatives, Wholesale and Manufacturing, Technical and Scientific Products",3,"Critical Thinking, Salesforce software, Speaking",Priority: Critical Thinking -> Structured Problem Solving workshop
618,Karen Ferrari,Sales,Sales Executive,0.735,HIGH,Sales Managers,3,"Critical Thinking, Microsoft Excel, Microsoft Outlook",Priority: Microsoft Excel -> Excel for Business Analysis (internal LMS)
620,Mei Harris,Sales,Sales Executive,0.292,LOW,Sales Managers,1,Microsoft Outlook,Priority: Microsoft Outlook -> Effective Email & Calendar Management
621,Andrew Jones,Sales,Sales Executive,0.184,LOW,Sales Managers,3,"Active Listening, Microsoft Outlook, Microsoft PowerPoint",Priority: Active Listening -> Active Listening for Managers
622,William Harris,Research & Development,Laboratory Technician,0.995,HIGH,Chemical Technicians,4,"Active Listening, Monitoring, Reading Comprehension, Writing",Priority: Active Listening -> Active Listening for Managers
623,Steven Taylor,Research & Development,Manufacturing Director,0.164,LOW,Industrial Production Managers,5,"Critical Thinking, Microsoft Office software, Monitoring, Reading Comprehension, Speaking",Priority: Critical Thinking -> Structured Problem Solving workshop
624,Mary Johnson,Research & Development,Healthcare Representative,0.088,LOW,"Sales Representatives, Wholesale and Manufacturing, Technical and Scientific Products",5,"Active Listening, Critical Thinking, Microsoft Excel, Reading Comprehension, Salesforce software",Priority: Microsoft Excel -> Excel for Business Analysis (internal LMS)
625,John Moore,Sales,Manager,0.29,LOW,General and Operations Managers,3,"Active Learning, Microsoft Excel, Monitoring",Priority: Microsoft Excel -> Excel for Business Analysis (internal LMS)
626,Elizabeth Iyer,Sales,Sales Executive,0.203,LOW,Sales Managers,3,"Microsoft Excel, Microsoft Outlook, Microsoft PowerPoint",Priority: Microsoft Excel -> Excel for Business Analysis (internal LMS)
630,Susan Campbell,Research & Development,Research Scientist,0.236,LOW,Natural Sciences Managers,2,"Active Listening, Monitoring",Priority: Active Listening -> Active Listening for Managers
631,Lisa Davis,Sales,Sales Executive,0.079,LOW,Sales Managers,1,Microsoft Outlook,Priority: Microsoft Outlook -> Effective Email & Calendar Management
632,Brian Williams (632),Sales,Sales Representative,0.625,HIGH,"Sales Representatives of Services, Except Advertising, Insurance, Financial Services, and Travel",4,"Active Learning, Microsoft Excel, Salesforce software, Speaking",Priority: Microsoft Excel -> Excel for Business Analysis (internal LMS)
634,Betty Adams,Research & Development,Healthcare Representative,0.013,LOW,"Sales Representatives, Wholesale and Manufacturing, Technical and Scientific Products",1,Writing,Priority: Writing -> Business Writing Essentials
635,Layla Walker,Research & Development,Manufacturing Director,0.471,MEDIUM,Industrial Production Managers,1,Monitoring,Priority: Monitoring -> Performance Monitoring & KPIs
638,Ashley Mitchell,Research & Development,Research Director,0.005,LOW,Natural Sciences Managers,3,"Active Listening, Microsoft Excel, Science",Priority: Microsoft Excel -> Excel for Business Analysis (internal LMS)
639,Linda Torres,Research & Development,Research Scientist,0.426,MEDIUM,Natural Sciences Managers,1,Microsoft Excel,Priority: Microsoft Excel -> Excel for Business Analysis (internal LMS)
641,Ivan Davis,Sales,Sales Executive,0.34,MEDIUM,Sales Managers,5,"Active Learning, Active Listening, Monitoring, Reading Comprehension, Speaking",Priority: Active Listening -> Active Listening for Managers
643,Ravi Jones,Research & Development,Laboratory Technician,0.494,MEDIUM,Chemical Technicians,4,"Critical Thinking, Microsoft Excel, Monitoring, Reading Comprehension",Priority: Microsoft Excel -> Excel for Business Analysis (internal LMS)
644,Michael Campbell,Human Resources,Manager,0.124,LOW,General and Operations Managers,2,"Microsoft PowerPoint, Speaking",Priority: Microsoft PowerPoint -> Presentation Design Fundamentals
645,Neha Shah (645),Sales,Sales Representative,0.626,HIGH,"Sales Representatives of Services, Except Advertising, Insurance, Financial Services, and Travel",2,"Critical Thinking, Microsoft Office software",Priority: Critical Thinking -> Structured Problem Solving workshop
647,Jonas Gupta,Research & Development,Laboratory Technician,0.795,HIGH,Chemical Technicians,2,"Critical Thinking, Microsoft Outlook",Priority: Critical Thinking -> Structured Problem Solving workshop
648,Tariq Singh,Sales,Sales Representative,0.938,HIGH,"Sales Representatives of Services, Except Advertising, Insurance, Financial Services, and Travel",2,"Microsoft Office software, Reading Comprehension",Priority: Microsoft Office software -> Microsoft Office Essentials
649,Camila Liu,Research & Development,Research Scientist,0.332,MEDIUM,Natural Sciences Managers,2,"Active Listening, Microsoft Excel",Priority: Microsoft Excel -> Excel for Business Analysis (internal LMS)
650,Anthony Allen (650),Sales,Sales Executive,0.429,MEDIUM,Sales Managers,3,"Active Listening, Microsoft Excel, Microsoft PowerPoint",Priority: Microsoft Excel -> Excel for Business Analysis (internal LMS)
652,Carol Jackson,Research & Development,Laboratory Technician,0.681,HIGH,Chemical Technicians,2,"Active Listening, Writing",Priority: Active Listening -> Active Listening for Managers
653,Omar Hassan,Sales,Sales Executive,0.041,LOW,Sales Managers,3,"Microsoft Excel, Microsoft Outlook, Reading Comprehension",Priority: Microsoft Excel -> Excel for Business Analysis (internal LMS)
655,Sanjay Nguyen (655),Research & Development,Research Scientist,0.071,LOW,Natural Sciences Managers,3,"Critical Thinking, Reading Comprehension, Writing",Priority: Critical Thinking -> Structured Problem Solving workshop
656,Sofia Hernandez,Sales,Sales Executive,0.651,HIGH,Sales Managers,4,"Active Learning, Active Listening, Microsoft PowerPoint, Speaking",Priority: Active Listening -> Active Listening for Managers
657,Liu Khan (657),Research & Development,Research Scientist,0.334,MEDIUM,Natural Sciences Managers,1,Writing,Priority: Writing -> Business Writing Essentials
659,Anthony Thomas,Research & Development,Healthcare Representative,0.019,LOW,"Sales Representatives, Wholesale and Manufacturing, Technical and Scientific Products",5,"Active Learning, Active Listening, Microsoft Excel, Microsoft Outlook, Writing",Priority: Microsoft Excel -> Excel for Business Analysis (internal LMS)
661,Nguyen Farooq,Research & Development,Research Director,0.054,LOW,Natural Sciences Managers,4,"Microsoft Office software, Monitoring, Reading Comprehension, Science",Priority: Microsoft Office software -> Microsoft Office Essentials
662,Mary Lee,Research & Development,Research Scientist,0.26,LOW,Natural Sciences Managers,4,"Microsoft Office software, Monitoring, Reading Comprehension, Writing",Priority: Microsoft Office software -> Microsoft Office Essentials
663,Klara Kumar,Research & Development,Laboratory Technician,0.663,HIGH,Chemical Technicians,4,"Active Listening, Critical Thinking, Microsoft Office software, Microsoft Outlook",Priority: Critical Thinking -> Structured Problem Solving workshop
664,Wei Young,Research & Development,Manager,0.18,LOW,General and Operations Managers,2,"Microsoft Office software, Monitoring",Priority: Microsoft Office software -> Microsoft Office Essentials
665,Camila Allen,Human Resources,Human Resources,0.301,MEDIUM,Human Resources Specialists,4,"Active Learning, Critical Thinking, Microsoft Excel, Microsoft Office software",Priority: Microsoft Excel -> Excel for Business Analysis (internal LMS)
666,Amanda Jackson,Sales,Sales Representative,0.572,MEDIUM,"Sales Representatives of Services, Except Advertising, Insurance, Financial Services, and Travel",2,"Active Learning, Active Listening",Priority: Active Listening -> Active Listening for Managers
667,Michael Novak,Sales,Sales Representative,0.383,MEDIUM,"Sales Representatives of Services, Except Advertising, Insurance, Financial Services, and Travel",4,"Active Listening, Reading Comprehension, Salesforce software, Speaking",Priority: Active Listening -> Active Listening for Managers
669,Sergei Ali,Sales,Sales Representative,0.893,HIGH,"Sales Representatives of Services, Except Advertising, Insurance, Financial Services, and Travel",4,"Active Listening, Critical Thinking, Salesforce software, Writing",Priority: Critical Thinking -> Structured Problem Solving workshop
671,Charles Adams,Research & Development,Manager,0.063,LOW,General and Operations Managers,3,"Active Listening, Monitoring, Speaking",Priority: Active Listening -> Active Listening for Managers
675,George Kumar,Research & Development,Research Scientist,0.139,LOW,Natural Sciences Managers,4,"Active Listening, Microsoft Excel, Microsoft PowerPoint, Science",Priority: Microsoft Excel -> Excel for Business Analysis (internal LMS)
677,Kimberly Martinez,Sales,Sales Executive,0.168,LOW,Sales Managers,5,"Active Learning, Active Listening, Critical Thinking, Monitoring, Speaking",Priority: Critical Thinking -> Structured Problem Solving workshop
679,Melissa Hassan,Research & Development,Research Scientist,0.412,MEDIUM,Natural Sciences Managers,3,"Active Listening, Critical Thinking, Monitoring",Priority: Critical Thinking -> Structured Problem Solving workshop
680,Wang Young,Research & Development,Research Scientist,0.278,LOW,Natural Sciences Managers,4,"Active Listening, Critical Thinking, Microsoft Excel, Writing",Priority: Microsoft Excel -> Excel for Business Analysis (internal LMS)
682,Neha Rahman,Sales,Sales Executive,0.283,LOW,Sales Managers,3,"Active Learning, Microsoft Office software, Microsoft PowerPoint",Priority: Microsoft Office software -> Microsoft Office Essentials
683,Zhang Yang,Research & Development,Research Scientist,0.044,LOW,Natural Sciences Managers,1,Microsoft Excel,Priority: Microsoft Excel -> Excel for Business Analysis (internal LMS)
684,Carol Garcia,Sales,Sales Executive,0.655,HIGH,Sales Managers,3,"Microsoft Excel, Microsoft PowerPoint, Reading Comprehension",Priority: Microsoft Excel -> Excel for Business Analysis (internal LMS)
686,Pooja Davis,Research & Development,Laboratory Technician,0.49,MEDIUM,Chemical Technicians,3,"Active Listening, Microsoft Outlook, Writing",Priority: Active Listening -> Active Listening for Managers
689,John Clark,Research & Development,Manufacturing Director,0.076,LOW,Industrial Production Managers,4,"Learning Strategies, Microsoft Excel, Microsoft Outlook, Reading Comprehension",Priority: Microsoft Excel -> Excel for Business Analysis (internal LMS)
690,Patricia Farooq,Sales,Sales Executive,0.304,MEDIUM,Sales Managers,1,Active Learning,Priority: Active Learning -> Learning How to Learn
691,Donald Wright,Research & Development,Research Scientist,0.383,MEDIUM,Natural Sciences Managers,2,"Microsoft Office software, Writing",Priority: Microsoft Office software -> Microsoft Office Essentials
692,Choi Green,Research & Development,Healthcare Representative,0.039,LOW,"Sales Representatives, Wholesale and Manufacturing, Technical and Scientific Products",5,"Active Learning, Microsoft Excel, Reading Comprehension, Salesforce software, Speaking",Priority: Microsoft Excel -> Excel for Business Analysis (internal LMS)
698,Kenneth Nair,Human Resources,Human Resources,0.417,MEDIUM,Human Resources Specialists,2,"Microsoft Excel, Reading Comprehension",Priority: Microsoft Excel -> Excel for Business Analysis (internal LMS)
699,Michael Lopez,Research & Development,Manufacturing Director,0.392,MEDIUM,Industrial Production Managers,2,"Active Listening, Microsoft PowerPoint",Priority: Active Listening -> Active Listening for Managers
700,Klara Anderson,Research & Development,Research Scientist,0.399,MEDIUM,Natural Sciences Managers,4,"Microsoft Excel, Monitoring, Science, Writing",Priority: Microsoft Excel -> Excel for Business Analysis (internal LMS)
701,Piotr Khan,Research & Development,Research Scientist,0.462,MEDIUM,Natural Sciences Managers,1,Writing,Priority: Writing -> Business Writing Essentials
702,Carol Lopez,Research & Development,Research Scientist,0.938,HIGH,Natural Sciences Managers,4,"Active Listening, Microsoft Excel, Microsoft PowerPoint, Writing",Priority: Microsoft Excel -> Excel for Business Analysis (internal LMS)
704,Diego Iyer (704),Research & Development,Laboratory Technician,0.188,LOW,Chemical Technicians,3,"Microsoft Outlook, Monitoring, Reading Comprehension",Priority: Reading Comprehension -> Business Writing & Comprehension
705,Patricia Chen,Research & Development,Research Scientist,0.194,LOW,Natural Sciences Managers,3,"Active Listening, Microsoft Excel, Microsoft PowerPoint",Priority: Microsoft Excel -> Excel for Business Analysis (internal LMS)
707,Susan Perez,Sales,Sales Executive,0.082,LOW,Sales Managers,2,"Active Listening, Microsoft Outlook",Priority: Active Listening -> Active Listening for Managers
709,Michelle White,Sales,Sales Executive,0.153,LOW,Sales Managers,2,"Microsoft Office software, Microsoft Outlook",Priority: Microsoft Office software -> Microsoft Office Essentials
710,Jonas Harris,Research & Development,Research Scientist,0.038,LOW,Natural Sciences Managers,4,"Active Listening, Microsoft Office software, Microsoft PowerPoint, Reading Comprehension",Priority: Active Listening -> Active Listening for Managers
712,Yuki Sanchez,Sales,Sales Executive,0.095,LOW,Sales Managers,4,"Microsoft Office software, Microsoft Outlook, Microsoft PowerPoint, Reading Comprehension",Priority: Microsoft Office software -> Microsoft Office Essentials
714,George Scott,Sales,Sales Executive,0.131,LOW,Sales Managers,3,"Critical Thinking, Microsoft Outlook, Microsoft PowerPoint",Priority: Critical Thinking -> Structured Problem Solving workshop
715,Kenneth Lopez,Research & Development,Research Scientist,0.121,LOW,Natural Sciences Managers,4,"Active Listening, Microsoft Excel, Reading Comprehension, Writing",Priority: Microsoft Excel -> Excel for Business Analysis (internal LMS)
716,Zara White,Research & Development,Laboratory Technician,0.131,LOW,Chemical Technicians,1,Science,Priority: Science -> Domain Science Fundamentals (role-specific)
717,Elizabeth Ibrahim (717),Research & Development,Healthcare Representative,0.143,LOW,"Sales Representatives, Wholesale and Manufacturing, Technical and Scientific Products",3,"Salesforce software, Speaking, Writing",Priority: Writing -> Business Writing Essentials
720,Barbara Nelson,Sales,Sales Executive,0.955,HIGH,Sales Managers,4,"Active Learning, Critical Thinking, Microsoft Office software, Microsoft PowerPoint",Priority: Critical Thinking -> Structured Problem Solving workshop
721,Amit Roberts,Research & Development,Healthcare Representative,0.181,LOW,"Sales Representatives, Wholesale and Manufacturing, Technical and Scientific Products",4,"Microsoft Excel, Microsoft Outlook, Speaking, Writing",Priority: Microsoft Excel -> Excel for Business Analysis (internal LMS)
722,Anthony Rossi,Sales,Sales Executive,0.129,LOW,Sales Managers,3,"Microsoft Excel, Microsoft PowerPoint, Monitoring",Priority: Microsoft Excel -> Excel for Business Analysis (internal LMS)
723,Wang Brown,Sales,Sales Executive,0.709,HIGH,Sales Managers,4,"Microsoft Excel, Microsoft Outlook, Microsoft PowerPoint, Monitoring",Priority: Microsoft Excel -> Excel for Business Analysis (internal LMS)
724,Donna Martin,Research & Development,Healthcare Representative,0.017,LOW,"Sales Representatives, Wholesale and Manufacturing, Technical and Scientific Products",5,"Active Learning, Active Listening, Microsoft Office software, Reading Comprehension, Speaking",Priority: Active Listening -> Active Listening for Managers
725,Linda Novak,Research & Development,Manufacturing Director,0.085,LOW,Industrial Production Managers,3,"Learning Strategies, Microsoft Excel, Monitoring",Priority: Microsoft Excel -> Excel for Business Analysis (internal LMS)
727,Ananya Scott,Research & Development,Research Director,0.01,LOW,Natural Sciences Managers,3,"Active Listening, Microsoft PowerPoint, Writing",Priority: Active Listening -> Active Listening for Managers
728,Susan Baker (728),Sales,Sales Executive,0.1,LOW,Sales Managers,1,Microsoft Outlook,Priority: Microsoft Outlook -> Effective Email & Calendar Management
729,Jessica Hall,Sales,Sales Executive,0.665,HIGH,Sales Managers,2,"Active Listening, Reading Comprehension",Priority: Active Listening -> Active Listening for Managers
730,Aisha Lopez (730),Research & Development,Research Director,0.002,LOW,Natural Sciences Managers,4,"Critical Thinking, Microsoft Office software, Microsoft PowerPoint, Reading Comprehension",Priority: Critical Thinking -> Structured Problem Solving workshop
731,Emily Mitchell (731),Human Resources,Manager,0.408,MEDIUM,General and Operations Managers,3,"Microsoft Office software, Microsoft PowerPoint, Speaking",Priority: Microsoft Office software -> Microsoft Office Essentials
732,Christopher Chen,Sales,Sales Executive,0.709,HIGH,Sales Managers,2,"Critical Thinking, Microsoft Office software",Priority: Critical Thinking -> Structured Problem Solving workshop
733,Tran Moore (733),Research & Development,Manufacturing Director,0.151,LOW,Industrial Production Managers,5,"Critical Thinking, Microsoft Excel, Microsoft Outlook, Reading Comprehension, Speaking",Priority: Microsoft Excel -> Excel for Business Analysis (internal LMS)
734,Anna Thompson,Human Resources,Manager,0.078,LOW,General and Operations Managers,2,"Microsoft Excel, Microsoft PowerPoint",Priority: Microsoft Excel -> Excel for Business Analysis (internal LMS)
738,Donna Ivanova,Sales,Sales Representative,0.519,MEDIUM,"Sales Representatives of Services, Except Advertising, Insurance, Financial Services, and Travel",2,"Active Learning, Speaking",Priority: Speaking -> Public Speaking & Presentation Skills
741,Dmitri Jones,Research & Development,Research Scientist,0.817,HIGH,Natural Sciences Managers,4,"Monitoring, Reading Comprehension, Science, Writing",Priority: Reading Comprehension -> Business Writing & Comprehension
742,Jun Miller,Research & Development,Research Director,0.06,LOW,Natural Sciences Managers,2,"Microsoft Excel, Science",Priority: Microsoft Excel -> Excel for Business Analysis (internal LMS)
743,Susan Thomas (743),Research & Development,Manufacturing Director,0.506,MEDIUM,Industrial Production Managers,4,"Microsoft Excel, Microsoft Office software, Microsoft Outlook, Reading Comprehension",Priority: Microsoft Excel -> Excel for Business Analysis (internal LMS)
744,Chen Ali (744),Research & Development,Laboratory Technician,0.466,MEDIUM,Chemical Technicians,2,"Microsoft Outlook, Science",Priority: Microsoft Outlook -> Effective Email & Calendar Management
746,Deborah Hassan,Sales,Sales Executive,0.875,HIGH,Sales Managers,3,"Active Listening, Reading Comprehension, Speaking",Priority: Active Listening -> Active Listening for Managers
747,Matthew Petrov,Sales,Sales Executive,0.512,MEDIUM,Sales Managers,2,"Microsoft Office software, Monitoring",Priority: Microsoft Office software -> Microsoft Office Essentials
749,Jonas Choi,Sales,Sales Representative,0.698,HIGH,"Sales Representatives of Services, Except Advertising, Insurance, Financial Services, and Travel",1,Active Learning,Priority: Active Learning -> Learning How to Learn
752,Richard Shah,Research & Development,Research Scientist,0.498,MEDIUM,Natural Sciences Managers,2,"Critical Thinking, Microsoft Office software",Priority: Critical Thinking -> Structured Problem Solving workshop
754,Wei Walker,Sales,Sales Executive,0.108,LOW,Sales Managers,2,"Microsoft PowerPoint, Reading Comprehension",Priority: Reading Comprehension -> Business Writing & Comprehension
757,Jonas Singh,Research & Development,Healthcare Representative,0.188,LOW,"Sales Representatives, Wholesale and Manufacturing, Technical and Scientific Products",2,"Active Learning, Microsoft Office software",Priority: Microsoft Office software -> Microsoft Office Essentials
758,Wang Johnson,Research & Development,Laboratory Technician,0.46,MEDIUM,Chemical Technicians,1,Reading Comprehension,Priority: Reading Comprehension -> Business Writing & Comprehension
760,Ashley Scott,Human Resources,Human Resources,0.728,HIGH,Human Resources Specialists,1,Microsoft Excel,Priority: Microsoft Excel -> Excel for Business Analysis (internal LMS)
762,Neha Rao,Research & Development,Healthcare Representative,0.101,LOW,"Sales Representatives, Wholesale and Manufacturing, Technical and Scientific Products",4,"Active Learning, Critical Thinking, Microsoft Office software, Speaking",Priority: Critical Thinking -> Structured Problem Solving workshop
763,Ravi Gupta,Research & Development,Research Scientist,0.238,LOW,Natural Sciences Managers,1,Microsoft Excel,Priority: Microsoft Excel -> Excel for Business Analysis (internal LMS)
764,Patricia Wright,Research & Development,Healthcare Representative,0.444,MEDIUM,"Sales Representatives, Wholesale and Manufacturing, Technical and Scientific Products",1,Microsoft Office software,Priority: Microsoft Office software -> Microsoft Office Essentials
766,Neha Huang,Sales,Sales Representative,0.247,LOW,"Sales Representatives of Services, Except Advertising, Insurance, Financial Services, and Travel",4,"Active Listening, Microsoft Office software, Reading Comprehension, Writing",Priority: Active Listening -> Active Listening for Managers
769,Anthony Torres,Research & Development,Laboratory Technician,0.039,LOW,Chemical Technicians,1,Writing,Priority: Writing -> Business Writing Essentials
771,Yuki White (771),Research & Development,Healthcare Representative,0.008,LOW,"Sales Representatives, Wholesale and Manufacturing, Technical and Scientific Products",3,"Active Learning, Microsoft Office software, Speaking",Priority: Microsoft Office software -> Microsoft Office Essentials
772,Yusuf Hassan (772),Research & Development,Laboratory Technician,0.598,MEDIUM,Chemical Technicians,4,"Critical Thinking, Microsoft Office software, Monitoring, Writing",Priority: Critical Thinking -> Structured Problem Solving workshop
773,Tariq Roberts,Research & Development,Research Scientist,0.526,MEDIUM,Natural Sciences Managers,4,"Active Listening, Microsoft Excel, Microsoft Office software, Science",Priority: Microsoft Excel -> Excel for Business Analysis (internal LMS)
775,Aisha Anderson (775),Research & Development,Manufacturing Director,0.251,LOW,Industrial Production Managers,4,"Active Listening, Critical Thinking, Learning Strategies, Speaking",Priority: Critical Thinking -> Structured Problem Solving workshop
776,Mary Thomas,Sales,Manager,0.047,LOW,General and Operations Managers,4,"Active Learning, Microsoft Excel, Reading Comprehension, Speaking",Priority: Microsoft Excel -> Excel for Business Analysis (internal LMS)
780,Mark Hassan,Research & Development,Research Scientist,0.228,LOW,Natural Sciences Managers,3,"Microsoft Excel, Microsoft Office software, Monitoring",Priority: Microsoft Excel -> Excel for Business Analysis (internal LMS)
781,Sarah Thompson,Sales,Sales Executive,0.351,MEDIUM,Sales Managers,3,"Microsoft Outlook, Monitoring, Reading Comprehension",Priority: Reading Comprehension -> Business Writing & Comprehension
783,Tran Smith,Sales,Sales Representative,0.917,HIGH,"Sales Representatives of Services, Except Advertising, Insurance, Financial Services, and Travel",4,"Active Learning, Critical Thinking, Reading Comprehension, Salesforce software",Priority: Critical Thinking -> Structured Problem Solving workshop
784,Barbara Huang (784),Research & Development,Research Scientist,0.186,LOW,Natural Sciences Managers,3,"Critical Thinking, Microsoft Excel, Monitoring",Priority: Microsoft Excel -> Excel for Business Analysis (internal LMS)
785,Camila Baker,Sales,Sales Executive,0.865,HIGH,Sales Managers,3,"Active Listening, Microsoft Excel, Microsoft Office software",Priority: Microsoft Excel -> Excel for Business Analysis (internal LMS)
786,Ali Liu,Sales,Sales Executive,0.054,LOW,Sales Managers,1,Critical Thinking,Priority: Critical Thinking -> Structured Problem Solving workshop
787,Elena Kowalski,Research & Development,Manager,0.259,LOW,General and Operations Managers,4,"Active Learning, Microsoft Excel, Microsoft PowerPoint, Monitoring",Priority: Microsoft Excel -> Excel for Business Analysis (internal LMS)
789,Kenneth Schmidt,Sales,Sales Executive,0.323,MEDIUM,Sales Managers,5,"Critical Thinking, Microsoft Outlook, Microsoft PowerPoint, Monitoring, Reading Comprehension",Priority: Critical Thinking -> Structured Problem Solving workshop
791,Sanjay Dubois,Research & Development,Research Scientist,0.013,LOW,Natural Sciences Managers,1,Critical Thinking,Priority: Critical Thinking -> Structured Problem Solving workshop
792,Marta Wright,Research & Development,Laboratory Technician,0.848,HIGH,Chemical Technicians,2,"Microsoft Excel, Monitoring",Priority: Microsoft Excel -> Excel for Business Analysis (internal LMS)
793,Daniel Iyer,Research & Development,Healthcare Representative,0.399,MEDIUM,"Sales Representatives, Wholesale and Manufacturing, Technical and Scientific Products",2,"Microsoft Excel, Reading Comprehension",Priority: Microsoft Excel -> Excel for Business Analysis (internal LMS)
796,Kevin Jones,Sales,Sales Executive,0.873,HIGH,Sales Managers,3,"Microsoft Office software, Monitoring, Reading Comprehension",Priority: Microsoft Office software -> Microsoft Office Essentials
797,Brian Wang,Research & Development,Research Scientist,0.047,LOW,Natural Sciences Managers,3,"Microsoft Excel, Microsoft PowerPoint, Monitoring",Priority: Microsoft Excel -> Excel for Business Analysis (internal LMS)
799,Paul Moreau,Research & Development,Manufacturing Director,0.519,MEDIUM,Industrial Production Managers,3,"Critical Thinking, Microsoft Outlook, Monitoring",Priority: Critical Thinking -> Structured Problem Solving workshop
800,Kevin Siddiqui,Sales,Sales Executive,0.32,MEDIUM,Sales Managers,4,"Active Learning, Microsoft Excel, Microsoft PowerPoint, Reading Comprehension",Priority: Microsoft Excel -> Excel for Business Analysis (internal LMS)
802,Arjun Muller,Research & Development,Research Scientist,0.315,MEDIUM,Natural Sciences Managers,1,Monitoring,Priority: Monitoring -> Performance Monitoring & KPIs
803,Carol Singh (803),Research & Development,Manufacturing Director,0.84,HIGH,Industrial Production Managers,3,"Active Listening, Learning Strategies, Speaking",Priority: Active Listening -> Active Listening for Managers
804,Hiro Ferrari,Research & Development,Research Scientist,0.315,MEDIUM,Natural Sciences Managers,1,Reading Comprehension,Priority: Reading Comprehension -> Business Writing & Comprehension
805,Hiro Kim,Sales,Sales Representative,0.578,MEDIUM,"Sales Representatives of Services, Except Advertising, Insurance, Financial Services, and Travel",4,"Critical Thinking, Microsoft Office software, Reading Comprehension, Writing",Priority: Critical Thinking -> Structured Problem Solving workshop
806,Mary Taylor,Research & Development,Laboratory Technician,0.121,LOW,Chemical Technicians,3,"Active Listening, Reading Comprehension, Writing",Priority: Active Listening -> Active Listening for Managers
807,Joseph Campbell,Research & Development,Healthcare Representative,0.023,LOW,"Sales Representatives, Wholesale and Manufacturing, Technical and Scientific Products",2,"Speaking, Writing",Priority: Writing -> Business Writing Essentials
808,Timothy Miller,Sales,Sales Executive,0.329,MEDIUM,Sales Managers,3,"Microsoft Office software, Monitoring, Speaking",Priority: Microsoft Office software -> Microsoft Office Essentials
809,Kimberly Schmidt (809),Research & Development,Manager,0.355,MEDIUM,General and Operations Managers,2,"Critical Thinking, Microsoft Excel",Priority: Microsoft Excel -> Excel for Business Analysis (internal LMS)
811,Noor Thomas,Research & Development,Laboratory Technician,0.751,HIGH,Chemical Technicians,2,"Microsoft Excel, Monitoring",Priority: Microsoft Excel -> Excel for Business Analysis (internal LMS)
812,Sanjay Perez,Research & Development,Laboratory Technician,0.254,LOW,Chemical Technicians,2,"Active Listening, Science",Priority: Active Listening -> Active Listening for Managers
813,Jun Shah (813),Research & Development,Laboratory Technician,0.222,LOW,Chemical Technicians,4,"Critical Thinking, Microsoft Excel, Microsoft Office software, Reading Comprehension",Priority: Microsoft Excel -> Excel for Business Analysis (internal LMS)
815,Dmitri Smith,Research & Development,Research Director,0.003,LOW,Natural Sciences Managers,2,"Active Listening, Science",Priority: Active Listening -> Active Listening for Managers
816,Kevin Mitchell,Research & Development,Laboratory Technician,0.95,HIGH,Chemical Technicians,2,"Microsoft Excel, Microsoft Office software",Priority: Microsoft Excel -> Excel for Business Analysis (internal LMS)
817,Olga Dubois,Research & Development,Research Director,0.009,LOW,Natural Sciences Managers,4,"Critical Thinking, Microsoft PowerPoint, Reading Comprehension, Science",Priority: Critical Thinking -> Structured Problem Solving workshop
819,Marta Khan,Sales,Sales Executive,0.85,HIGH,Sales Managers,4,"Active Learning, Active Listening, Critical Thinking, Microsoft PowerPoint",Priority: Critical Thinking -> Structured Problem Solving workshop
820,Ali Rivera,Research & Development,Manager,0.04,LOW,General and Operations Managers,2,"Critical Thinking, Microsoft Office software",Priority: Critical Thinking -> Structured Problem Solving workshop
823,Sarah Flores,Research & Development,Manufacturing Director,0.024,LOW,Industrial Production Managers,3,"Microsoft Outlook, Microsoft PowerPoint, Speaking",Priority: Microsoft PowerPoint -> Presentation Design Fundamentals
824,Timothy Schmidt,Research & Development,Research Scientist,0.021,LOW,Natural Sciences Managers,2,"Monitoring, Writing",Priority: Monitoring -> Performance Monitoring & KPIs
825,Liu Zhao,Research & Development,Research Director,0.169,LOW,Natural Sciences Managers,4,"Active Listening, Microsoft Office software, Microsoft PowerPoint, Reading Comprehension",Priority: Active Listening -> Active Listening for Managers
826,Wang Gupta,Research & Development,Research Scientist,0.038,LOW,Natural Sciences Managers,3,"Microsoft Excel, Microsoft PowerPoint, Writing",Priority: Microsoft Excel -> Excel for Business Analysis (internal LMS)
827,Vikram Lewis (827),Research & Development,Manufacturing Director,0.262,LOW,Industrial Production Managers,2,"Microsoft Excel, Speaking",Priority: Microsoft Excel -> Excel for Business Analysis (internal LMS)
828,Thomas Martin,Research & Development,Research Scientist,0.369,MEDIUM,Natural Sciences Managers,4,"Active Listening, Critical Thinking, Microsoft Excel, Monitoring",Priority: Microsoft Excel -> Excel for Business Analysis (internal LMS)
829,Zhang Liu,Human Resources,Human Resources,0.459,MEDIUM,Human Resources Specialists,3,"Applicant tracking software, Microsoft Office software, Writing",Priority: Microsoft Office software -> Microsoft Office Essentials
830,Liu Reddy,Research & Development,Manufacturing Director,0.038,LOW,Industrial Production Managers,4,"Critical Thinking, Microsoft Office software, Microsoft Outlook, Microsoft PowerPoint",Priority: Critical Thinking -> Structured Problem Solving workshop
832,Sofia Chen,Research & Development,Laboratory Technician,0.938,HIGH,Chemical Technicians,1,Critical Thinking,Priority: Critical Thinking -> Structured Problem Solving workshop
833,Jonas Iyer (833),Research & Development,Manufacturing Director,0.638,HIGH,Industrial Production Managers,3,"Learning Strategies, Microsoft PowerPoint, Speaking",Priority: Microsoft PowerPoint -> Presentation Design Fundamentals
834,Sandra Williams,Research & Development,Research Scientist,0.316,MEDIUM,Natural Sciences Managers,3,"Critical Thinking, Microsoft Excel, Writing",Priority: Microsoft Excel -> Excel for Business Analysis (internal LMS)
836,Ling Clark,Research & Development,Manufacturing Director,0.209,LOW,Industrial Production Managers,5,"Active Listening, Critical Thinking, Learning Strategies, Microsoft Excel, Speaking",Priority: Microsoft Excel -> Excel for Business Analysis (internal LMS)
837,Wang Scott (837),Research & Development,Healthcare Representative,0.328,MEDIUM,"Sales Representatives, Wholesale and Manufacturing, Technical and Scientific Products",2,"Active Learning, Critical Thinking",Priority: Critical Thinking -> Structured Problem Solving workshop
838,Aisha Baker,Research & Development,Research Scientist,0.199,LOW,Natural Sciences Managers,1,Critical Thinking,Priority: Critical Thinking -> Structured Problem Solving workshop
840,Barbara Dubois,Sales,Sales Executive,0.077,LOW,Sales Managers,1,Microsoft Office software,Priority: Microsoft Office software -> Microsoft Office Essentials
842,Sofia Davis,Sales,Sales Executive,0.372,MEDIUM,Sales Managers,3,"Active Learning, Monitoring, Speaking",Priority: Monitoring -> Performance Monitoring & KPIs
843,Michelle Petrov,Research & Development,Research Director,0.095,LOW,Natural Sciences Managers,1,Microsoft Office software,Priority: Microsoft Office software -> Microsoft Office Essentials
844,Mateo Ramirez,Research & Development,Research Director,0.068,LOW,Natural Sciences Managers,2,"Reading Comprehension, Writing",Priority: Reading Comprehension -> Business Writing & Comprehension
845,Marta Liu,Research & Development,Manufacturing Director,0.048,LOW,Industrial Production Managers,3,"Active Listening, Learning Strategies, Reading Comprehension",Priority: Active Listening -> Active Listening for Managers
846,Ali Ramirez,Sales,Sales Executive,0.854,HIGH,Sales Managers,2,"Monitoring, Speaking",Priority: Monitoring -> Performance Monitoring & KPIs
847,Sarah Nelson,Human Resources,Human Resources,0.167,LOW,Human Resources Specialists,4,"Applicant tracking software, Microsoft Excel, Microsoft Outlook, Reading Comprehension",Priority: Microsoft Excel -> Excel for Business Analysis (internal LMS)
848,William Smith (848),Research & Development,Research Scientist,0.423,MEDIUM,Natural Sciences Managers,3,"Active Listening, Monitoring, Writing",Priority: Active Listening -> Active Listening for Managers
850,Ananya Kowalski,Research & Development,Research Scientist,0.021,LOW,Natural Sciences Managers,4,"Microsoft PowerPoint, Reading Comprehension, Science, Writing",Priority: Reading Comprehension -> Business Writing & Comprehension
851,Thomas Farooq,Sales,Manager,0.09,LOW,General and Operations Managers,2,"Monitoring, Speaking",Priority: Monitoring -> Performance Monitoring & KPIs
852,Patricia Hussain (852),Research & Development,Healthcare Representative,0.37,MEDIUM,"Sales Representatives, Wholesale and Manufacturing, Technical and Scientific Products",2,"Microsoft Outlook, Speaking",Priority: Microsoft Outlook -> Effective Email & Calendar Management
854,Arjun Schmidt,Research & Development,Research Scientist,0.842,HIGH,Natural Sciences Managers,2,"Active Listening, Reading Comprehension",Priority: Active Listening -> Active Listening for Managers
855,Olga Campbell,Sales,Sales Executive,0.112,LOW,Sales Managers,1,Critical Thinking,Priority: Critical Thinking -> Structured Problem Solving workshop
856,Brian Hassan,Research & Development,Research Scientist,0.547,MEDIUM,Natural Sciences Managers,4,"Active Listening, Microsoft Excel, Monitoring, Writing",Priority: Microsoft Excel -> Excel for Business Analysis (internal LMS)
857,Sandra Thompson,Sales,Sales Executive,0.178,LOW,Sales Managers,4,"Critical Thinking, Microsoft Excel, Microsoft Outlook, Microsoft PowerPoint",Priority: Microsoft Excel -> Excel for Business Analysis (internal LMS)
859,Diego Ali,Sales,Sales Executive,0.233,LOW,Sales Managers,5,"Critical Thinking, Microsoft Excel, Microsoft Office software, Microsoft Outlook, Speaking",Priority: Microsoft Excel -> Excel for Business Analysis (internal LMS)
861,Zara Baker,Research & Development,Research Scientist,0.383,MEDIUM,Natural Sciences Managers,1,Microsoft PowerPoint,Priority: Microsoft PowerPoint -> Presentation Design Fundamentals
862,Michael Taylor (862),Sales,Sales Executive,0.249,LOW,Sales Managers,2,"Active Listening, Microsoft Excel",Priority: Microsoft Excel -> Excel for Business Analysis (internal LMS)
864,Nancy Torres,Sales,Sales Executive,0.524,MEDIUM,Sales Managers,4,"Active Learning, Active Listening, Microsoft Excel, Speaking",Priority: Microsoft Excel -> Excel for Business Analysis (internal LMS)
865,Stephanie Wang,Research & Development,Research Scientist,0.142,LOW,Natural Sciences Managers,1,Reading Comprehension,Priority: Reading Comprehension -> Business Writing & Comprehension
867,Mateo Ivanova,Research & Development,Manufacturing Director,0.09,LOW,Industrial Production Managers,3,"Microsoft Outlook, Microsoft PowerPoint, Speaking",Priority: Microsoft PowerPoint -> Presentation Design Fundamentals
868,Diego Robinson,Sales,Sales Executive,0.219,LOW,Sales Managers,3,"Microsoft Office software, Microsoft Outlook, Reading Comprehension",Priority: Microsoft Office software -> Microsoft Office Essentials
869,Brian Lewis,Human Resources,Human Resources,0.055,LOW,Human Resources Specialists,3,"Applicant tracking software, Critical Thinking, Writing",Priority: Critical Thinking -> Structured Problem Solving workshop
872,Margaret Hussain (872),Research & Development,Manufacturing Director,0.21,LOW,Industrial Production Managers,1,Learning Strategies,Priority: Learning Strategies -> Instructional Design Basics
874,Ravi Wright (874),Research & Development,Laboratory Technician,0.381,MEDIUM,Chemical Technicians,2,"Microsoft Excel, Monitoring",Priority: Microsoft Excel -> Excel for Business Analysis (internal LMS)
875,Sofia Shah,Research & Development,Research Scientist,0.551,MEDIUM,Natural Sciences Managers,3,"Microsoft Excel, Microsoft Office software, Science",Priority: Microsoft Excel -> Excel for Business Analysis (internal LMS)
878,William Kim,Human Resources,Human Resources,0.27,LOW,Human Resources Specialists,3,"Active Learning, Active Listening, Critical Thinking",Priority: Critical Thinking -> Structured Problem Solving workshop
879,Jonas Wang,Sales,Sales Executive,0.527,MEDIUM,Sales Managers,3,"Critical Thinking, Microsoft Outlook, Microsoft PowerPoint",Priority: Critical Thinking -> Structured Problem Solving workshop
880,Yusuf Williams,Research & Development,Manufacturing Director,0.166,LOW,Industrial Production Managers,4,"Learning Strategies, Microsoft Excel, Monitoring, Reading Comprehension",Priority: Microsoft Excel -> Excel for Business Analysis (internal LMS)
881,Sofia Hill (881),Research & Development,Research Scientist,0.658,HIGH,Natural Sciences Managers,4,"Active Listening, Critical Thinking, Reading Comprehension, Science",Priority: Critical Thinking -> Structured Problem Solving workshop
882,Dmitri Clark,Research & Development,Laboratory Technician,0.031,LOW,Chemical Technicians,2,"Microsoft Office software, Writing",Priority: Microsoft Office software -> Microsoft Office Essentials
885,Diego Gonzalez,Sales,Sales Executive,0.642,HIGH,Sales Managers,1,Critical Thinking,Priority: Critical Thinking -> Structured Problem Solving workshop
887,Sofia Zhang,Research & Development,Research Scientist,0.079,LOW,Natural Sciences Managers,2,"Critical Thinking, Writing",Priority: Critical Thinking -> Structured Problem Solving workshop
888,Nguyen Patel,Research & Development,Laboratory Technician,0.159,LOW,Chemical Technicians,3,"Active Listening, Critical Thinking, Reading Comprehension",Priority: Critical Thinking -> Structured Problem Solving workshop
889,Sarah Hall,Sales,Sales Executive,0.476,MEDIUM,Sales Managers,5,"Microsoft Excel, Microsoft Office software, Microsoft Outlook, Monitoring, Speaking",Priority: Microsoft Excel -> Excel for Business Analysis (internal LMS)
893,Andrew Hernandez,Sales,Sales Representative,0.382,MEDIUM,"Sales Representatives of Services, Except Advertising, Insurance, Financial Services, and Travel",2,"Critical Thinking, Writing",Priority: Critical Thinking -> Structured Problem Solving workshop
894,Matthew Hassan,Research & Development,Laboratory Technician,0.268,LOW,Chemical Technicians,4,"Active Listening, Critical Thinking, Monitoring, Science",Priority: Critical Thinking -> Structured Problem Solving workshop
895,Barbara Young,Research & Development,Research Scientist,0.193,LOW,Natural Sciences Managers,2,"Microsoft PowerPoint, Science",Priority: Microsoft PowerPoint -> Presentation Design Fundamentals
896,Emily Davis,Sales,Sales Representative,0.795,HIGH,"Sales Representatives of Services, Except Advertising, Insurance, Financial Services, and Travel",1,Active Learning,Priority: Active Learning -> Learning How to Learn
897,Donald Gonzalez,Sales,Sales Executive,0.147,LOW,Sales Managers,2,"Active Learning, Critical Thinking",Priority: Critical Thinking -> Structured Problem Solving workshop
899,Klara Farooq,Research & Development,Manufacturing Director,0.453,MEDIUM,Industrial Production Managers,2,"Microsoft Office software, Speaking",Priority: Microsoft Office software -> Microsoft Office Essentials
900,Susan Schmidt,Sales,Sales Representative,0.649,HIGH,"Sales Representatives of Services, Except Advertising, Insurance, Financial Services, and Travel",4,"Active Learning, Active Listening, Critical Thinking, Writing",Priority: Critical Thinking -> Structured Problem Solving workshop
901,Matthew Jones,Research & Development,Research Director,0.01,LOW,Natural Sciences Managers,2,"Monitoring, Writing",Priority: Monitoring -> Performance Monitoring & KPIs
902,Piotr Williams (902),Research & Development,Healthcare Representative,0.085,LOW,"Sales Representatives, Wholesale and Manufacturing, Technical and Scientific Products",4,"Active Learning, Active Listening, Microsoft Office software, Reading Comprehension",Priority: Active Listening -> Active Listening for Managers
903,Jessica Carter (903),Sales,Sales Executive,0.383,MEDIUM,Sales Managers,4,"Active Listening, Critical Thinking, Microsoft Excel, Speaking",Priority: Microsoft Excel -> Excel for Business Analysis (internal LMS)
904,Matthew Mitchell,Sales,Sales Executive,0.732,HIGH,Sales Managers,4,"Active Learning, Microsoft Outlook, Microsoft PowerPoint, Speaking",Priority: Microsoft PowerPoint -> Presentation Design Fundamentals
905,Elizabeth Park,Research & Development,Manager,0.034,LOW,General and Operations Managers,1,Microsoft Excel,Priority: Microsoft Excel -> Excel for Business Analysis (internal LMS)
909,Barbara Martinez,Human Resources,Human Resources,0.066,LOW,Human Resources Specialists,2,"Applicant tracking software, Microsoft Excel",Priority: Microsoft Excel -> Excel for Business Analysis (internal LMS)
910,Barbara Huang (910),Human Resources,Human Resources,0.368,MEDIUM,Human Resources Specialists,4,"Active Learning, Applicant tracking software, Microsoft Excel, Microsoft Outlook",Priority: Microsoft Excel -> Excel for Business Analysis (internal LMS)
911,Elena Robinson (911),Research & Development,Laboratory Technician,0.948,HIGH,Chemical Technicians,3,"Microsoft Excel, Microsoft Office software, Reading Comprehension",Priority: Microsoft Excel -> Excel for Business Analysis (internal LMS)
912,Layla Muller,Research & Development,Laboratory Technician,0.159,LOW,Chemical Technicians,1,Microsoft Office software,Priority: Microsoft Office software -> Microsoft Office Essentials
913,Lee Hassan,Research & Development,Research Scientist,0.81,HIGH,Natural Sciences Managers,4,"Active Listening, Microsoft Excel, Monitoring, Writing",Priority: Microsoft Excel -> Excel for Business Analysis (internal LMS)
916,John Lopez,Sales,Sales Executive,0.539,MEDIUM,Sales Managers,4,"Critical Thinking, Microsoft Office software, Microsoft Outlook, Reading Comprehension",Priority: Critical Thinking -> Structured Problem Solving workshop
918,Elizabeth Rahman,Research & Development,Laboratory Technician,0.871,HIGH,Chemical Technicians,4,"Critical Thinking, Monitoring, Reading Comprehension, Writing",Priority: Critical Thinking -> Structured Problem Solving workshop
920,Elena Choi,Research & Development,Manufacturing Director,0.263,LOW,Industrial Production Managers,3,"Active Listening, Learning Strategies, Speaking",Priority: Active Listening -> Active Listening for Managers
922,Ananya Patel,Sales,Sales Representative,0.628,HIGH,"Sales Representatives of Services, Except Advertising, Insurance, Financial Services, and Travel",3,"Active Listening, Microsoft Excel, Reading Comprehension",Priority: Microsoft Excel -> Excel for Business Analysis (internal LMS)
923,Wei Chen (923),Research & Development,Research Scientist,0.187,LOW,Natural Sciences Managers,1,Science,Priority: Science -> Domain Science Fundamentals (role-specific)
924,Mark Wang (924),Research & Development,Healthcare Representative,0.086,LOW,"Sales Representatives, Wholesale and Manufacturing, Technical and Scientific Products",1,Writing,Priority: Writing -> Business Writing Essentials
925,Jessica Liu,Sales,Sales Representative,0.695,HIGH,"Sales Representatives of Services, Except Advertising, Insurance, Financial Services, and Travel",1,Reading Comprehension,Priority: Reading Comprehension -> Business Writing & Comprehension
926,John Carter (926),Research & Development,Manufacturing Director,0.267,LOW,Industrial Production Managers,3,"Active Listening, Microsoft Excel, Microsoft PowerPoint",Priority: Microsoft Excel -> Excel for Business Analysis (internal LMS)
927,Klara Hill (927),Research & Development,Laboratory Technician,0.762,HIGH,Chemical Technicians,2,"Monitoring, Reading Comprehension",Priority: Reading Comprehension -> Business Writing & Comprehension
930,Zhang Campbell,Research & Development,Research Scientist,0.054,LOW,Natural Sciences Managers,3,"Critical Thinking, Microsoft Office software, Science",Priority: Critical Thinking -> Structured Problem Solving workshop
932,Choi Thompson,Research & Development,Laboratory Technician,0.828,HIGH,Chemical Technicians,1,Microsoft Outlook,Priority: Microsoft Outlook -> Effective Email & Calendar Management
933,Steven Hussain,Research & Development,Research Scientist,0.34,MEDIUM,Natural Sciences Managers,4,"Microsoft Excel, Monitoring, Reading Comprehension, Writing",Priority: Microsoft Excel -> Excel for Business Analysis (internal LMS)
934,Liu Khan (934),Research & Development,Laboratory Technician,0.655,HIGH,Chemical Technicians,3,"Microsoft Office software, Microsoft Outlook, Science",Priority: Microsoft Office software -> Microsoft Office Essentials
936,Liu Ali (936),Sales,Sales Executive,0.441,MEDIUM,Sales Managers,4,"Active Learning, Active Listening, Microsoft Outlook, Monitoring",Priority: Active Listening -> Active Listening for Managers
939,Vikram Novak,Research & Development,Research Scientist,0.622,HIGH,Natural Sciences Managers,1,Microsoft Office software,Priority: Microsoft Office software -> Microsoft Office Essentials
940,Vikram Liu,Research & Development,Healthcare Representative,0.068,LOW,"Sales Representatives, Wholesale and Manufacturing, Technical and Scientific Products",3,"Active Listening, Reading Comprehension, Speaking",Priority: Active Listening -> Active Listening for Managers
941,Donna Walker,Sales,Sales Representative,0.746,HIGH,"Sales Representatives of Services, Except Advertising, Insurance, Financial Services, and Travel",3,"Microsoft Excel, Reading Comprehension, Speaking",Priority: Microsoft Excel -> Excel for Business Analysis (internal LMS)
942,Ananya Hill,Research & Development,Healthcare Representative,0.066,LOW,"Sales Representatives, Wholesale and Manufacturing, Technical and Scientific Products",4,"Reading Comprehension, Salesforce software, Speaking, Writing",Priority: Reading Comprehension -> Business Writing & Comprehension
944,Jessica Patel,Research & Development,Laboratory Technician,0.179,LOW,Chemical Technicians,3,"Critical Thinking, Microsoft Office software, Writing",Priority: Critical Thinking -> Structured Problem Solving workshop
945,Park Zhao,Research & Development,Research Scientist,0.097,LOW,Natural Sciences Managers,3,"Active Listening, Microsoft PowerPoint, Monitoring",Priority: Active Listening -> Active Listening for Managers
947,Ashley Iyer,Sales,Sales Executive,0.063,LOW,Sales Managers,3,"Active Listening, Microsoft Outlook, Microsoft PowerPoint",Priority: Active Listening -> Active Listening for Managers
949,George Miller,Research & Development,Research Scientist,0.083,LOW,Natural Sciences Managers,3,"Active Listening, Monitoring, Reading Comprehension",Priority: Active Listening -> Active Listening for Managers
950,Elizabeth Kowalski,Research & Development,Research Director,0.008,LOW,Natural Sciences Managers,3,"Microsoft Excel, Microsoft Office software, Reading Comprehension",Priority: Microsoft Excel -> Excel for Business Analysis (internal LMS)
951,Ravi Chowdhury,Research & Development,Laboratory Technician,0.18,LOW,Chemical Technicians,2,"Active Listening, Microsoft Excel",Priority: Microsoft Excel -> Excel for Business Analysis (internal LMS)
952,Omar Nguyen,Sales,Sales Representative,0.969,HIGH,"Sales Representatives of Services, Except Advertising, Insurance, Financial Services, and Travel",4,"Microsoft Excel, Microsoft Office software, Speaking, Writing",Priority: Microsoft Excel -> Excel for Business Analysis (internal LMS)
954,Yusuf Rao,Sales,Sales Executive,0.745,HIGH,Sales Managers,3,"Active Learning, Critical Thinking, Speaking",Priority: Critical Thinking -> Structured Problem Solving workshop
956,Ananya Clark,Sales,Sales Executive,0.553,MEDIUM,Sales Managers,3,"Active Learning, Critical Thinking, Monitoring",Priority: Critical Thinking -> Structured Problem Solving workshop
957,Mateo Reddy,Research & Development,Laboratory Technician,0.403,MEDIUM,Chemical Technicians,3,"Microsoft Outlook, Monitoring, Science",Priority: Monitoring -> Performance Monitoring & KPIs
958,Aisha Kumar,Research & Development,Laboratory Technician,0.116,LOW,Chemical Technicians,2,"Active Listening, Reading Comprehension",Priority: Active Listening -> Active Listening for Managers
959,Sarah Malik,Sales,Sales Representative,0.983,HIGH,"Sales Representatives of Services, Except Advertising, Insurance, Financial Services, and Travel",2,"Active Listening, Speaking",Priority: Active Listening -> Active Listening for Managers
960,Layla Khan,Research & Development,Laboratory Technician,0.971,HIGH,Chemical Technicians,4,"Microsoft Office software, Monitoring, Reading Comprehension, Science",Priority: Microsoft Office software -> Microsoft Office Essentials
961,Elena Baker (961),Research & Development,Healthcare Representative,0.313,MEDIUM,"Sales Representatives, Wholesale and Manufacturing, Technical and Scientific Products",3,"Microsoft Excel, Reading Comprehension, Writing",Priority: Microsoft Excel -> Excel for Business Analysis (internal LMS)
964,Michelle Moreau,Research & Development,Research Scientist,0.76,HIGH,Natural Sciences Managers,3,"Microsoft Excel, Reading Comprehension, Writing",Priority: Microsoft Excel -> Excel for Business Analysis (internal LMS)
966,Hassan Anderson,Research & Development,Manufacturing Director,0.176,LOW,Industrial Production Managers,4,"Learning Strategies, Microsoft Excel, Microsoft Office software, Speaking",Priority: Microsoft Excel -> Excel for Business Analysis (internal LMS)
967,Deborah Khan (967),Sales,Sales Executive,0.466,MEDIUM,Sales Managers,3,"Critical Thinking, Microsoft Outlook, Microsoft PowerPoint",Priority: Critical Thinking -> Structured Problem Solving workshop
969,Nancy Harris,Research & Development,Healthcare Representative,0.097,LOW,"Sales Representatives, Wholesale and Manufacturing, Technical and Scientific Products",2,"Microsoft Excel, Microsoft Outlook",Priority: Microsoft Excel -> Excel for Business Analysis (internal LMS)
970,Mateo Ibrahim,Sales,Sales Executive,0.934,HIGH,Sales Managers,1,Active Learning,Priority: Active Learning -> Learning How to Learn
972,Elizabeth Anderson,Research & Development,Laboratory Technician,0.071,LOW,Chemical Technicians,2,"Microsoft Office software, Science",Priority: Microsoft Office software -> Microsoft Office Essentials
974,Carol Carter,Sales,Sales Representative,0.55,MEDIUM,"Sales Representatives of Services, Except Advertising, Insurance, Financial Services, and Travel",2,"Active Listening, Writing",Priority: Active Listening -> Active Listening for Managers
975,Matthew Torres,Sales,Sales Executive,0.336,MEDIUM,Sales Managers,4,"Active Learning, Critical Thinking, Microsoft Office software, Speaking",Priority: Critical Thinking -> Structured Problem Solving workshop
976,Richard Singh (976),Research & Development,Manager,0.012,LOW,General and Operations Managers,2,"Active Listening, Microsoft Excel",Priority: Microsoft Excel -> Excel for Business Analysis (internal LMS)
977,Thomas Rao,Research & Development,Research Scientist,0.24,LOW,Natural Sciences Managers,2,"Reading Comprehension, Science",Priority: Reading Comprehension -> Business Writing & Comprehension
981,Susan Kim,Sales,Manager,0.141,LOW,General and Operations Managers,3,"Active Listening, Critical Thinking, Microsoft Excel",Priority: Microsoft Excel -> Excel for Business Analysis (internal LMS)
982,John Ramirez,Sales,Sales Executive,0.418,MEDIUM,Sales Managers,3,"Critical Thinking, Microsoft Office software, Speaking",Priority: Critical Thinking -> Structured Problem Solving workshop
983,Richard Liu,Sales,Sales Executive,0.61,HIGH,Sales Managers,3,"Active Learning, Microsoft PowerPoint, Reading Comprehension",Priority: Reading Comprehension -> Business Writing & Comprehension
984,Donna Iyer,Sales,Sales Executive,0.065,LOW,Sales Managers,4,"Active Listening, Critical Thinking, Microsoft Office software, Speaking",Priority: Critical Thinking -> Structured Problem Solving workshop
985,Anna Miller,Sales,Sales Executive,0.1,LOW,Sales Managers,4,"Microsoft Excel, Microsoft PowerPoint, Monitoring, Reading Comprehension",Priority: Microsoft Excel -> Excel for Business Analysis (internal LMS)
986,Diego Walker,Sales,Sales Executive,0.607,HIGH,Sales Managers,5,"Microsoft Excel, Microsoft Office software, Monitoring, Reading Comprehension, Speaking",Priority: Microsoft Excel -> Excel for Business Analysis (internal LMS)
987,Klara Hill (987),Research & Development,Manufacturing Director,0.043,LOW,Industrial Production Managers,2,"Active Listening, Microsoft Office software",Priority: Active Listening -> Active Listening for Managers
990,Hassan Jones,Sales,Sales Executive,0.024,LOW,Sales Managers,5,"Active Listening, Critical Thinking, Microsoft Excel, Microsoft Office software, Microsoft Outlook",Priority: Microsoft Excel -> Excel for Business Analysis (internal LMS)
991,Andrew Garcia,Research & Development,Research Scientist,0.702,HIGH,Natural Sciences Managers,2,"Microsoft PowerPoint, Reading Comprehension",Priority: Reading Comprehension -> Business Writing & Comprehension
992,Sergei Mitchell,Sales,Manager,0.28,LOW,General and Operations Managers,2,"Critical Thinking, Speaking",Priority: Critical Thinking -> Structured Problem Solving workshop
994,Choi Robinson,Research & Development,Research Scientist,0.838,HIGH,Natural Sciences Managers,3,"Active Listening, Critical Thinking, Microsoft PowerPoint",Priority: Critical Thinking -> Structured Problem Solving workshop
995,Mary Campbell,Research & Development,Research Scientist,0.175,LOW,Natural Sciences Managers,4,"Microsoft Excel, Reading Comprehension, Science, Writing",Priority: Microsoft Excel -> Excel for Business Analysis (internal LMS)
996,Patricia Schmidt,Research & Development,Laboratory Technician,0.023,LOW,Chemical Technicians,4,"Active Listening, Microsoft Excel, Monitoring, Science",Priority: Microsoft Excel -> Excel for Business Analysis (internal LMS)
997,Robert Chen,Research & Development,Research Director,0.004,LOW,Natural Sciences Managers,3,"Active Listening, Microsoft Office software, Writing",Priority: Active Listening -> Active Listening for Managers
998,Tran Farooq,Research & Development,Healthcare Representative,0.288,LOW,"Sales Representatives, Wholesale and Manufacturing, Technical and Scientific Products",2,"Microsoft Excel, Microsoft Office software",Priority: Microsoft Excel -> Excel for Business Analysis (internal LMS)
999,Park Hall,Research & Development,Research Director,0.012,LOW,Natural Sciences Managers,2,"Active Listening, Microsoft PowerPoint",Priority: Active Listening -> Active Listening for Managers
1001,Sergei Petrov,Research & Development,Laboratory Technician,0.826,HIGH,Chemical Technicians,2,"Microsoft Office software, Monitoring",Priority: Microsoft Office software -> Microsoft Office Essentials
1002,Paul Martinez,Research & Development,Laboratory Technician,0.382,MEDIUM,Chemical Technicians,3,"Microsoft Office software, Reading Comprehension, Science",Priority: Microsoft Office software -> Microsoft Office Essentials
1003,George Martinez,Sales,Sales Executive,0.226,LOW,Sales Managers,4,"Active Learning, Microsoft Outlook, Reading Comprehension, Speaking",Priority: Reading Comprehension -> Business Writing & Comprehension
1004,Jennifer Liu,Research & Development,Research Scientist,0.904,HIGH,Natural Sciences Managers,4,"Active Listening, Critical Thinking, Microsoft PowerPoint, Monitoring",Priority: Critical Thinking -> Structured Problem Solving workshop
1005,Marta King,Research & Development,Manufacturing Director,0.122,LOW,Industrial Production Managers,5,"Critical Thinking, Microsoft Office software, Microsoft Outlook, Reading Comprehension, Speaking",Priority: Critical Thinking -> Structured Problem Solving workshop
1006,Susan Patel,Research & Development,Research Scientist,0.095,LOW,Natural Sciences Managers,3,"Microsoft Excel, Reading Comprehension, Writing",Priority: Microsoft Excel -> Excel for Business Analysis (internal LMS)
1007,Layla Torres,Research & Development,Manufacturing Director,0.046,LOW,Industrial Production Managers,5,"Critical Thinking, Microsoft Excel, Microsoft PowerPoint, Monitoring, Reading Comprehension",Priority: Microsoft Excel -> Excel for Business Analysis (internal LMS)
1009,Anthony Allen (1009),Research & Development,Manufacturing Director,0.072,LOW,Industrial Production Managers,5,"Active Listening, Critical Thinking, Learning Strategies, Microsoft Outlook, Microsoft PowerPoint",Priority: Critical Thinking -> Structured Problem Solving workshop
1010,Nancy Gonzalez,Research & Development,Laboratory Technician,0.678,HIGH,Chemical Technicians,4,"Active Listening, Microsoft Excel, Microsoft Outlook, Reading Comprehension",Priority: Microsoft Excel -> Excel for Business Analysis (internal LMS)
1011,Arjun Chowdhury,Research & Development,Manufacturing Director,0.173,LOW,Industrial Production Managers,4,"Active Listening, Microsoft Office software, Microsoft Outlook, Monitoring",Priority: Active Listening -> Active Listening for Managers
1012,Lee Huang (1012),Research & Development,Research Scientist,0.153,LOW,Natural Sciences Managers,3,"Active Listening, Microsoft Excel, Monitoring",Priority: Microsoft Excel -> Excel for Business Analysis (internal LMS)
1013,Chen Wilson,Research & Development,Manufacturing Director,0.082,LOW,Industrial Production Managers,2,"Microsoft PowerPoint, Monitoring",Priority: Monitoring -> Performance Monitoring & KPIs
1014,Ravi Miller,Research & Development,Healthcare Representative,0.593,MEDIUM,"Sales Representatives, Wholesale and Manufacturing, Technical and Scientific Products",3,"Active Learning, Speaking, Writing",Priority: Writing -> Business Writing Essentials
1015,Hassan Novak (1015),Research & Development,Research Director,0.058,LOW,Natural Sciences Managers,3,"Microsoft Excel, Microsoft PowerPoint, Writing",Priority: Microsoft Excel -> Excel for Business Analysis (internal LMS)
1016,Neha Novak,Research & Development,Research Scientist,0.919,HIGH,Natural Sciences Managers,4,"Critical Thinking, Microsoft Excel, Reading Comprehension, Writing",Priority: Microsoft Excel -> Excel for Business Analysis (internal LMS)
1017,Steven Torres,Research & Development,Laboratory Technician,0.765,HIGH,Chemical Technicians,1,Critical Thinking,Priority: Critical Thinking -> Structured Problem Solving workshop
1018,Wei Kumar (1018),Research & Development,Manufacturing Director,0.041,LOW,Industrial Production Managers,3,"Active Listening, Critical Thinking, Reading Comprehension",Priority: Critical Thinking -> Structured Problem Solving workshop
1019,Priya Patel,Research & Development,Laboratory Technician,0.915,HIGH,Chemical Technicians,4,"Active Listening, Critical Thinking, Microsoft Excel, Microsoft Outlook",Priority: Microsoft Excel -> Excel for Business Analysis (internal LMS)
1022,Tran Muller,Research & Development,Healthcare Representative,0.094,LOW,"Sales Representatives, Wholesale and Manufacturing, Technical and Scientific Products",5,"Active Learning, Active Listening, Microsoft Office software, Microsoft Outlook, Salesforce software",Priority: Active Listening -> Active Listening for Managers
1024,Ivan Jones,Research & Development,Healthcare Representative,0.082,LOW,"Sales Representatives, Wholesale and Manufacturing, Technical and Scientific Products",4,"Active Learning, Critical Thinking, Microsoft Office software, Salesforce software",Priority: Critical Thinking -> Structured Problem Solving workshop
1025,Linda Reddy,Research & Development,Manufacturing Director,0.186,LOW,Industrial Production Managers,2,"Learning Strategies, Reading Comprehension",Priority: Reading Comprehension -> Business Writing & Comprehension
1026,Marta Johnson,Research & Development,Manufacturing Director,0.068,LOW,Industrial Production Managers,4,"Active Listening, Microsoft Outlook, Microsoft PowerPoint, Monitoring",Priority: Active Listening -> Active Listening for Managers
1027,Amanda Hussain,Research & Development,Manufacturing Director,0.078,LOW,Industrial Production Managers,5,"Active Listening, Critical Thinking, Microsoft Excel, Microsoft Outlook, Monitoring",Priority: Microsoft Excel -> Excel for Business Analysis (internal LMS)
1028,Sandra Sanchez,Research & Development,Laboratory Technician,0.196,LOW,Chemical Technicians,2,"Monitoring, Science",Priority: Monitoring -> Performance Monitoring & KPIs
1029,Mei Taylor,Sales,Manager,0.201,LOW,General and Operations Managers,1,Microsoft Office software,Priority: Microsoft Office software -> Microsoft Office Essentials
1030,Kevin Dubois,Research & Development,Laboratory Technician,0.376,MEDIUM,Chemical Technicians,4,"Active Listening, Microsoft Outlook, Reading Comprehension, Writing",Priority: Active Listening -> Active Listening for Managers
1032,Elena Anderson (1032),Research & Development,Manufacturing Director,0.3,MEDIUM,Industrial Production Managers,1,Monitoring,Priority: Monitoring -> Performance Monitoring & KPIs
1033,Tran Dubois,Research & Development,Healthcare Representative,0.658,HIGH,"Sales Representatives, Wholesale and Manufacturing, Technical and Scientific Products",2,"Microsoft Excel, Writing",Priority: Microsoft Excel -> Excel for Business Analysis (internal LMS)
1034,Christopher Jones,Research & Development,Healthcare Representative,0.305,MEDIUM,"Sales Representatives, Wholesale and Manufacturing, Technical and Scientific Products",1,Microsoft Outlook,Priority: Microsoft Outlook -> Effective Email & Calendar Management
1035,Donald Garcia,Research & Development,Research Director,0.004,LOW,Natural Sciences Managers,3,"Active Listening, Monitoring, Science",Priority: Active Listening -> Active Listening for Managers
1036,Barbara Farooq,Sales,Sales Executive,0.86,HIGH,Sales Managers,4,"Active Learning, Microsoft Excel, Microsoft Office software, Microsoft Outlook",Priority: Microsoft Excel -> Excel for Business Analysis (internal LMS)
1037,Omar Nelson,Sales,Sales Executive,0.79,HIGH,Sales Managers,4,"Active Learning, Critical Thinking, Microsoft Excel, Speaking",Priority: Microsoft Excel -> Excel for Business Analysis (internal LMS)
1038,Karen Huang (1038),Sales,Manager,0.045,LOW,General and Operations Managers,3,"Microsoft Excel, Microsoft Office software, Microsoft PowerPoint",Priority: Microsoft Excel -> Excel for Business Analysis (internal LMS)
1039,Melissa Roberts,Sales,Sales Executive,0.305,MEDIUM,Sales Managers,2,"Active Learning, Critical Thinking",Priority: Critical Thinking -> Structured Problem Solving workshop
1040,Melissa Thompson,Sales,Sales Executive,0.004,LOW,Sales Managers,2,"Microsoft Office software, Microsoft PowerPoint",Priority: Microsoft Office software -> Microsoft Office Essentials
1042,Jessica Carter (1042),Research & Development,Laboratory Technician,0.442,MEDIUM,Chemical Technicians,3,"Microsoft Office software, Microsoft Outlook, Reading Comprehension",Priority: Microsoft Office software -> Microsoft Office Essentials
1043,Nguyen Wilson,Research & Development,Manufacturing Director,0.625,HIGH,Industrial Production Managers,4,"Active Listening, Learning Strategies, Microsoft Excel, Monitoring",Priority: Microsoft Excel -> Excel for Business Analysis (internal LMS)
1044,Tran Iyer,Sales,Sales Representative,0.165,LOW,"Sales Representatives of Services, Except Advertising, Insurance, Financial Services, and Travel",4,"Active Listening, Critical Thinking, Microsoft Office software, Reading Comprehension",Priority: Critical Thinking -> Structured Problem Solving workshop
1045,Charles Martinez,Sales,Manager,0.014,LOW,General and Operations Managers,1,Critical Thinking,Priority: Critical Thinking -> Structured Problem Solving workshop
1046,Ashley Torres,Research & Development,Laboratory Technician,0.627,HIGH,Chemical Technicians,4,"Critical Thinking, Microsoft Office software, Microsoft Outlook, Science",Priority: Critical Thinking -> Structured Problem Solving workshop
1047,Ali Torres,Sales,Sales Executive,0.053,LOW,Sales Managers,3,"Microsoft Outlook, Reading Comprehension, Speaking",Priority: Reading Comprehension -> Business Writing & Comprehension
1048,Susan Liu,Sales,Manager,0.332,MEDIUM,General and Operations Managers,2,"Critical Thinking, Microsoft Office software",Priority: Critical Thinking -> Structured Problem Solving workshop
1049,Steven Martinez,Human Resources,Human Resources,0.509,MEDIUM,Human Resources Specialists,4,"Active Learning, Microsoft Outlook, Reading Comprehension, Speaking",Priority: Reading Comprehension -> Business Writing & Comprehension
1050,Wang Nelson,Sales,Sales Executive,0.255,LOW,Sales Managers,3,"Microsoft Outlook, Microsoft PowerPoint, Reading Comprehension",Priority: Reading Comprehension -> Business Writing & Comprehension
1052,Linda Ahmed,Research & Development,Laboratory Technician,0.761,HIGH,Chemical Technicians,3,"Active Listening, Monitoring, Science",Priority: Active Listening -> Active Listening for Managers
1053,Donald Mitchell,Research & Development,Research Scientist,0.942,HIGH,Natural Sciences Managers,1,Microsoft PowerPoint,Priority: Microsoft PowerPoint -> Presentation Design Fundamentals
1055,Aisha Lopez (1055),Sales,Sales Representative,0.758,HIGH,"Sales Representatives of Services, Except Advertising, Insurance, Financial Services, and Travel",2,"Reading Comprehension, Salesforce software",Priority: Reading Comprehension -> Business Writing & Comprehension
1056,Matthew Rodriguez,Sales,Sales Representative,0.665,HIGH,"Sales Representatives of Services, Except Advertising, Insurance, Financial Services, and Travel",1,Writing,Priority: Writing -> Business Writing Essentials
1060,Hiro Harris,Research & Development,Research Scientist,0.049,LOW,Natural Sciences Managers,1,Microsoft Office software,Priority: Microsoft Office software -> Microsoft Office Essentials
1061,Amit Iyer,Research & Development,Research Director,0.09,LOW,Natural Sciences Managers,2,"Critical Thinking, Monitoring",Priority: Critical Thinking -> Structured Problem Solving workshop
1062,Kevin Farooq,Research & Development,Healthcare Representative,0.132,LOW,"Sales Representatives, Wholesale and Manufacturing, Technical and Scientific Products",2,"Active Listening, Critical Thinking",Priority: Critical Thinking -> Structured Problem Solving workshop
1066,Ali Zhao,Sales,Sales Executive,0.718,HIGH,Sales Managers,3,"Critical Thinking, Microsoft Excel, Microsoft Office software",Priority: Microsoft Excel -> Excel for Business Analysis (internal LMS)
1068,Arjun Ferrari,Research & Development,Research Scientist,0.138,LOW,Natural Sciences Managers,2,"Microsoft Office software, Science",Priority: Microsoft Office software -> Microsoft Office Essentials
1069,Anthony Hassan (1069),Research & Development,Research Director,0.007,LOW,Natural Sciences Managers,1,Microsoft Excel,Priority: Microsoft Excel -> Excel for Business Analysis (internal LMS)
1070,Liu Brown,Sales,Sales Executive,0.53,MEDIUM,Sales Managers,4,"Active Listening, Critical Thinking, Microsoft Office software, Reading Comprehension",Priority: Critical Thinking -> Structured Problem Solving workshop
1071,Ali Park,Research & Development,Research Scientist,0.023,LOW,Natural Sciences Managers,4,"Critical Thinking, Microsoft Excel, Microsoft Office software, Monitoring",Priority: Microsoft Excel -> Excel for Business Analysis (internal LMS)
1073,Joseph Nelson,Research & Development,Manufacturing Director,0.232,LOW,Industrial Production Managers,4,"Microsoft Outlook, Monitoring, Reading Comprehension, Speaking",Priority: Reading Comprehension -> Business Writing & Comprehension
1074,Barbara Allen,Research & Development,Manager,0.162,LOW,General and Operations Managers,1,Microsoft Excel,Priority: Microsoft Excel -> Excel for Business Analysis (internal LMS)
1076,Sergei Hussain,Sales,Sales Executive,0.268,LOW,Sales Managers,4,"Critical Thinking, Microsoft PowerPoint, Monitoring, Speaking",Priority: Critical Thinking -> Structured Problem Solving workshop
1077,Daniel Allen,Sales,Sales Representative,0.889,HIGH,"Sales Representatives of Services, Except Advertising, Insurance, Financial Services, and Travel",1,Active Learning,Priority: Active Learning -> Learning How to Learn
1079,John Kumar,Research & Development,Laboratory Technician,0.923,HIGH,Chemical Technicians,1,Writing,Priority: Writing -> Business Writing Essentials
1080,Klara Hall,Research & Development,Research Scientist,0.205,LOW,Natural Sciences Managers,1,Science,Priority: Science -> Domain Science Fundamentals (role-specific)
1081,Thomas Williams,Research & Development,Research Scientist,0.341,MEDIUM,Natural Sciences Managers,3,"Reading Comprehension, Science, Writing",Priority: Reading Comprehension -> Business Writing & Comprehension
1082,Nguyen Martinez,Research & Development,Healthcare Representative,0.506,MEDIUM,"Sales Representatives, Wholesale and Manufacturing, Technical and Scientific Products",2,"Active Learning, Salesforce software",Priority: Active Learning -> Learning How to Learn
1083,Olga Torres,Research & Development,Laboratory Technician,0.743,HIGH,Chemical Technicians,3,"Critical Thinking, Monitoring, Reading Comprehension",Priority: Critical Thinking -> Structured Problem Solving workshop
1084,Elizabeth Reddy,Research & Development,Manufacturing Director,0.163,LOW,Industrial Production Managers,2,"Critical Thinking, Reading Comprehension",Priority: Critical Thinking -> Structured Problem Solving workshop
1085,Charles Thompson,Research & Development,Research Scientist,0.046,LOW,Natural Sciences Managers,1,Active Listening,Priority: Active Listening -> Active Listening for Managers
1088,Mark Dubois,Research & Development,Healthcare Representative,0.034,LOW,"Sales Representatives, Wholesale and Manufacturing, Technical and Scientific Products",3,"Critical Thinking, Microsoft Outlook, Writing",Priority: Critical Thinking -> Structured Problem Solving workshop
1092,Emily Hassan,Research & Development,Healthcare Representative,0.394,MEDIUM,"Sales Representatives, Wholesale and Manufacturing, Technical and Scientific Products",5,"Active Listening, Critical Thinking, Microsoft Excel, Microsoft Outlook, Speaking",Priority: Microsoft Excel -> Excel for Business Analysis (internal LMS)
1094,Anthony Novak,Research & Development,Laboratory Technician,0.119,LOW,Chemical Technicians,2,"Microsoft Outlook, Monitoring",Priority: Monitoring -> Performance Monitoring & KPIs
1096,Noor Scott,Research & Development,Manufacturing Director,0.023,LOW,Industrial Production Managers,1,Reading Comprehension,Priority: Reading Comprehension -> Business Writing & Comprehension
1097,Ashley Wilson,Research & Development,Research Scientist,0.035,LOW,Natural Sciences Managers,3,"Microsoft Office software, Microsoft PowerPoint, Writing",Priority: Microsoft Office software -> Microsoft Office Essentials
1098,Jonas Iyer (1098),Human Resources,Human Resources,0.509,MEDIUM,Human Resources Specialists,3,"Active Learning, Critical Thinking, Microsoft Office software",Priority: Critical Thinking -> Structured Problem Solving workshop
1099,Marta Choi,Research & Development,Healthcare Representative,0.052,LOW,"Sales Representatives, Wholesale and Manufacturing, Technical and Scientific Products",5,"Active Listening, Microsoft Office software, Microsoft Outlook, Reading Comprehension, Speaking",Priority: Active Listening -> Active Listening for Managers
1100,Betty Sanchez,Sales,Sales Executive,0.83,HIGH,Sales Managers,4,"Microsoft Excel, Microsoft Office software, Microsoft Outlook, Microsoft PowerPoint",Priority: Microsoft Excel -> Excel for Business Analysis (internal LMS)
1101,Pooja Shah,Research & Development,Research Scientist,0.571,MEDIUM,Natural Sciences Managers,1,Active Listening,Priority: Active Listening -> Active Listening for Managers
1102,Mei Carter (1102),Research & Development,Laboratory Technician,0.441,MEDIUM,Chemical Technicians,3,"Active Listening, Microsoft Excel, Microsoft Outlook",Priority: Microsoft Excel -> Excel for Business Analysis (internal LMS)
1103,Zara Mitchell,Research & Development,Healthcare Representative,0.253,LOW,"Sales Representatives, Wholesale and Manufacturing, Technical and Scientific Products",4,"Critical Thinking, Microsoft Excel, Reading Comprehension, Salesforce software",Priority: Microsoft Excel -> Excel for Business Analysis (internal LMS)
1105,Steven Rao,Sales,Sales Executive,0.213,LOW,Sales Managers,2,"Microsoft Excel, Reading Comprehension",Priority: Microsoft Excel -> Excel for Business Analysis (internal LMS)
1106,Stephanie Liu (1106),Research & Development,Laboratory Technician,0.48,MEDIUM,Chemical Technicians,2,"Science, Writing",Priority: Writing -> Business Writing Essentials
1107,Michelle Ivanova,Research & Development,Laboratory Technician,0.838,HIGH,Chemical Technicians,2,"Monitoring, Science",Priority: Monitoring -> Performance Monitoring & KPIs
1108,Timothy Scott,Research & Development,Research Scientist,0.95,HIGH,Natural Sciences Managers,3,"Active Listening, Microsoft PowerPoint, Writing",Priority: Active Listening -> Active Listening for Managers
1109,Ananya Rivera (1109),Research & Development,Manager,0.101,LOW,General and Operations Managers,3,"Microsoft Office software, Microsoft PowerPoint, Reading Comprehension",Priority: Microsoft Office software -> Microsoft Office Essentials
1111,Nguyen Smith,Research & Development,Laboratory Technician,0.875,HIGH,Chemical Technicians,1,Science,Priority: Science -> Domain Science Fundamentals (role-specific)
1113,Fatima Wang (1113),Sales,Sales Executive,0.526,MEDIUM,Sales Managers,1,Critical Thinking,Priority: Critical Thinking -> Structured Problem Solving workshop
1114,Sergei Hassan,Sales,Sales Executive,0.115,LOW,Sales Managers,4,"Active Listening, Critical Thinking, Monitoring, Speaking",Priority: Critical Thinking -> Structured Problem Solving workshop
1115,Tariq Chen,Research & Development,Research Scientist,0.022,LOW,Natural Sciences Managers,4,"Microsoft Excel, Monitoring, Science, Writing",Priority: Microsoft Excel -> Excel for Business Analysis (internal LMS)
1116,Kim Ramirez,Research & Development,Manager,0.023,LOW,General and Operations Managers,1,Active Learning,Priority: Active Learning -> Learning How to Learn
1117,Omar Wang,Sales,Sales Executive,0.019,LOW,Sales Managers,2,"Active Learning, Speaking",Priority: Speaking -> Public Speaking & Presentation Skills
1118,Karen Rossi,Research & Development,Healthcare Representative,0.251,LOW,"Sales Representatives, Wholesale and Manufacturing, Technical and Scientific Products",3,"Active Listening, Critical Thinking, Microsoft Excel",Priority: Microsoft Excel -> Excel for Business Analysis (internal LMS)
1119,Linda Huang,Sales,Sales Executive,0.454,MEDIUM,Sales Managers,2,"Microsoft Excel, Microsoft Outlook",Priority: Microsoft Excel -> Excel for Business Analysis (internal LMS)
1120,Hiro Lewis,Research & Development,Research Scientist,0.046,LOW,Natural Sciences Managers,3,"Microsoft Office software, Microsoft PowerPoint, Science",Priority: Microsoft Office software -> Microsoft Office Essentials
1121,Hassan Novak (1121),Research & Development,Manufacturing Director,0.015,LOW,Industrial Production Managers,4,"Learning Strategies, Monitoring, Reading Comprehension, Speaking",Priority: Reading Comprehension -> Business Writing & Comprehension
1124,Andrew Robinson,Sales,Manager,0.105,LOW,General and Operations Managers,4,"Active Learning, Active Listening, Critical Thinking, Monitoring",Priority: Critical Thinking -> Structured Problem Solving workshop
1125,Vikram Thomas,Sales,Sales Executive,0.778,HIGH,Sales Managers,1,Active Learning,Priority: Active Learning -> Learning How to Learn
1126,Aisha Malik,Research & Development,Manufacturing Director,0.587,MEDIUM,Industrial Production Managers,4,"Microsoft Excel, Microsoft Outlook, Monitoring, Speaking",Priority: Microsoft Excel -> Excel for Business Analysis (internal LMS)
1127,Dmitri Shah,Research & Development,Healthcare Representative,0.388,MEDIUM,"Sales Representatives, Wholesale and Manufacturing, Technical and Scientific Products",2,"Active Learning, Microsoft Office software",Priority: Microsoft Office software -> Microsoft Office Essentials
1128,Piotr Lopez,Research & Development,Research Director,0.07,LOW,Natural Sciences Managers,1,Critical Thinking,Priority: Critical Thinking -> Structured Problem Solving workshop
1131,Stephanie Perez (1131),Research & Development,Research Scientist,0.546,MEDIUM,Natural Sciences Managers,2,"Microsoft PowerPoint, Reading Comprehension",Priority: Reading Comprehension -> Business Writing & Comprehension
1132,Stephanie Moreau,Research & Development,Laboratory Technician,0.664,HIGH,Chemical Technicians,4,"Critical Thinking, Microsoft Office software, Microsoft Outlook, Writing",Priority: Critical Thinking -> Structured Problem Solving workshop
1133,Emily Lopez,Research & Development,Manufacturing Director,0.069,LOW,Industrial Production Managers,3,"Critical Thinking, Microsoft Office software, Monitoring",Priority: Critical Thinking -> Structured Problem Solving workshop
1135,Ravi Hall,Sales,Sales Representative,0.454,MEDIUM,"Sales Representatives of Services, Except Advertising, Insurance, Financial Services, and Travel",2,"Microsoft Excel, Writing",Priority: Microsoft Excel -> Excel for Business Analysis (internal LMS)
1136,Elena Siddiqui,Research & Development,Research Scientist,0.27,LOW,Natural Sciences Managers,1,Microsoft Excel,Priority: Microsoft Excel -> Excel for Business Analysis (internal LMS)
1137,Mark Siddiqui,Sales,Sales Executive,0.146,LOW,Sales Managers,4,"Active Listening, Microsoft Outlook, Monitoring, Speaking",Priority: Active Listening -> Active Listening for Managers
1138,William Miller,Sales,Sales Executive,0.503,MEDIUM,Sales Managers,3,"Microsoft Office software, Microsoft Outlook, Speaking",Priority: Microsoft Office software -> Microsoft Office Essentials
1140,Mateo Choi,Research & Development,Manufacturing Director,0.168,LOW,Industrial Production Managers,4,"Microsoft Excel, Microsoft PowerPoint, Monitoring, Reading Comprehension",Priority: Microsoft Excel -> Excel for Business Analysis (internal LMS)
1143,Nancy Chowdhury,Research & Development,Research Scientist,0.08,LOW,Natural Sciences Managers,1,Writing,Priority: Writing -> Business Writing Essentials
1148,Nancy Ivanova,Research & Development,Laboratory Technician,0.905,HIGH,Chemical Technicians,1,Microsoft Excel,Priority: Microsoft Excel -> Excel for Business Analysis (internal LMS)
1150,Marta Allen,Research & Development,Manufacturing Director,0.536,MEDIUM,Industrial Production Managers,3,"Critical Thinking, Microsoft Office software, Speaking",Priority: Critical Thinking -> Structured Problem Solving workshop
1152,James Lewis,Human Resources,Human Resources,0.279,LOW,Human Resources Specialists,4,"Critical Thinking, Microsoft Office software, Microsoft Outlook, Writing",Priority: Critical Thinking -> Structured Problem Solving workshop
1154,Camila Mitchell,Research & Development,Research Scientist,0.507,MEDIUM,Natural Sciences Managers,3,"Microsoft PowerPoint, Monitoring, Reading Comprehension",Priority: Reading Comprehension -> Business Writing & Comprehension
1156,Zara Garcia,Research & Development,Laboratory Technician,0.554,MEDIUM,Chemical Technicians,2,"Microsoft Office software, Monitoring",Priority: Microsoft Office software -> Microsoft Office Essentials
1157,Deborah Jackson (1157),Sales,Sales Executive,0.911,HIGH,Sales Managers,2,"Microsoft Outlook, Microsoft PowerPoint",Priority: Microsoft PowerPoint -> Presentation Design Fundamentals
1158,Donald Hussain,Research & Development,Laboratory Technician,0.879,HIGH,Chemical Technicians,4,"Critical Thinking, Reading Comprehension, Science, Writing",Priority: Critical Thinking -> Structured Problem Solving workshop
1160,Priya Shah,Research & Development,Laboratory Technician,0.492,MEDIUM,Chemical Technicians,4,"Critical Thinking, Microsoft Outlook, Science, Writing",Priority: Critical Thinking -> Structured Problem Solving workshop
1161,Mark Robinson,Research & Development,Healthcare Representative,0.176,LOW,"Sales Representatives, Wholesale and Manufacturing, Technical and Scientific Products",2,"Critical Thinking, Microsoft Outlook",Priority: Critical Thinking -> Structured Problem Solving workshop
1162,Ling Thomas,Research & Development,Research Scientist,0.227,LOW,Natural Sciences Managers,3,"Microsoft Office software, Reading Comprehension, Writing",Priority: Microsoft Office software -> Microsoft Office Essentials
1163,Omar Miller,Sales,Sales Executive,0.248,LOW,Sales Managers,4,"Active Listening, Critical Thinking, Microsoft Outlook, Microsoft PowerPoint",Priority: Critical Thinking -> Structured Problem Solving workshop
1164,Stephanie Perez (1164),Human Resources,Human Resources,0.449,MEDIUM,Human Resources Specialists,2,"Applicant tracking software, Microsoft Outlook",Priority: Microsoft Outlook -> Effective Email & Calendar Management
1165,Jessica Siddiqui,Sales,Sales Executive,0.597,MEDIUM,Sales Managers,2,"Microsoft Excel, Microsoft Outlook",Priority: Microsoft Excel -> Excel for Business Analysis (internal LMS)
1166,Amanda Hill,Research & Development,Research Director,0.118,LOW,Natural Sciences Managers,1,Monitoring,Priority: Monitoring -> Performance Monitoring & KPIs
1167,Lee Petrov,Sales,Sales Executive,0.977,HIGH,Sales Managers,2,"Microsoft Excel, Microsoft PowerPoint",Priority: Microsoft Excel -> Excel for Business Analysis (internal LMS)
1171,Marta Patel,Sales,Sales Executive,0.572,MEDIUM,Sales Managers,2,"Microsoft Office software, Speaking",Priority: Microsoft Office software -> Microsoft Office Essentials
1172,Margaret Baker,Research & Development,Laboratory Technician,0.352,MEDIUM,Chemical Technicians,1,Reading Comprehension,Priority: Reading Comprehension -> Business Writing & Comprehension
1173,Olga Liu,Research & Development,Laboratory Technician,0.871,HIGH,Chemical Technicians,2,"Microsoft Excel, Writing",Priority: Microsoft Excel -> Excel for Business Analysis (internal LMS)
1175,David Clark,Research & Development,Laboratory Technician,0.765,HIGH,Chemical Technicians,2,"Science, Writing",Priority: Writing -> Business Writing Essentials
1177,Wang Malik,Research & Development,Laboratory Technician,0.09,LOW,Chemical Technicians,4,"Active Listening, Microsoft Excel, Microsoft Office software, Writing",Priority: Microsoft Excel -> Excel for Business Analysis (internal LMS)
1179,Hassan Rossi (1179),Sales,Sales Executive,0.278,LOW,Sales Managers,4,"Active Learning, Microsoft Office software, Microsoft Outlook, Microsoft PowerPoint",Priority: Microsoft Office software -> Microsoft Office Essentials
1180,Diego Khan,Research & Development,Research Scientist,0.73,HIGH,Natural Sciences Managers,2,"Microsoft Office software, Monitoring",Priority: Microsoft Office software -> Microsoft Office Essentials
1182,Yuki Lee,Research & Development,Manufacturing Director,0.097,LOW,Industrial Production Managers,2,"Microsoft Office software, Speaking",Priority: Microsoft Office software -> Microsoft Office Essentials
1184,Zhang Nelson (1184),Research & Development,Healthcare Representative,0.127,LOW,"Sales Representatives, Wholesale and Manufacturing, Technical and Scientific Products",2,"Microsoft Outlook, Writing",Priority: Microsoft Outlook -> Effective Email & Calendar Management
1185,Steven Carter,Research & Development,Laboratory Technician,0.197,LOW,Chemical Technicians,2,"Microsoft Office software, Writing",Priority: Microsoft Office software -> Microsoft Office Essentials
1188,Sandra Roberts (1188),Sales,Sales Executive,0.867,HIGH,Sales Managers,4,"Active Learning, Active Listening, Microsoft Excel, Microsoft Office software",Priority: Microsoft Excel -> Excel for Business Analysis (internal LMS)
1190,Mateo Khan,Sales,Sales Representative,0.211,LOW,"Sales Representatives of Services, Except Advertising, Insurance, Financial Services, and Travel",3,"Active Learning, Microsoft Excel, Speaking",Priority: Microsoft Excel -> Excel for Business Analysis (internal LMS)
1191,Yuki Thompson,Research & Development,Manager,0.081,LOW,General and Operations Managers,4,"Active Learning, Microsoft Excel, Microsoft Office software, Reading Comprehension",Priority: Microsoft Excel -> Excel for Business Analysis (internal LMS)
1192,Lee Clark,Research & Development,Laboratory Technician,0.066,LOW,Chemical Technicians,1,Science,Priority: Science -> Domain Science Fundamentals (role-specific)
1193,Patricia Hall (1193),Research & Development,Research Scientist,0.52,MEDIUM,Natural Sciences Managers,4,"Microsoft Office software, Microsoft PowerPoint, Science, Writing",Priority: Microsoft Office software -> Microsoft Office Essentials
1195,Andrew Yang,Research & Development,Research Scientist,0.295,LOW,Natural Sciences Managers,1,Microsoft Excel,Priority: Microsoft Excel -> Excel for Business Analysis (internal LMS)
1196,Brian Gupta,Research & Development,Manufacturing Director,0.019,LOW,Industrial Production Managers,5,"Learning Strategies, Microsoft Excel, Microsoft Office software, Microsoft PowerPoint, Reading Comprehension",Priority: Microsoft Excel -> Excel for Business Analysis (internal LMS)
1198,Barbara Moore,Research & Development,Laboratory Technician,0.851,HIGH,Chemical Technicians,3,"Active Listening, Critical Thinking, Microsoft Outlook",Priority: Critical Thinking -> Structured Problem Solving workshop
1200,Lisa Moore,Research & Development,Research Scientist,0.385,MEDIUM,Natural Sciences Managers,2,"Microsoft Excel, Writing",Priority: Microsoft Excel -> Excel for Business Analysis (internal LMS)
1201,Matthew Brown,Research & Development,Manager,0.005,LOW,General and Operations Managers,3,"Microsoft Excel, Microsoft PowerPoint, Reading Comprehension",Priority: Microsoft Excel -> Excel for Business Analysis (internal LMS)
1202,Daniel Chen,Research & Development,Research Scientist,0.544,MEDIUM,Natural Sciences Managers,4,"Microsoft Excel, Microsoft Office software, Monitoring, Reading Comprehension",Priority: Microsoft Excel -> Excel for Business Analysis (internal LMS)
1203,Jennifer Kumar,Research & Development,Research Scientist,0.564,MEDIUM,Natural Sciences Managers,4,"Active Listening, Microsoft Excel, Microsoft Office software, Writing",Priority: Microsoft Excel -> Excel for Business Analysis (internal LMS)
1204,Jun Rao,Sales,Manager,0.399,MEDIUM,General and Operations Managers,2,"Active Listening, Microsoft PowerPoint",Priority: Active Listening -> Active Listening for Managers
1206,Paul Sanchez,Research & Development,Research Scientist,0.134,LOW,Natural Sciences Managers,4,"Active Listening, Critical Thinking, Microsoft Excel, Monitoring",Priority: Microsoft Excel -> Excel for Business Analysis (internal LMS)
1207,Ananya Mitchell,Human Resources,Human Resources,0.283,LOW,Human Resources Specialists,4,"Active Learning, Critical Thinking, Microsoft Outlook, Writing",Priority: Critical Thinking -> Structured Problem Solving workshop
1210,Yuki Johnson,Research & Development,Research Scientist,0.474,MEDIUM,Natural Sciences Managers,3,"Active Listening, Microsoft Excel, Writing",Priority: Microsoft Excel -> Excel for Business Analysis (internal LMS)
1211,Lisa Carter,Sales,Sales Executive,0.324,MEDIUM,Sales Managers,3,"Microsoft Excel, Microsoft Office software, Microsoft PowerPoint",Priority: Microsoft Excel -> Excel for Business Analysis (internal LMS)
1212,Zara Flores,Sales,Sales Executive,0.54,MEDIUM,Sales Managers,4,"Active Learning, Microsoft Office software, Microsoft Outlook, Speaking",Priority: Microsoft Office software -> Microsoft Office Essentials
1215,Pooja Rahman,Research & Development,Manager,0.009,LOW,General and Operations Managers,4,"Critical Thinking, Microsoft Office software, Microsoft PowerPoint, Monitoring",Priority: Critical Thinking -> Structured Problem Solving workshop
1216,Matthew Jackson,Research & Development,Laboratory Technician,0.474,MEDIUM,Chemical Technicians,4,"Active Listening, Critical Thinking, Monitoring, Science",Priority: Critical Thinking -> Structured Problem Solving workshop
1217,Jonas Shah,Research & Development,Research Director,0.021,LOW,Natural Sciences Managers,3,"Critical Thinking, Microsoft Excel, Writing",Priority: Microsoft Excel -> Excel for Business Analysis (internal LMS)
1218,Charles Dubois (1218),Sales,Sales Executive,0.236,LOW,Sales Managers,3,"Critical Thinking, Microsoft PowerPoint, Monitoring",Priority: Critical Thinking -> Structured Problem Solving workshop
1219,Emily Patel,Research & Development,Laboratory Technician,0.733,HIGH,Chemical Technicians,2,"Microsoft Outlook, Science",Priority: Microsoft Outlook -> Effective Email & Calendar Management
1220,Pooja Jones,Sales,Sales Executive,0.549,MEDIUM,Sales Managers,2,"Active Learning, Active Listening",Priority: Active Listening -> Active Listening for Managers
1221,Sandra Brown,Research & Development,Laboratory Technician,0.093,LOW,Chemical Technicians,2,"Microsoft Excel, Monitoring",Priority: Microsoft Excel -> Excel for Business Analysis (internal LMS)
1224,Wei Allen,Research & Development,Laboratory Technician,0.283,LOW,Chemical Technicians,3,"Critical Thinking, Monitoring, Reading Comprehension",Priority: Critical Thinking -> Structured Problem Solving workshop
1225,Linda Chowdhury,Research & Development,Research Scientist,0.091,LOW,Natural Sciences Managers,2,"Critical Thinking, Science",Priority: Critical Thinking -> Structured Problem Solving workshop
1226,Donald Iyer,Sales,Sales Representative,0.627,HIGH,"Sales Representatives of Services, Except Advertising, Insurance, Financial Services, and Travel",3,"Active Learning, Critical Thinking, Reading Comprehension",Priority: Critical Thinking -> Structured Problem Solving workshop
1228,Stephanie Liu (1228),Research & Development,Manufacturing Director,0.039,LOW,Industrial Production Managers,3,"Active Listening, Critical Thinking, Microsoft Excel",Priority: Microsoft Excel -> Excel for Business Analysis (internal LMS)
1231,Christopher Campbell,Human Resources,Human Resources,0.072,LOW,Human Resources Specialists,1,Microsoft Outlook,Priority: Microsoft Outlook -> Effective Email & Calendar Management
1233,Elena Ferrari,Sales,Sales Executive,0.069,LOW,Sales Managers,3,"Microsoft Excel, Microsoft Office software, Reading Comprehension",Priority: Microsoft Excel -> Excel for Business Analysis (internal LMS)
1234,Carol Robinson,Research & Development,Laboratory Technician,0.469,MEDIUM,Chemical Technicians,1,Monitoring,Priority: Monitoring -> Performance Monitoring & KPIs
1235,Tariq Wilson (1235),Research & Development,Research Scientist,0.314,MEDIUM,Natural Sciences Managers,4,"Active Listening, Microsoft Excel, Microsoft PowerPoint, Monitoring",Priority: Microsoft Excel -> Excel for Business Analysis (internal LMS)
1237,Emily Jackson,Research & Development,Manufacturing Director,0.583,MEDIUM,Industrial Production Managers,3,"Learning Strategies, Microsoft Excel, Monitoring",Priority: Microsoft Excel -> Excel for Business Analysis (internal LMS)
1238,John Choi,Research & Development,Research Scientist,0.048,LOW,Natural Sciences Managers,1,Microsoft PowerPoint,Priority: Microsoft PowerPoint -> Presentation Design Fundamentals
1239,Divya Mitchell,Sales,Sales Executive,0.736,HIGH,Sales Managers,3,"Active Listening, Microsoft Outlook, Microsoft PowerPoint",Priority: Active Listening -> Active Listening for Managers
1240,Nancy Muller,Sales,Sales Executive,0.304,MEDIUM,Sales Managers,5,"Critical Thinking, Microsoft Outlook, Monitoring, Reading Comprehension, Speaking",Priority: Critical Thinking -> Structured Problem Solving workshop
1241,Sanjay Nguyen (1241),Research & Development,Research Scientist,0.159,LOW,Natural Sciences Managers,2,"Critical Thinking, Writing",Priority: Critical Thinking -> Structured Problem Solving workshop
1242,Anthony Hassan (1242),Research & Development,Research Director,0.386,MEDIUM,Natural Sciences Managers,4,"Critical Thinking, Microsoft Office software, Microsoft PowerPoint, Writing",Priority: Critical Thinking -> Structured Problem Solving workshop
1243,Nancy Zhang,Sales,Sales Executive,0.327,MEDIUM,Sales Managers,4,"Microsoft Excel, Microsoft PowerPoint, Reading Comprehension, Speaking",Priority: Microsoft Excel -> Excel for Business Analysis (internal LMS)
1244,Marta Martinez,Research & Development,Research Scientist,0.658,HIGH,Natural Sciences Managers,1,Active Listening,Priority: Active Listening -> Active Listening for Managers
1245,Yuki Campbell,Research & Development,Manufacturing Director,0.026,LOW,Industrial Production Managers,2,"Microsoft Excel, Monitoring",Priority: Microsoft Excel -> Excel for Business Analysis (internal LMS)
1246,Tariq Young,Research & Development,Research Scientist,0.021,LOW,Natural Sciences Managers,2,"Microsoft Excel, Writing",Priority: Microsoft Excel -> Excel for Business Analysis (internal LMS)
1248,Olga Allen,Research & Development,Research Scientist,0.817,HIGH,Natural Sciences Managers,4,"Active Listening, Reading Comprehension, Science, Writing",Priority: Active Listening -> Active Listening for Managers
1249,Neha Petrov,Research & Development,Research Scientist,0.029,LOW,Natural Sciences Managers,4,"Active Listening, Microsoft Office software, Science, Writing",Priority: Active Listening -> Active Listening for Managers
1250,Neha Shah (1250),Research & Development,Research Director,0.001,LOW,Natural Sciences Managers,2,"Microsoft Office software, Reading Comprehension",Priority: Microsoft Office software -> Microsoft Office Essentials
1251,Mei Jackson,Research & Development,Healthcare Representative,0.593,MEDIUM,"Sales Representatives, Wholesale and Manufacturing, Technical and Scientific Products",4,"Microsoft Excel, Microsoft Outlook, Reading Comprehension, Speaking",Priority: Microsoft Excel -> Excel for Business Analysis (internal LMS)
1252,Charles Rahman,Research & Development,Healthcare Representative,0.153,LOW,"Sales Representatives, Wholesale and Manufacturing, Technical and Scientific Products",5,"Active Learning, Microsoft Excel, Salesforce software, Speaking, Writing",Priority: Microsoft Excel -> Excel for Business Analysis (internal LMS)
1254,Christopher Green,Sales,Sales Executive,0.088,LOW,Sales Managers,4,"Active Learning, Active Listening, Microsoft PowerPoint, Speaking",Priority: Active Listening -> Active Listening for Managers
1255,Tran Davis,Research & Development,Research Director,0.008,LOW,Natural Sciences Managers,4,"Microsoft Excel, Microsoft Office software, Microsoft PowerPoint, Science",Priority: Microsoft Excel -> Excel for Business Analysis (internal LMS)
1256,Camila Wright,Research & Development,Manager,0.097,LOW,General and Operations Managers,3,"Active Learning, Critical Thinking, Microsoft Office software",Priority: Critical Thinking -> Structured Problem Solving workshop
1257,Kimberly Schmidt (1257),Research & Development,Research Scientist,0.186,LOW,Natural Sciences Managers,4,"Critical Thinking, Microsoft PowerPoint, Monitoring, Writing",Priority: Critical Thinking -> Structured Problem Solving workshop
1258,Klara Smith (1258),Research & Development,Laboratory Technician,0.628,HIGH,Chemical Technicians,2,"Critical Thinking, Reading Comprehension",Priority: Critical Thinking -> Structured Problem Solving workshop
1259,Deborah Campbell,Research & Development,Research Scientist,0.074,LOW,Natural Sciences Managers,4,"Microsoft Excel, Microsoft PowerPoint, Science, Writing",Priority: Microsoft Excel -> Excel for Business Analysis (internal LMS)
1260,Elena Young,Research & Development,Healthcare Representative,0.281,LOW,"Sales Representatives, Wholesale and Manufacturing, Technical and Scientific Products",3,"Microsoft Office software, Reading Comprehension, Writing",Priority: Microsoft Office software -> Microsoft Office Essentials
1263,Carol Martin,Research & Development,Research Director,0.021,LOW,Natural Sciences Managers,3,"Reading Comprehension, Science, Writing",Priority: Reading Comprehension -> Business Writing & Comprehension
1264,Dmitri Novak,Research & Development,Research Director,0.006,LOW,Natural Sciences Managers,1,Active Listening,Priority: Active Listening -> Active Listening for Managers
1265,Ivan Zhang,Research & Development,Research Scientist,0.112,LOW,Natural Sciences Managers,3,"Critical Thinking, Microsoft Office software, Monitoring",Priority: Critical Thinking -> Structured Problem Solving workshop
1267,Margaret Ibrahim,Sales,Manager,0.213,LOW,General and Operations Managers,4,"Microsoft Excel, Microsoft PowerPoint, Monitoring, Reading Comprehension",Priority: Microsoft Excel -> Excel for Business Analysis (internal LMS)
1268,Daniel Ali,Sales,Sales Executive,0.11,LOW,Sales Managers,1,Active Learning,Priority: Active Learning -> Learning How to Learn
1269,Donna Nguyen,Research & Development,Research Scientist,0.637,HIGH,Natural Sciences Managers,3,"Microsoft Office software, Microsoft PowerPoint, Science",Priority: Microsoft Office software -> Microsoft Office Essentials
1270,Elena Kim,Research & Development,Research Scientist,0.042,LOW,Natural Sciences Managers,1,Monitoring,Priority: Monitoring -> Performance Monitoring & KPIs
1273,Sandra Hassan,Sales,Sales Representative,0.994,HIGH,"Sales Representatives of Services, Except Advertising, Insurance, Financial Services, and Travel",2,"Critical Thinking, Writing",Priority: Critical Thinking -> Structured Problem Solving workshop
1275,Yusuf Ramirez,Research & Development,Research Scientist,0.642,HIGH,Natural Sciences Managers,4,"Microsoft Office software, Reading Comprehension, Science, Writing",Priority: Microsoft Office software -> Microsoft Office Essentials
1277,Mark Perez,Sales,Manager,0.677,HIGH,General and Operations Managers,4,"Active Learning, Monitoring, Reading Comprehension, Speaking",Priority: Reading Comprehension -> Business Writing & Comprehension
1278,Brian Rodriguez,Research & Development,Healthcare Representative,0.076,LOW,"Sales Representatives, Wholesale and Manufacturing, Technical and Scientific Products",3,"Active Learning, Microsoft Office software, Writing",Priority: Microsoft Office software -> Microsoft Office Essentials
1279,Ali Chen (1279),Research & Development,Laboratory Technician,0.94,HIGH,Chemical Technicians,2,"Microsoft Outlook, Reading Comprehension",Priority: Reading Comprehension -> Business Writing & Comprehension
1280,Timothy Chen,Sales,Manager,0.062,LOW,General and Operations Managers,1,Speaking,Priority: Speaking -> Public Speaking & Presentation Skills
1281,Thomas Yang,Sales,Sales Executive,0.734,HIGH,Sales Managers,2,"Microsoft PowerPoint, Speaking",Priority: Microsoft PowerPoint -> Presentation Design Fundamentals
1282,Wang Ramirez (1282),Sales,Manager,0.577,MEDIUM,General and Operations Managers,2,"Microsoft Office software, Reading Comprehension",Priority: Microsoft Office software -> Microsoft Office Essentials
1283,Sofia Nelson,Research & Development,Manufacturing Director,0.064,LOW,Industrial Production Managers,3,"Active Listening, Microsoft Excel, Microsoft PowerPoint",Priority: Microsoft Excel -> Excel for Business Analysis (internal LMS)
1285,Matthew White,Research & Development,Laboratory Technician,0.439,MEDIUM,Chemical Technicians,4,"Critical Thinking, Microsoft Excel, Reading Comprehension, Writing",Priority: Microsoft Excel -> Excel for Business Analysis (internal LMS)
1286,Aisha Rao,Research & Development,Laboratory Technician,0.878,HIGH,Chemical Technicians,4,"Critical Thinking, Microsoft Excel, Reading Comprehension, Writing",Priority: Microsoft Excel -> Excel for Business Analysis (internal LMS)
1288,Arjun Choi,Research & Development,Manager,0.055,LOW,General and Operations Managers,3,"Active Listening, Microsoft Office software, Microsoft PowerPoint",Priority: Active Listening -> Active Listening for Managers
1289,Betty Patel,Human Resources,Human Resources,0.174,LOW,Human Resources Specialists,4,"Active Listening, Critical Thinking, Reading Comprehension, Writing",Priority: Critical Thinking -> Structured Problem Solving workshop
1291,Sergei Kowalski (1291),Research & Development,Research Scientist,0.248,LOW,Natural Sciences Managers,3,"Microsoft Excel, Microsoft Office software, Reading Comprehension",Priority: Microsoft Excel -> Excel for Business Analysis (internal LMS)
1292,Matthew Harris,Research & Development,Research Scientist,0.538,MEDIUM,Natural Sciences Managers,2,"Reading Comprehension, Writing",Priority: Reading Comprehension -> Business Writing & Comprehension
1293,Sandra Adams,Sales,Sales Executive,0.247,LOW,Sales Managers,1,Microsoft Excel,Priority: Microsoft Excel -> Excel for Business Analysis (internal LMS)
1294,Layla White,Research & Development,Manufacturing Director,0.592,MEDIUM,Industrial Production Managers,5,"Critical Thinking, Learning Strategies, Microsoft Excel, Microsoft Office software, Speaking",Priority: Microsoft Excel -> Excel for Business Analysis (internal LMS)
1295,Nancy Taylor,Research & Development,Healthcare Representative,0.062,LOW,"Sales Representatives, Wholesale and Manufacturing, Technical and Scientific Products",4,"Critical Thinking, Microsoft Office software, Microsoft Outlook, Speaking",Priority: Critical Thinking -> Structured Problem Solving workshop
1296,Melissa Torres,Research & Development,Laboratory Technician,0.824,HIGH,Chemical Technicians,4,"Critical Thinking, Microsoft Excel, Microsoft Outlook, Science",Priority: Microsoft Excel -> Excel for Business Analysis (internal LMS)
1297,Tariq Farooq,Research & Development,Laboratory Technician,0.593,MEDIUM,Chemical Technicians,3,"Critical Thinking, Microsoft Excel, Writing",Priority: Microsoft Excel -> Excel for Business Analysis (internal LMS)
1298,Omar Patel,Research & Development,Manufacturing Director,0.269,LOW,Industrial Production Managers,4,"Microsoft Excel, Microsoft Office software, Monitoring, Speaking",Priority: Microsoft Excel -> Excel for Business Analysis (internal LMS)
1299,Divya Ali,Research & Development,Laboratory Technician,0.81,HIGH,Chemical Technicians,3,"Microsoft Office software, Science, Writing",Priority: Microsoft Office software -> Microsoft Office Essentials
1301,Ashley Young,Research & Development,Research Scientist,0.502,MEDIUM,Natural Sciences Managers,4,"Active Listening, Critical Thinking, Microsoft Excel, Science",Priority: Microsoft Excel -> Excel for Business Analysis (internal LMS)
1303,Charles Wright,Research & Development,Research Scientist,0.245,LOW,Natural Sciences Managers,2,"Microsoft Excel, Monitoring",Priority: Microsoft Excel -> Excel for Business Analysis (internal LMS)
1304,Amit Rossi (1304),Sales,Sales Executive,0.018,LOW,Sales Managers,4,"Active Listening, Critical Thinking, Microsoft PowerPoint, Reading Comprehension",Priority: Critical Thinking -> Structured Problem Solving workshop
1306,Karen Lopez,Research & Development,Manager,0.504,MEDIUM,General and Operations Managers,4,"Microsoft Excel, Microsoft PowerPoint, Monitoring, Speaking",Priority: Microsoft Excel -> Excel for Business Analysis (internal LMS)
1307,Brian Green (1307),Research & Development,Manager,0.8,HIGH,General and Operations Managers,2,"Microsoft Excel, Speaking",Priority: Microsoft Excel -> Excel for Business Analysis (internal LMS)
1308,Piotr Rahman,Research & Development,Research Scientist,0.068,LOW,Natural Sciences Managers,1,Active Listening,Priority: Active Listening -> Active Listening for Managers
1309,Aisha Hassan,Research & Development,Laboratory Technician,0.236,LOW,Chemical Technicians,4,"Active Listening, Microsoft Outlook, Monitoring, Science",Priority: Active Listening -> Active Listening for Managers
1310,Kevin Moreau,Research & Development,Research Scientist,0.468,MEDIUM,Natural Sciences Managers,4,"Critical Thinking, Microsoft Office software, Microsoft PowerPoint, Writing",Priority: Critical Thinking -> Structured Problem Solving workshop
1311,Andrew Smith,Research & Development,Laboratory Technician,0.61,HIGH,Chemical Technicians,2,"Microsoft Outlook, Monitoring",Priority: Monitoring -> Performance Monitoring & KPIs
1312,Divya Rivera,Research & Development,Healthcare Representative,0.138,LOW,"Sales Representatives, Wholesale and Manufacturing, Technical and Scientific Products",4,"Active Listening, Microsoft Outlook, Reading Comprehension, Writing",Priority: Active Listening -> Active Listening for Managers
1314,Richard Zhang,Human Resources,Human Resources,0.17,LOW,Human Resources Specialists,4,"Active Listening, Microsoft Office software, Reading Comprehension, Writing",Priority: Active Listening -> Active Listening for Managers
1315,Pooja Clark,Research & Development,Laboratory Technician,0.066,LOW,Chemical Technicians,2,"Critical Thinking, Microsoft Office software",Priority: Critical Thinking -> Structured Problem Solving workshop
1317,Nguyen Dubois,Research & Development,Research Director,0.116,LOW,Natural Sciences Managers,3,"Microsoft Office software, Microsoft PowerPoint, Writing",Priority: Microsoft Office software -> Microsoft Office Essentials
1318,Dmitri Green,Sales,Sales Executive,0.972,HIGH,Sales Managers,1,Monitoring,Priority: Monitoring -> Performance Monitoring & KPIs
1319,Hassan Hill,Sales,Sales Executive,0.961,HIGH,Sales Managers,5,"Active Learning, Active Listening, Critical Thinking, Microsoft Office software, Monitoring",Priority: Critical Thinking -> Structured Problem Solving workshop
1321,Mary Young,Research & Development,Manager,0.393,MEDIUM,General and Operations Managers,1,Microsoft Excel,Priority: Microsoft Excel -> Excel for Business Analysis (internal LMS)
1322,John Chen,Research & Development,Manufacturing Director,0.213,LOW,Industrial Production Managers,3,"Critical Thinking, Learning Strategies, Microsoft Outlook",Priority: Critical Thinking -> Structured Problem Solving workshop
1324,Anna Martin,Sales,Sales Executive,0.231,LOW,Sales Managers,4,"Active Learning, Active Listening, Microsoft PowerPoint, Reading Comprehension",Priority: Active Listening -> Active Listening for Managers
1329,Joshua Chen,Sales,Sales Executive,0.573,MEDIUM,Sales Managers,5,"Active Listening, Microsoft Excel, Microsoft Office software, Microsoft Outlook, Speaking",Priority: Microsoft Excel -> Excel for Business Analysis (internal LMS)
1331,Andrew Thompson,Sales,Sales Representative,0.934,HIGH,"Sales Representatives of Services, Except Advertising, Insurance, Financial Services, and Travel",2,"Active Listening, Reading Comprehension",Priority: Active Listening -> Active Listening for Managers
1333,James Wang,Research & Development,Laboratory Technician,0.363,MEDIUM,Chemical Technicians,3,"Active Listening, Microsoft Excel, Writing",Priority: Microsoft Excel -> Excel for Business Analysis (internal LMS)
1334,Paul Wang,Research & Development,Manager,0.055,LOW,General and Operations Managers,1,Active Listening,Priority: Active Listening -> Active Listening for Managers
1336,James Adams,Research & Development,Manager,0.075,LOW,General and Operations Managers,3,"Critical Thinking, Microsoft Office software, Speaking",Priority: Critical Thinking -> Structured Problem Solving workshop
1338,Layla Davis,Human Resources,Manager,0.08,LOW,General and Operations Managers,2,"Microsoft Excel, Speaking",Priority: Microsoft Excel -> Excel for Business Analysis (internal LMS)
1340,Jun Ahmed,Research & Development,Research Scientist,0.235,LOW,Natural Sciences Managers,3,"Active Listening, Critical Thinking, Writing",Priority: Critical Thinking -> Structured Problem Solving workshop
1344,Divya Park,Research & Development,Healthcare Representative,0.018,LOW,"Sales Representatives, Wholesale and Manufacturing, Technical and Scientific Products",4,"Active Learning, Active Listening, Critical Thinking, Microsoft Excel",Priority: Microsoft Excel -> Excel for Business Analysis (internal LMS)
1346,James Green,Research & Development,Research Scientist,0.118,LOW,Natural Sciences Managers,1,Science,Priority: Science -> Domain Science Fundamentals (role-specific)
1349,Vikram Huang,Sales,Sales Executive,0.069,LOW,Sales Managers,4,"Active Listening, Critical Thinking, Reading Comprehension, Speaking",Priority: Critical Thinking -> Structured Problem Solving workshop
1350,David Rossi,Research & Development,Research Scientist,0.804,HIGH,Natural Sciences Managers,3,"Critical Thinking, Reading Comprehension, Writing",Priority: Critical Thinking -> Structured Problem Solving workshop
1352,Tran Sanchez,Human Resources,Manager,0.017,LOW,General and Operations Managers,2,"Critical Thinking, Microsoft PowerPoint",Priority: Critical Thinking -> Structured Problem Solving workshop
1355,Emily Mitchell (1355),Sales,Sales Executive,0.051,LOW,Sales Managers,3,"Critical Thinking, Monitoring, Speaking",Priority: Critical Thinking -> Structured Problem Solving workshop
1356,Noor Garcia,Sales,Sales Executive,0.434,MEDIUM,Sales Managers,4,"Active Learning, Microsoft Outlook, Monitoring, Reading Comprehension",Priority: Reading Comprehension -> Business Writing & Comprehension
1358,Betty Moreau,Research & Development,Laboratory Technician,0.152,LOW,Chemical Technicians,2,"Active Listening, Monitoring",Priority: Active Listening -> Active Listening for Managers
1360,Layla Garcia,Research & Development,Manufacturing Director,0.456,MEDIUM,Industrial Production Managers,5,"Learning Strategies, Microsoft Excel, Microsoft Office software, Microsoft Outlook, Reading Comprehension",Priority: Microsoft Excel -> Excel for Business Analysis (internal LMS)
1361,Sanjay Walker,Research & Development,Laboratory Technician,0.22,LOW,Chemical Technicians,3,"Microsoft Excel, Microsoft Office software, Monitoring",Priority: Microsoft Excel -> Excel for Business Analysis (internal LMS)
1362,Marta Flores,Sales,Sales Executive,0.352,MEDIUM,Sales Managers,2,"Active Learning, Reading Comprehension",Priority: Reading Comprehension -> Business Writing & Comprehension
1363,Elizabeth Chen,Research & Development,Manufacturing Director,0.031,LOW,Industrial Production Managers,3,"Critical Thinking, Microsoft Excel, Reading Comprehension",Priority: Microsoft Excel -> Excel for Business Analysis (internal LMS)
1364,Layla Ibrahim,Sales,Sales Representative,0.576,MEDIUM,"Sales Representatives of Services, Except Advertising, Insurance, Financial Services, and Travel",2,"Active Listening, Salesforce software",Priority: Active Listening -> Active Listening for Managers
1367,Vikram Lewis (1367),Research & Development,Manufacturing Director,0.17,LOW,Industrial Production Managers,4,"Critical Thinking, Microsoft Excel, Microsoft PowerPoint, Speaking",Priority: Microsoft Excel -> Excel for Business Analysis (internal LMS)
1368,Patricia Flores,Research & Development,Laboratory Technician,0.058,LOW,Chemical Technicians,3,"Microsoft Outlook, Monitoring, Science",Priority: Monitoring -> Performance Monitoring & KPIs
1369,Neha Nair,Research & Development,Laboratory Technician,0.19,LOW,Chemical Technicians,4,"Active Listening, Microsoft Office software, Monitoring, Science",Priority: Active Listening -> Active Listening for Managers
1371,Zhang Thompson,Sales,Sales Executive,0.707,HIGH,Sales Managers,4,"Active Learning, Microsoft Outlook, Microsoft PowerPoint, Reading Comprehension",Priority: Reading Comprehension -> Business Writing & Comprehension
1372,Amit Lopez,Sales,Sales Executive,0.906,HIGH,Sales Managers,4,"Critical Thinking, Microsoft Excel, Monitoring, Speaking",Priority: Microsoft Excel -> Excel for Business Analysis (internal LMS)
1373,Choi Anderson,Research & Development,Manufacturing Director,0.597,MEDIUM,Industrial Production Managers,4,"Learning Strategies, Monitoring, Reading Comprehension, Speaking",Priority: Reading Comprehension -> Business Writing & Comprehension
1374,Wang Lopez,Research & Development,Research Scientist,0.129,LOW,Natural Sciences Managers,1,Monitoring,Priority: Monitoring -> Performance Monitoring & KPIs
1375,Tran Moore (1375),Research & Development,Healthcare Representative,0.037,LOW,"Sales Representatives, Wholesale and Manufacturing, Technical and Scientific Products",4,"Active Listening, Critical Thinking, Microsoft Outlook, Salesforce software",Priority: Critical Thinking -> Structured Problem Solving workshop
1377,Linda Nair,Research & Development,Laboratory Technician,0.861,HIGH,Chemical Technicians,3,"Microsoft Outlook, Monitoring, Writing",Priority: Monitoring -> Performance Monitoring & KPIs
1379,Stephanie Muller,Sales,Sales Representative,0.878,HIGH,"Sales Representatives of Services, Except Advertising, Insurance, Financial Services, and Travel",3,"Active Learning, Critical Thinking, Speaking",Priority: Critical Thinking -> Structured Problem Solving workshop
1380,Michelle Anderson,Sales,Sales Executive,0.819,HIGH,Sales Managers,1,Critical Thinking,Priority: Critical Thinking -> Structured Problem Solving workshop
1382,Joshua Davis,Research & Development,Research Scientist,0.023,LOW,Natural Sciences Managers,1,Microsoft Office software,Priority: Microsoft Office software -> Microsoft Office Essentials
1383,Joseph Carter,Research & Development,Healthcare Representative,0.028,LOW,"Sales Representatives, Wholesale and Manufacturing, Technical and Scientific Products",2,"Active Learning, Microsoft Excel",Priority: Microsoft Excel -> Excel for Business Analysis (internal LMS)
1387,Betty Hernandez,Sales,Sales Executive,0.67,HIGH,Sales Managers,5,"Critical Thinking, Microsoft Excel, Microsoft Office software, Microsoft Outlook, Monitoring",Priority: Microsoft Excel -> Excel for Business Analysis (internal LMS)
1389,Robert White,Research & Development,Manufacturing Director,0.491,MEDIUM,Industrial Production Managers,1,Microsoft Outlook,Priority: Microsoft Outlook -> Effective Email & Calendar Management
1390,Ling Ivanova,Sales,Sales Executive,0.535,MEDIUM,Sales Managers,2,"Active Learning, Microsoft Excel",Priority: Microsoft Excel -> Excel for Business Analysis (internal LMS)
1391,Kim Mitchell,Sales,Sales Executive,0.548,MEDIUM,Sales Managers,3,"Microsoft Excel, Microsoft PowerPoint, Reading Comprehension",Priority: Microsoft Excel -> Excel for Business Analysis (internal LMS)
1392,Zhang Garcia,Research & Development,Research Scientist,0.371,MEDIUM,Natural Sciences Managers,3,"Critical Thinking, Microsoft Excel, Microsoft Office software",Priority: Microsoft Excel -> Excel for Business Analysis (internal LMS)
1394,John Petrov,Research & Development,Research Scientist,0.398,MEDIUM,Natural Sciences Managers,2,"Critical Thinking, Reading Comprehension",Priority: Critical Thinking -> Structured Problem Solving workshop
1395,Karen Liu,Sales,Sales Executive,0.579,MEDIUM,Sales Managers,5,"Active Listening, Microsoft Excel, Microsoft Office software, Microsoft Outlook, Monitoring",Priority: Microsoft Excel -> Excel for Business Analysis (internal LMS)
1396,Layla Ali,Sales,Sales Executive,0.711,HIGH,Sales Managers,3,"Critical Thinking, Microsoft Excel, Microsoft Outlook",Priority: Microsoft Excel -> Excel for Business Analysis (internal LMS)
1397,Timothy Allen,Research & Development,Healthcare Representative,0.016,LOW,"Sales Representatives, Wholesale and Manufacturing, Technical and Scientific Products",3,"Active Listening, Microsoft Excel, Microsoft Outlook",Priority: Microsoft Excel -> Excel for Business Analysis (internal LMS)
1399,Fatima Zhang,Sales,Sales Executive,0.473,MEDIUM,Sales Managers,3,"Critical Thinking, Microsoft Excel, Monitoring",Priority: Microsoft Excel -> Excel for Business Analysis (internal LMS)
1401,Aisha Anderson (1401),Research & Development,Manufacturing Director,0.461,MEDIUM,Industrial Production Managers,2,"Reading Comprehension, Speaking",Priority: Reading Comprehension -> Business Writing & Comprehension
1402,Arjun Carter,Research & Development,Research Scientist,0.643,HIGH,Natural Sciences Managers,3,"Microsoft Excel, Monitoring, Reading Comprehension",Priority: Microsoft Excel -> Excel for Business Analysis (internal LMS)
1403,Ling Kim,Sales,Sales Executive,0.672,HIGH,Sales Managers,3,"Microsoft Outlook, Microsoft PowerPoint, Reading Comprehension",Priority: Reading Comprehension -> Business Writing & Comprehension
1405,Steven Thomas,Research & Development,Research Scientist,0.653,HIGH,Natural Sciences Managers,3,"Critical Thinking, Monitoring, Writing",Priority: Critical Thinking -> Structured Problem Solving workshop
1407,Nguyen Roberts,Research & Development,Research Scientist,0.373,MEDIUM,Natural Sciences Managers,2,"Microsoft PowerPoint, Monitoring",Priority: Monitoring -> Performance Monitoring & KPIs
1408,Paul Lee (1408),Human Resources,Manager,0.024,LOW,General and Operations Managers,3,"Active Learning, Microsoft Excel, Microsoft PowerPoint",Priority: Microsoft Excel -> Excel for Business Analysis (internal LMS)
1409,Sanjay Taylor,Research & Development,Laboratory Technician,0.461,MEDIUM,Chemical Technicians,2,"Microsoft Outlook, Writing",Priority: Microsoft Outlook -> Effective Email & Calendar Management
1411,Matthew Lee,Research & Development,Laboratory Technician,0.359,MEDIUM,Chemical Technicians,2,"Monitoring, Reading Comprehension",Priority: Reading Comprehension -> Business Writing & Comprehension
1412,Donald Hernandez,Research & Development,Manufacturing Director,0.375,MEDIUM,Industrial Production Managers,4,"Active Listening, Learning Strategies, Microsoft Office software, Monitoring",Priority: Active Listening -> Active Listening for Managers
1415,Betty Martin,Research & Development,Laboratory Technician,0.643,HIGH,Chemical Technicians,3,"Monitoring, Reading Comprehension, Science",Priority: Reading Comprehension -> Business Writing & Comprehension
1417,Jessica Nair,Research & Development,Laboratory Technician,0.125,LOW,Chemical Technicians,4,"Active Listening, Microsoft Office software, Monitoring, Science",Priority: Active Listening -> Active Listening for Managers
1419,Mary Nguyen,Human Resources,Human Resources,0.732,HIGH,Human Resources Specialists,2,"Critical Thinking, Microsoft Excel",Priority: Microsoft Excel -> Excel for Business Analysis (internal LMS)
1420,Jennifer Wang (1420),Research & Development,Laboratory Technician,0.876,HIGH,Chemical Technicians,4,"Active Listening, Microsoft Excel, Microsoft Office software, Reading Comprehension",Priority: Microsoft Excel -> Excel for Business Analysis (internal LMS)
1421,Ananya Nelson,Research & Development,Healthcare Representative,0.696,HIGH,"Sales Representatives, Wholesale and Manufacturing, Technical and Scientific Products",1,Microsoft Office software,Priority: Microsoft Office software -> Microsoft Office Essentials
1422,Brian Williams (1422),Research & Development,Research Director,0.013,LOW,Natural Sciences Managers,3,"Active Listening, Microsoft Excel, Writing",Priority: Microsoft Excel -> Excel for Business Analysis (internal LMS)
1423,Christopher Petrov,Research & Development,Research Director,0.011,LOW,Natural Sciences Managers,3,"Critical Thinking, Microsoft PowerPoint, Reading Comprehension",Priority: Critical Thinking -> Structured Problem Solving workshop
1424,Layla Rossi,Research & Development,Research Director,0.0,LOW,Natural Sciences Managers,4,"Active Listening, Microsoft Office software, Microsoft PowerPoint, Science",Priority: Active Listening -> Active Listening for Managers
1425,Lisa White,Sales,Sales Executive,0.698,HIGH,Sales Managers,4,"Microsoft Excel, Microsoft Outlook, Microsoft PowerPoint, Speaking",Priority: Microsoft Excel -> Excel for Business Analysis (internal LMS)
1427,Yuki Martinez,Sales,Sales Representative,0.962,HIGH,"Sales Representatives of Services, Except Advertising, Insurance, Financial Services, and Travel",4,"Critical Thinking, Microsoft Excel, Salesforce software, Speaking",Priority: Microsoft Excel -> Excel for Business Analysis (internal LMS)
1428,Zhang Hall,Sales,Sales Executive,0.23,LOW,Sales Managers,2,"Microsoft Office software, Microsoft Outlook",Priority: Microsoft Office software -> Microsoft Office Essentials
1430,Stephanie Scott,Research & Development,Research Director,0.279,LOW,Natural Sciences Managers,4,"Active Listening, Microsoft Office software, Microsoft PowerPoint, Science",Priority: Active Listening -> Active Listening for Managers
1431,Yuki Choi (1431),Research & Development,Research Scientist,0.055,LOW,Natural Sciences Managers,2,"Microsoft Office software, Reading Comprehension",Priority: Microsoft Office software -> Microsoft Office Essentials
1433,Jennifer Hill (1433),Research & Development,Research Scientist,0.74,HIGH,Natural Sciences Managers,4,"Critical Thinking, Microsoft Office software, Microsoft PowerPoint, Reading Comprehension",Priority: Critical Thinking -> Structured Problem Solving workshop
1434,James Scott,Research & Development,Laboratory Technician,0.352,MEDIUM,Chemical Technicians,4,"Active Listening, Microsoft Excel, Monitoring, Science",Priority: Microsoft Excel -> Excel for Business Analysis (internal LMS)
1435,Anna Yang,Research & Development,Laboratory Technician,0.674,HIGH,Chemical Technicians,3,"Microsoft Excel, Microsoft Office software, Microsoft Outlook",Priority: Microsoft Excel -> Excel for Business Analysis (internal LMS)
1436,Piotr Mitchell,Sales,Sales Executive,0.519,MEDIUM,Sales Managers,5,"Active Learning, Microsoft Outlook, Microsoft PowerPoint, Monitoring, Speaking",Priority: Monitoring -> Performance Monitoring & KPIs
1438,Robert Rivera,Research & Development,Research Scientist,0.258,LOW,Natural Sciences Managers,1,Microsoft Excel,Priority: Microsoft Excel -> Excel for Business Analysis (internal LMS)
1439,Arjun Hill,Sales,Sales Representative,0.953,HIGH,"Sales Representatives of Services, Except Advertising, Insurance, Financial Services, and Travel",2,"Microsoft Excel, Speaking",Priority: Microsoft Excel -> Excel for Business Analysis (internal LMS)
1440,Nancy Jones,Research & Development,Laboratory Technician,0.245,LOW,Chemical Technicians,2,"Microsoft Office software, Reading Comprehension",Priority: Microsoft Office software -> Microsoft Office Essentials
1441,Noor Nair,Research & Development,Research Scientist,0.074,LOW,Natural Sciences Managers,2,"Microsoft Excel, Writing",Priority: Microsoft Excel -> Excel for Business Analysis (internal LMS)
1443,Lee Rao,Research & Development,Research Director,0.005,LOW,Natural Sciences Managers,2,"Microsoft Excel, Microsoft Office software",Priority: Microsoft Excel -> Excel for Business Analysis (internal LMS)
1445,Paul Kim,Sales,Sales Executive,0.257,LOW,Sales Managers,4,"Active Listening, Critical Thinking, Microsoft Excel, Microsoft Office software",Priority: Microsoft Excel -> Excel for Business Analysis (internal LMS)
1446,Zhang Smith,Sales,Sales Executive,0.161,LOW,Sales Managers,2,"Active Learning, Critical Thinking",Priority: Critical Thinking -> Structured Problem Solving workshop
1447,Tariq Khan,Research & Development,Laboratory Technician,0.443,MEDIUM,Chemical Technicians,4,"Microsoft Excel, Reading Comprehension, Science, Writing",Priority: Microsoft Excel -> Excel for Business Analysis (internal LMS)
1448,Olga Kim,Research & Development,Research Scientist,0.262,LOW,Natural Sciences Managers,3,"Microsoft Excel, Microsoft PowerPoint, Science",Priority: Microsoft Excel -> Excel for Business Analysis (internal LMS)
1449,Camila Carter,Research & Development,Laboratory Technician,0.015,LOW,Chemical Technicians,4,"Active Listening, Microsoft Excel, Monitoring, Reading Comprehension",Priority: Microsoft Excel -> Excel for Business Analysis (internal LMS)
1453,Ananya Smith,Sales,Sales Executive,0.336,MEDIUM,Sales Managers,2,"Active Learning, Speaking",Priority: Speaking -> Public Speaking & Presentation Skills
1457,Joseph Brown,Sales,Sales Executive,0.241,LOW,Sales Managers,4,"Active Learning, Microsoft Excel, Microsoft Office software, Microsoft Outlook",Priority: Microsoft Excel -> Excel for Business Analysis (internal LMS)
1458,Daniel Williams,Research & Development,Laboratory Technician,0.801,HIGH,Chemical Technicians,4,"Critical Thinking, Microsoft Excel, Microsoft Outlook, Writing",Priority: Microsoft Excel -> Excel for Business Analysis (internal LMS)
1459,David Lopez,Research & Development,Manufacturing Director,0.25,LOW,Industrial Production Managers,3,"Critical Thinking, Microsoft PowerPoint, Reading Comprehension",Priority: Critical Thinking -> Structured Problem Solving workshop
1460,Donna Nair,Research & Development,Healthcare Representative,0.21,LOW,"Sales Representatives, Wholesale and Manufacturing, Technical and Scientific Products",3,"Reading Comprehension, Speaking, Writing",Priority: Reading Comprehension -> Business Writing & Comprehension
1461,Margaret Choi,Human Resources,Human Resources,0.174,LOW,Human Resources Specialists,4,"Applicant tracking software, Microsoft Office software, Microsoft Outlook, Writing",Priority: Microsoft Office software -> Microsoft Office Essentials
1464,Wei Rodriguez,Research & Development,Laboratory Technician,0.912,HIGH,Chemical Technicians,3,"Active Listening, Critical Thinking, Writing",Priority: Critical Thinking -> Structured Problem Solving workshop
1465,Ivan Rahman,Research & Development,Manufacturing Director,0.397,MEDIUM,Industrial Production Managers,3,"Active Listening, Microsoft PowerPoint, Speaking",Priority: Active Listening -> Active Listening for Managers
1466,Zara Lee,Sales,Sales Executive,0.09,LOW,Sales Managers,4,"Active Learning, Active Listening, Microsoft Outlook, Monitoring",Priority: Active Listening -> Active Listening for Managers
1467,Michelle Hussain,Human Resources,Human Resources,0.354,MEDIUM,Human Resources Specialists,4,"Active Listening, Applicant tracking software, Microsoft Excel, Writing",Priority: Microsoft Excel -> Excel for Business Analysis (internal LMS)
1468,Piotr Ibrahim,Research & Development,Research Director,0.002,LOW,Natural Sciences Managers,3,"Critical Thinking, Reading Comprehension, Science",Priority: Critical Thinking -> Structured Problem Solving workshop
1469,Anna Robinson,Sales,Sales Executive,0.189,LOW,Sales Managers,4,"Critical Thinking, Microsoft Outlook, Monitoring, Reading Comprehension",Priority: Critical Thinking -> Structured Problem Solving workshop
1471,Barbara Patel,Research & Development,Laboratory Technician,0.088,LOW,Chemical Technicians,1,Reading Comprehension,Priority: Reading Comprehension -> Business Writing & Comprehension
1472,Daniel Kowalski,Research & Development,Research Director,0.018,LOW,Natural Sciences Managers,2,"Active Listening, Critical Thinking",Priority: Critical Thinking -> Structured Problem Solving workshop
1473,Diego Ferrari,Research & Development,Healthcare Representative,0.071,LOW,"Sales Representatives, Wholesale and Manufacturing, Technical and Scientific Products",1,Critical Thinking,Priority: Critical Thinking -> Structured Problem Solving workshop
1474,Arjun Mitchell,Research & Development,Research Scientist,0.018,LOW,Natural Sciences Managers,4,"Critical Thinking, Microsoft Excel, Microsoft PowerPoint, Writing",Priority: Microsoft Excel -> Excel for Business Analysis (internal LMS)
1475,Priya Harris (1475),Research & Development,Research Scientist,0.164,LOW,Natural Sciences Managers,4,"Active Listening, Microsoft Office software, Monitoring, Writing",Priority: Active Listening -> Active Listening for Managers
1477,Divya Lee,Sales,Sales Executive,0.346,MEDIUM,Sales Managers,3,"Active Learning, Microsoft Outlook, Reading Comprehension",Priority: Reading Comprehension -> Business Writing & Comprehension
1478,Joseph Walker,Sales,Sales Executive,0.104,LOW,Sales Managers,2,"Microsoft Office software, Microsoft Outlook",Priority: Microsoft Office software -> Microsoft Office Essentials
1479,Anna Sanchez,Sales,Sales Executive,0.321,MEDIUM,Sales Managers,2,"Microsoft Office software, Microsoft Outlook",Priority: Microsoft Office software -> Microsoft Office Essentials
1480,Zara Ivanova,Research & Development,Laboratory Technician,0.441,MEDIUM,Chemical Technicians,1,Science,Priority: Science -> Domain Science Fundamentals (role-specific)
1481,David Young,Sales,Sales Executive,0.719,HIGH,Sales Managers,3,"Critical Thinking, Microsoft Outlook, Microsoft PowerPoint",Priority: Critical Thinking -> Structured Problem Solving workshop
1482,Zara Carter,Research & Development,Research Scientist,0.144,LOW,Natural Sciences Managers,3,"Microsoft Office software, Microsoft PowerPoint, Reading Comprehension",Priority: Microsoft Office software -> Microsoft Office Essentials
1483,Layla Martin,Research & Development,Research Scientist,0.022,LOW,Natural Sciences Managers,4,"Microsoft Office software, Microsoft PowerPoint, Monitoring, Science",Priority: Microsoft Office software -> Microsoft Office Essentials
1484,Christopher Flores,Research & Development,Healthcare Representative,0.004,LOW,"Sales Representatives, Wholesale and Manufacturing, Technical and Scientific Products",2,"Active Listening, Reading Comprehension",Priority: Active Listening -> Active Listening for Managers
1485,Emily Hussain,Research & Development,Research Director,0.253,LOW,Natural Sciences Managers,4,"Active Listening, Reading Comprehension, Science, Writing",Priority: Active Listening -> Active Listening for Managers
1486,Priya Rodriguez (1486),Sales,Sales Representative,0.65,HIGH,"Sales Representatives of Services, Except Advertising, Insurance, Financial Services, and Travel",3,"Active Learning, Reading Comprehension, Writing",Priority: Reading Comprehension -> Business Writing & Comprehension
1487,Emily Wright,Sales,Sales Executive,0.99,HIGH,Sales Managers,2,"Active Learning, Microsoft Office software",Priority: Microsoft Office software -> Microsoft Office Essentials
1489,Melissa Anderson,Sales,Sales Executive,0.891,HIGH,Sales Managers,4,"Active Learning, Critical Thinking, Microsoft Excel, Speaking",Priority: Microsoft Excel -> Excel for Business Analysis (internal LMS)
1492,Klara Smith (1492),Sales,Sales Representative,0.632,HIGH,"Sales Representatives of Services, Except Advertising, Insurance, Financial Services, and Travel",1,Reading Comprehension,Priority: Reading Comprehension -> Business Writing & Comprehension
1494,Noor Kowalski (1494),Research & Development,Laboratory Technician,0.993,HIGH,Chemical Technicians,2,"Critical Thinking, Microsoft Excel",Priority: Microsoft Excel -> Excel for Business Analysis (internal LMS)
1495,Amit Singh,Sales,Sales Representative,0.386,MEDIUM,"Sales Representatives of Services, Except Advertising, Insurance, Financial Services, and Travel",3,"Active Learning, Salesforce software, Writing",Priority: Writing -> Business Writing Essentials
1496,Chen Scott,Research & Development,Manufacturing Director,0.71,HIGH,Industrial Production Managers,3,"Learning Strategies, Microsoft Outlook, Speaking",Priority: Microsoft Outlook -> Effective Email & Calendar Management
1497,Matthew Ramirez,Sales,Sales Executive,0.101,LOW,Sales Managers,2,"Microsoft Office software, Microsoft PowerPoint",Priority: Microsoft Office software -> Microsoft Office Essentials
1499,William Park,Human Resources,Human Resources,0.065,LOW,Human Resources Specialists,2,"Applicant tracking software, Microsoft Office software",Priority: Microsoft Office software -> Microsoft Office Essentials
1501,Ananya Gonzalez,Research & Development,Healthcare Representative,0.095,LOW,"Sales Representatives, Wholesale and Manufacturing, Technical and Scientific Products",4,"Active Learning, Microsoft Outlook, Speaking, Writing",Priority: Microsoft Outlook -> Effective Email & Calendar Management
1502,Matthew Smith,Research & Development,Laboratory Technician,0.68,HIGH,Chemical Technicians,2,"Microsoft Office software, Monitoring",Priority: Microsoft Office software -> Microsoft Office Essentials
1503,Zara Nguyen,Sales,Sales Executive,0.432,MEDIUM,Sales Managers,1,Critical Thinking,Priority: Critical Thinking -> Structured Problem Solving workshop
1504,David Malik,Research & Development,Laboratory Technician,0.979,HIGH,Chemical Technicians,2,"Microsoft Outlook, Science",Priority: Microsoft Outlook -> Effective Email & Calendar Management
1506,Olga Hussain,Research & Development,Research Scientist,0.384,MEDIUM,Natural Sciences Managers,4,"Active Listening, Critical Thinking, Microsoft Office software, Science",Priority: Critical Thinking -> Structured Problem Solving workshop
1507,Thomas Taylor,Sales,Sales Executive,0.497,MEDIUM,Sales Managers,2,"Critical Thinking, Microsoft PowerPoint",Priority: Critical Thinking -> Structured Problem Solving workshop
1509,Hassan Hall,Research & Development,Laboratory Technician,0.452,MEDIUM,Chemical Technicians,4,"Active Listening, Microsoft Office software, Reading Comprehension, Science",Priority: Active Listening -> Active Listening for Managers
1513,Ivan Thompson,Research & Development,Laboratory Technician,0.124,LOW,Chemical Technicians,3,"Active Listening, Microsoft Outlook, Writing",Priority: Active Listening -> Active Listening for Managers
1514,Zara Gupta,Research & Development,Manufacturing Director,0.281,LOW,Industrial Production Managers,3,"Microsoft PowerPoint, Reading Comprehension, Speaking",Priority: Reading Comprehension -> Business Writing & Comprehension
1515,Daniel Gonzalez,Research & Development,Healthcare Representative,0.31,MEDIUM,"Sales Representatives, Wholesale and Manufacturing, Technical and Scientific Products",3,"Microsoft Outlook, Salesforce software, Speaking",Priority: Microsoft Outlook -> Effective Email & Calendar Management
1516,Sofia Scott,Research & Development,Manager,0.125,LOW,General and Operations Managers,4,"Active Listening, Microsoft Excel, Reading Comprehension, Speaking",Priority: Microsoft Excel -> Excel for Business Analysis (internal LMS)
1520,Donald Ivanova,Research & Development,Manager,0.02,LOW,General and Operations Managers,2,"Critical Thinking, Microsoft Office software",Priority: Critical Thinking -> Structured Problem Solving workshop
1522,Mateo Martin,Research & Development,Research Scientist,0.834,HIGH,Natural Sciences Managers,2,"Microsoft Office software, Writing",Priority: Microsoft Office software -> Microsoft Office Essentials
1523,Hassan Rahman,Research & Development,Research Director,0.132,LOW,Natural Sciences Managers,3,"Critical Thinking, Monitoring, Reading Comprehension",Priority: Critical Thinking -> Structured Problem Solving workshop
1525,Sarah Davis,Research & Development,Manufacturing Director,0.163,LOW,Industrial Production Managers,3,"Microsoft Office software, Microsoft PowerPoint, Monitoring",Priority: Microsoft Office software -> Microsoft Office Essentials
1527,Emily Malik,Sales,Manager,0.167,LOW,General and Operations Managers,4,"Microsoft Office software, Microsoft PowerPoint, Monitoring, Speaking",Priority: Microsoft Office software -> Microsoft Office Essentials
1529,Barbara Reddy,Research & Development,Healthcare Representative,0.177,LOW,"Sales Representatives, Wholesale and Manufacturing, Technical and Scientific Products",4,"Microsoft Excel, Microsoft Outlook, Speaking, Writing",Priority: Microsoft Excel -> Excel for Business Analysis (internal LMS)
1533,Margaret Thomas,Research & Development,Laboratory Technician,0.875,HIGH,Chemical Technicians,4,"Active Listening, Microsoft Excel, Reading Comprehension, Writing",Priority: Microsoft Excel -> Excel for Business Analysis (internal LMS)
1534,Tran Rahman,Research & Development,Laboratory Technician,0.665,HIGH,Chemical Technicians,4,"Active Listening, Critical Thinking, Monitoring, Reading Comprehension",Priority: Critical Thinking -> Structured Problem Solving workshop
1535,Olga Adams,Sales,Sales Executive,0.749,HIGH,Sales Managers,2,"Reading Comprehension, Speaking",Priority: Reading Comprehension -> Business Writing & Comprehension
1537,Marta Ferrari,Research & Development,Research Scientist,0.483,MEDIUM,Natural Sciences Managers,4,"Active Listening, Critical Thinking, Monitoring, Science",Priority: Critical Thinking -> Structured Problem Solving workshop
1539,Patricia Gonzalez,Research & Development,Research Director,0.467,MEDIUM,Natural Sciences Managers,3,"Microsoft PowerPoint, Reading Comprehension, Science",Priority: Reading Comprehension -> Business Writing & Comprehension
1541,Diego Huang,Sales,Sales Representative,0.638,HIGH,"Sales Representatives of Services, Except Advertising, Insurance, Financial Services, and Travel",1,Active Listening,Priority: Active Listening -> Active Listening for Managers
1542,Lisa Hernandez,Research & Development,Laboratory Technician,0.555,MEDIUM,Chemical Technicians,2,"Microsoft Office software, Science",Priority: Microsoft Office software -> Microsoft Office Essentials
1543,Charles Zhao,Research & Development,Research Scientist,0.2,LOW,Natural Sciences Managers,2,"Microsoft Excel, Writing",Priority: Microsoft Excel -> Excel for Business Analysis (internal LMS)
1544,Emily Mitchell (1544),Research & Development,Healthcare Representative,0.059,LOW,"Sales Representatives, Wholesale and Manufacturing, Technical and Scientific Products",2,"Reading Comprehension, Salesforce software",Priority: Reading Comprehension -> Business Writing & Comprehension
1545,Lee Huang (1545),Research & Development,Manufacturing Director,0.449,MEDIUM,Industrial Production Managers,4,"Microsoft Outlook, Microsoft PowerPoint, Monitoring, Reading Comprehension",Priority: Reading Comprehension -> Business Writing & Comprehension
1546,Joseph Rao,Research & Development,Research Scientist,0.062,LOW,Natural Sciences Managers,4,"Critical Thinking, Monitoring, Science, Writing",Priority: Critical Thinking -> Structured Problem Solving workshop
1547,Ling Choi,Research & Development,Healthcare Representative,0.467,MEDIUM,"Sales Representatives, Wholesale and Manufacturing, Technical and Scientific Products",5,"Active Listening, Critical Thinking, Reading Comprehension, Salesforce software, Speaking",Priority: Critical Thinking -> Structured Problem Solving workshop
1548,Sarah Gonzalez,Sales,Sales Executive,0.502,MEDIUM,Sales Managers,4,"Active Learning, Critical Thinking, Microsoft Outlook, Monitoring",Priority: Critical Thinking -> Structured Problem Solving workshop
1549,Sergei Robinson,Research & Development,Laboratory Technician,0.836,HIGH,Chemical Technicians,2,"Active Listening, Reading Comprehension",Priority: Active Listening -> Active Listening for Managers
1550,Zhang Nguyen,Human Resources,Manager,0.21,LOW,General and Operations Managers,1,Microsoft Excel,Priority: Microsoft Excel -> Excel for Business Analysis (internal LMS)
1551,Charles Dubois (1551),Research & Development,Laboratory Technician,0.802,HIGH,Chemical Technicians,3,"Active Listening, Microsoft Outlook, Reading Comprehension",Priority: Active Listening -> Active Listening for Managers
1552,Barbara Thompson,Research & Development,Healthcare Representative,0.015,LOW,"Sales Representatives, Wholesale and Manufacturing, Technical and Scientific Products",2,"Critical Thinking, Writing",Priority: Critical Thinking -> Structured Problem Solving workshop
1553,Diego Shah,Research & Development,Healthcare Representative,0.212,LOW,"Sales Representatives, Wholesale and Manufacturing, Technical and Scientific Products",3,"Critical Thinking, Microsoft Office software, Writing",Priority: Critical Thinking -> Structured Problem Solving workshop
1554,Elena Nguyen,Sales,Sales Representative,0.558,MEDIUM,"Sales Representatives of Services, Except Advertising, Insurance, Financial Services, and Travel",1,Reading Comprehension,Priority: Reading Comprehension -> Business Writing & Comprehension
1555,William Ali,Research & Development,Research Scientist,0.163,LOW,Natural Sciences Managers,2,"Microsoft PowerPoint, Writing",Priority: Microsoft PowerPoint -> Presentation Design Fundamentals
1556,Hiro Kowalski,Sales,Sales Representative,0.738,HIGH,"Sales Representatives of Services, Except Advertising, Insurance, Financial Services, and Travel",4,"Microsoft Office software, Salesforce software, Speaking, Writing",Priority: Microsoft Office software -> Microsoft Office Essentials
1557,Diego Chen,Sales,Sales Executive,0.16,LOW,Sales Managers,1,Active Listening,Priority: Active Listening -> Active Listening for Managers
1558,Amanda Lewis,Research & Development,Research Scientist,0.31,MEDIUM,Natural Sciences Managers,3,"Active Listening, Critical Thinking, Writing",Priority: Critical Thinking -> Structured Problem Solving workshop
1560,Joseph Ibrahim,Sales,Sales Executive,0.297,LOW,Sales Managers,3,"Active Learning, Microsoft Excel, Microsoft Office software",Priority: Microsoft Excel -> Excel for Business Analysis (internal LMS)
1562,Matthew Choi,Sales,Sales Executive,0.352,MEDIUM,Sales Managers,5,"Active Learning, Microsoft Excel, Microsoft PowerPoint, Reading Comprehension, Speaking",Priority: Microsoft Excel -> Excel for Business Analysis (internal LMS)
1563,Fatima Adams,Human Resources,Human Resources,0.705,HIGH,Human Resources Specialists,4,"Applicant tracking software, Critical Thinking, Microsoft Office software, Reading Comprehension",Priority: Critical Thinking -> Structured Problem Solving workshop
1564,Emily Kumar,Research & Development,Laboratory Technician,0.542,MEDIUM,Chemical Technicians,4,"Critical Thinking, Microsoft Office software, Microsoft Outlook, Monitoring",Priority: Critical Thinking -> Structured Problem Solving workshop
1568,Ananya Nguyen,Sales,Sales Executive,0.698,HIGH,Sales Managers,4,"Microsoft Outlook, Microsoft PowerPoint, Reading Comprehension, Speaking",Priority: Reading Comprehension -> Business Writing & Comprehension
1569,Lee Reddy,Research & Development,Laboratory Technician,0.932,HIGH,Chemical Technicians,4,"Microsoft Excel, Microsoft Outlook, Reading Comprehension, Science",Priority: Microsoft Excel -> Excel for Business Analysis (internal LMS)
1572,Jessica Lee,Research & Development,Manufacturing Director,0.005,LOW,Industrial Production Managers,4,"Critical Thinking, Learning Strategies, Monitoring, Speaking",Priority: Critical Thinking -> Structured Problem Solving workshop
1573,Melissa Novak,Research & Development,Manufacturing Director,0.154,LOW,Industrial Production Managers,2,"Microsoft Office software, Monitoring",Priority: Microsoft Office software -> Microsoft Office Essentials
1574,Vikram Rossi,Research & Development,Research Scientist,0.154,LOW,Natural Sciences Managers,3,"Critical Thinking, Microsoft Excel, Microsoft Office software",Priority: Microsoft Excel -> Excel for Business Analysis (internal LMS)
1576,Kimberly Rahman,Research & Development,Research Scientist,0.269,LOW,Natural Sciences Managers,1,Science,Priority: Science -> Domain Science Fundamentals (role-specific)
1577,Sergei Kowalski (1577),Research & Development,Research Scientist,0.699,HIGH,Natural Sciences Managers,4,"Active Listening, Microsoft Office software, Monitoring, Science",Priority: Active Listening -> Active Listening for Managers
1578,Matthew Green,Sales,Manager,0.031,LOW,General and Operations Managers,4,"Active Learning, Active Listening, Microsoft Office software, Reading Comprehension",Priority: Active Listening -> Active Listening for Managers
1580,Donald Thompson,Research & Development,Research Scientist,0.333,MEDIUM,Natural Sciences Managers,3,"Microsoft Excel, Microsoft PowerPoint, Reading Comprehension",Priority: Microsoft Excel -> Excel for Business Analysis (internal LMS)
1581,Sanjay Nair (1581),Research & Development,Research Scientist,0.291,LOW,Natural Sciences Managers,3,"Microsoft PowerPoint, Monitoring, Writing",Priority: Monitoring -> Performance Monitoring & KPIs
1582,Brian Ferrari,Sales,Sales Executive,0.139,LOW,Sales Managers,4,"Active Learning, Active Listening, Reading Comprehension, Speaking",Priority: Active Listening -> Active Listening for Managers
1583,Ling Baker,Sales,Sales Executive,0.345,MEDIUM,Sales Managers,4,"Active Learning, Active Listening, Critical Thinking, Microsoft Excel",Priority: Microsoft Excel -> Excel for Business Analysis (internal LMS)
1585,Jonas Lee,Sales,Sales Executive,0.444,MEDIUM,Sales Managers,2,"Microsoft Office software, Microsoft PowerPoint",Priority: Microsoft Office software -> Microsoft Office Essentials
1586,Wang Ahmed,Research & Development,Laboratory Technician,0.688,HIGH,Chemical Technicians,2,"Critical Thinking, Microsoft Office software",Priority: Critical Thinking -> Structured Problem Solving workshop
1587,Dmitri Moore,Research & Development,Healthcare Representative,0.406,MEDIUM,"Sales Representatives, Wholesale and Manufacturing, Technical and Scientific Products",2,"Active Listening, Speaking",Priority: Active Listening -> Active Listening for Managers
1588,James Chen,Sales,Sales Executive,0.147,LOW,Sales Managers,1,Speaking,Priority: Speaking -> Public Speaking & Presentation Skills
1590,John Siddiqui,Research & Development,Healthcare Representative,0.058,LOW,"Sales Representatives, Wholesale and Manufacturing, Technical and Scientific Products",3,"Active Learning, Microsoft Excel, Microsoft Office software",Priority: Microsoft Excel -> Excel for Business Analysis (internal LMS)
1591,Tran Anderson,Sales,Manager,0.448,MEDIUM,General and Operations Managers,4,"Microsoft PowerPoint, Monitoring, Reading Comprehension, Speaking",Priority: Reading Comprehension -> Business Writing & Comprehension
1592,David Kowalski,Research & Development,Research Scientist,0.059,LOW,Natural Sciences Managers,3,"Critical Thinking, Science, Writing",Priority: Critical Thinking -> Structured Problem Solving workshop
1594,Anthony Kumar,Research & Development,Laboratory Technician,0.86,HIGH,Chemical Technicians,1,Microsoft Office software,Priority: Microsoft Office software -> Microsoft Office Essentials
1595,Susan Chen,Research & Development,Manager,0.03,LOW,General and Operations Managers,3,"Microsoft Excel, Microsoft PowerPoint, Monitoring",Priority: Microsoft Excel -> Excel for Business Analysis (internal LMS)
1596,Tariq Green,Research & Development,Laboratory Technician,0.359,MEDIUM,Chemical Technicians,1,Science,Priority: Science -> Domain Science Fundamentals (role-specific)
1597,Christopher Miller,Research & Development,Healthcare Representative,0.4,MEDIUM,"Sales Representatives, Wholesale and Manufacturing, Technical and Scientific Products",3,"Microsoft Outlook, Salesforce software, Writing",Priority: Microsoft Outlook -> Effective Email & Calendar Management
1598,Jun Hernandez,Sales,Sales Executive,0.248,LOW,Sales Managers,1,Microsoft Outlook,Priority: Microsoft Outlook -> Effective Email & Calendar Management
1599,Michelle Clark,Research & Development,Laboratory Technician,0.493,MEDIUM,Chemical Technicians,1,Microsoft Excel,Priority: Microsoft Excel -> Excel for Business Analysis (internal LMS)
1601,Camila Hussain,Research & Development,Laboratory Technician,0.084,LOW,Chemical Technicians,4,"Critical Thinking, Microsoft Excel, Microsoft Outlook, Reading Comprehension",Priority: Microsoft Excel -> Excel for Business Analysis (internal LMS)
1602,Donna Gupta,Sales,Manager,0.066,LOW,General and Operations Managers,1,Reading Comprehension,Priority: Reading Comprehension -> Business Writing & Comprehension
1604,Deborah Jackson (1604),Research & Development,Laboratory Technician,0.917,HIGH,Chemical Technicians,1,Writing,Priority: Writing -> Business Writing Essentials
1605,Michael Jones,Research & Development,Research Scientist,0.478,MEDIUM,Natural Sciences Managers,1,Reading Comprehension,Priority: Reading Comprehension -> Business Writing & Comprehension
1606,Richard Patel,Research & Development,Healthcare Representative,0.504,MEDIUM,"Sales Representatives, Wholesale and Manufacturing, Technical and Scientific Products",4,"Active Listening, Microsoft Excel, Speaking, Writing",Priority: Microsoft Excel -> Excel for Business Analysis (internal LMS)
1607,Brian Martin,Research & Development,Research Scientist,0.011,LOW,Natural Sciences Managers,3,"Active Listening, Microsoft Office software, Microsoft PowerPoint",Priority: Active Listening -> Active Listening for Managers
1608,Jennifer Hall (1608),Research & Development,Research Director,0.012,LOW,Natural Sciences Managers,3,"Critical Thinking, Microsoft PowerPoint, Monitoring",Priority: Critical Thinking -> Structured Problem Solving workshop
1609,Choi Torres,Research & Development,Research Scientist,0.525,MEDIUM,Natural Sciences Managers,3,"Critical Thinking, Microsoft Office software, Science",Priority: Critical Thinking -> Structured Problem Solving workshop
1611,Choi Liu,Research & Development,Laboratory Technician,0.924,HIGH,Chemical Technicians,4,"Critical Thinking, Monitoring, Reading Comprehension, Science",Priority: Critical Thinking -> Structured Problem Solving workshop
1612,Donna Rahman,Sales,Sales Executive,0.618,HIGH,Sales Managers,5,"Active Listening, Microsoft Outlook, Microsoft PowerPoint, Monitoring, Reading Comprehension",Priority: Active Listening -> Active Listening for Managers
1613,Lisa Shah,Sales,Sales Executive,0.517,MEDIUM,Sales Managers,2,"Critical Thinking, Microsoft PowerPoint",Priority: Critical Thinking -> Structured Problem Solving workshop
1614,Kenneth Jones,Research & Development,Manufacturing Director,0.771,HIGH,Industrial Production Managers,4,"Active Listening, Learning Strategies, Microsoft Outlook, Reading Comprehension",Priority: Active Listening -> Active Listening for Managers
1615,Noor Hernandez,Research & Development,Manufacturing Director,0.216,LOW,Industrial Production Managers,3,"Learning Strategies, Microsoft PowerPoint, Monitoring",Priority: Monitoring -> Performance Monitoring & KPIs
1617,Kim Shah,Research & Development,Laboratory Technician,0.242,LOW,Chemical Technicians,3,"Microsoft Office software, Monitoring, Reading Comprehension",Priority: Microsoft Office software -> Microsoft Office Essentials
1618,Ananya Park,Research & Development,Manufacturing Director,0.083,LOW,Industrial Production Managers,1,Microsoft Office software,Priority: Microsoft Office software -> Microsoft Office Essentials
1619,Diego Jones,Research & Development,Laboratory Technician,0.126,LOW,Chemical Technicians,1,Critical Thinking,Priority: Critical Thinking -> Structured Problem Solving workshop
1621,Priya Nair,Research & Development,Research Scientist,0.079,LOW,Natural Sciences Managers,4,"Active Listening, Microsoft PowerPoint, Reading Comprehension, Science",Priority: Active Listening -> Active Listening for Managers
1622,Kenneth Siddiqui,Research & Development,Manufacturing Director,0.601,HIGH,Industrial Production Managers,5,"Critical Thinking, Microsoft Excel, Microsoft Office software, Microsoft Outlook, Microsoft PowerPoint",Priority: Microsoft Excel -> Excel for Business Analysis (internal LMS)
1623,Brian Ramirez,Research & Development,Research Scientist,0.116,LOW,Natural Sciences Managers,2,"Critical Thinking, Reading Comprehension",Priority: Critical Thinking -> Structured Problem Solving workshop
1624,Camila Petrov,Sales,Sales Representative,0.97,HIGH,"Sales Representatives of Services, Except Advertising, Insurance, Financial Services, and Travel",4,"Critical Thinking, Microsoft Excel, Microsoft Office software, Reading Comprehension",Priority: Microsoft Excel -> Excel for Business Analysis (internal LMS)
1625,Ananya Dubois,Human Resources,Manager,0.04,LOW,General and Operations Managers,1,Speaking,Priority: Speaking -> Public Speaking & Presentation Skills
1627,Sergei King,Research & Development,Laboratory Technician,0.074,LOW,Chemical Technicians,2,"Microsoft Excel, Microsoft Outlook",Priority: Microsoft Excel -> Excel for Business Analysis (internal LMS)
1628,Layla Hassan,Research & Development,Manufacturing Director,0.197,LOW,Industrial Production Managers,2,"Critical Thinking, Microsoft PowerPoint",Priority: Critical Thinking -> Structured Problem Solving workshop
1630,Layla Moore,Research & Development,Healthcare Representative,0.003,LOW,"Sales Representatives, Wholesale and Manufacturing, Technical and Scientific Products",5,"Active Listening, Microsoft Office software, Reading Comprehension, Salesforce software, Writing",Priority: Active Listening -> Active Listening for Managers
1631,Yusuf Garcia,Research & Development,Manufacturing Director,0.127,LOW,Industrial Production Managers,3,"Active Listening, Monitoring, Speaking",Priority: Active Listening -> Active Listening for Managers
1633,Anthony Petrov,Research & Development,Manufacturing Director,0.335,MEDIUM,Industrial Production Managers,5,"Active Listening, Learning Strategies, Monitoring, Reading Comprehension, Speaking",Priority: Active Listening -> Active Listening for Managers
1635,Thomas Malik,Research & Development,Manufacturing Director,0.003,LOW,Industrial Production Managers,4,"Microsoft Excel, Microsoft Office software, Microsoft PowerPoint, Monitoring",Priority: Microsoft Excel -> Excel for Business Analysis (internal LMS)
1638,Choi Davis,Research & Development,Manufacturing Director,0.116,LOW,Industrial Production Managers,1,Learning Strategies,Priority: Learning Strategies -> Instructional Design Basics
1639,Lee Carter,Sales,Sales Executive,0.81,HIGH,Sales Managers,4,"Critical Thinking, Microsoft Office software, Monitoring, Speaking",Priority: Critical Thinking -> Structured Problem Solving workshop
1640,Michael Harris,Research & Development,Research Scientist,0.313,MEDIUM,Natural Sciences Managers,2,"Microsoft Office software, Reading Comprehension",Priority: Microsoft Office software -> Microsoft Office Essentials
1641,Joseph Rahman,Research & Development,Manufacturing Director,0.621,HIGH,Industrial Production Managers,1,Reading Comprehension,Priority: Reading Comprehension -> Business Writing & Comprehension
1642,Kim Thomas,Human Resources,Human Resources,0.902,HIGH,Human Resources Specialists,2,"Applicant tracking software, Speaking",Priority: Speaking -> Public Speaking & Presentation Skills
1644,Diego Rossi,Research & Development,Manager,0.03,LOW,General and Operations Managers,4,"Active Learning, Active Listening, Reading Comprehension, Speaking",Priority: Active Listening -> Active Listening for Managers
1645,Chen Ali (1645),Sales,Sales Executive,0.851,HIGH,Sales Managers,2,"Microsoft Excel, Monitoring",Priority: Microsoft Excel -> Excel for Business Analysis (internal LMS)
1646,Patricia Nair,Research & Development,Research Scientist,0.882,HIGH,Natural Sciences Managers,2,"Microsoft Office software, Science",Priority: Microsoft Office software -> Microsoft Office Essentials
1647,Ivan Nair,Research & Development,Research Scientist,0.35,MEDIUM,Natural Sciences Managers,2,"Microsoft Office software, Monitoring",Priority: Microsoft Office software -> Microsoft Office Essentials
1648,Wang Muller,Research & Development,Research Scientist,0.319,MEDIUM,Natural Sciences Managers,4,"Critical Thinking, Microsoft Excel, Monitoring, Reading Comprehension",Priority: Microsoft Excel -> Excel for Business Analysis (internal LMS)
1649,Anna Petrov,Research & Development,Laboratory Technician,0.928,HIGH,Chemical Technicians,3,"Critical Thinking, Microsoft Excel, Microsoft Outlook",Priority: Microsoft Excel -> Excel for Business Analysis (internal LMS)
1650,Liu Flores,Sales,Sales Executive,0.856,HIGH,Sales Managers,3,"Critical Thinking, Microsoft Outlook, Monitoring",Priority: Critical Thinking -> Structured Problem Solving workshop
1651,Sandra Roberts (1651),Research & Development,Healthcare Representative,0.094,LOW,"Sales Representatives, Wholesale and Manufacturing, Technical and Scientific Products",5,"Critical Thinking, Microsoft Excel, Microsoft Office software, Reading Comprehension, Speaking",Priority: Microsoft Excel -> Excel for Business Analysis (internal LMS)
1653,Tran Petrov (1653),Research & Development,Manufacturing Director,0.007,LOW,Industrial Production Managers,4,"Critical Thinking, Learning Strategies, Microsoft Office software, Reading Comprehension",Priority: Critical Thinking -> Structured Problem Solving workshop
1654,Liu Baker,Research & Development,Manufacturing Director,0.263,LOW,Industrial Production Managers,5,"Active Listening, Learning Strategies, Microsoft Office software, Microsoft Outlook, Reading Comprehension",Priority: Active Listening -> Active Listening for Managers
1655,Stephanie Khan (1655),Research & Development,Research Director,0.015,LOW,Natural Sciences Managers,1,Critical Thinking,Priority: Critical Thinking -> Structured Problem Solving workshop
1656,William Smith (1656),Research & Development,Research Director,0.003,LOW,Natural Sciences Managers,3,"Microsoft PowerPoint, Reading Comprehension, Science",Priority: Reading Comprehension -> Business Writing & Comprehension
1657,Karen Huang (1657),Sales,Sales Representative,0.533,MEDIUM,"Sales Representatives of Services, Except Advertising, Insurance, Financial Services, and Travel",2,"Active Listening, Writing",Priority: Active Listening -> Active Listening for Managers
1658,Anthony Rahman,Research & Development,Research Scientist,0.037,LOW,Natural Sciences Managers,3,"Active Listening, Critical Thinking, Science",Priority: Critical Thinking -> Structured Problem Solving workshop
1659,Steven Scott,Research & Development,Laboratory Technician,0.456,MEDIUM,Chemical Technicians,2,"Microsoft Office software, Reading Comprehension",Priority: Microsoft Office software -> Microsoft Office Essentials
1661,Mark Hill,Research & Development,Healthcare Representative,0.045,LOW,"Sales Representatives, Wholesale and Manufacturing, Technical and Scientific Products",4,"Critical Thinking, Microsoft Excel, Reading Comprehension, Salesforce software",Priority: Microsoft Excel -> Excel for Business Analysis (internal LMS)
1662,Sandra Nair,Research & Development,Manufacturing Director,0.01,LOW,Industrial Production Managers,5,"Learning Strategies, Microsoft Office software, Microsoft Outlook, Microsoft PowerPoint, Reading Comprehension",Priority: Microsoft Office software -> Microsoft Office Essentials
1664,Anna Siddiqui,Research & Development,Healthcare Representative,0.027,LOW,"Sales Representatives, Wholesale and Manufacturing, Technical and Scientific Products",1,Microsoft Office software,Priority: Microsoft Office software -> Microsoft Office Essentials
1665,Barbara Shah,Research & Development,Manager,0.01,LOW,General and Operations Managers,4,"Active Learning, Active Listening, Microsoft Excel, Microsoft PowerPoint",Priority: Microsoft Excel -> Excel for Business Analysis (internal LMS)
1666,Mark Martin,Research & Development,Research Director,0.018,LOW,Natural Sciences Managers,4,"Active Listening, Microsoft PowerPoint, Monitoring, Science",Priority: Active Listening -> Active Listening for Managers
1667,Jonas Wilson,Sales,Sales Executive,0.58,MEDIUM,Sales Managers,3,"Active Listening, Microsoft Outlook, Monitoring",Priority: Active Listening -> Active Listening for Managers
1668,Charles Ahmed,Research & Development,Research Scientist,0.012,LOW,Natural Sciences Managers,2,"Microsoft Excel, Microsoft PowerPoint",Priority: Microsoft Excel -> Excel for Business Analysis (internal LMS)
1669,Kevin Kowalski,Sales,Sales Executive,0.767,HIGH,Sales Managers,3,"Critical Thinking, Microsoft Excel, Microsoft Outlook",Priority: Microsoft Excel -> Excel for Business Analysis (internal LMS)
1670,Margaret Robinson,Sales,Sales Executive,0.026,LOW,Sales Managers,2,"Active Listening, Microsoft Excel",Priority: Microsoft Excel -> Excel for Business Analysis (internal LMS)
1671,Marta Williams,Research & Development,Research Scientist,0.029,LOW,Natural Sciences Managers,4,"Microsoft Office software, Microsoft PowerPoint, Monitoring, Writing",Priority: Microsoft Office software -> Microsoft Office Essentials
1673,Pooja Taylor,Sales,Sales Executive,0.256,LOW,Sales Managers,4,"Active Listening, Microsoft Excel, Microsoft PowerPoint, Reading Comprehension",Priority: Microsoft Excel -> Excel for Business Analysis (internal LMS)
1674,Paul Ramirez (1674),Research & Development,Laboratory Technician,0.473,MEDIUM,Chemical Technicians,4,"Active Listening, Microsoft Office software, Microsoft Outlook, Reading Comprehension",Priority: Active Listening -> Active Listening for Managers
1675,Kevin Martin,Research & Development,Laboratory Technician,0.676,HIGH,Chemical Technicians,3,"Critical Thinking, Microsoft Outlook, Monitoring",Priority: Critical Thinking -> Structured Problem Solving workshop
1676,Mei Yang,Sales,Manager,0.017,LOW,General and Operations Managers,3,"Critical Thinking, Microsoft Office software, Monitoring",Priority: Critical Thinking -> Structured Problem Solving workshop
1677,Stephanie Khan (1677),Research & Development,Manager,0.149,LOW,General and Operations Managers,2,"Active Listening, Microsoft PowerPoint",Priority: Active Listening -> Active Listening for Managers
1678,Amit Chen,Sales,Sales Executive,0.32,MEDIUM,Sales Managers,2,"Microsoft Office software, Reading Comprehension",Priority: Microsoft Office software -> Microsoft Office Essentials
1680,Paul Wilson,Sales,Sales Representative,0.776,HIGH,"Sales Representatives of Services, Except Advertising, Insurance, Financial Services, and Travel",4,"Microsoft Excel, Reading Comprehension, Salesforce software, Writing",Priority: Microsoft Excel -> Excel for Business Analysis (internal LMS)
1681,Joshua Jones,Sales,Sales Executive,0.131,LOW,Sales Managers,2,"Active Learning, Monitoring",Priority: Monitoring -> Performance Monitoring & KPIs
1682,Klara Shah (1682),Research & Development,Healthcare Representative,0.254,LOW,"Sales Representatives, Wholesale and Manufacturing, Technical and Scientific Products",2,"Microsoft Excel, Salesforce software",Priority: Microsoft Excel -> Excel for Business Analysis (internal LMS)
1683,Liu Davis,Human Resources,Human Resources,0.102,LOW,Human Resources Specialists,4,"Active Listening, Applicant tracking software, Critical Thinking, Microsoft Excel",Priority: Microsoft Excel -> Excel for Business Analysis (internal LMS)
1684,Ling Young,Research & Development,Laboratory Technician,0.911,HIGH,Chemical Technicians,1,Microsoft Outlook,Priority: Microsoft Outlook -> Effective Email & Calendar Management
1687,Hassan Thomas,Research & Development,Laboratory Technician,0.166,LOW,Chemical Technicians,2,"Microsoft Outlook, Monitoring",Priority: Monitoring -> Performance Monitoring & KPIs
1689,Amit Rao,Research & Development,Healthcare Representative,0.063,LOW,"Sales Representatives, Wholesale and Manufacturing, Technical and Scientific Products",2,"Microsoft Excel, Speaking",Priority: Microsoft Excel -> Excel for Business Analysis (internal LMS)
1691,Kenneth Jackson,Sales,Sales Representative,0.458,MEDIUM,"Sales Representatives of Services, Except Advertising, Insurance, Financial Services, and Travel",2,"Critical Thinking, Microsoft Office software",Priority: Critical Thinking -> Structured Problem Solving workshop
1692,Piotr Novak,Research & Development,Laboratory Technician,0.724,HIGH,Chemical Technicians,4,"Critical Thinking, Microsoft Outlook, Science, Writing",Priority: Critical Thinking -> Structured Problem Solving workshop
1693,Tariq Garcia (1693),Research & Development,Laboratory Technician,0.058,LOW,Chemical Technicians,3,"Active Listening, Reading Comprehension, Science",Priority: Active Listening -> Active Listening for Managers
1694,Kevin Thomas,Research & Development,Research Scientist,0.411,MEDIUM,Natural Sciences Managers,2,"Microsoft PowerPoint, Writing",Priority: Microsoft PowerPoint -> Presentation Design Fundamentals
1696,Zhang Reddy,Research & Development,Laboratory Technician,0.105,LOW,Chemical Technicians,2,"Active Listening, Science",Priority: Active Listening -> Active Listening for Managers
1697,Richard Jones,Research & Development,Healthcare Representative,0.024,LOW,"Sales Representatives, Wholesale and Manufacturing, Technical and Scientific Products",2,"Microsoft Outlook, Salesforce software",Priority: Microsoft Outlook -> Effective Email & Calendar Management
1698,David Kumar,Research & Development,Laboratory Technician,0.045,LOW,Chemical Technicians,2,"Critical Thinking, Reading Comprehension",Priority: Critical Thinking -> Structured Problem Solving workshop
1700,Andrew Rivera,Sales,Sales Executive,0.255,LOW,Sales Managers,5,"Critical Thinking, Microsoft Office software, Microsoft Outlook, Microsoft PowerPoint, Speaking",Priority: Critical Thinking -> Structured Problem Solving workshop
1701,Amanda Torres,Research & Development,Research Scientist,0.222,LOW,Natural Sciences Managers,3,"Active Listening, Microsoft Office software, Writing",Priority: Active Listening -> Active Listening for Managers
1702,Betty Choi,Sales,Sales Representative,0.726,HIGH,"Sales Representatives of Services, Except Advertising, Insurance, Financial Services, and Travel",2,"Microsoft Excel, Reading Comprehension",Priority: Microsoft Excel -> Excel for Business Analysis (internal LMS)
1703,Robert Ibrahim,Research & Development,Healthcare Representative,0.068,LOW,"Sales Representatives, Wholesale and Manufacturing, Technical and Scientific Products",1,Active Learning,Priority: Active Learning -> Learning How to Learn
1704,Patricia Harris,Research & Development,Research Scientist,0.687,HIGH,Natural Sciences Managers,3,"Active Listening, Critical Thinking, Microsoft PowerPoint",Priority: Critical Thinking -> Structured Problem Solving workshop
1706,Wang Ferrari,Sales,Sales Executive,0.24,LOW,Sales Managers,5,"Critical Thinking, Microsoft Outlook, Microsoft PowerPoint, Reading Comprehension, Speaking",Priority: Critical Thinking -> Structured Problem Solving workshop
1707,Ivan Johnson,Research & Development,Research Scientist,0.052,LOW,Natural Sciences Managers,1,Active Listening,Priority: Active Listening -> Active Listening for Managers
1708,Richard Scott,Sales,Sales Executive,0.456,MEDIUM,Sales Managers,3,"Microsoft Excel, Microsoft Office software, Reading Comprehension",Priority: Microsoft Excel -> Excel for Business Analysis (internal LMS)
1709,Aisha Perez,Research & Development,Laboratory Technician,0.418,MEDIUM,Chemical Technicians,4,"Active Listening, Microsoft Outlook, Monitoring, Reading Comprehension",Priority: Active Listening -> Active Listening for Managers
1710,Michelle Malik,Sales,Sales Representative,0.5,MEDIUM,"Sales Representatives of Services, Except Advertising, Insurance, Financial Services, and Travel",2,"Critical Thinking, Microsoft Excel",Priority: Microsoft Excel -> Excel for Business Analysis (internal LMS)
1712,Paul Ali,Research & Development,Healthcare Representative,0.014,LOW,"Sales Representatives, Wholesale and Manufacturing, Technical and Scientific Products",3,"Active Learning, Microsoft Outlook, Reading Comprehension",Priority: Reading Comprehension -> Business Writing & Comprehension
1714,William Johnson (1714),Human Resources,Human Resources,0.889,HIGH,Human Resources Specialists,4,"Active Listening, Critical Thinking, Microsoft Outlook, Writing",Priority: Critical Thinking -> Structured Problem Solving workshop
1716,Yuki Jackson,Sales,Sales Executive,0.946,HIGH,Sales Managers,4,"Active Learning, Active Listening, Microsoft Excel, Monitoring",Priority: Microsoft Excel -> Excel for Business Analysis (internal LMS)
1718,Sarah Scott,Research & Development,Laboratory Technician,0.288,LOW,Chemical Technicians,3,"Microsoft Excel, Science, Writing",Priority: Microsoft Excel -> Excel for Business Analysis (internal LMS)
1719,David Walker (1719),Research & Development,Research Director,0.177,LOW,Natural Sciences Managers,2,"Science, Writing",Priority: Writing -> Business Writing Essentials
1720,Margaret Harris (1720),Research & Development,Research Scientist,0.647,HIGH,Natural Sciences Managers,4,"Critical Thinking, Microsoft PowerPoint, Monitoring, Reading Comprehension",Priority: Critical Thinking -> Structured Problem Solving workshop
1721,Mary Sanchez,Research & Development,Laboratory Technician,0.157,LOW,Chemical Technicians,3,"Microsoft Excel, Monitoring, Science",Priority: Microsoft Excel -> Excel for Business Analysis (internal LMS)
1722,William Iyer,Human Resources,Human Resources,0.363,MEDIUM,Human Resources Specialists,4,"Active Learning, Active Listening, Critical Thinking, Writing",Priority: Critical Thinking -> Structured Problem Solving workshop
1724,Joseph Flores,Research & Development,Manufacturing Director,0.413,MEDIUM,Industrial Production Managers,2,"Microsoft Outlook, Microsoft PowerPoint",Priority: Microsoft PowerPoint -> Presentation Design Fundamentals
1725,Ashley Johnson,Research & Development,Laboratory Technician,0.65,HIGH,Chemical Technicians,4,"Active Listening, Critical Thinking, Reading Comprehension, Writing",Priority: Critical Thinking -> Structured Problem Solving workshop
1727,Ravi Schmidt,Research & Development,Healthcare Representative,0.051,LOW,"Sales Representatives, Wholesale and Manufacturing, Technical and Scientific Products",4,"Active Listening, Critical Thinking, Microsoft Excel, Microsoft Outlook",Priority: Microsoft Excel -> Excel for Business Analysis (internal LMS)
1728,Jennifer Hall (1728),Research & Development,Manufacturing Director,0.014,LOW,Industrial Production Managers,2,"Critical Thinking, Reading Comprehension",Priority: Critical Thinking -> Structured Problem Solving workshop
1729,Barbara Siddiqui,Research & Development,Research Scientist,0.128,LOW,Natural Sciences Managers,4,"Critical Thinking, Microsoft Excel, Microsoft Office software, Microsoft PowerPoint",Priority: Microsoft Excel -> Excel for Business Analysis (internal LMS)
1731,Pooja Zhao,Sales,Sales Executive,0.405,MEDIUM,Sales Managers,4,"Microsoft Excel, Monitoring, Reading Comprehension, Speaking",Priority: Microsoft Excel -> Excel for Business Analysis (internal LMS)
1732,Daniel Dubois,Sales,Sales Executive,0.3,MEDIUM,Sales Managers,5,"Active Listening, Microsoft Excel, Microsoft Office software, Microsoft Outlook, Monitoring",Priority: Microsoft Excel -> Excel for Business Analysis (internal LMS)
1733,Diego Wang,Sales,Sales Executive,0.603,HIGH,Sales Managers,4,"Active Learning, Critical Thinking, Microsoft Outlook, Microsoft PowerPoint",Priority: Critical Thinking -> Structured Problem Solving workshop
1734,Jennifer Park,Sales,Sales Executive,0.901,HIGH,Sales Managers,4,"Active Listening, Microsoft Excel, Microsoft Outlook, Microsoft PowerPoint",Priority: Microsoft Excel -> Excel for Business Analysis (internal LMS)
1735,Klara Young,Research & Development,Laboratory Technician,0.744,HIGH,Chemical Technicians,2,"Active Listening, Critical Thinking",Priority: Critical Thinking -> Structured Problem Solving workshop
1736,Arjun White (1736),Research & Development,Manufacturing Director,0.317,MEDIUM,Industrial Production Managers,5,"Critical Thinking, Learning Strategies, Microsoft Office software, Microsoft PowerPoint, Reading Comprehension",Priority: Critical Thinking -> Structured Problem Solving workshop
1737,Linda Taylor,Research & Development,Laboratory Technician,0.11,LOW,Chemical Technicians,2,"Critical Thinking, Monitoring",Priority: Critical Thinking -> Structured Problem Solving workshop
1739,Chen Perez,Sales,Sales Executive,0.607,HIGH,Sales Managers,3,"Active Listening, Microsoft Office software, Speaking",Priority: Active Listening -> Active Listening for Managers
1740,Margaret Clark (1740),Sales,Manager,0.732,HIGH,General and Operations Managers,3,"Active Listening, Critical Thinking, Reading Comprehension",Priority: Critical Thinking -> Structured Problem Solving workshop
1744,Nancy Shah,Human Resources,Human Resources,0.251,LOW,Human Resources Specialists,4,"Active Learning, Critical Thinking, Reading Comprehension, Writing",Priority: Critical Thinking -> Structured Problem Solving workshop
1745,Klara Malik,Research & Development,Research Scientist,0.122,LOW,Natural Sciences Managers,2,"Active Listening, Microsoft Office software",Priority: Active Listening -> Active Listening for Managers
1746,Michael Huang,Human Resources,Human Resources,0.421,MEDIUM,Human Resources Specialists,1,Microsoft Outlook,Priority: Microsoft Outlook -> Effective Email & Calendar Management
1747,John Ali,Human Resources,Human Resources,0.77,HIGH,Human Resources Specialists,5,"Active Listening, Applicant tracking software, Microsoft Excel, Reading Comprehension, Writing",Priority: Microsoft Excel -> Excel for Business Analysis (internal LMS)
1749,Timothy Lopez,Sales,Sales Executive,0.374,MEDIUM,Sales Managers,2,"Critical Thinking, Monitoring",Priority: Critical Thinking -> Structured Problem Solving workshop
1751,Tariq Ferrari,Research & Development,Research Scientist,0.1,LOW,Natural Sciences Managers,2,"Critical Thinking, Reading Comprehension",Priority: Critical Thinking -> Structured Problem Solving workshop
1752,Wei Perez,Sales,Sales Representative,0.896,HIGH,"Sales Representatives of Services, Except Advertising, Insurance, Financial Services, and Travel",2,"Active Learning, Critical Thinking",Priority: Critical Thinking -> Structured Problem Solving workshop
1753,Park Chowdhury,Research & Development,Healthcare Representative,0.417,MEDIUM,"Sales Representatives, Wholesale and Manufacturing, Technical and Scientific Products",4,"Microsoft Office software, Reading Comprehension, Speaking, Writing",Priority: Microsoft Office software -> Microsoft Office Essentials
1754,Sofia Hill (1754),Sales,Sales Executive,0.367,MEDIUM,Sales Managers,2,"Critical Thinking, Reading Comprehension",Priority: Critical Thinking -> Structured Problem Solving workshop
1755,Patricia Hussain (1755),Research & Development,Research Scientist,0.128,LOW,Natural Sciences Managers,4,"Microsoft Office software, Microsoft PowerPoint, Monitoring, Science",Priority: Microsoft Office software -> Microsoft Office Essentials
1756,Zara Rodriguez,Sales,Sales Executive,0.126,LOW,Sales Managers,2,"Active Learning, Microsoft Excel",Priority: Microsoft Excel -> Excel for Business Analysis (internal LMS)
1757,Yuki Hall,Sales,Sales Executive,0.076,LOW,Sales Managers,5,"Active Learning, Active Listening, Critical Thinking, Microsoft Outlook, Speaking",Priority: Critical Thinking -> Structured Problem Solving workshop
1758,Ling Zhao,Sales,Sales Executive,0.974,HIGH,Sales Managers,5,"Critical Thinking, Microsoft Office software, Microsoft PowerPoint, Monitoring, Speaking",Priority: Critical Thinking -> Structured Problem Solving workshop
1760,Brian Liu,Research & Development,Laboratory Technician,0.472,MEDIUM,Chemical Technicians,4,"Microsoft Excel, Microsoft Office software, Science, Writing",Priority: Microsoft Excel -> Excel for Business Analysis (internal LMS)
1761,Jun Young,Sales,Sales Executive,0.618,HIGH,Sales Managers,5,"Active Listening, Critical Thinking, Microsoft Outlook, Microsoft PowerPoint, Monitoring",Priority: Critical Thinking -> Structured Problem Solving workshop
1762,Joseph Kim,Research & Development,Research Scientist,0.361,MEDIUM,Natural Sciences Managers,2,"Microsoft PowerPoint, Monitoring",Priority: Monitoring -> Performance Monitoring & KPIs
1763,Stephanie Rodriguez,Research & Development,Healthcare Representative,0.044,LOW,"Sales Representatives, Wholesale and Manufacturing, Technical and Scientific Products",2,"Active Learning, Active Listening",Priority: Active Listening -> Active Listening for Managers
1764,Thomas Clark,Research & Development,Research Scientist,0.055,LOW,Natural Sciences Managers,3,"Active Listening, Microsoft Excel, Monitoring",Priority: Microsoft Excel -> Excel for Business Analysis (internal LMS)
1766,Wang Gonzalez,Research & Development,Healthcare Representative,0.625,HIGH,"Sales Representatives, Wholesale and Manufacturing, Technical and Scientific Products",4,"Microsoft Office software, Reading Comprehension, Speaking, Writing",Priority: Microsoft Office software -> Microsoft Office Essentials
1767,Ashley Reddy,Research & Development,Research Scientist,0.938,HIGH,Natural Sciences Managers,3,"Microsoft Office software, Microsoft PowerPoint, Science",Priority: Microsoft Office software -> Microsoft Office Essentials
1768,Paul Roberts,Research & Development,Laboratory Technician,0.347,MEDIUM,Chemical Technicians,4,"Microsoft Excel, Microsoft Office software, Microsoft Outlook, Reading Comprehension",Priority: Microsoft Excel -> Excel for Business Analysis (internal LMS)
1770,Lee Moreau,Research & Development,Research Director,0.05,LOW,Natural Sciences Managers,3,"Microsoft Excel, Microsoft Office software, Microsoft PowerPoint",Priority: Microsoft Excel -> Excel for Business Analysis (internal LMS)
1771,Wei Thompson,Research & Development,Research Scientist,0.026,LOW,Natural Sciences Managers,2,"Active Listening, Writing",Priority: Active Listening -> Active Listening for Managers
1772,Margaret Clark (1772),Research & Development,Laboratory Technician,0.193,LOW,Chemical Technicians,4,"Microsoft Excel, Microsoft Office software, Science, Writing",Priority: Microsoft Excel -> Excel for Business Analysis (internal LMS)
1774,Olga Mitchell,Sales,Sales Executive,0.018,LOW,Sales Managers,3,"Active Listening, Microsoft Outlook, Speaking",Priority: Active Listening -> Active Listening for Managers
1775,Sandra Singh (1775),Research & Development,Manufacturing Director,0.093,LOW,Industrial Production Managers,3,"Microsoft Office software, Microsoft PowerPoint, Monitoring",Priority: Microsoft Office software -> Microsoft Office Essentials
1778,Mark Harris,Human Resources,Human Resources,0.054,LOW,Human Resources Specialists,4,"Critical Thinking, Reading Comprehension, Speaking, Writing",Priority: Critical Thinking -> Structured Problem Solving workshop
1779,Nancy Iyer,Sales,Sales Executive,0.435,MEDIUM,Sales Managers,1,Critical Thinking,Priority: Critical Thinking -> Structured Problem Solving workshop
1780,Brian Green (1780),Sales,Sales Representative,0.973,HIGH,"Sales Representatives of Services, Except Advertising, Insurance, Financial Services, and Travel",2,"Salesforce software, Writing",Priority: Writing -> Business Writing Essentials
1782,Jonas Patel,Research & Development,Laboratory Technician,0.065,LOW,Chemical Technicians,3,"Microsoft Excel, Monitoring, Science",Priority: Microsoft Excel -> Excel for Business Analysis (internal LMS)
1783,Sofia Thomas,Research & Development,Laboratory Technician,0.851,HIGH,Chemical Technicians,2,"Critical Thinking, Microsoft Excel",Priority: Microsoft Excel -> Excel for Business Analysis (internal LMS)
1784,Elena Taylor,Sales,Sales Executive,0.525,MEDIUM,Sales Managers,4,"Active Listening, Microsoft Excel, Microsoft Office software, Monitoring",Priority: Microsoft Excel -> Excel for Business Analysis (internal LMS)
1786,Zhang Perez,Research & Development,Manager,0.055,LOW,General and Operations Managers,3,"Active Learning, Active Listening, Microsoft PowerPoint",Priority: Active Listening -> Active Listening for Managers
1787,Lisa Ivanova,Sales,Sales Executive,0.532,MEDIUM,Sales Managers,2,"Active Listening, Microsoft Outlook",Priority: Active Listening -> Active Listening for Managers
1789,Zhang Kim,Research & Development,Research Director,0.035,LOW,Natural Sciences Managers,1,Science,Priority: Science -> Domain Science Fundamentals (role-specific)
1790,Mei Carter (1790),Research & Development,Healthcare Representative,0.546,MEDIUM,"Sales Representatives, Wholesale and Manufacturing, Technical and Scientific Products",4,"Active Listening, Microsoft Excel, Speaking, Writing",Priority: Microsoft Excel -> Excel for Business Analysis (internal LMS)
1792,Kevin Petrov,Research & Development,Research Scientist,0.38,MEDIUM,Natural Sciences Managers,4,"Microsoft Office software, Microsoft PowerPoint, Monitoring, Writing",Priority: Microsoft Office software -> Microsoft Office Essentials
1794,Choi Moore,Human Resources,Human Resources,0.068,LOW,Human Resources Specialists,2,"Active Learning, Critical Thinking",Priority: Critical Thinking -> Structured Problem Solving workshop
1797,Sandra Jones,Sales,Sales Executive,0.77,HIGH,Sales Managers,2,"Microsoft Excel, Speaking",Priority: Microsoft Excel -> Excel for Business Analysis (internal LMS)
1798,Ivan Yang,Research & Development,Research Scientist,0.129,LOW,Natural Sciences Managers,2,"Microsoft Office software, Science",Priority: Microsoft Office software -> Microsoft Office Essentials
1799,Tran Kim,Research & Development,Research Scientist,0.016,LOW,Natural Sciences Managers,2,"Active Listening, Microsoft Office software",Priority: Active Listening -> Active Listening for Managers
1800,Charles Yang,Research & Development,Research Director,0.081,LOW,Natural Sciences Managers,3,"Microsoft Office software, Reading Comprehension, Science",Priority: Microsoft Office software -> Microsoft Office Essentials
1801,Daniel Torres (1801),Sales,Sales Executive,0.568,MEDIUM,Sales Managers,2,"Microsoft Excel, Reading Comprehension",Priority: Microsoft Excel -> Excel for Business Analysis (internal LMS)
1802,Aisha Hall,Research & Development,Laboratory Technician,0.19,LOW,Chemical Technicians,1,Writing,Priority: Writing -> Business Writing Essentials
1803,Wang Liu,Research & Development,Healthcare Representative,0.17,LOW,"Sales Representatives, Wholesale and Manufacturing, Technical and Scientific Products",3,"Active Listening, Microsoft Excel, Writing",Priority: Microsoft Excel -> Excel for Business Analysis (internal LMS)
1804,Olga Shah,Research & Development,Manufacturing Director,0.002,LOW,Industrial Production Managers,5,"Active Listening, Microsoft Excel, Microsoft Office software, Microsoft Outlook, Monitoring",Priority: Microsoft Excel -> Excel for Business Analysis (internal LMS)
1805,Christopher Scott,Human Resources,Human Resources,0.046,LOW,Human Resources Specialists,4,"Active Listening, Applicant tracking software, Microsoft Office software, Microsoft Outlook",Priority: Active Listening -> Active Listening for Managers
1807,Patricia Thomas,Research & Development,Laboratory Technician,0.506,MEDIUM,Chemical Technicians,3,"Active Listening, Microsoft Office software, Microsoft Outlook",Priority: Active Listening -> Active Listening for Managers
1809,Priya Harris (1809),Research & Development,Manufacturing Director,0.241,LOW,Industrial Production Managers,1,Critical Thinking,Priority: Critical Thinking -> Structured Problem Solving workshop
1812,Fatima Petrov,Sales,Sales Executive,0.058,LOW,Sales Managers,2,"Microsoft Outlook, Speaking",Priority: Microsoft Outlook -> Effective Email & Calendar Management
1813,Ananya Iyer,Research & Development,Research Scientist,0.228,LOW,Natural Sciences Managers,4,"Critical Thinking, Microsoft Office software, Microsoft PowerPoint, Monitoring",Priority: Critical Thinking -> Structured Problem Solving workshop
1814,Melissa Farooq,Research & Development,Healthcare Representative,0.275,LOW,"Sales Representatives, Wholesale and Manufacturing, Technical and Scientific Products",3,"Reading Comprehension, Salesforce software, Speaking",Priority: Reading Comprehension -> Business Writing & Comprehension
1815,Robert Novak,Sales,Sales Executive,0.202,LOW,Sales Managers,4,"Microsoft Excel, Microsoft Outlook, Reading Comprehension, Speaking",Priority: Microsoft Excel -> Excel for Business Analysis (internal LMS)
1816,Anna Lewis,Research & Development,Manufacturing Director,0.737,HIGH,Industrial Production Managers,1,Microsoft Excel,Priority: Microsoft Excel -> Excel for Business Analysis (internal LMS)
1818,Margaret Rahman,Human Resources,Human Resources,0.484,MEDIUM,Human Resources Specialists,2,"Microsoft Excel, Reading Comprehension",Priority: Microsoft Excel -> Excel for Business Analysis (internal LMS)
1821,Margaret Gupta,Research & Development,Healthcare Representative,0.026,LOW,"Sales Representatives, Wholesale and Manufacturing, Technical and Scientific Products",2,"Critical Thinking, Microsoft Excel",Priority: Microsoft Excel -> Excel for Business Analysis (internal LMS)
1822,Yuki Hussain,Research & Development,Healthcare Representative,0.005,LOW,"Sales Representatives, Wholesale and Manufacturing, Technical and Scientific Products",2,"Microsoft Office software, Writing",Priority: Microsoft Office software -> Microsoft Office Essentials
1823,Matthew Martin,Sales,Sales Executive,0.101,LOW,Sales Managers,4,"Microsoft Excel, Microsoft PowerPoint, Monitoring, Reading Comprehension",Priority: Microsoft Excel -> Excel for Business Analysis (internal LMS)
1824,Ali Siddiqui,Sales,Manager,0.037,LOW,General and Operations Managers,4,"Critical Thinking, Microsoft Excel, Microsoft PowerPoint, Reading Comprehension",Priority: Microsoft Excel -> Excel for Business Analysis (internal LMS)
1826,Olga Schmidt,Research & Development,Laboratory Technician,0.517,MEDIUM,Chemical Technicians,1,Reading Comprehension,Priority: Reading Comprehension -> Business Writing & Comprehension
1827,Kenneth Choi,Research & Development,Manufacturing Director,0.506,MEDIUM,Industrial Production Managers,5,"Active Listening, Learning Strategies, Microsoft Office software, Monitoring, Reading Comprehension",Priority: Active Listening -> Active Listening for Managers
1829,Choi Clark,Research & Development,Healthcare Representative,0.076,LOW,"Sales Representatives, Wholesale and Manufacturing, Technical and Scientific Products",3,"Microsoft Excel, Microsoft Office software, Salesforce software",Priority: Microsoft Excel -> Excel for Business Analysis (internal LMS)
1830,Pooja Chen,Research & Development,Research Scientist,0.028,LOW,Natural Sciences Managers,2,"Critical Thinking, Microsoft PowerPoint",Priority: Critical Thinking -> Structured Problem Solving workshop
1833,Deborah Jackson (1833),Sales,Sales Executive,0.54,MEDIUM,Sales Managers,4,"Active Learning, Microsoft Excel, Microsoft Office software, Reading Comprehension",Priority: Microsoft Excel -> Excel for Business Analysis (internal LMS)
1834,Mark Williams,Research & Development,Research Scientist,0.064,LOW,Natural Sciences Managers,2,"Active Listening, Science",Priority: Active Listening -> Active Listening for Managers
1835,Melissa Sanchez,Sales,Sales Representative,0.678,HIGH,"Sales Representatives of Services, Except Advertising, Insurance, Financial Services, and Travel",3,"Active Learning, Microsoft Office software, Salesforce software",Priority: Microsoft Office software -> Microsoft Office Essentials
1836,Nguyen Miller,Sales,Sales Executive,0.513,MEDIUM,Sales Managers,2,"Microsoft Office software, Speaking",Priority: Microsoft Office software -> Microsoft Office Essentials
1837,Vikram Kowalski,Research & Development,Research Director,0.093,LOW,Natural Sciences Managers,1,Writing,Priority: Writing -> Business Writing Essentials
1839,Nancy Hill,Research & Development,Research Scientist,0.224,LOW,Natural Sciences Managers,1,Microsoft PowerPoint,Priority: Microsoft PowerPoint -> Presentation Design Fundamentals
1842,Elena Flores,Human Resources,Human Resources,0.515,MEDIUM,Human Resources Specialists,2,"Active Listening, Critical Thinking",Priority: Critical Thinking -> Structured Problem Solving workshop
1844,Sergei Johnson (1844),Human Resources,Human Resources,0.976,HIGH,Human Resources Specialists,1,Microsoft Excel,Priority: Microsoft Excel -> Excel for Business Analysis (internal LMS)
1845,Steven Adams,Sales,Sales Executive,0.019,LOW,Sales Managers,3,"Microsoft Outlook, Monitoring, Reading Comprehension",Priority: Reading Comprehension -> Business Writing & Comprehension
1847,Ivan Rivera (1847),Research & Development,Research Scientist,0.182,LOW,Natural Sciences Managers,2,"Microsoft Excel, Science",Priority: Microsoft Excel -> Excel for Business Analysis (internal LMS)
1849,Kevin Hernandez (1849),Sales,Sales Executive,0.156,LOW,Sales Managers,1,Microsoft PowerPoint,Priority: Microsoft PowerPoint -> Presentation Design Fundamentals
1850,Stephanie Carter,Research & Development,Laboratory Technician,0.657,HIGH,Chemical Technicians,1,Science,Priority: Science -> Domain Science Fundamentals (role-specific)
1852,Lee Brown,Research & Development,Laboratory Technician,0.217,LOW,Chemical Technicians,3,"Monitoring, Reading Comprehension, Writing",Priority: Reading Comprehension -> Business Writing & Comprehension
1853,Park Schmidt,Sales,Sales Executive,0.747,HIGH,Sales Managers,5,"Active Learning, Critical Thinking, Microsoft Outlook, Microsoft PowerPoint, Monitoring",Priority: Critical Thinking -> Structured Problem Solving workshop
1854,Fatima Kumar,Research & Development,Research Scientist,0.096,LOW,Natural Sciences Managers,1,Science,Priority: Science -> Domain Science Fundamentals (role-specific)
1856,Fatima Sanchez,Research & Development,Laboratory Technician,0.748,HIGH,Chemical Technicians,2,"Active Listening, Microsoft Outlook",Priority: Active Listening -> Active Listening for Managers
1857,George Anderson,Research & Development,Manufacturing Director,0.021,LOW,Industrial Production Managers,3,"Microsoft Office software, Microsoft PowerPoint, Speaking",Priority: Microsoft Office software -> Microsoft Office Essentials
1858,Liu Rodriguez,Human Resources,Human Resources,0.044,LOW,Human Resources Specialists,4,"Active Listening, Microsoft Office software, Microsoft Outlook, Speaking",Priority: Active Listening -> Active Listening for Managers
1859,Mary Park,Research & Development,Healthcare Representative,0.149,LOW,"Sales Representatives, Wholesale and Manufacturing, Technical and Scientific Products",2,"Microsoft Outlook, Speaking",Priority: Microsoft Outlook -> Effective Email & Calendar Management
1860,Mateo Kim,Research & Development,Laboratory Technician,0.318,MEDIUM,Chemical Technicians,1,Reading Comprehension,Priority: Reading Comprehension -> Business Writing & Comprehension
1862,Jessica Rao,Sales,Sales Executive,0.952,HIGH,Sales Managers,4,"Critical Thinking, Microsoft Excel, Monitoring, Reading Comprehension",Priority: Microsoft Excel -> Excel for Business Analysis (internal LMS)
1863,Elena Torres,Sales,Sales Executive,0.046,LOW,Sales Managers,3,"Active Listening, Microsoft Outlook, Reading Comprehension",Priority: Active Listening -> Active Listening for Managers
1864,Amanda Zhang,Sales,Sales Representative,0.548,MEDIUM,"Sales Representatives of Services, Except Advertising, Insurance, Financial Services, and Travel",2,"Active Listening, Reading Comprehension",Priority: Active Listening -> Active Listening for Managers
1865,Mateo Rivera,Human Resources,Human Resources,0.514,MEDIUM,Human Resources Specialists,1,Microsoft Office software,Priority: Microsoft Office software -> Microsoft Office Essentials
1866,Anna Torres,Research & Development,Manager,0.322,MEDIUM,General and Operations Managers,2,"Active Learning, Microsoft Excel",Priority: Microsoft Excel -> Excel for Business Analysis (internal LMS)
1867,Michael Thompson,Research & Development,Research Director,0.036,LOW,Natural Sciences Managers,2,"Microsoft Office software, Science",Priority: Microsoft Office software -> Microsoft Office Essentials
1868,Joseph Shah,Research & Development,Research Scientist,0.949,HIGH,Natural Sciences Managers,4,"Active Listening, Critical Thinking, Microsoft PowerPoint, Reading Comprehension",Priority: Critical Thinking -> Structured Problem Solving workshop
1869,Barbara Clark,Sales,Sales Executive,0.052,LOW,Sales Managers,1,Monitoring,Priority: Monitoring -> Performance Monitoring & KPIs
1870,Brian Rahman (1870),Research & Development,Research Scientist,0.281,LOW,Natural Sciences Managers,4,"Microsoft Excel, Microsoft Office software, Microsoft PowerPoint, Monitoring",Priority: Microsoft Excel -> Excel for Business Analysis (internal LMS)
1871,Mateo Lewis,Research & Development,Research Scientist,0.054,LOW,Natural Sciences Managers,3,"Active Listening, Critical Thinking, Microsoft Excel",Priority: Microsoft Excel -> Excel for Business Analysis (internal LMS)
1873,Wang Kumar,Research & Development,Research Scientist,0.067,LOW,Natural Sciences Managers,4,"Active Listening, Microsoft Excel, Science, Writing",Priority: Microsoft Excel -> Excel for Business Analysis (internal LMS)
1875,Park Lee,Sales,Sales Representative,0.532,MEDIUM,"Sales Representatives of Services, Except Advertising, Insurance, Financial Services, and Travel",4,"Active Learning, Microsoft Excel, Microsoft Office software, Salesforce software",Priority: Microsoft Excel -> Excel for Business Analysis (internal LMS)
1876,Anna Green,Sales,Sales Representative,0.878,HIGH,"Sales Representatives of Services, Except Advertising, Insurance, Financial Services, and Travel",2,"Active Listening, Microsoft Excel",Priority: Microsoft Excel -> Excel for Business Analysis (internal LMS)
1878,Robert Chowdhury (1878),Research & Development,Research Scientist,0.88,HIGH,Natural Sciences Managers,2,"Microsoft Office software, Reading Comprehension",Priority: Microsoft Office software -> Microsoft Office Essentials
1880,Jennifer Reddy,Sales,Sales Executive,0.581,MEDIUM,Sales Managers,2,"Critical Thinking, Monitoring",Priority: Critical Thinking -> Structured Problem Solving workshop
1881,Priya Khan,Research & Development,Laboratory Technician,0.556,MEDIUM,Chemical Technicians,1,Microsoft Outlook,Priority: Microsoft Outlook -> Effective Email & Calendar Management
1882,Yuki Clark,Sales,Sales Executive,0.406,MEDIUM,Sales Managers,2,"Critical Thinking, Reading Comprehension",Priority: Critical Thinking -> Structured Problem Solving workshop
1883,Sandra Zhao,Research & Development,Laboratory Technician,0.525,MEDIUM,Chemical Technicians,1,Microsoft Outlook,Priority: Microsoft Outlook -> Effective Email & Calendar Management
1885,Fatima Nair,Research & Development,Research Scientist,0.308,MEDIUM,Natural Sciences Managers,4,"Critical Thinking, Microsoft Excel, Microsoft PowerPoint, Science",Priority: Microsoft Excel -> Excel for Business Analysis (internal LMS)
1886,Susan Baker (1886),Research & Development,Manufacturing Director,0.34,MEDIUM,Industrial Production Managers,4,"Active Listening, Microsoft Outlook, Microsoft PowerPoint, Monitoring",Priority: Active Listening -> Active Listening for Managers
1888,Priya Jackson,Research & Development,Manufacturing Director,0.052,LOW,Industrial Production Managers,3,"Learning Strategies, Microsoft Office software, Microsoft PowerPoint",Priority: Microsoft Office software -> Microsoft Office Essentials
1890,Carol Nair,Human Resources,Human Resources,0.561,MEDIUM,Human Resources Specialists,4,"Active Listening, Microsoft Excel, Microsoft Office software, Writing",Priority: Microsoft Excel -> Excel for Business Analysis (internal LMS)
1892,Zhang Allen,Research & Development,Manager,0.248,LOW,General and Operations Managers,3,"Microsoft Excel, Microsoft PowerPoint, Speaking",Priority: Microsoft Excel -> Excel for Business Analysis (internal LMS)
1893,Noor Hall,Research & Development,Research Scientist,0.814,HIGH,Natural Sciences Managers,3,"Microsoft PowerPoint, Reading Comprehension, Science",Priority: Reading Comprehension -> Business Writing & Comprehension
1898,Pooja Iyer,Sales,Sales Executive,0.164,LOW,Sales Managers,2,"Critical Thinking, Microsoft PowerPoint",Priority: Critical Thinking -> Structured Problem Solving workshop
1900,Divya Khan,Research & Development,Manager,0.034,LOW,General and Operations Managers,4,"Active Listening, Critical Thinking, Microsoft Excel, Microsoft Office software",Priority: Microsoft Excel -> Excel for Business Analysis (internal LMS)
1903,Mei Park,Research & Development,Healthcare Representative,0.025,LOW,"Sales Representatives, Wholesale and Manufacturing, Technical and Scientific Products",3,"Active Learning, Active Listening, Reading Comprehension",Priority: Active Listening -> Active Listening for Managers
1905,Tran Clark,Research & Development,Research Scientist,0.775,HIGH,Natural Sciences Managers,3,"Critical Thinking, Microsoft Office software, Reading Comprehension",Priority: Critical Thinking -> Structured Problem Solving workshop
1907,Charles Young,Research & Development,Laboratory Technician,0.513,MEDIUM,Chemical Technicians,1,Critical Thinking,Priority: Critical Thinking -> Structured Problem Solving workshop
1908,Christopher Ahmed,Sales,Sales Executive,0.463,MEDIUM,Sales Managers,4,"Active Listening, Microsoft Excel, Microsoft Outlook, Monitoring",Priority: Microsoft Excel -> Excel for Business Analysis (internal LMS)
1909,Jessica Hernandez,Sales,Sales Executive,0.149,LOW,Sales Managers,3,"Microsoft Office software, Microsoft PowerPoint, Speaking",Priority: Microsoft Office software -> Microsoft Office Essentials
1911,Choi Hall,Research & Development,Research Director,0.053,LOW,Natural Sciences Managers,4,"Microsoft Excel, Microsoft Office software, Microsoft PowerPoint, Writing",Priority: Microsoft Excel -> Excel for Business Analysis (internal LMS)
1912,Klara Wright,Sales,Sales Executive,0.235,LOW,Sales Managers,2,"Active Listening, Microsoft Outlook",Priority: Active Listening -> Active Listening for Managers
1915,William Singh,Sales,Sales Executive,0.548,MEDIUM,Sales Managers,1,Microsoft Excel,Priority: Microsoft Excel -> Excel for Business Analysis (internal LMS)
1916,Karen Patel,Research & Development,Laboratory Technician,0.7,HIGH,Chemical Technicians,2,"Active Listening, Monitoring",Priority: Active Listening -> Active Listening for Managers
1918,Hassan Baker,Research & Development,Laboratory Technician,0.1,LOW,Chemical Technicians,4,"Critical Thinking, Microsoft Excel, Microsoft Office software, Monitoring",Priority: Microsoft Excel -> Excel for Business Analysis (internal LMS)
1922,Yuki Hernandez,Research & Development,Healthcare Representative,0.129,LOW,"Sales Representatives, Wholesale and Manufacturing, Technical and Scientific Products",4,"Microsoft Excel, Microsoft Office software, Reading Comprehension, Writing",Priority: Microsoft Excel -> Excel for Business Analysis (internal LMS)
1924,Linda Schmidt,Sales,Sales Executive,0.505,MEDIUM,Sales Managers,3,"Microsoft Excel, Microsoft Office software, Monitoring",Priority: Microsoft Excel -> Excel for Business Analysis (internal LMS)
1927,Amit Carter,Sales,Sales Executive,0.494,MEDIUM,Sales Managers,3,"Active Learning, Microsoft Office software, Monitoring",Priority: Microsoft Office software -> Microsoft Office Essentials
1928,William Sanchez,Sales,Sales Representative,0.972,HIGH,"Sales Representatives of Services, Except Advertising, Insurance, Financial Services, and Travel",2,"Critical Thinking, Microsoft Office software",Priority: Critical Thinking -> Structured Problem Solving workshop
1929,Olga Patel,Sales,Sales Executive,0.262,LOW,Sales Managers,5,"Microsoft Excel, Microsoft Office software, Microsoft PowerPoint, Monitoring, Speaking",Priority: Microsoft Excel -> Excel for Business Analysis (internal LMS)
1931,Amanda Flores,Research & Development,Research Scientist,0.305,MEDIUM,Natural Sciences Managers,2,"Microsoft Excel, Monitoring",Priority: Microsoft Excel -> Excel for Business Analysis (internal LMS)
1932,Steven Dubois,Research & Development,Research Scientist,0.464,MEDIUM,Natural Sciences Managers,3,"Active Listening, Critical Thinking, Science",Priority: Critical Thinking -> Structured Problem Solving workshop
1933,Arjun Wilson,Sales,Sales Executive,0.669,HIGH,Sales Managers,4,"Microsoft Excel, Microsoft PowerPoint, Monitoring, Reading Comprehension",Priority: Microsoft Excel -> Excel for Business Analysis (internal LMS)
1934,Sergei Johnson (1934),Research & Development,Research Scientist,0.029,LOW,Natural Sciences Managers,4,"Critical Thinking, Microsoft PowerPoint, Science, Writing",Priority: Critical Thinking -> Structured Problem Solving workshop
1935,Andrew Thomas,Sales,Sales Executive,0.226,LOW,Sales Managers,3,"Critical Thinking, Microsoft Excel, Microsoft Office software",Priority: Microsoft Excel -> Excel for Business Analysis (internal LMS)
1936,Ravi Flores,Research & Development,Manufacturing Director,0.226,LOW,Industrial Production Managers,4,"Learning Strategies, Microsoft Office software, Monitoring, Reading Comprehension",Priority: Microsoft Office software -> Microsoft Office Essentials
1937,Hassan Johnson,Research & Development,Research Scientist,0.077,LOW,Natural Sciences Managers,4,"Active Listening, Critical Thinking, Microsoft Excel, Reading Comprehension",Priority: Microsoft Excel -> Excel for Business Analysis (internal LMS)
1938,Camila Wilson,Sales,Manager,0.154,LOW,General and Operations Managers,2,"Active Learning, Active Listening",Priority: Active Listening -> Active Listening for Managers
1939,Klara Shah (1939),Research & Development,Research Scientist,0.795,HIGH,Natural Sciences Managers,2,"Critical Thinking, Monitoring",Priority: Critical Thinking -> Structured Problem Solving workshop
1940,Yusuf Farooq,Research & Development,Research Scientist,0.011,LOW,Natural Sciences Managers,3,"Active Listening, Microsoft Excel, Science",Priority: Microsoft Excel -> Excel for Business Analysis (internal LMS)
1941,John Scott,Research & Development,Research Director,0.016,LOW,Natural Sciences Managers,3,"Critical Thinking, Microsoft PowerPoint, Reading Comprehension",Priority: Critical Thinking -> Structured Problem Solving workshop
1943,Sandra Kowalski,Sales,Sales Executive,0.48,MEDIUM,Sales Managers,5,"Microsoft Excel, Microsoft Office software, Microsoft Outlook, Microsoft PowerPoint, Speaking",Priority: Microsoft Excel -> Excel for Business Analysis (internal LMS)
1944,Sofia Lee (1944),Human Resources,Human Resources,0.973,HIGH,Human Resources Specialists,4,"Critical Thinking, Microsoft Excel, Microsoft Outlook, Writing",Priority: Microsoft Excel -> Excel for Business Analysis (internal LMS)
1945,Hassan Siddiqui,Sales,Sales Executive,0.414,MEDIUM,Sales Managers,1,Microsoft Office software,Priority: Microsoft Office software -> Microsoft Office Essentials
1947,Christopher Khan,Research & Development,Research Scientist,0.081,LOW,Natural Sciences Managers,3,"Active Listening, Microsoft PowerPoint, Science",Priority: Active Listening -> Active Listening for Managers
1948,Sanjay Roberts,Research & Development,Research Scientist,0.104,LOW,Natural Sciences Managers,4,"Microsoft Excel, Microsoft PowerPoint, Monitoring, Science",Priority: Microsoft Excel -> Excel for Business Analysis (internal LMS)
1949,Tariq Lopez,Research & Development,Laboratory Technician,0.15,LOW,Chemical Technicians,2,"Critical Thinking, Writing",Priority: Critical Thinking -> Structured Problem Solving workshop
1950,Sergei Chen,Sales,Sales Executive,0.577,MEDIUM,Sales Managers,2,"Microsoft Outlook, Microsoft PowerPoint",Priority: Microsoft PowerPoint -> Presentation Design Fundamentals
1951,Timothy Novak,Sales,Sales Executive,0.159,LOW,Sales Managers,3,"Critical Thinking, Microsoft PowerPoint, Speaking",Priority: Critical Thinking -> Structured Problem Solving workshop
1952,Richard Khan,Research & Development,Laboratory Technician,0.538,MEDIUM,Chemical Technicians,1,Writing,Priority: Writing -> Business Writing Essentials
1954,Marta Huang,Research & Development,Healthcare Representative,0.292,LOW,"Sales Representatives, Wholesale and Manufacturing, Technical and Scientific Products",1,Active Listening,Priority: Active Listening -> Active Listening for Managers
1955,Patricia King,Research & Development,Healthcare Representative,0.012,LOW,"Sales Representatives, Wholesale and Manufacturing, Technical and Scientific Products",4,"Active Learning, Active Listening, Microsoft Office software, Microsoft Outlook",Priority: Active Listening -> Active Listening for Managers
1956,George Patel,Research & Development,Research Scientist,0.347,MEDIUM,Natural Sciences Managers,4,"Critical Thinking, Microsoft Excel, Monitoring, Science",Priority: Microsoft Excel -> Excel for Business Analysis (internal LMS)
1960,Chen Allen,Research & Development,Laboratory Technician,0.697,HIGH,Chemical Technicians,1,Microsoft Excel,Priority: Microsoft Excel -> Excel for Business Analysis (internal LMS)
1961,Barbara Hill,Sales,Sales Representative,0.895,HIGH,"Sales Representatives of Services, Except Advertising, Insurance, Financial Services, and Travel",2,"Active Listening, Critical Thinking",Priority: Critical Thinking -> Structured Problem Solving workshop
1962,Timothy Harris,Sales,Sales Executive,0.135,LOW,Sales Managers,4,"Active Learning, Microsoft Office software, Microsoft PowerPoint, Reading Comprehension",Priority: Microsoft Office software -> Microsoft Office Essentials
1965,Sarah Huang,Sales,Sales Executive,0.109,LOW,Sales Managers,4,"Active Listening, Microsoft Outlook, Microsoft PowerPoint, Reading Comprehension",Priority: Active Listening -> Active Listening for Managers
1966,Yusuf Iyer,Research & Development,Manufacturing Director,0.345,MEDIUM,Industrial Production Managers,3,"Critical Thinking, Microsoft Excel, Microsoft Outlook",Priority: Microsoft Excel -> Excel for Business Analysis (internal LMS)
1967,Melissa Ivanova,Sales,Sales Executive,0.831,HIGH,Sales Managers,1,Microsoft Outlook,Priority: Microsoft Outlook -> Effective Email & Calendar Management
1968,Yuki White (1968),Sales,Sales Executive,0.962,HIGH,Sales Managers,1,Critical Thinking,Priority: Critical Thinking -> Structured Problem Solving workshop
1969,Tariq Shah,Research & Development,Research Scientist,0.109,LOW,Natural Sciences Managers,3,"Microsoft PowerPoint, Reading Comprehension, Writing",Priority: Reading Comprehension -> Business Writing & Comprehension
1970,Michael Ivanova,Research & Development,Healthcare Representative,0.013,LOW,"Sales Representatives, Wholesale and Manufacturing, Technical and Scientific Products",3,"Microsoft Outlook, Reading Comprehension, Salesforce software",Priority: Reading Comprehension -> Business Writing & Comprehension
1971,Amit Farooq,Research & Development,Healthcare Representative,0.075,LOW,"Sales Representatives, Wholesale and Manufacturing, Technical and Scientific Products",3,"Microsoft Office software, Speaking, Writing",Priority: Microsoft Office software -> Microsoft Office Essentials
1972,Camila Anderson,Human Resources,Human Resources,0.356,MEDIUM,Human Resources Specialists,2,"Active Listening, Microsoft Outlook",Priority: Active Listening -> Active Listening for Managers
1973,James Hassan,Human Resources,Manager,0.422,MEDIUM,General and Operations Managers,3,"Active Learning, Microsoft Excel, Speaking",Priority: Microsoft Excel -> Excel for Business Analysis (internal LMS)
1974,Amit Rossi (1974),Research & Development,Laboratory Technician,0.561,MEDIUM,Chemical Technicians,2,"Microsoft Outlook, Reading Comprehension",Priority: Reading Comprehension -> Business Writing & Comprehension
1975,Dmitri Ali,Sales,Sales Executive,0.905,HIGH,Sales Managers,2,"Microsoft Excel, Microsoft PowerPoint",Priority: Microsoft Excel -> Excel for Business Analysis (internal LMS)
1976,Aisha Nair,Research & Development,Research Scientist,0.044,LOW,Natural Sciences Managers,2,"Microsoft Office software, Reading Comprehension",Priority: Microsoft Office software -> Microsoft Office Essentials
1979,Ivan Rivera (1979),Research & Development,Research Director,0.005,LOW,Natural Sciences Managers,4,"Critical Thinking, Microsoft Excel, Reading Comprehension, Writing",Priority: Microsoft Excel -> Excel for Business Analysis (internal LMS)
1980,Michelle Dubois (1980),Research & Development,Manufacturing Director,0.584,MEDIUM,Industrial Production Managers,4,"Active Listening, Learning Strategies, Microsoft Excel, Microsoft Office software",Priority: Microsoft Excel -> Excel for Business Analysis (internal LMS)
1981,Charles Patel,Research & Development,Healthcare Representative,0.484,MEDIUM,"Sales Representatives, Wholesale and Manufacturing, Technical and Scientific Products",4,"Active Learning, Microsoft Excel, Microsoft Office software, Writing",Priority: Microsoft Excel -> Excel for Business Analysis (internal LMS)
1982,Donald Young,Research & Development,Laboratory Technician,0.106,LOW,Chemical Technicians,2,"Critical Thinking, Monitoring",Priority: Critical Thinking -> Structured Problem Solving workshop
1985,John Carter (1985),Research & Development,Laboratory Technician,0.709,HIGH,Chemical Technicians,4,"Critical Thinking, Microsoft Excel, Microsoft Office software, Writing",Priority: Microsoft Excel -> Excel for Business Analysis (internal LMS)
1986,Hassan Rivera,Sales,Sales Executive,0.109,LOW,Sales Managers,4,"Active Learning, Microsoft Outlook, Microsoft PowerPoint, Reading Comprehension",Priority: Reading Comprehension -> Business Writing & Comprehension
1987,Klara Yang,Human Resources,Human Resources,0.37,MEDIUM,Human Resources Specialists,4,"Microsoft Office software, Reading Comprehension, Speaking, Writing",Priority: Microsoft Office software -> Microsoft Office Essentials
1989,Park Miller,Research & Development,Laboratory Technician,0.084,LOW,Chemical Technicians,4,"Critical Thinking, Monitoring, Reading Comprehension, Writing",Priority: Critical Thinking -> Structured Problem Solving workshop
1992,Sergei Williams,Research & Development,Laboratory Technician,0.264,LOW,Chemical Technicians,4,"Active Listening, Critical Thinking, Reading Comprehension, Writing",Priority: Critical Thinking -> Structured Problem Solving workshop
1993,Hassan Ibrahim,Research & Development,Healthcare Representative,0.204,LOW,"Sales Representatives, Wholesale and Manufacturing, Technical and Scientific Products",2,"Critical Thinking, Writing",Priority: Critical Thinking -> Structured Problem Solving workshop
1994,Christopher Chowdhury,Research & Development,Laboratory Technician,0.239,LOW,Chemical Technicians,2,"Active Listening, Microsoft Excel",Priority: Microsoft Excel -> Excel for Business Analysis (internal LMS)
1995,Priya Wang,Sales,Sales Executive,0.024,LOW,Sales Managers,3,"Active Learning, Critical Thinking, Microsoft Excel",Priority: Microsoft Excel -> Excel for Business Analysis (internal LMS)
1996,Kim Clark,Sales,Sales Representative,0.27,LOW,"Sales Representatives of Services, Except Advertising, Insurance, Financial Services, and Travel",2,"Active Listening, Microsoft Office software",Priority: Active Listening -> Active Listening for Managers
1997,Park Wang,Research & Development,Manufacturing Director,0.508,MEDIUM,Industrial Production Managers,2,"Microsoft Excel, Microsoft Office software",Priority: Microsoft Excel -> Excel for Business Analysis (internal LMS)
1998,Zhang Mitchell (1998),Research & Development,Research Scientist,0.664,HIGH,Natural Sciences Managers,3,"Critical Thinking, Microsoft PowerPoint, Monitoring",Priority: Critical Thinking -> Structured Problem Solving workshop
1999,Choi Smith,Research & Development,Research Scientist,0.042,LOW,Natural Sciences Managers,2,"Microsoft PowerPoint, Science",Priority: Microsoft PowerPoint -> Presentation Design Fundamentals
2000,Elena Anderson (2000),Research & Development,Research Director,0.001,LOW,Natural Sciences Managers,2,"Microsoft Excel, Reading Comprehension",Priority: Microsoft Excel -> Excel for Business Analysis (internal LMS)
2003,Zhang Park,Research & Development,Laboratory Technician,0.723,HIGH,Chemical Technicians,3,"Critical Thinking, Reading Comprehension, Science",Priority: Critical Thinking -> Structured Problem Solving workshop
2007,Yusuf Muller,Research & Development,Research Scientist,0.074,LOW,Natural Sciences Managers,2,"Critical Thinking, Microsoft PowerPoint",Priority: Critical Thinking -> Structured Problem Solving workshop
2008,Matthew Iyer,Research & Development,Research Scientist,0.076,LOW,Natural Sciences Managers,1,Writing,Priority: Writing -> Business Writing Essentials
2009,Ali Jones,Research & Development,Healthcare Representative,0.464,MEDIUM,"Sales Representatives, Wholesale and Manufacturing, Technical and Scientific Products",4,"Microsoft Excel, Microsoft Outlook, Reading Comprehension, Salesforce software",Priority: Microsoft Excel -> Excel for Business Analysis (internal LMS)
2010,Pooja Sanchez,Research & Development,Laboratory Technician,0.905,HIGH,Chemical Technicians,4,"Active Listening, Critical Thinking, Microsoft Office software, Science",Priority: Critical Thinking -> Structured Problem Solving workshop
2012,Aisha Chen,Research & Development,Laboratory Technician,0.555,MEDIUM,Chemical Technicians,4,"Critical Thinking, Microsoft Outlook, Monitoring, Writing",Priority: Critical Thinking -> Structured Problem Solving workshop
2013,Camila Thomas,Sales,Sales Representative,0.643,HIGH,"Sales Representatives of Services, Except Advertising, Insurance, Financial Services, and Travel",4,"Active Learning, Reading Comprehension, Salesforce software, Speaking",Priority: Reading Comprehension -> Business Writing & Comprehension
2014,Patricia Hall (2014),Research & Development,Research Scientist,0.49,MEDIUM,Natural Sciences Managers,1,Science,Priority: Science -> Domain Science Fundamentals (role-specific)
2015,Jonas Kim,Research & Development,Research Director,0.015,LOW,Natural Sciences Managers,3,"Active Listening, Critical Thinking, Science",Priority: Critical Thinking -> Structured Problem Solving workshop
2016,Sanjay Wang,Sales,Sales Executive,0.054,LOW,Sales Managers,1,Speaking,Priority: Speaking -> Public Speaking & Presentation Skills
2017,Jonas Zhao (2017),Research & Development,Research Director,0.03,LOW,Natural Sciences Managers,1,Active Listening,Priority: Active Listening -> Active Listening for Managers
2018,George Lopez,Sales,Sales Executive,0.273,LOW,Sales Managers,3,"Critical Thinking, Microsoft Office software, Monitoring",Priority: Critical Thinking -> Structured Problem Solving workshop
2019,Marta Gonzalez,Sales,Sales Representative,0.151,LOW,"Sales Representatives of Services, Except Advertising, Insurance, Financial Services, and Travel",4,"Active Learning, Critical Thinking, Microsoft Excel, Speaking",Priority: Microsoft Excel -> Excel for Business Analysis (internal LMS)
2020,Arjun Robinson,Research & Development,Research Scientist,0.686,HIGH,Natural Sciences Managers,3,"Critical Thinking, Microsoft Office software, Science",Priority: Critical Thinking -> Structured Problem Solving workshop
2021,Noor Patel,Sales,Sales Representative,0.931,HIGH,"Sales Representatives of Services, Except Advertising, Insurance, Financial Services, and Travel",2,"Microsoft Office software, Speaking",Priority: Microsoft Office software -> Microsoft Office Essentials
2022,Arjun White (2022),Research & Development,Manager,0.059,LOW,General and Operations Managers,4,"Active Learning, Microsoft Excel, Microsoft Office software, Reading Comprehension",Priority: Microsoft Excel -> Excel for Business Analysis (internal LMS)
2023,Ashley Jackson,Sales,Sales Representative,0.959,HIGH,"Sales Representatives of Services, Except Advertising, Insurance, Financial Services, and Travel",4,"Critical Thinking, Microsoft Excel, Salesforce software, Writing",Priority: Microsoft Excel -> Excel for Business Analysis (internal LMS)
2024,Joseph Roberts,Sales,Sales Executive,0.158,LOW,Sales Managers,2,"Critical Thinking, Reading Comprehension",Priority: Critical Thinking -> Structured Problem Solving workshop
2025,Hassan Chowdhury,Research & Development,Manufacturing Director,0.051,LOW,Industrial Production Managers,1,Speaking,Priority: Speaking -> Public Speaking & Presentation Skills
2026,Ravi Rahman,Research & Development,Healthcare Representative,0.003,LOW,"Sales Representatives, Wholesale and Manufacturing, Technical and Scientific Products",4,"Active Listening, Critical Thinking, Microsoft Excel, Writing",Priority: Microsoft Excel -> Excel for Business Analysis (internal LMS)
2027,Noor Kowalski (2027),Research & Development,Research Scientist,0.593,MEDIUM,Natural Sciences Managers,4,"Critical Thinking, Microsoft Excel, Microsoft PowerPoint, Writing",Priority: Microsoft Excel -> Excel for Business Analysis (internal LMS)
2031,Yusuf Huang,Research & Development,Manager,0.512,MEDIUM,General and Operations Managers,3,"Microsoft Office software, Microsoft PowerPoint, Monitoring",Priority: Microsoft Office software -> Microsoft Office Essentials
2032,Kenneth Rivera (2032),Research & Development,Laboratory Technician,0.535,MEDIUM,Chemical Technicians,3,"Microsoft Excel, Microsoft Office software, Science",Priority: Microsoft Excel -> Excel for Business Analysis (internal LMS)
2034,George Mitchell,Research & Development,Manufacturing Director,0.147,LOW,Industrial Production Managers,5,"Active Listening, Microsoft Excel, Microsoft PowerPoint, Monitoring, Speaking",Priority: Microsoft Excel -> Excel for Business Analysis (internal LMS)
2035,Omar Thomas,Sales,Sales Executive,0.089,LOW,Sales Managers,4,"Critical Thinking, Microsoft Excel, Microsoft PowerPoint, Monitoring",Priority: Microsoft Excel -> Excel for Business Analysis (internal LMS)
2036,Jennifer Hill (2036),Sales,Sales Executive,0.081,LOW,Sales Managers,1,Active Learning,Priority: Active Learning -> Learning How to Learn
2037,Zhang Flores,Sales,Sales Executive,0.043,LOW,Sales Managers,1,Critical Thinking,Priority: Critical Thinking -> Structured Problem Solving workshop
2038,Mark Roberts,Research & Development,Research Scientist,0.284,LOW,Natural Sciences Managers,2,"Active Listening, Writing",Priority: Active Listening -> Active Listening for Managers
2040,Sanjay Hill,Human Resources,Human Resources,0.76,HIGH,Human Resources Specialists,2,"Active Learning, Microsoft Excel",Priority: Microsoft Excel -> Excel for Business Analysis (internal LMS)
2041,Elena Robinson (2041),Sales,Sales Executive,0.109,LOW,Sales Managers,3,"Active Listening, Critical Thinking, Microsoft Office software",Priority: Critical Thinking -> Structured Problem Solving workshop
2044,Michelle Hernandez,Sales,Sales Executive,0.231,LOW,Sales Managers,3,"Critical Thinking, Monitoring, Speaking",Priority: Critical Thinking -> Structured Problem Solving workshop
2045,Kenneth Rivera (2045),Sales,Sales Executive,0.596,MEDIUM,Sales Managers,1,Microsoft PowerPoint,Priority: Microsoft PowerPoint -> Presentation Design Fundamentals
2046,Wang Scott (2046),Sales,Sales Executive,0.579,MEDIUM,Sales Managers,3,"Microsoft Excel, Microsoft Outlook, Reading Comprehension",Priority: Microsoft Excel -> Excel for Business Analysis (internal LMS)
2048,Daniel Patel,Research & Development,Research Scientist,0.057,LOW,Natural Sciences Managers,2,"Active Listening, Writing",Priority: Active Listening -> Active Listening for Managers
2049,Neha Smith,Research & Development,Healthcare Representative,0.277,LOW,"Sales Representatives, Wholesale and Manufacturing, Technical and Scientific Products",4,"Active Listening, Critical Thinking, Microsoft Office software, Microsoft Outlook",Priority: Critical Thinking -> Structured Problem Solving workshop
2051,Stephanie Thompson,Research & Development,Research Scientist,0.008,LOW,Natural Sciences Managers,2,"Microsoft Excel, Science",Priority: Microsoft Excel -> Excel for Business Analysis (internal LMS)
2052,Timothy Moreau,Research & Development,Research Scientist,0.083,LOW,Natural Sciences Managers,3,"Active Listening, Reading Comprehension, Writing",Priority: Active Listening -> Active Listening for Managers
2053,Elizabeth Chowdhury,Research & Development,Laboratory Technician,0.752,HIGH,Chemical Technicians,2,"Active Listening, Writing",Priority: Active Listening -> Active Listening for Managers
2054,Ananya Walker,Research & Development,Research Scientist,0.534,MEDIUM,Natural Sciences Managers,3,"Critical Thinking, Microsoft PowerPoint, Science",Priority: Critical Thinking -> Structured Problem Solving workshop
2055,Piotr Moore (2055),Sales,Sales Executive,0.912,HIGH,Sales Managers,2,"Active Learning, Critical Thinking",Priority: Critical Thinking -> Structured Problem Solving workshop
2056,Neha Sanchez,Sales,Sales Executive,0.658,HIGH,Sales Managers,2,"Active Learning, Monitoring",Priority: Monitoring -> Performance Monitoring & KPIs
2057,Sofia Ali,Research & Development,Manufacturing Director,0.092,LOW,Industrial Production Managers,1,Monitoring,Priority: Monitoring -> Performance Monitoring & KPIs
2060,Paul Mitchell,Sales,Sales Representative,0.327,MEDIUM,"Sales Representatives of Services, Except Advertising, Insurance, Financial Services, and Travel",1,Writing,Priority: Writing -> Business Writing Essentials
2061,Paul Lee (2061),Research & Development,Laboratory Technician,0.26,LOW,Chemical Technicians,4,"Critical Thinking, Monitoring, Science, Writing",Priority: Critical Thinking -> Structured Problem Solving workshop
2062,Kenneth Park,Research & Development,Healthcare Representative,0.118,LOW,"Sales Representatives, Wholesale and Manufacturing, Technical and Scientific Products",1,Reading Comprehension,Priority: Reading Comprehension -> Business Writing & Comprehension
2064,Park Siddiqui,Research & Development,Manufacturing Director,0.628,HIGH,Industrial Production Managers,2,"Microsoft Outlook, Microsoft PowerPoint",Priority: Microsoft PowerPoint -> Presentation Design Fundamentals
2065,Mary Ali,Sales,Sales Executive,0.067,LOW,Sales Managers,2,"Active Learning, Speaking",Priority: Speaking -> Public Speaking & Presentation Skills
2068,Lisa Iyer,Research & Development,Laboratory Technician,0.485,MEDIUM,Chemical Technicians,2,"Critical Thinking, Monitoring",Priority: Critical Thinking -> Structured Problem Solving workshop
