EmployeeNumber,current_skill
1,Active Listening
1,Monitoring
1,Microsoft Excel
1,Reading Comprehension
1,Critical Thinking
1,Microsoft Outlook
1,Speaking
2,Monitoring
2,Active Listening
2,Microsoft Excel
2,Reading Comprehension
2,Science
4,Science
4,Reading Comprehension
4,Critical Thinking
4,Microsoft Office software
4,Writing
4,Active Listening
4,Microsoft Outlook
4,Monitoring
5,Writing
5,Microsoft PowerPoint
5,Monitoring
5,Active Listening
5,Microsoft Office software
5,Critical Thinking
5,Science
7,Critical Thinking
7,Science
7,Reading Comprehension
7,Writing
7,Microsoft Excel
7,Monitoring
7,Active Listening
8,Microsoft Office software
8,Critical Thinking
8,Active Listening
8,Science
8,Writing
8,Reading Comprehension
10,Writing
10,Microsoft Excel
10,Critical Thinking
10,Microsoft Outlook
10,Active Listening
10,Monitoring
10,Science
10,Reading Comprehension
11,Microsoft Office software
11,Active Listening
11,Microsoft Excel
11,Reading Comprehension
11,Monitoring
12,Speaking
12,Microsoft PowerPoint
12,Active Listening
12,Microsoft Outlook
12,Learning Strategies
12,Critical Thinking
13,Speaking
13,Active Learning
13,Reading Comprehension
13,Microsoft Excel
13,Microsoft Office software
13,Writing
13,Salesforce software
13,Active Listening
14,Microsoft Excel
14,Active Listening
14,Microsoft Outlook
14,Critical Thinking
14,Science
14,Monitoring
14,Reading Comprehension
15,Monitoring
15,Microsoft Outlook
15,Critical Thinking
15,Writing
15,Reading Comprehension
15,Science
15,Microsoft Excel
16,Science
16,Microsoft PowerPoint
16,Microsoft Office software
16,Reading Comprehension
16,Active Listening
16,Critical Thinking
16,Microsoft Excel
18,Science
18,Critical Thinking
18,Monitoring
18,Writing
18,Reading Comprehension
18,Microsoft Outlook
19,Microsoft Excel
19,Microsoft Office software
19,Science
19,Critical Thinking
19,Active Listening
19,Reading Comprehension
20,Speaking
20,Microsoft Outlook
20,Critical Thinking
20,Learning Strategies
20,Microsoft Excel
20,Monitoring
21,Science
21,Monitoring
21,Active Listening
21,Reading Comprehension
21,Microsoft PowerPoint
21,Writing
21,Microsoft Excel
22,Science
22,Microsoft Excel
22,Microsoft Office software
22,Microsoft Outlook
22,Writing
22,Reading Comprehension
23,Microsoft Office software
23,Critical Thinking
23,Active Listening
23,Reading Comprehension
23,Microsoft PowerPoint
23,Speaking
23,Microsoft Excel
24,Critical Thinking
24,Microsoft Excel
24,Active Listening
24,Reading Comprehension
24,Microsoft PowerPoint
24,Monitoring
26,Monitoring
26,Microsoft Office software
26,Critical Thinking
26,Speaking
26,Microsoft PowerPoint
26,Learning Strategies
26,Microsoft Excel
27,Microsoft Excel
27,Reading Comprehension
27,Speaking
27,Critical Thinking
27,Active Learning
27,Active Listening
27,Writing
28,Monitoring
28,Science
28,Microsoft Excel
28,Active Listening
28,Writing
28,Microsoft PowerPoint
28,Critical Thinking
28,Reading Comprehension
30,Active Listening
30,Science
30,Writing
30,Critical Thinking
30,Microsoft Excel
31,Critical Thinking
31,Microsoft PowerPoint
31,Writing
31,Monitoring
31,Microsoft Office software
31,Active Listening
31,Science
31,Microsoft Excel
32,Microsoft PowerPoint
32,Critical Thinking
32,Microsoft Office software
32,Reading Comprehension
32,Monitoring
33,Reading Comprehension
33,Microsoft Office software
33,Microsoft PowerPoint
33,Active Listening
33,Monitoring
33,Microsoft Excel
35,Critical Thinking
35,Microsoft Office software
35,Microsoft Outlook
35,Microsoft Excel
35,Microsoft PowerPoint
35,Reading Comprehension
36,Reading Comprehension
36,Active Learning
36,Microsoft Outlook
36,Critical Thinking
36,Microsoft Office software
36,Writing
38,Reading Comprehension
38,Critical Thinking
38,Active Learning
38,Microsoft PowerPoint
38,Monitoring
38,Active Listening
39,Science
39,Microsoft Excel
39,Microsoft Outlook
39,Reading Comprehension
39,Active Listening
39,Microsoft Office software
40,Critical Thinking
40,Microsoft Office software
40,Reading Comprehension
40,Salesforce software
40,Writing
40,Microsoft Excel
40,Microsoft Outlook
40,Speaking
41,Writing
41,Critical Thinking
41,Microsoft Outlook
41,Science
41,Microsoft Office software
41,Microsoft Excel
41,Monitoring
41,Reading Comprehension
42,Salesforce software
42,Writing
42,Microsoft Office software
42,Reading Comprehension
42,Speaking
42,Active Learning
42,Active Listening
45,Active Listening
45,Critical Thinking
45,Microsoft Excel
45,Microsoft Office software
45,Microsoft PowerPoint
45,Monitoring
45,Writing
46,Active Listening
46,Microsoft PowerPoint
46,Critical Thinking
46,Monitoring
46,Reading Comprehension
46,Writing
46,Science
46,Microsoft Office software
47,Speaking
47,Microsoft Office software
47,Active Listening
47,Active Learning
47,Writing
47,Reading Comprehension
47,Salesforce software
49,Reading Comprehension
49,Critical Thinking
49,Writing
49,Speaking
49,Microsoft Excel
49,Active Learning
51,Monitoring
51,Reading Comprehension
51,Microsoft Excel
51,Microsoft Office software
51,Writing
51,Critical Thinking
51,Science
51,Microsoft PowerPoint
52,Active Learning
52,Active Listening
52,Speaking
52,Microsoft PowerPoint
52,Microsoft Excel
52,Critical Thinking
52,Monitoring
53,Reading Comprehension
53,Writing
53,Monitoring
53,Active Listening
53,Microsoft Outlook
54,Microsoft Office software
54,Monitoring
54,Critical Thinking
54,Science
54,Microsoft Excel
55,Monitoring
55,Reading Comprehension
55,Microsoft Excel
55,Microsoft Office software
55,Microsoft Outlook
55,Critical Thinking
55,Writing
56,Microsoft Excel
56,Microsoft Office software
56,Microsoft Outlook
56,Active Listening
56,Active Learning
56,Microsoft PowerPoint
56,Speaking
56,Reading Comprehension
57,Microsoft Outlook
57,Microsoft Excel
57,Microsoft Office software
57,Critical Thinking
57,Reading Comprehension
57,Writing
57,Active Listening
58,Monitoring
58,Writing
58,Active Listening
58,Microsoft PowerPoint
58,Microsoft Office software
58,Reading Comprehension
60,Microsoft Excel
60,Active Listening
60,Speaking
60,Microsoft Office software
60,Microsoft Outlook
60,Microsoft PowerPoint
61,Critical Thinking
61,Microsoft PowerPoint
61,Writing
61,Microsoft Excel
61,Active Listening
61,Monitoring
62,Microsoft Outlook
62,Reading Comprehension
62,Monitoring
62,Critical Thinking
62,Microsoft PowerPoint
62,Active Learning
62,Active Listening
63,Active Listening
63,Microsoft Excel
63,Microsoft Office software
63,Microsoft Outlook
63,Reading Comprehension
63,Critical Thinking
63,Monitoring
64,Microsoft Office software
64,Microsoft Excel
64,Reading Comprehension
64,Active Listening
64,Writing
64,Science
64,Critical Thinking
64,Microsoft Outlook
65,Microsoft Outlook
65,Reading Comprehension
65,Microsoft Excel
65,Microsoft Office software
65,Monitoring
68,Reading Comprehension
68,Active Listening
68,Active Learning
68,Critical Thinking
68,Microsoft Excel
68,Microsoft Office software
68,Microsoft Outlook
70,Speaking
70,Salesforce software
70,Active Listening
70,Active Learning
70,Reading Comprehension
70,Microsoft Excel
70,Microsoft Outlook
72,Microsoft PowerPoint
72,Speaking
72,Active Listening
72,Active Learning
72,Microsoft Office software
72,Microsoft Outlook
72,Reading Comprehension
72,Microsoft Excel
73,Microsoft PowerPoint
73,Microsoft Excel
73,Critical Thinking
73,Science
73,Reading Comprehension
73,Microsoft Office software
74,Microsoft Office software
74,Microsoft PowerPoint
74,Microsoft Outlook
74,Active Listening
74,Reading Comprehension
74,Microsoft Excel
74,Speaking
74,Monitoring
74,Active Learning
75,Science
75,Critical Thinking
75,Monitoring
75,Microsoft Excel
75,Writing
76,Reading Comprehension
76,Writing
76,Active Listening
76,Microsoft Excel
76,Monitoring
76,Microsoft Outlook
76,Critical Thinking
77,Microsoft Outlook
77,Microsoft Office software
77,Learning Strategies
77,Critical Thinking
77,Microsoft Excel
77,Monitoring
77,Microsoft PowerPoint
77,Reading Comprehension
78,Critical Thinking
78,Speaking
78,Reading Comprehension
78,Active Listening
78,Microsoft Office software
78,Microsoft PowerPoint
78,Learning Strategies
79,Microsoft Excel
79,Active Listening
79,Science
79,Writing
79,Monitoring
79,Microsoft Outlook
79,Critical Thinking
79,Microsoft Office software
80,Writing
80,Microsoft Office software
80,Active Listening
80,Science
80,Critical Thinking
80,Monitoring
80,Microsoft Excel
81,Microsoft PowerPoint
81,Microsoft Office software
81,Active Listening
81,Speaking
81,Active Learning
81,Monitoring
81,Microsoft Excel
83,Critical Thinking
83,Salesforce software
83,Reading Comprehension
83,Active Learning
83,Speaking
83,Microsoft Excel
84,Speaking
84,Reading Comprehension
84,Microsoft Excel
84,Microsoft Office software
84,Critical Thinking
84,Microsoft PowerPoint
84,Monitoring
85,Microsoft Outlook
85,Reading Comprehension
85,Microsoft Excel
85,Learning Strategies
85,Active Listening
86,Critical Thinking
86,Microsoft Excel
86,Microsoft PowerPoint
86,Science
86,Active Listening
86,Writing
86,Monitoring
88,Monitoring
88,Microsoft Excel
88,Microsoft PowerPoint
88,Writing
88,Microsoft Office software
90,Critical Thinking
90,Active Listening
90,Science
90,Reading Comprehension
90,Microsoft PowerPoint
90,Microsoft Excel
91,Critical Thinking
91,Active Learning
91,Speaking
91,Active Listening
91,Microsoft Office software
91,Microsoft Excel
94,Active Listening
94,Writing
94,Microsoft Office software
94,Microsoft PowerPoint
94,Monitoring
95,Critical Thinking
95,Science
95,Reading Comprehension
95,Monitoring
95,Microsoft PowerPoint
95,Active Listening
96,Microsoft Office software
96,Reading Comprehension
96,Microsoft Excel
96,Active Listening
96,Microsoft PowerPoint
96,Critical Thinking
96,Writing
97,Reading Comprehension
97,Microsoft Outlook
97,Microsoft Excel
97,Science
97,Microsoft Office software
97,Monitoring
97,Critical Thinking
98,Microsoft Office software
98,Reading Comprehension
98,Learning Strategies
98,Microsoft Excel
98,Critical Thinking
98,Microsoft Outlook
98,Monitoring
98,Microsoft PowerPoint
98,Speaking
100,Critical Thinking
100,Speaking
100,Microsoft Office software
100,Active Learning
100,Active Listening
100,Reading Comprehension
100,Monitoring
100,Microsoft PowerPoint
101,Microsoft PowerPoint
101,Critical Thinking
101,Active Listening
101,Reading Comprehension
101,Monitoring
101,Writing
101,Microsoft Office software
101,Science
102,Microsoft Excel
102,Microsoft PowerPoint
102,Reading Comprehension
102,Active Listening
102,Critical Thinking
103,Microsoft Office software
103,Active Learning
103,Speaking
103,Reading Comprehension
103,Writing
103,Microsoft Excel
104,Science
104,Critical Thinking
104,Writing
104,Microsoft Office software
104,Active Listening
104,Monitoring
104,Microsoft Excel
104,Reading Comprehension
105,Microsoft Excel
105,Active Listening
105,Science
105,Microsoft PowerPoint
105,Microsoft Office software
105,Critical Thinking
105,Monitoring
106,Reading Comprehension
106,Microsoft Excel
106,Active Learning
106,Active Listening
106,Microsoft Outlook
106,Microsoft PowerPoint
106,Monitoring
106,Speaking
106,Critical Thinking
107,Writing
107,Microsoft PowerPoint
107,Reading Comprehension
107,Microsoft Excel
107,Active Listening
107,Monitoring
107,Critical Thinking
110,Speaking
110,Monitoring
110,Microsoft Office software
110,Active Listening
110,Microsoft Excel
110,Reading Comprehension
110,Critical Thinking
110,Microsoft PowerPoint
110,Microsoft Outlook
112,Microsoft Outlook
112,Microsoft Office software
112,Microsoft PowerPoint
112,Learning Strategies
112,Active Listening
113,Active Learning
113,Writing
113,Speaking
113,Salesforce software
113,Active Listening
116,Critical Thinking
116,Microsoft Office software
116,Writing
116,Reading Comprehension
116,Microsoft Outlook
117,Writing
117,Active Listening
117,Speaking
117,Microsoft Office software
117,Microsoft Excel
117,Reading Comprehension
117,Critical Thinking
117,Microsoft Outlook
117,Active Learning
118,Reading Comprehension
118,Monitoring
118,Critical Thinking
118,Microsoft Excel
118,Microsoft Office software
118,Speaking
118,Microsoft Outlook
118,Active Learning
118,Active Listening
119,Critical Thinking
119,Microsoft Outlook
119,Microsoft Excel
119,Active Learning
119,Salesforce software
119,Reading Comprehension
119,Writing
119,Microsoft Office software
119,Active Listening
120,Microsoft Excel
120,Speaking
120,Active Learning
120,Microsoft Outlook
120,Microsoft PowerPoint
120,Monitoring
120,Active Listening
120,Critical Thinking
121,Microsoft Excel
121,Active Listening
121,Microsoft Outlook
121,Reading Comprehension
121,Speaking
121,Monitoring
121,Microsoft Office software
121,Active Learning
124,Writing
124,Speaking
124,Active Learning
124,Critical Thinking
124,Microsoft Office software
124,Reading Comprehension
124,Microsoft Excel
124,Salesforce software
125,Microsoft PowerPoint
125,Speaking
125,Microsoft Excel
125,Microsoft Outlook
125,Critical Thinking
125,Reading Comprehension
125,Microsoft Office software
125,Active Listening
126,Writing
126,Monitoring
126,Microsoft Office software
126,Science
126,Microsoft PowerPoint
128,Active Learning
128,Monitoring
128,Speaking
128,Critical Thinking
128,Microsoft Outlook
128,Active Listening
128,Microsoft Excel
128,Reading Comprehension
129,Microsoft Office software
129,Monitoring
129,Reading Comprehension
129,Speaking
129,Microsoft Excel
129,Active Listening
129,Microsoft Outlook
131,Active Listening
131,Speaking
131,Critical Thinking
131,Active Learning
131,Microsoft Excel
131,Monitoring
131,Microsoft Outlook
131,Microsoft PowerPoint
132,Active Listening
132,Writing
132,Critical Thinking
132,Science
132,Microsoft Outlook
133,Microsoft Outlook
133,Speaking
133,Reading Comprehension
133,Writing
133,Microsoft Excel
133,Microsoft Office software
133,Applicant tracking software
133,Active Learning
133,Critical Thinking
134,Microsoft Office software
134,Science
134,Reading Comprehension
134,Writing
134,Microsoft PowerPoint
134,Critical Thinking
134,Microsoft Excel
134,Active Listening
137,Critical Thinking
137,Microsoft Office software
137,Microsoft Excel
137,Science
137,Microsoft Outlook
137,Reading Comprehension
137,Active Listening
137,Monitoring
138,Active Listening
138,Microsoft Excel
138,Writing
138,Microsoft Office software
138,Monitoring
138,Critical Thinking
138,Microsoft PowerPoint
139,Reading Comprehension
139,Speaking
139,Critical Thinking
139,Microsoft Outlook
139,Active Learning
139,Microsoft Office software
139,Salesforce software
140,Reading Comprehension
140,Active Learning
140,Monitoring
140,Microsoft PowerPoint
140,Microsoft Office software
140,Critical Thinking
140,Active Listening
141,Monitoring
141,Microsoft Excel
141,Critical Thinking
141,Active Listening
141,Microsoft PowerPoint
141,Reading Comprehension
141,Science
142,Speaking
142,Active Learning
142,Microsoft Office software
142,Monitoring
142,Microsoft Excel
143,Monitoring
143,Microsoft PowerPoint
143,Science
143,Active Listening
143,Critical Thinking
143,Writing
144,Reading Comprehension
144,Monitoring
144,Microsoft Outlook
144,Critical Thinking
144,Microsoft Office software
144,Science
144,Active Listening
145,Active Listening
145,Critical Thinking
145,Microsoft Office software
145,Speaking
145,Microsoft Excel
145,Microsoft Outlook
145,Salesforce software
147,Writing
147,Microsoft Office software
147,Active Listening
147,Microsoft Excel
147,Science
147,Monitoring
147,Reading Comprehension
147,Microsoft Outlook
148,Microsoft Office software
148,Reading Comprehension
148,Microsoft PowerPoint
148,Active Listening
148,Microsoft Excel
148,Active Learning
148,Critical Thinking
150,Microsoft Outlook
150,Reading Comprehension
150,Microsoft Excel
150,Critical Thinking
150,Writing
151,Active Listening
151,Microsoft Excel
151,Reading Comprehension
151,Critical Thinking
151,Writing
151,Monitoring
152,Active Listening
152,Active Learning
152,Microsoft PowerPoint
152,Speaking
152,Microsoft Excel
152,Microsoft Outlook
153,Monitoring
153,Active Listening
153,Active Learning
153,Microsoft Excel
153,Reading Comprehension
153,Speaking
153,Microsoft Office software
153,Microsoft PowerPoint
154,Active Learning
154,Active Listening
154,Monitoring
154,Microsoft Outlook
154,Critical Thinking
154,Microsoft Office software
154,Microsoft PowerPoint
155,Monitoring
155,Microsoft Outlook
155,Reading Comprehension
155,Writing
155,Active Listening
155,Microsoft Office software
158,Speaking
158,Active Learning
158,Microsoft Excel
158,Critical Thinking
158,Microsoft PowerPoint
158,Active Listening
158,Microsoft Office software
158,Reading Comprehension
159,Microsoft Excel
159,Writing
159,Microsoft Office software
159,Reading Comprehension
159,Active Listening
159,Monitoring
159,Microsoft PowerPoint
160,Speaking
160,Active Listening
160,Active Learning
160,Reading Comprehension
160,Critical Thinking
160,Microsoft Excel
160,Microsoft Office software
161,Reading Comprehension
161,Microsoft Office software
161,Active Listening
161,Microsoft PowerPoint
161,Writing
161,Critical Thinking
162,Writing
162,Reading Comprehension
162,Monitoring
162,Microsoft Excel
162,Microsoft Office software
163,Critical Thinking
163,Microsoft Excel
163,Reading Comprehension
163,Speaking
163,Monitoring
163,Microsoft PowerPoint
163,Active Learning
163,Active Listening
164,Microsoft Excel
164,Active Listening
164,Microsoft PowerPoint
164,Microsoft Office software
164,Science
165,Microsoft Excel
165,Microsoft Outlook
165,Active Listening
165,Reading Comprehension
165,Active Learning
165,Critical Thinking
165,Salesforce software
167,Salesforce software
167,Microsoft Office software
167,Active Learning
167,Writing
167,Critical Thinking
169,Microsoft Outlook
169,Microsoft Office software
169,Microsoft Excel
169,Reading Comprehension
169,Monitoring
169,Critical Thinking
170,Reading Comprehension
170,Active Listening
170,Microsoft Office software
170,Monitoring
170,Critical Thinking
170,Learning Strategies
170,Microsoft PowerPoint
170,Microsoft Outlook
171,Microsoft PowerPoint
171,Critical Thinking
171,Microsoft Office software
171,Microsoft Excel
171,Monitoring
174,Reading Comprehension
174,Critical Thinking
174,Active Listening
174,Speaking
174,Microsoft Outlook
174,Microsoft PowerPoint
174,Microsoft Office software
174,Microsoft Excel
174,Active Learning
175,Microsoft Office software
175,Microsoft Outlook
175,Reading Comprehension
175,Microsoft PowerPoint
175,Critical Thinking
175,Microsoft Excel
175,Speaking
176,Speaking
176,Microsoft Outlook
176,Active Learning
176,Critical Thinking
176,Active Listening
176,Microsoft Office software
176,Microsoft Excel
176,Microsoft PowerPoint
176,Reading Comprehension
177,Writing
177,Speaking
177,Active Learning
177,Applicant tracking software
177,Reading Comprehension
177,Microsoft Outlook
177,Microsoft Office software
178,Speaking
178,Learning Strategies
178,Active Listening
178,Reading Comprehension
178,Critical Thinking
178,Microsoft Office software
178,Microsoft Excel
178,Monitoring
179,Speaking
179,Microsoft Office software
179,Active Listening
179,Microsoft Excel
179,Microsoft Outlook
179,Microsoft PowerPoint
179,Reading Comprehension
179,Learning Strategies
179,Monitoring
182,Active Learning
182,Microsoft Excel
182,Speaking
182,Active Listening
182,Monitoring
182,Critical Thinking
183,Speaking
183,Reading Comprehension
183,Active Learning
183,Microsoft Excel
183,Critical Thinking
183,Monitoring
183,Microsoft PowerPoint
183,Active Listening
183,Microsoft Office software
184,Reading Comprehension
184,Microsoft Outlook
184,Active Listening
184,Writing
184,Microsoft Excel
190,Microsoft Excel
190,Writing
190,Reading Comprehension
190,Active Listening
190,Critical Thinking
190,Science
192,Monitoring
192,Active Listening
192,Microsoft Office software
192,Science
192,Writing
192,Microsoft Excel
192,Microsoft PowerPoint
193,Microsoft Office software
193,Monitoring
193,Reading Comprehension
193,Microsoft PowerPoint
193,Critical Thinking
193,Writing
194,Monitoring
194,Reading Comprehension
194,Science
194,Writing
194,Active Listening
194,Microsoft Excel
194,Microsoft Office software
194,Critical Thinking
195,Monitoring
195,Speaking
195,Microsoft PowerPoint
195,Microsoft Office software
195,Microsoft Excel
197,Critical Thinking
197,Active Listening
197,Microsoft Excel
197,Microsoft PowerPoint
197,Writing
197,Reading Comprehension
197,Microsoft Office software
197,Monitoring
198,Reading Comprehension
198,Active Listening
198,Science
198,Monitoring
198,Writing
198,Microsoft Excel
198,Microsoft Office software
199,Microsoft Office software
199,Speaking
199,Reading Comprehension
199,Monitoring
199,Active Listening
199,Microsoft Excel
199,Active Learning
200,Microsoft Outlook
200,Science
200,Writing
200,Reading Comprehension
200,Microsoft Office software
200,Critical Thinking
200,Monitoring
201,Active Listening
201,Microsoft Excel
201,Critical Thinking
201,Monitoring
201,Science
201,Microsoft Outlook
201,Reading Comprehension
201,Microsoft Office software
202,Writing
202,Microsoft PowerPoint
202,Microsoft Excel
202,Microsoft Office software
202,Active Listening
202,Reading Comprehension
204,Critical Thinking
204,Active Listening
204,Microsoft PowerPoint
204,Microsoft Office software
204,Reading Comprehension
204,Microsoft Excel
204,Monitoring
205,Microsoft Excel
205,Critical Thinking
205,Microsoft Office software
205,Active Learning
205,Salesforce software
205,Speaking
205,Active Listening
205,Writing
206,Active Listening
206,Reading Comprehension
206,Science
206,Microsoft Outlook
206,Writing
206,Microsoft Office software
206,Critical Thinking
206,Microsoft Excel
207,Active Listening
207,Active Learning
207,Microsoft Office software
207,Critical Thinking
207,Microsoft PowerPoint
207,Microsoft Outlook
208,Reading Comprehension
208,Monitoring
208,Critical Thinking
208,Microsoft Office software
208,Speaking
208,Active Listening
208,Microsoft PowerPoint
208,Microsoft Excel
208,Microsoft Outlook
211,Speaking
211,Critical Thinking
211,Microsoft Outlook
211,Microsoft Excel
211,Learning Strategies
211,Microsoft PowerPoint
211,Active Listening
214,Microsoft Office software
214,Science
214,Active Listening
214,Reading Comprehension
214,Monitoring
215,Critical Thinking
215,Microsoft PowerPoint
215,Microsoft Outlook
215,Active Learning
215,Monitoring
215,Microsoft Excel
215,Reading Comprehension
215,Microsoft Office software
215,Speaking
216,Active Learning
216,Critical Thinking
216,Reading Comprehension
216,Microsoft Excel
216,Active Listening
216,Speaking
216,Microsoft Office software
216,Salesforce software
217,Reading Comprehension
217,Microsoft Excel
217,Writing
217,Critical Thinking
217,Microsoft PowerPoint
217,Active Listening
217,Microsoft Office software
217,Monitoring
218,Critical Thinking
218,Monitoring
218,Reading Comprehension
218,Writing
218,Microsoft Office software
218,Microsoft Excel
218,Microsoft PowerPoint
218,Active Listening
221,Microsoft PowerPoint
221,Microsoft Excel
221,Writing
221,Microsoft Office software
221,Monitoring
221,Reading Comprehension
223,Critical Thinking
223,Microsoft Outlook
223,Microsoft Excel
223,Salesforce software
223,Writing
223,Active Listening
223,Active Learning
223,Microsoft Office software
223,Reading Comprehension
224,Science
224,Microsoft PowerPoint
224,Reading Comprehension
224,Active Listening
224,Monitoring
224,Writing
226,Active Listening
226,Microsoft Office software
226,Active Learning
226,Monitoring
226,Reading Comprehension
226,Microsoft PowerPoint
226,Microsoft Excel
227,Critical Thinking
227,Microsoft Excel
227,Active Listening
227,Reading Comprehension
227,Monitoring
227,Writing
228,Microsoft Office software
228,Monitoring
228,Microsoft Excel
228,Active Listening
228,Microsoft Outlook
228,Critical Thinking
228,Reading Comprehension
228,Active Learning
230,Active Learning
230,Active Listening
230,Microsoft Outlook
230,Monitoring
230,Speaking
231,Critical Thinking
231,Microsoft Office software
231,Monitoring
231,Reading Comprehension
231,Active Listening
231,Science
233,Critical Thinking
233,Microsoft Excel
233,Microsoft Office software
233,Science
233,Writing
235,Writing
235,Salesforce software
235,Microsoft Excel
235,Speaking
235,Active Learning
235,Active Listening
238,Writing
238,Critical Thinking
238,Active Listening
238,Science
238,Microsoft Office software
238,Microsoft Excel
239,Writing
239,Critical Thinking
239,Microsoft Outlook
239,Microsoft Office software
239,Microsoft Excel
240,Microsoft Office software
240,Monitoring
240,Microsoft PowerPoint
240,Critical Thinking
240,Speaking
240,Microsoft Outlook
240,Active Listening
240,Active Learning
241,Microsoft PowerPoint
241,Active Listening
241,Science
241,Writing
241,Microsoft Excel
242,Writing
242,Microsoft PowerPoint
242,Critical Thinking
242,Microsoft Excel
242,Active Listening
243,Microsoft Excel
243,Microsoft Office software
243,Reading Comprehension
243,Writing
243,Active Listening
243,Microsoft Outlook
244,Reading Comprehension
244,Microsoft Office software
244,Monitoring
244,Microsoft Excel
244,Microsoft Outlook
245,Microsoft Office software
245,Critical Thinking
245,Reading Comprehension
245,Microsoft Outlook
245,Science
245,Microsoft Excel
246,Reading Comprehension
246,Active Listening
246,Critical Thinking
246,Microsoft Excel
246,Microsoft Office software
247,Microsoft Office software
247,Critical Thinking
247,Reading Comprehension
247,Microsoft PowerPoint
247,Active Listening
247,Science
247,Monitoring
248,Microsoft Excel
248,Active Learning
248,Speaking
248,Reading Comprehension
248,Writing
248,Salesforce software
248,Microsoft Office software
249,Writing
249,Active Listening
249,Reading Comprehension
249,Monitoring
249,Science
249,Microsoft Outlook
249,Microsoft Office software
249,Critical Thinking
250,Microsoft Outlook
250,Microsoft Office software
250,Speaking
250,Monitoring
250,Reading Comprehension
250,Learning Strategies
252,Active Listening
252,Microsoft Office software
252,Microsoft Excel
252,Critical Thinking
252,Science
252,Microsoft PowerPoint
252,Monitoring
253,Microsoft Office software
253,Active Learning
253,Reading Comprehension
253,Monitoring
253,Speaking
254,Writing
254,Reading Comprehension
254,Active Listening
254,Science
254,Monitoring
254,Critical Thinking
256,Monitoring
256,Microsoft Office software
256,Learning Strategies
256,Microsoft Outlook
256,Critical Thinking
256,Microsoft Excel
256,Speaking
256,Reading Comprehension
258,Critical Thinking
258,Microsoft Office software
258,Active Listening
258,Writing
258,Microsoft Excel
258,Salesforce software
259,Active Learning
259,Reading Comprehension
259,Speaking
259,Monitoring
259,Active Listening
259,Microsoft Office software
259,Critical Thinking
260,Writing
260,Monitoring
260,Microsoft Excel
260,Microsoft Office software
260,Critical Thinking
260,Active Listening
260,Science
260,Microsoft PowerPoint
261,Critical Thinking
261,Reading Comprehension
261,Microsoft Excel
261,Monitoring
261,Microsoft Office software
261,Microsoft Outlook
262,Critical Thinking
262,Monitoring
262,Writing
262,Microsoft Excel
262,Active Listening
262,Microsoft Office software
262,Microsoft PowerPoint
262,Reading Comprehension
264,Critical Thinking
264,Microsoft Excel
264,Reading Comprehension
264,Microsoft Office software
264,Active Learning
264,Speaking
267,Microsoft Office software
267,Science
267,Reading Comprehension
267,Monitoring
267,Microsoft PowerPoint
267,Active Listening
267,Writing
269,Active Listening
269,Microsoft Office software
269,Critical Thinking
269,Microsoft Excel
269,Reading Comprehension
269,Microsoft Outlook
270,Microsoft Office software
270,Active Listening
270,Learning Strategies
270,Microsoft Excel
270,Microsoft PowerPoint
270,Monitoring
270,Reading Comprehension
271,Critical Thinking
271,Microsoft Outlook
271,Monitoring
271,Microsoft PowerPoint
271,Reading Comprehension
271,Microsoft Excel
271,Learning Strategies
271,Active Listening
273,Learning Strategies
273,Microsoft PowerPoint
273,Speaking
273,Active Listening
273,Microsoft Outlook
273,Critical Thinking
274,Critical Thinking
274,Microsoft Outlook
274,Learning Strategies
274,Reading Comprehension
274,Active Listening
274,Monitoring
274,Speaking
274,Microsoft Office software
274,Microsoft Excel
275,Learning Strategies
275,Microsoft Excel
275,Critical Thinking
275,Microsoft Office software
275,Monitoring
275,Microsoft PowerPoint
275,Speaking
275,Reading Comprehension
275,Microsoft Outlook
277,Microsoft Excel
277,Microsoft Office software
277,Reading Comprehension
277,Critical Thinking
277,Science
277,Writing
281,Microsoft Office software
281,Monitoring
281,Writing
281,Critical Thinking
281,Microsoft Outlook
281,Active Listening
282,Writing
282,Speaking
282,Active Learning
282,Microsoft Excel
282,Critical Thinking
282,Salesforce software
282,Active Listening
283,Critical Thinking
283,Microsoft Outlook
283,Microsoft PowerPoint
283,Speaking
283,Microsoft Excel
283,Active Learning
283,Reading Comprehension
283,Active Listening
284,Critical Thinking
284,Microsoft Office software
284,Science
284,Reading Comprehension
284,Microsoft PowerPoint
284,Active Listening
284,Monitoring
286,Monitoring
286,Science
286,Active Listening
286,Microsoft Office software
286,Reading Comprehension
286,Microsoft Excel
287,Microsoft Excel
287,Active Listening
287,Microsoft Office software
287,Reading Comprehension
287,Critical Thinking
287,Writing
287,Microsoft Outlook
287,Speaking
288,Microsoft Excel
288,Salesforce software
288,Microsoft Outlook
288,Critical Thinking
288,Active Learning
288,Speaking
288,Active Listening
288,Microsoft Office software
291,Monitoring
291,Microsoft PowerPoint
291,Active Learning
291,Speaking
291,Reading Comprehension
291,Critical Thinking
292,Speaking
292,Microsoft Office software
292,Microsoft Excel
292,Learning Strategies
292,Microsoft PowerPoint
292,Reading Comprehension
292,Monitoring
292,Active Listening
293,Speaking
293,Active Learning
293,Microsoft PowerPoint
293,Reading Comprehension
293,Active Listening
293,Microsoft Office software
293,Critical Thinking
293,Monitoring
296,Writing
296,Science
296,Microsoft PowerPoint
296,Critical Thinking
296,Reading Comprehension
296,Microsoft Office software
296,Monitoring
297,Writing
297,Microsoft Excel
297,Active Listening
297,Critical Thinking
297,Reading Comprehension
298,Reading Comprehension
298,Microsoft Excel
298,Monitoring
298,Microsoft PowerPoint
298,Active Learning
298,Microsoft Office software
299,Active Listening
299,Microsoft PowerPoint
299,Microsoft Office software
299,Microsoft Excel
299,Speaking
299,Microsoft Outlook
299,Active Learning
299,Reading Comprehension
300,Monitoring
300,Active Listening
300,Critical Thinking
300,Writing
300,Microsoft Excel
300,Microsoft PowerPoint
300,Microsoft Office software
302,Reading Comprehension
302,Critical Thinking
302,Microsoft Office software
302,Microsoft Outlook
302,Microsoft PowerPoint
302,Active Listening
302,Monitoring
302,Active Learning
303,Monitoring
303,Critical Thinking
303,Reading Comprehension
303,Microsoft Excel
303,Microsoft PowerPoint
303,Microsoft Outlook
304,Active Listening
304,Science
304,Reading Comprehension
304,Microsoft Outlook
304,Microsoft Office software
304,Writing
304,Monitoring
305,Microsoft Office software
305,Microsoft PowerPoint
305,Science
305,Critical Thinking
305,Writing
305,Monitoring
305,Active Listening
306,Microsoft Office software
306,Reading Comprehension
306,Critical Thinking
306,Science
306,Microsoft Excel
307,Microsoft Outlook
307,Critical Thinking
307,Active Learning
307,Microsoft PowerPoint
307,Speaking
307,Monitoring
307,Active Listening
307,Microsoft Office software
308,Active Listening
308,Microsoft Outlook
308,Speaking
308,Microsoft PowerPoint
308,Critical Thinking
308,Learning Strategies
308,Monitoring
308,Reading Comprehension
309,Microsoft Excel
309,Writing
309,Microsoft PowerPoint
309,Science
309,Microsoft Office software
311,Salesforce software
311,Speaking
311,Active Listening
311,Writing
311,Active Learning
312,Microsoft PowerPoint
312,Reading Comprehension
312,Monitoring
312,Critical Thinking
312,Active Listening
312,Speaking
312,Microsoft Excel
314,Active Listening
314,Reading Comprehension
314,Microsoft Excel
314,Active Learning
314,Microsoft Office software
314,Microsoft PowerPoint
314,Critical Thinking
314,Microsoft Outlook
314,Monitoring
315,Critical Thinking
315,Active Listening
315,Science
315,Microsoft Excel
315,Writing
315,Reading Comprehension
315,Microsoft PowerPoint
316,Microsoft Outlook
316,Microsoft Office software
316,Critical Thinking
316,Monitoring
316,Reading Comprehension
316,Science
316,Microsoft Excel
316,Active Listening
319,Monitoring
319,Active Listening
319,Microsoft PowerPoint
319,Reading Comprehension
319,Active Learning
321,Writing
321,Critical Thinking
321,Active Learning
321,Microsoft Outlook
321,Active Listening
321,Speaking
321,Microsoft Office software
321,Applicant tracking software
323,Critical Thinking
323,Microsoft Office software
323,Microsoft PowerPoint
323,Microsoft Excel
323,Reading Comprehension
323,Speaking
325,Microsoft Excel
325,Active Listening
325,Microsoft Office software
325,Critical Thinking
325,Writing
325,Reading Comprehension
327,Monitoring
327,Microsoft Excel
327,Microsoft PowerPoint
327,Speaking
327,Active Listening
327,Critical Thinking
327,Microsoft Office software
328,Science
328,Critical Thinking
328,Active Listening
328,Microsoft Office software
328,Reading Comprehension
328,Monitoring
328,Microsoft Outlook
328,Writing
329,Reading Comprehension
329,Critical Thinking
329,Microsoft Office software
329,Active Listening
329,Microsoft PowerPoint
330,Salesforce software
330,Writing
330,Active Listening
330,Microsoft Office software
330,Speaking
330,Active Learning
330,Reading Comprehension
330,Critical Thinking
331,Microsoft Excel
331,Monitoring
331,Reading Comprehension
331,Writing
331,Microsoft Office software
331,Critical Thinking
332,Active Listening
332,Microsoft Outlook
332,Reading Comprehension
332,Science
332,Microsoft Office software
333,Reading Comprehension
333,Critical Thinking
333,Microsoft Office software
333,Microsoft Outlook
333,Active Listening
333,Active Learning
333,Microsoft PowerPoint
333,Speaking
333,Microsoft Excel
334,Microsoft PowerPoint
334,Microsoft Excel
334,Reading Comprehension
334,Science
334,Active Listening
334,Critical Thinking
335,Active Listening
335,Monitoring
335,Reading Comprehension
335,Science
335,Critical Thinking
335,Microsoft Office software
336,Microsoft Excel
336,Speaking
336,Active Listening
336,Monitoring
336,Microsoft PowerPoint
336,Active Learning
336,Critical Thinking
336,Microsoft Office software
337,Reading Comprehension
337,Critical Thinking
337,Writing
337,Microsoft Excel
337,Monitoring
338,Critical Thinking
338,Microsoft Excel
338,Monitoring
338,Active Listening
338,Microsoft Office software
338,Reading Comprehension
338,Microsoft PowerPoint
339,Microsoft Outlook
339,Speaking
339,Learning Strategies
339,Microsoft Office software
339,Reading Comprehension
339,Microsoft PowerPoint
340,Monitoring
340,Science
340,Microsoft Excel
340,Active Listening
340,Writing
340,Reading Comprehension
340,Microsoft PowerPoint
341,Microsoft PowerPoint
341,Microsoft Office software
341,Critical Thinking
341,Reading Comprehension
341,Monitoring
341,Microsoft Outlook
341,Speaking
342,Speaking
342,Monitoring
342,Microsoft PowerPoint
342,Critical Thinking
342,Microsoft Office software
342,Active Listening
342,Microsoft Excel
343,Salesforce software
343,Critical Thinking
343,Active Listening
343,Active Learning
343,Reading Comprehension
343,Microsoft Excel
343,Speaking
343,Microsoft Office software
346,Science
346,Microsoft Excel
346,Microsoft PowerPoint
346,Writing
346,Critical Thinking
347,Critical Thinking
347,Microsoft PowerPoint
347,Monitoring
347,Writing
347,Microsoft Office software
347,Reading Comprehension
349,Active Listening
349,Microsoft Excel
349,Monitoring
349,Critical Thinking
349,Microsoft Office software
349,Microsoft Outlook
350,Monitoring
350,Microsoft Excel
350,Microsoft PowerPoint
350,Speaking
350,Critical Thinking
350,Active Listening
350,Reading Comprehension
350,Microsoft Outlook
350,Microsoft Office software
351,Monitoring
351,Reading Comprehension
351,Writing
351,Microsoft Office software
351,Science
351,Microsoft Outlook
351,Active Listening
352,Critical Thinking
352,Writing
352,Active Listening
352,Microsoft PowerPoint
352,Microsoft Office software
352,Science
353,Science
353,Writing
353,Microsoft Excel
353,Monitoring
353,Reading Comprehension
353,Microsoft Office software
353,Active Listening
355,Microsoft Office software
355,Active Listening
355,Science
355,Monitoring
355,Writing
359,Science
359,Microsoft Outlook
359,Writing
359,Monitoring
359,Microsoft Office software
359,Reading Comprehension
361,Speaking
361,Monitoring
361,Active Listening
361,Critical Thinking
361,Microsoft PowerPoint
361,Microsoft Outlook
361,Reading Comprehension
362,Writing
362,Microsoft Excel
362,Monitoring
362,Critical Thinking
362,Science
363,Speaking
363,Microsoft Office software
363,Microsoft PowerPoint
363,Monitoring
363,Active Learning
363,Critical Thinking
363,Reading Comprehension
363,Microsoft Excel
364,Active Listening
364,Writing
364,Microsoft Outlook
364,Microsoft Office software
364,Science
366,Active Listening
366,Speaking
366,Monitoring
366,Active Learning
366,Microsoft Outlook
366,Microsoft Excel
367,Salesforce software
367,Microsoft Office software
367,Critical Thinking
367,Reading Comprehension
367,Microsoft Outlook
367,Active Listening
369,Active Learning
369,Critical Thinking
369,Reading Comprehension
369,Speaking
369,Microsoft Office software
369,Active Listening
369,Writing
369,Microsoft Excel
372,Salesforce software
372,Active Learning
372,Active Listening
372,Writing
372,Reading Comprehension
372,Microsoft Excel
372,Speaking
372,Critical Thinking
373,Microsoft Office software
373,Critical Thinking
373,Monitoring
373,Science
373,Active Listening
373,Reading Comprehension
373,Writing
373,Microsoft Excel
374,Microsoft Excel
374,Reading Comprehension
374,Monitoring
374,Active Listening
374,Microsoft PowerPoint
376,Monitoring
376,Microsoft PowerPoint
376,Microsoft Office software
376,Critical Thinking
376,Speaking
376,Active Learning
377,Science
377,Microsoft PowerPoint
377,Microsoft Office software
377,Writing
377,Reading Comprehension
377,Microsoft Excel
378,Microsoft Outlook
378,Active Listening
378,Active Learning
378,Microsoft PowerPoint
378,Reading Comprehension
378,Monitoring
378,Speaking
379,Science
379,Writing
379,Critical Thinking
379,Active Listening
379,Monitoring
379,Microsoft Excel
379,Reading Comprehension
380,Science
380,Microsoft Office software
380,Writing
380,Critical Thinking
380,Microsoft PowerPoint
381,Active Listening
381,Reading Comprehension
381,Microsoft Excel
381,Active Learning
381,Monitoring
381,Microsoft PowerPoint
381,Critical Thinking
382,Monitoring
382,Microsoft Outlook
382,Microsoft Excel
382,Microsoft PowerPoint
382,Critical Thinking
382,Reading Comprehension
384,Speaking
384,Monitoring
384,Critical Thinking
384,Microsoft PowerPoint
384,Active Listening
384,Microsoft Office software
384,Microsoft Excel
385,Active Listening
385,Critical Thinking
385,Microsoft Office software
385,Writing
385,Microsoft Excel
385,Reading Comprehension
386,Active Listening
386,Monitoring
386,Microsoft PowerPoint
386,Reading Comprehension
386,Microsoft Excel
387,Critical Thinking
387,Speaking
387,Active Learning
387,Monitoring
387,Microsoft Outlook
387,Active Listening
388,Microsoft Office software
388,Active Listening
388,Monitoring
388,Critical Thinking
388,Microsoft Excel
388,Active Learning
389,Reading Comprehension
389,Writing
389,Monitoring
389,Microsoft Excel
389,Microsoft Office software
390,Writing
390,Active Learning
390,Critical Thinking
390,Active Listening
390,Microsoft Outlook
390,Speaking
390,Microsoft Excel
390,Microsoft Office software
391,Science
391,Writing
391,Microsoft PowerPoint
391,Critical Thinking
391,Monitoring
392,Microsoft Office software
392,Science
392,Writing
392,Microsoft Excel
392,Reading Comprehension
393,Active Listening
393,Microsoft Office software
393,Writing
393,Microsoft Excel
393,Microsoft Outlook
393,Critical Thinking
393,Reading Comprehension
394,Reading Comprehension
394,Science
394,Microsoft Outlook
394,Critical Thinking
394,Monitoring
394,Microsoft Excel
394,Writing
395,Writing
395,Critical Thinking
395,Microsoft Office software
395,Monitoring
395,Microsoft Excel
396,Writing
396,Microsoft PowerPoint
396,Monitoring
396,Reading Comprehension
396,Microsoft Excel
396,Microsoft Office software
397,Microsoft PowerPoint
397,Monitoring
397,Writing
397,Critical Thinking
397,Microsoft Excel
397,Active Listening
399,Critical Thinking
399,Reading Comprehension
399,Speaking
399,Writing
399,Microsoft Excel
399,Microsoft Office software
399,Active Learning
401,Microsoft PowerPoint
401,Microsoft Office software
401,Reading Comprehension
401,Speaking
401,Microsoft Outlook
401,Active Learning
401,Microsoft Excel
401,Active Listening
403,Active Listening
403,Microsoft Excel
403,Writing
403,Science
403,Microsoft PowerPoint
404,Microsoft Office software
404,Microsoft Outlook
404,Active Learning
404,Microsoft PowerPoint
404,Microsoft Excel
404,Critical Thinking
405,Microsoft Excel
405,Writing
405,Microsoft Office software
405,Reading Comprehension
405,Science
405,Monitoring
405,Microsoft Outlook
405,Active Listening
406,Speaking
406,Microsoft Outlook
406,Monitoring
406,Reading Comprehension
406,Microsoft Office software
407,Critical Thinking
407,Microsoft Outlook
407,Microsoft Office software
407,Monitoring
407,Active Listening
408,Microsoft Office software
408,Speaking
408,Critical Thinking
408,Learning Strategies
408,Microsoft PowerPoint
408,Microsoft Outlook
408,Microsoft Excel
410,Monitoring
410,Critical Thinking
410,Microsoft Excel
410,Microsoft Office software
410,Active Learning
410,Microsoft PowerPoint
411,Active Learning
411,Salesforce software
411,Microsoft Excel
411,Speaking
411,Microsoft Office software
412,Reading Comprehension
412,Writing
412,Microsoft Office software
412,Active Listening
412,Speaking
412,Microsoft Excel
412,Microsoft Outlook
412,Salesforce software
416,Microsoft PowerPoint
416,Monitoring
416,Reading Comprehension
416,Microsoft Outlook
416,Critical Thinking
417,Critical Thinking
417,Active Learning
417,Salesforce software
417,Reading Comprehension
417,Writing
417,Microsoft Excel
417,Microsoft Office software
417,Active Listening
417,Speaking
419,Microsoft Excel
419,Critical Thinking
419,Reading Comprehension
419,Microsoft Outlook
419,Active Listening
419,Writing
419,Monitoring
419,Microsoft Office software
420,Microsoft Outlook
420,Microsoft Excel
420,Monitoring
420,Reading Comprehension
420,Speaking
420,Active Learning
420,Microsoft PowerPoint
420,Microsoft Office software
421,Microsoft Excel
421,Writing
421,Active Listening
421,Reading Comprehension
421,Critical Thinking
422,Microsoft Office software
422,Microsoft Outlook
422,Reading Comprehension
422,Speaking
422,Critical Thinking
422,Salesforce software
422,Active Learning
423,Reading Comprehension
423,Microsoft PowerPoint
423,Monitoring
423,Microsoft Excel
423,Active Listening
423,Microsoft Office software
423,Writing
424,Speaking
424,Active Learning
424,Microsoft Office software
424,Critical Thinking
424,Microsoft Outlook
424,Applicant tracking software
424,Reading Comprehension
424,Microsoft Excel
425,Critical Thinking
425,Science
425,Microsoft Outlook
425,Microsoft Excel
425,Microsoft Office software
426,Science
426,Microsoft PowerPoint
426,Microsoft Excel
426,Microsoft Office software
426,Reading Comprehension
426,Critical Thinking
428,Speaking
428,Reading Comprehension
428,Active Learning
428,Microsoft PowerPoint
428,Monitoring
428,Microsoft Excel
428,Microsoft Office software
429,Microsoft PowerPoint
429,Speaking
429,Monitoring
429,Microsoft Excel
429,Critical Thinking
429,Microsoft Office software
430,Monitoring
430,Microsoft Office software
430,Microsoft Excel
430,Writing
430,Microsoft Outlook
430,Reading Comprehension
430,Science
431,Microsoft Outlook
431,Salesforce software
431,Writing
431,Critical Thinking
431,Microsoft Office software
433,Active Listening
433,Reading Comprehension
433,Science
433,Writing
433,Microsoft PowerPoint
433,Microsoft Office software
434,Monitoring
434,Microsoft Office software
434,Science
434,Active Listening
434,Reading Comprehension
436,Critical Thinking
436,Active Learning
436,Monitoring
436,Speaking
436,Microsoft Excel
436,Microsoft PowerPoint
437,Microsoft Office software
437,Monitoring
437,Reading Comprehension
437,Microsoft PowerPoint
437,Speaking
437,Critical Thinking
438,Active Listening
438,Critical Thinking
438,Microsoft Excel
438,Active Learning
438,Reading Comprehension
438,Monitoring
438,Microsoft Outlook
438,Microsoft PowerPoint
439,Microsoft PowerPoint
439,Reading Comprehension
439,Monitoring
439,Writing
439,Active Listening
439,Microsoft Office software
439,Microsoft Excel
439,Critical Thinking
440,Writing
440,Reading Comprehension
440,Microsoft Excel
440,Microsoft PowerPoint
440,Science
440,Monitoring
440,Active Listening
440,Microsoft Office software
441,Science
441,Monitoring
441,Critical Thinking
441,Microsoft Excel
441,Reading Comprehension
442,Speaking
442,Microsoft PowerPoint
442,Microsoft Outlook
442,Monitoring
442,Reading Comprehension
442,Learning Strategies
442,Critical Thinking
444,Microsoft PowerPoint
444,Microsoft Excel
444,Microsoft Office software
444,Speaking
444,Critical Thinking
444,Active Listening
444,Active Learning
445,Critical Thinking
445,Speaking
445,Reading Comprehension
445,Active Listening
445,Microsoft PowerPoint
445,Microsoft Office software
445,Active Learning
446,Critical Thinking
446,Microsoft Outlook
446,Active Learning
446,Speaking
446,Reading Comprehension
446,Microsoft Excel
446,Microsoft PowerPoint
446,Microsoft Office software
447,Microsoft Office software
447,Writing
447,Microsoft PowerPoint
447,Active Listening
447,Reading Comprehension
447,Science
447,Microsoft Excel
448,Active Listening
448,Writing
448,Science
448,Monitoring
448,Microsoft Excel
449,Active Learning
449,Monitoring
449,Microsoft Outlook
449,Microsoft Excel
449,Speaking
449,Microsoft Office software
449,Active Listening
449,Critical Thinking
449,Reading Comprehension
450,Microsoft Office software
450,Critical Thinking
450,Microsoft Excel
450,Reading Comprehension
450,Active Listening
450,Science
451,Microsoft Office software
451,Speaking
451,Active Listening
451,Salesforce software
451,Critical Thinking
451,Microsoft Outlook
451,Microsoft Excel
452,Monitoring
452,Critical Thinking
452,Science
452,Microsoft PowerPoint
452,Microsoft Office software
452,Reading Comprehension
452,Active Listening
452,Microsoft Excel
453,Microsoft Outlook
453,Active Listening
453,Monitoring
453,Active Learning
453,Critical Thinking
453,Microsoft Excel
454,Microsoft Office software
454,Monitoring
454,Critical Thinking
454,Reading Comprehension
454,Active Listening
455,Writing
455,Microsoft Outlook
455,Critical Thinking
455,Active Listening
455,Science
455,Microsoft Office software
456,Speaking
456,Microsoft Excel
456,Microsoft Office software
456,Critical Thinking
456,Microsoft Outlook
456,Active Listening
456,Microsoft PowerPoint
458,Critical Thinking
458,Microsoft Office software
458,Reading Comprehension
458,Microsoft Outlook
458,Speaking
458,Active Listening
458,Microsoft PowerPoint
460,Microsoft Office software
460,Active Listening
460,Microsoft Outlook
460,Learning Strategies
460,Microsoft Excel
461,Microsoft PowerPoint
461,Reading Comprehension
461,Critical Thinking
461,Microsoft Office software
461,Writing
461,Microsoft Excel
461,Science
461,Active Listening
462,Microsoft Office software
462,Critical Thinking
462,Active Listening
462,Reading Comprehension
462,Microsoft PowerPoint
462,Microsoft Outlook
462,Microsoft Excel
462,Speaking
462,Learning Strategies
463,Active Listening
463,Microsoft PowerPoint
463,Critical Thinking
463,Microsoft Office software
463,Microsoft Outlook
463,Active Learning
463,Speaking
463,Microsoft Excel
463,Monitoring
464,Microsoft Outlook
464,Microsoft Excel
464,Microsoft Office software
464,Reading Comprehension
464,Learning Strategies
464,Monitoring
464,Critical Thinking
465,Reading Comprehension
465,Microsoft PowerPoint
465,Monitoring
465,Science
465,Critical Thinking
465,Writing
465,Microsoft Excel
465,Active Listening
466,Microsoft Office software
466,Active Listening
466,Microsoft Outlook
466,Monitoring
466,Microsoft PowerPoint
466,Critical Thinking
467,Microsoft Excel
467,Writing
467,Critical Thinking
467,Speaking
467,Salesforce software
467,Active Learning
468,Critical Thinking
468,Science
468,Microsoft Office software
468,Microsoft Excel
468,Microsoft PowerPoint
468,Reading Comprehension
468,Active Listening
469,Microsoft Excel
469,Active Listening
469,Microsoft PowerPoint
469,Reading Comprehension
469,Speaking
469,Critical Thinking
469,Monitoring
470,Active Learning
470,Critical Thinking
470,Microsoft Outlook
470,Speaking
470,Applicant tracking software
470,Active Listening
470,Reading Comprehension
471,Reading Comprehension
471,Science
471,Microsoft Outlook
471,Active Listening
471,Microsoft Excel
471,Monitoring
473,Microsoft Office software
473,Monitoring
473,Speaking
473,Reading Comprehension
473,Microsoft PowerPoint
473,Active Learning
473,Active Listening
474,Microsoft Office software
474,Reading Comprehension
474,Microsoft PowerPoint
474,Science
474,Monitoring
474,Writing
474,Critical Thinking
475,Speaking
475,Reading Comprehension
475,Active Listening
475,Critical Thinking
475,Monitoring
476,Microsoft Office software
476,Speaking
476,Microsoft Outlook
476,Monitoring
476,Critical Thinking
477,Critical Thinking
477,Microsoft Excel
477,Writing
477,Salesforce software
477,Reading Comprehension
477,Speaking
477,Active Learning
477,Microsoft Outlook
478,Reading Comprehension
478,Critical Thinking
478,Microsoft Office software
478,Salesforce software
478,Microsoft Excel
478,Active Listening
479,Microsoft Excel
479,Microsoft PowerPoint
479,Critical Thinking
479,Speaking
479,Monitoring
479,Reading Comprehension
481,Monitoring
481,Active Learning
481,Microsoft Excel
481,Microsoft Outlook
481,Microsoft Office software
481,Microsoft PowerPoint
481,Active Listening
481,Critical Thinking
482,Salesforce software
482,Critical Thinking
482,Microsoft Excel
482,Writing
482,Microsoft Outlook
482,Active Learning
482,Microsoft Office software
482,Speaking
483,Critical Thinking
483,Monitoring
483,Microsoft Outlook
483,Writing
483,Microsoft Excel
484,Critical Thinking
484,Writing
484,Reading Comprehension
484,Microsoft Office software
484,Active Learning
485,Speaking
485,Critical Thinking
485,Active Listening
485,Active Learning
485,Microsoft Office software
485,Writing
486,Critical Thinking
486,Monitoring
486,Writing
486,Science
486,Active Listening
486,Reading Comprehension
486,Microsoft Excel
487,Microsoft Excel
487,Microsoft Outlook
487,Microsoft PowerPoint
487,Microsoft Office software
487,Reading Comprehension
487,Critical Thinking
487,Active Listening
488,Microsoft Outlook
488,Microsoft Office software
488,Speaking
488,Monitoring
488,Active Listening
491,Active Listening
491,Speaking
491,Writing
491,Microsoft Excel
491,Microsoft Outlook
491,Critical Thinking
491,Reading Comprehension
491,Active Learning
492,Monitoring
492,Microsoft Outlook
492,Critical Thinking
492,Reading Comprehension
492,Microsoft Office software
492,Microsoft Excel
492,Microsoft PowerPoint
493,Microsoft Office software
493,Microsoft PowerPoint
493,Monitoring
493,Reading Comprehension
493,Active Listening
493,Science
493,Writing
493,Critical Thinking
494,Microsoft Office software
494,Active Listening
494,Critical Thinking
494,Microsoft Excel
494,Salesforce software
494,Reading Comprehension
494,Writing
494,Active Learning
495,Critical Thinking
495,Microsoft Excel
495,Active Listening
495,Microsoft PowerPoint
495,Monitoring
495,Science
495,Writing
496,Speaking
496,Critical Thinking
496,Active Learning
496,Salesforce software
496,Reading Comprehension
496,Microsoft Office software
496,Writing
496,Microsoft Excel
496,Active Listening
497,Microsoft Office software
497,Writing
497,Monitoring
497,Science
497,Microsoft Excel
497,Active Listening
498,Monitoring
498,Microsoft Excel
498,Speaking
498,Microsoft Office software
498,Microsoft Outlook
498,Active Listening
498,Reading Comprehension
498,Microsoft PowerPoint
499,Writing
499,Microsoft Outlook
499,Critical Thinking
499,Active Listening
499,Active Learning
499,Microsoft Office software
499,Microsoft Excel
499,Speaking
499,Reading Comprehension
500,Critical Thinking
500,Reading Comprehension
500,Microsoft PowerPoint
500,Active Listening
500,Speaking
500,Monitoring
500,Microsoft Excel
501,Microsoft Excel
501,Microsoft PowerPoint
501,Critical Thinking
501,Writing
501,Science
501,Reading Comprehension
501,Microsoft Office software
501,Active Listening
502,Critical Thinking
502,Active Learning
502,Microsoft Office software
502,Active Listening
502,Reading Comprehension
502,Microsoft Excel
505,Reading Comprehension
505,Monitoring
505,Microsoft Office software
505,Microsoft Excel
505,Speaking
505,Active Listening
505,Microsoft PowerPoint
505,Critical Thinking
507,Microsoft Excel
507,Active Listening
507,Microsoft Outlook
507,Reading Comprehension
507,Speaking
507,Microsoft PowerPoint
508,Active Listening
508,Speaking
508,Microsoft Excel
508,Reading Comprehension
508,Active Learning
508,Writing
508,Critical Thinking
508,Salesforce software
510,Monitoring
510,Critical Thinking
510,Writing
510,Microsoft Office software
510,Microsoft PowerPoint
510,Microsoft Excel
510,Reading Comprehension
511,Active Listening
511,Critical Thinking
511,Microsoft Excel
511,Microsoft Office software
511,Microsoft PowerPoint
511,Writing
511,Monitoring
511,Reading Comprehension
513,Critical Thinking
513,Microsoft PowerPoint
513,Microsoft Office software
513,Microsoft Outlook
513,Monitoring
513,Active Listening
513,Reading Comprehension
514,Science
514,Microsoft PowerPoint
514,Active Listening
514,Reading Comprehension
514,Monitoring
514,Critical Thinking
514,Microsoft Office software
515,Reading Comprehension
515,Writing
515,Microsoft Outlook
515,Science
515,Microsoft Excel
515,Monitoring
515,Microsoft Office software
516,Reading Comprehension
516,Microsoft Excel
516,Microsoft Office software
516,Microsoft Outlook
516,Speaking
517,Microsoft Excel
517,Active Listening
517,Microsoft Office software
517,Critical Thinking
517,Writing
517,Reading Comprehension
517,Microsoft Outlook
518,Microsoft Outlook
518,Critical Thinking
518,Microsoft Office software
518,Reading Comprehension
518,Learning Strategies
518,Microsoft PowerPoint
520,Science
520,Reading Comprehension
520,Writing
520,Critical Thinking
520,Active Listening
521,Critical Thinking
521,Microsoft Outlook
521,Reading Comprehension
521,Active Listening
521,Writing
521,Monitoring
521,Science
522,Microsoft Office software
522,Reading Comprehension
522,Science
522,Microsoft PowerPoint
522,Critical Thinking
523,Microsoft Excel
523,Monitoring
523,Microsoft PowerPoint
523,Reading Comprehension
523,Speaking
524,Critical Thinking
524,Microsoft PowerPoint
524,Learning Strategies
524,Microsoft Outlook
524,Reading Comprehension
525,Reading Comprehension
525,Critical Thinking
525,Microsoft Office software
525,Monitoring
525,Microsoft Excel
525,Science
525,Writing
526,Active Learning
526,Microsoft Office software
526,Speaking
526,Active Listening
526,Microsoft Excel
526,Microsoft Outlook
527,Reading Comprehension
527,Critical Thinking
527,Microsoft PowerPoint
527,Active Listening
527,Microsoft Excel
527,Microsoft Office software
527,Active Learning
529,Active Listening
529,Microsoft PowerPoint
529,Science
529,Microsoft Office software
529,Writing
530,Microsoft Office software
530,Reading Comprehension
530,Writing
530,Science
530,Microsoft Excel
530,Critical Thinking
530,Active Listening
531,Active Learning
531,Speaking
531,Microsoft PowerPoint
531,Microsoft Office software
531,Critical Thinking
531,Reading Comprehension
531,Monitoring
531,Active Listening
532,Microsoft Excel
532,Microsoft Outlook
532,Speaking
532,Monitoring
532,Microsoft Office software
532,Reading Comprehension
533,Microsoft Excel
533,Active Listening
533,Critical Thinking
533,Microsoft Office software
533,Microsoft PowerPoint
533,Monitoring
533,Reading Comprehension
534,Monitoring
534,Microsoft Outlook
534,Microsoft Office software
534,Microsoft Excel
534,Speaking
534,Reading Comprehension
534,Active Learning
536,Critical Thinking
536,Monitoring
536,Reading Comprehension
536,Science
536,Microsoft Outlook
538,Science
538,Writing
538,Reading Comprehension
538,Monitoring
538,Active Listening
538,Microsoft Outlook
543,Active Listening
543,Microsoft Office software
543,Microsoft PowerPoint
543,Microsoft Excel
543,Reading Comprehension
543,Speaking
543,Microsoft Outlook
544,Microsoft Excel
544,Microsoft Office software
544,Monitoring
544,Critical Thinking
544,Science
544,Active Listening
546,Active Listening
546,Monitoring
546,Critical Thinking
546,Active Learning
546,Microsoft PowerPoint
546,Reading Comprehension
546,Microsoft Excel
547,Critical Thinking
547,Monitoring
547,Microsoft Office software
547,Microsoft PowerPoint
547,Microsoft Excel
548,Reading Comprehension
548,Microsoft Outlook
548,Learning Strategies
548,Microsoft PowerPoint
548,Critical Thinking
548,Speaking
549,Active Listening
549,Microsoft Office software
549,Speaking
549,Critical Thinking
549,Monitoring
550,Microsoft Office software
550,Learning Strategies
550,Microsoft PowerPoint
550,Reading Comprehension
550,Microsoft Outlook
550,Microsoft Excel
551,Reading Comprehension
551,Microsoft Outlook
551,Speaking
551,Active Listening
551,Microsoft Excel
551,Writing
551,Active Learning
551,Salesforce software
551,Critical Thinking
554,Active Learning
554,Microsoft Excel
554,Microsoft Office software
554,Critical Thinking
554,Speaking
554,Active Listening
554,Salesforce software
554,Reading Comprehension
555,Active Learning
555,Speaking
555,Salesforce software
555,Critical Thinking
555,Microsoft Office software
556,Active Listening
556,Microsoft Office software
556,Science
556,Microsoft Excel
556,Writing
556,Monitoring
556,Microsoft Outlook
558,Microsoft PowerPoint
558,Monitoring
558,Microsoft Excel
558,Speaking
558,Microsoft Office software
558,Active Listening
558,Critical Thinking
560,Writing
560,Microsoft Office software
560,Critical Thinking
560,Science
560,Reading Comprehension
560,Active Listening
562,Writing
562,Reading Comprehension
562,Microsoft Office software
562,Monitoring
562,Critical Thinking
562,Active Listening
562,Science
564,Writing
564,Microsoft Office software
564,Monitoring
564,Microsoft Excel
564,Active Listening
564,Microsoft PowerPoint
564,Critical Thinking
565,Microsoft PowerPoint
565,Reading Comprehension
565,Microsoft Excel
565,Microsoft Office software
565,Active Listening
565,Monitoring
566,Speaking
566,Microsoft Excel
566,Writing
566,Active Learning
566,Critical Thinking
566,Microsoft Outlook
566,Active Listening
566,Reading Comprehension
566,Applicant tracking software
567,Reading Comprehension
567,Active Listening
567,Active Learning
567,Critical Thinking
567,Monitoring
567,Microsoft Excel
567,Microsoft Office software
567,Microsoft PowerPoint
568,Speaking
568,Monitoring
568,Critical Thinking
568,Microsoft PowerPoint
568,Microsoft Excel
568,Microsoft Office software
568,Active Listening
569,Critical Thinking
569,Microsoft Excel
569,Speaking
569,Reading Comprehension
569,Microsoft Office software
569,Monitoring
569,Microsoft PowerPoint
571,Monitoring
571,Microsoft Excel
571,Writing
571,Active Listening
571,Microsoft Outlook
571,Critical Thinking
571,Microsoft Office software
573,Active Learning
573,Microsoft Office software
573,Active Listening
573,Speaking
573,Monitoring
573,Microsoft Excel
574,Active Listening
574,Reading Comprehension
574,Microsoft Outlook
574,Speaking
574,Microsoft Office software
574,Microsoft PowerPoint
574,Critical Thinking
575,Critical Thinking
575,Active Listening
575,Monitoring
575,Microsoft PowerPoint
575,Writing
577,Science
577,Reading Comprehension
577,Microsoft Outlook
577,Microsoft Office software
577,Active Listening
577,Critical Thinking
577,Monitoring
578,Writing
578,Critical Thinking
578,Microsoft Office software
578,Microsoft Outlook
578,Monitoring
578,Microsoft Excel
579,Reading Comprehension
579,Microsoft PowerPoint
579,Science
579,Writing
579,Microsoft Excel
580,Monitoring
580,Microsoft Office software
580,Microsoft Excel
580,Speaking
580,Microsoft Outlook
581,Microsoft Excel
581,Speaking
581,Reading Comprehension
581,Critical Thinking
581,Active Listening
581,Learning Strategies
581,Monitoring
582,Microsoft PowerPoint
582,Speaking
582,Reading Comprehension
582,Active Learning
582,Critical Thinking
584,Microsoft Outlook
584,Reading Comprehension
584,Microsoft Office software
584,Monitoring
584,Active Listening
584,Writing
584,Microsoft Excel
584,Critical Thinking
585,Active Learning
585,Speaking
585,Reading Comprehension
585,Writing
585,Critical Thinking
585,Microsoft Office software
586,Reading Comprehension
586,Active Learning
586,Speaking
586,Microsoft Excel
586,Writing
586,Microsoft Office software
587,Microsoft Excel
587,Salesforce software
587,Speaking
587,Critical Thinking
587,Active Learning
587,Microsoft Office software
590,Applicant tracking software
590,Writing
590,Active Listening
590,Speaking
590,Microsoft Outlook
590,Critical Thinking
590,Microsoft Excel
590,Reading Comprehension
591,Monitoring
591,Microsoft Office software
591,Reading Comprehension
591,Microsoft Excel
591,Critical Thinking
591,Microsoft Outlook
592,Critical Thinking
592,Monitoring
592,Speaking
592,Microsoft Outlook
592,Reading Comprehension
593,Critical Thinking
593,Monitoring
593,Microsoft Office software
593,Microsoft Excel
593,Science
593,Reading Comprehension
593,Writing
595,Critical Thinking
595,Microsoft Outlook
595,Microsoft Excel
595,Microsoft PowerPoint
595,Reading Comprehension
595,Speaking
595,Active Listening
597,Monitoring
597,Critical Thinking
597,Microsoft Office software
597,Microsoft PowerPoint
597,Microsoft Excel
597,Active Learning
597,Reading Comprehension
599,Speaking
599,Critical Thinking
599,Reading Comprehension
599,Monitoring
599,Active Learning
599,Active Listening
599,Microsoft PowerPoint
599,Microsoft Excel
600,Critical Thinking
600,Speaking
600,Microsoft Outlook
600,Microsoft PowerPoint
600,Microsoft Excel
600,Active Learning
601,Speaking
601,Monitoring
601,Microsoft Office software
601,Microsoft Outlook
601,Reading Comprehension
601,Microsoft PowerPoint
601,Microsoft Excel
601,Active Listening
602,Microsoft Office software
602,Writing
602,Active Listening
602,Microsoft Outlook
602,Microsoft Excel
604,Critical Thinking
604,Microsoft Excel
604,Active Listening
604,Speaking
604,Microsoft Outlook
604,Microsoft Office software
605,Microsoft Outlook
605,Microsoft Excel
605,Learning Strategies
605,Microsoft PowerPoint
605,Microsoft Office software
606,Microsoft Office software
606,Microsoft Excel
606,Microsoft PowerPoint
606,Monitoring
606,Critical Thinking
606,Reading Comprehension
606,Active Listening
606,Speaking
608,Active Learning
608,Critical Thinking
608,Applicant tracking software
608,Reading Comprehension
608,Microsoft Excel
608,Microsoft Office software
608,Microsoft Outlook
611,Active Listening
611,Learning Strategies
611,Reading Comprehension
611,Microsoft Outlook
611,Speaking
611,Critical Thinking
611,Microsoft Excel
611,Monitoring
612,Active Listening
612,Microsoft Excel
612,Writing
612,Microsoft PowerPoint
612,Reading Comprehension
613,Active Learning
613,Monitoring
613,Critical Thinking
613,Reading Comprehension
613,Microsoft PowerPoint
613,Microsoft Office software
613,Microsoft Excel
614,Critical Thinking
614,Microsoft Excel
614,Speaking
614,Active Learning
614,Salesforce software
615,Monitoring
615,Microsoft Excel
615,Speaking
615,Reading Comprehension
615,Active Learning
615,Active Listening
615,Microsoft PowerPoint
615,Critical Thinking
615,Microsoft Outlook
616,Writing
616,Microsoft Outlook
616,Reading Comprehension
616,Active Listening
616,Active Learning
616,Microsoft Excel
616,Microsoft Office software
618,Microsoft Office software
618,Reading Comprehension
618,Monitoring
618,Microsoft PowerPoint
618,Speaking
618,Active Listening
618,Active Learning
620,Active Learning
620,Microsoft Office software
620,Microsoft Excel
620,Critical Thinking
620,Active Listening
620,Reading Comprehension
620,Microsoft PowerPoint
620,Speaking
620,Monitoring
621,Microsoft Office software
621,Microsoft Excel
621,Active Learning
621,Speaking
621,Monitoring
621,Reading Comprehension
621,Critical Thinking
622,Microsoft Excel
622,Critical Thinking
622,Microsoft Office software
622,Science
622,Microsoft Outlook
623,Learning Strategies
623,Microsoft Excel
623,Active Listening
623,Microsoft Outlook
623,Microsoft PowerPoint
624,Microsoft Office software
624,Active Learning
624,Speaking
624,Writing
624,Microsoft Outlook
625,Active Listening
625,Critical Thinking
625,Speaking
625,Microsoft PowerPoint
625,Microsoft Office software
625,Reading Comprehension
626,Critical Thinking
626,Active Learning
626,Microsoft Office software
626,Reading Comprehension
626,Monitoring
626,Active Listening
626,Speaking
630,Science
630,Writing
630,Critical Thinking
630,Microsoft PowerPoint
630,Reading Comprehension
630,Microsoft Excel
630,Microsoft Office software
631,Microsoft Office software
631,Microsoft PowerPoint
631,Reading Comprehension
631,Microsoft Excel
631,Critical Thinking
631,Active Listening
631,Speaking
631,Active Learning
631,Monitoring
632,Active Listening
632,Writing
632,Reading Comprehension
632,Microsoft Office software
632,Critical Thinking
634,Active Listening
634,Reading Comprehension
634,Critical Thinking
634,Microsoft Outlook
634,Microsoft Office software
634,Speaking
634,Salesforce software
634,Active Learning
634,Microsoft Excel
635,Microsoft Excel
635,Speaking
635,Microsoft Office software
635,Critical Thinking
635,Active Listening
635,Microsoft PowerPoint
635,Learning Strategies
635,Reading Comprehension
635,Microsoft Outlook
638,Monitoring
638,Reading Comprehension
638,Microsoft Office software
638,Microsoft PowerPoint
638,Critical Thinking
638,Writing
639,Microsoft PowerPoint
639,Microsoft Office software
639,Science
639,Reading Comprehension
639,Critical Thinking
639,Monitoring
639,Active Listening
639,Writing
641,Microsoft Excel
641,Microsoft Office software
641,Critical Thinking
641,Microsoft PowerPoint
641,Microsoft Outlook
643,Writing
643,Microsoft Outlook
643,Active Listening
643,Science
643,Microsoft Office software
644,Microsoft Excel
644,Active Learning
644,Active Listening
644,Critical Thinking
644,Reading Comprehension
644,Microsoft Office software
644,Monitoring
645,Microsoft Excel
645,Active Listening
645,Speaking
645,Active Learning
645,Salesforce software
645,Writing
645,Reading Comprehension
647,Reading Comprehension
647,Microsoft Office software
647,Writing
647,Science
647,Microsoft Excel
647,Active Listening
647,Monitoring
648,Active Listening
648,Critical Thinking
648,Microsoft Excel
648,Salesforce software
648,Writing
648,Active Learning
648,Speaking
649,Writing
649,Microsoft PowerPoint
649,Monitoring
649,Microsoft Office software
649,Critical Thinking
649,Reading Comprehension
649,Science
650,Monitoring
650,Critical Thinking
650,Speaking
650,Microsoft Office software
650,Active Learning
650,Microsoft Outlook
650,Reading Comprehension
652,Monitoring
652,Reading Comprehension
652,Microsoft Outlook
652,Microsoft Excel
652,Critical Thinking
652,Science
652,Microsoft Office software
653,Critical Thinking
653,Active Listening
653,Monitoring
653,Active Learning
653,Microsoft PowerPoint
653,Speaking
653,Microsoft Office software
655,Science
655,Monitoring
655,Active Listening
655,Microsoft Excel
655,Microsoft PowerPoint
655,Microsoft Office software
656,Microsoft Excel
656,Monitoring
656,Microsoft Office software
656,Critical Thinking
656,Microsoft Outlook
656,Reading Comprehension
657,Reading Comprehension
657,Microsoft Office software
657,Microsoft Excel
657,Science
657,Monitoring
657,Critical Thinking
657,Active Listening
657,Microsoft PowerPoint
659,Reading Comprehension
659,Salesforce software
659,Microsoft Office software
659,Speaking
659,Critical Thinking
661,Writing
661,Critical Thinking
661,Active Listening
661,Microsoft Excel
661,Microsoft PowerPoint
662,Science
662,Active Listening
662,Critical Thinking
662,Microsoft PowerPoint
662,Microsoft Excel
663,Monitoring
663,Reading Comprehension
663,Science
663,Microsoft Excel
663,Writing
664,Microsoft PowerPoint
664,Reading Comprehension
664,Critical Thinking
664,Active Listening
664,Microsoft Excel
664,Active Learning
664,Speaking
665,Writing
665,Applicant tracking software
665,Microsoft Outlook
665,Active Listening
665,Reading Comprehension
665,Speaking
666,Microsoft Excel
666,Salesforce software
666,Writing
666,Speaking
666,Reading Comprehension
666,Microsoft Office software
666,Critical Thinking
667,Writing
667,Active Learning
667,Microsoft Office software
667,Microsoft Excel
667,Critical Thinking
669,Reading Comprehension
669,Microsoft Office software
669,Microsoft Excel
669,Active Learning
669,Speaking
671,Critical Thinking
671,Microsoft PowerPoint
671,Microsoft Excel
671,Active Learning
671,Microsoft Office software
671,Reading Comprehension
675,Critical Thinking
675,Microsoft Office software
675,Writing
675,Reading Comprehension
675,Monitoring
677,Microsoft Excel
677,Microsoft PowerPoint
677,Reading Comprehension
677,Microsoft Office software
677,Microsoft Outlook
679,Science
679,Microsoft Excel
679,Microsoft PowerPoint
679,Microsoft Office software
679,Reading Comprehension
679,Writing
680,Reading Comprehension
680,Monitoring
680,Science
680,Microsoft PowerPoint
680,Microsoft Office software
682,Speaking
682,Reading Comprehension
682,Microsoft Excel
682,Critical Thinking
682,Microsoft Outlook
682,Monitoring
682,Active Listening
683,Active Listening
683,Reading Comprehension
683,Science
683,Microsoft Office software
683,Critical Thinking
683,Writing
683,Microsoft PowerPoint
683,Monitoring
684,Active Listening
684,Monitoring
684,Microsoft Office software
684,Microsoft Outlook
684,Active Learning
684,Speaking
684,Critical Thinking
686,Microsoft Office software
686,Microsoft Excel
686,Monitoring
686,Critical Thinking
686,Science
686,Reading Comprehension
689,Monitoring
689,Active Listening
689,Speaking
689,Critical Thinking
689,Microsoft Office software
689,Microsoft PowerPoint
690,Active Listening
690,Microsoft PowerPoint
690,Critical Thinking
690,Microsoft Outlook
690,Microsoft Office software
690,Reading Comprehension
690,Monitoring
690,Microsoft Excel
690,Speaking
691,Critical Thinking
691,Monitoring
691,Microsoft PowerPoint
691,Microsoft Excel
691,Reading Comprehension
691,Science
691,Active Listening
692,Microsoft Outlook
692,Critical Thinking
692,Active Listening
692,Writing
692,Microsoft Office software
698,Applicant tracking software
698,Active Learning
698,Microsoft Office software
698,Critical Thinking
698,Microsoft Outlook
698,Writing
698,Speaking
698,Active Listening
699,Learning Strategies
699,Speaking
699,Microsoft Office software
699,Monitoring
699,Microsoft Outlook
699,Reading Comprehension
699,Microsoft Excel
699,Critical Thinking
700,Critical Thinking
700,Reading Comprehension
700,Microsoft Office software
700,Microsoft PowerPoint
700,Active Listening
701,Microsoft Excel
701,Microsoft Office software
701,Monitoring
701,Science
701,Reading Comprehension
701,Active Listening
701,Microsoft PowerPoint
701,Critical Thinking
702,Microsoft Office software
702,Monitoring
702,Reading Comprehension
702,Science
702,Critical Thinking
704,Microsoft Office software
704,Critical Thinking
704,Active Listening
704,Microsoft Excel
704,Writing
704,Science
705,Science
705,Critical Thinking
705,Reading Comprehension
705,Microsoft Office software
705,Monitoring
705,Writing
707,Microsoft Office software
707,Monitoring
707,Critical Thinking
707,Speaking
707,Microsoft Excel
707,Reading Comprehension
707,Active Learning
707,Microsoft PowerPoint
709,Active Listening
709,Microsoft Excel
709,Speaking
709,Monitoring
709,Microsoft PowerPoint
709,Active Learning
709,Reading Comprehension
709,Critical Thinking
710,Critical Thinking
710,Writing
710,Microsoft Excel
710,Monitoring
710,Science
712,Active Learning
712,Active Listening
712,Microsoft Excel
712,Speaking
712,Critical Thinking
712,Monitoring
714,Monitoring
714,Active Learning
714,Reading Comprehension
714,Microsoft Office software
714,Active Listening
714,Microsoft Excel
714,Speaking
715,Critical Thinking
715,Microsoft PowerPoint
715,Monitoring
715,Microsoft Office software
715,Science
716,Monitoring
716,Critical Thinking
716,Microsoft Office software
716,Writing
716,Reading Comprehension
716,Microsoft Outlook
716,Microsoft Excel
716,Active Listening
717,Microsoft Outlook
717,Reading Comprehension
717,Critical Thinking
717,Active Listening
717,Microsoft Excel
717,Active Learning
717,Microsoft Office software
720,Speaking
720,Reading Comprehension
720,Microsoft Outlook
720,Active Listening
720,Microsoft Excel
720,Monitoring
721,Salesforce software
721,Active Listening
721,Active Learning
721,Critical Thinking
721,Microsoft Office software
721,Reading Comprehension
722,Critical Thinking
722,Reading Comprehension
722,Speaking
722,Active Learning
722,Active Listening
722,Microsoft Outlook
722,Microsoft Office software
723,Reading Comprehension
723,Active Listening
723,Speaking
723,Critical Thinking
723,Microsoft Office software
723,Active Learning
724,Microsoft Excel
724,Critical Thinking
724,Microsoft Outlook
724,Salesforce software
724,Writing
725,Speaking
725,Reading Comprehension
725,Active Listening
725,Microsoft Outlook
725,Microsoft Office software
725,Microsoft PowerPoint
725,Critical Thinking
727,Monitoring
727,Microsoft Excel
727,Science
727,Microsoft Office software
727,Reading Comprehension
727,Critical Thinking
728,Microsoft Excel
728,Active Listening
728,Reading Comprehension
728,Critical Thinking
728,Active Learning
728,Monitoring
728,Speaking
728,Microsoft Office software
728,Microsoft PowerPoint
729,Critical Thinking
729,Active Learning
729,Microsoft Outlook
729,Monitoring
729,Speaking
729,Microsoft Office software
729,Microsoft PowerPoint
729,Microsoft Excel
730,Science
730,Writing
730,Active Listening
730,Monitoring
730,Microsoft Excel
731,Reading Comprehension
731,Monitoring
731,Active Listening
731,Active Learning
731,Microsoft Excel
731,Critical Thinking
732,Speaking
732,Reading Comprehension
732,Microsoft PowerPoint
732,Monitoring
732,Microsoft Outlook
732,Active Learning
732,Microsoft Excel
732,Active Listening
733,Microsoft Office software
733,Learning Strategies
733,Microsoft PowerPoint
733,Monitoring
733,Active Listening
734,Microsoft Office software
734,Monitoring
734,Active Learning
734,Active Listening
734,Reading Comprehension
734,Critical Thinking
734,Speaking
738,Critical Thinking
738,Microsoft Office software
738,Writing
738,Microsoft Excel
738,Salesforce software
738,Reading Comprehension
738,Active Listening
741,Microsoft PowerPoint
741,Microsoft Excel
741,Microsoft Office software
741,Critical Thinking
741,Active Listening
742,Reading Comprehension
742,Writing
742,Microsoft PowerPoint
742,Monitoring
742,Microsoft Office software
742,Critical Thinking
742,Active Listening
743,Microsoft PowerPoint
743,Learning Strategies
743,Monitoring
743,Speaking
743,Active Listening
743,Critical Thinking
744,Writing
744,Reading Comprehension
744,Microsoft Excel
744,Microsoft Office software
744,Critical Thinking
744,Active Listening
744,Monitoring
746,Microsoft Excel
746,Active Learning
746,Microsoft Office software
746,Monitoring
746,Microsoft Outlook
746,Microsoft PowerPoint
746,Critical Thinking
747,Critical Thinking
747,Active Listening
747,Microsoft PowerPoint
747,Microsoft Outlook
747,Speaking
747,Reading Comprehension
747,Active Learning
747,Microsoft Excel
749,Speaking
749,Critical Thinking
749,Microsoft Office software
749,Writing
749,Reading Comprehension
749,Active Listening
749,Microsoft Excel
749,Salesforce software
752,Active Listening
752,Reading Comprehension
752,Microsoft Excel
752,Monitoring
752,Science
752,Writing
752,Microsoft PowerPoint
754,Active Learning
754,Microsoft Excel
754,Active Listening
754,Critical Thinking
754,Microsoft Outlook
754,Microsoft Office software
754,Speaking
754,Monitoring
757,Microsoft Excel
757,Critical Thinking
757,Reading Comprehension
757,Speaking
757,Writing
757,Microsoft Outlook
757,Active Listening
757,Salesforce software
758,Monitoring
758,Microsoft Excel
758,Science
758,Microsoft Outlook
758,Microsoft Office software
758,Critical Thinking
758,Writing
758,Active Listening
760,Active Learning
760,Microsoft Outlook
760,Speaking
760,Microsoft Office software
760,Reading Comprehension
760,Writing
760,Critical Thinking
760,Active Listening
760,Applicant tracking software
762,Microsoft Excel
762,Active Listening
762,Writing
762,Salesforce software
762,Reading Comprehension
762,Microsoft Outlook
763,Microsoft Office software
763,Critical Thinking
763,Active Listening
763,Microsoft PowerPoint
763,Monitoring
763,Reading Comprehension
763,Science
763,Writing
764,Microsoft Excel
764,Reading Comprehension
764,Salesforce software
764,Writing
764,Speaking
764,Critical Thinking
764,Active Listening
764,Active Learning
764,Microsoft Outlook
766,Active Learning
766,Critical Thinking
766,Speaking
766,Microsoft Excel
766,Salesforce software
769,Microsoft Office software
769,Microsoft Outlook
769,Science
769,Reading Comprehension
769,Microsoft Excel
769,Monitoring
769,Active Listening
769,Critical Thinking
771,Writing
771,Critical Thinking
771,Microsoft Excel
771,Salesforce software
771,Active Listening
771,Microsoft Outlook
771,Reading Comprehension
772,Microsoft Excel
772,Reading Comprehension
772,Microsoft Outlook
772,Science
772,Active Listening
773,Microsoft PowerPoint
773,Critical Thinking
773,Writing
773,Monitoring
773,Reading Comprehension
775,Monitoring
775,Reading Comprehension
775,Microsoft Outlook
775,Microsoft Excel
775,Microsoft PowerPoint
775,Microsoft Office software
776,Monitoring
776,Microsoft Office software
776,Microsoft PowerPoint
776,Critical Thinking
776,Active Listening
780,Reading Comprehension
780,Writing
780,Critical Thinking
780,Microsoft PowerPoint
780,Science
780,Active Listening
781,Active Learning
781,Microsoft PowerPoint
781,Speaking
781,Critical Thinking
781,Microsoft Office software
781,Active Listening
781,Microsoft Excel
783,Active Listening
783,Microsoft Office software
783,Microsoft Excel
783,Writing
783,Speaking
784,Active Listening
784,Writing
784,Science
784,Microsoft PowerPoint
784,Reading Comprehension
784,Microsoft Office software
785,Microsoft Outlook
785,Speaking
785,Monitoring
785,Reading Comprehension
785,Microsoft PowerPoint
785,Critical Thinking
785,Active Learning
786,Monitoring
786,Active Learning
786,Active Listening
786,Reading Comprehension
786,Speaking
786,Microsoft Outlook
786,Microsoft PowerPoint
786,Microsoft Office software
786,Microsoft Excel
787,Speaking
787,Critical Thinking
787,Reading Comprehension
787,Active Listening
787,Microsoft Office software
789,Active Learning
789,Microsoft Excel
789,Microsoft Office software
789,Active Listening
789,Speaking
791,Monitoring
791,Writing
791,Science
791,Reading Comprehension
791,Microsoft Excel
791,Microsoft Office software
791,Active Listening
791,Microsoft PowerPoint
792,Critical Thinking
792,Microsoft Office software
792,Active Listening
792,Reading Comprehension
792,Microsoft Outlook
792,Science
792,Writing
793,Writing
793,Microsoft Office software
793,Active Learning
793,Microsoft Outlook
793,Active Listening
793,Critical Thinking
793,Speaking
793,Salesforce software
796,Microsoft Excel
796,Microsoft PowerPoint
796,Critical Thinking
796,Active Learning
796,Active Listening
796,Microsoft Outlook
796,Speaking
797,Science
797,Microsoft Office software
797,Active Listening
797,Reading Comprehension
797,Critical Thinking
797,Writing
799,Learning Strategies
799,Microsoft Office software
799,Speaking
799,Reading Comprehension
799,Active Listening
799,Microsoft Excel
799,Microsoft PowerPoint
800,Speaking
800,Microsoft Outlook
800,Active Listening
800,Microsoft Office software
800,Critical Thinking
800,Monitoring
802,Science
802,Writing
802,Reading Comprehension
802,Microsoft PowerPoint
802,Active Listening
802,Microsoft Excel
802,Critical Thinking
802,Microsoft Office software
803,Reading Comprehension
803,Critical Thinking
803,Microsoft Outlook
803,Microsoft PowerPoint
803,Monitoring
803,Microsoft Excel
803,Microsoft Office software
804,Microsoft Excel
804,Microsoft Office software
804,Critical Thinking
804,Monitoring
804,Microsoft PowerPoint
804,Writing
804,Active Listening
804,Science
805,Microsoft Excel
805,Salesforce software
805,Active Listening
805,Speaking
805,Active Learning
806,Monitoring
806,Microsoft Outlook
806,Microsoft Office software
806,Science
806,Microsoft Excel
806,Critical Thinking
807,Active Listening
807,Microsoft Excel
807,Active Learning
807,Microsoft Office software
807,Salesforce software
807,Reading Comprehension
807,Microsoft Outlook
807,Critical Thinking
808,Microsoft Outlook
808,Microsoft Excel
808,Active Listening
808,Active Learning
808,Microsoft PowerPoint
808,Critical Thinking
808,Reading Comprehension
809,Microsoft PowerPoint
809,Microsoft Office software
809,Monitoring
809,Active Learning
809,Reading Comprehension
809,Active Listening
809,Speaking
811,Active Listening
811,Microsoft Outlook
811,Science
811,Reading Comprehension
811,Microsoft Office software
811,Critical Thinking
811,Writing
812,Microsoft Excel
812,Monitoring
812,Microsoft Outlook
812,Microsoft Office software
812,Critical Thinking
812,Writing
812,Reading Comprehension
813,Microsoft Outlook
813,Science
813,Writing
813,Active Listening
813,Monitoring
815,Microsoft Excel
815,Critical Thinking
815,Writing
815,Reading Comprehension
815,Microsoft Office software
815,Monitoring
815,Microsoft PowerPoint
816,Science
816,Microsoft Outlook
816,Writing
816,Active Listening
816,Monitoring
816,Reading Comprehension
816,Critical Thinking
817,Writing
817,Microsoft Excel
817,Monitoring
817,Microsoft Office software
817,Active Listening
819,Monitoring
819,Microsoft Office software
819,Reading Comprehension
819,Microsoft Excel
819,Microsoft Outlook
819,Speaking
820,Microsoft PowerPoint
820,Reading Comprehension
820,Speaking
820,Monitoring
820,Active Listening
820,Microsoft Excel
820,Active Learning
823,Critical Thinking
823,Learning Strategies
823,Active Listening
823,Reading Comprehension
823,Microsoft Excel
823,Microsoft Office software
823,Monitoring
824,Science
824,Active Listening
824,Microsoft Office software
824,Microsoft Excel
824,Microsoft PowerPoint
824,Critical Thinking
824,Reading Comprehension
825,Writing
825,Science
825,Critical Thinking
825,Microsoft Excel
825,Monitoring
826,Science
826,Reading Comprehension
826,Critical Thinking
826,Microsoft Office software
826,Monitoring
826,Active Listening
827,Reading Comprehension
827,Critical Thinking
827,Microsoft Office software
827,Microsoft Outlook
827,Active Listening
827,Monitoring
827,Learning Strategies
827,Microsoft PowerPoint
828,Writing
828,Reading Comprehension
828,Microsoft Office software
828,Science
828,Microsoft PowerPoint
829,Speaking
829,Active Listening
829,Active Learning
829,Microsoft Excel
829,Critical Thinking
829,Reading Comprehension
829,Microsoft Outlook
830,Learning Strategies
830,Reading Comprehension
830,Monitoring
830,Active Listening
830,Speaking
830,Microsoft Excel
832,Science
832,Monitoring
832,Reading Comprehension
832,Microsoft Excel
832,Writing
832,Active Listening
832,Microsoft Office software
832,Microsoft Outlook
833,Microsoft Outlook
833,Monitoring
833,Microsoft Office software
833,Microsoft Excel
833,Critical Thinking
833,Active Listening
833,Reading Comprehension
834,Microsoft PowerPoint
834,Microsoft Office software
834,Active Listening
834,Monitoring
834,Science
834,Reading Comprehension
836,Microsoft PowerPoint
836,Reading Comprehension
836,Microsoft Outlook
836,Monitoring
836,Microsoft Office software
837,Microsoft Excel
837,Microsoft Outlook
837,Active Listening
837,Writing
837,Microsoft Office software
837,Salesforce software
837,Reading Comprehension
837,Speaking
838,Monitoring
838,Science
838,Active Listening
838,Microsoft Office software
838,Microsoft Excel
838,Microsoft PowerPoint
838,Reading Comprehension
838,Writing
840,Active Learning
840,Monitoring
840,Critical Thinking
840,Microsoft PowerPoint
840,Reading Comprehension
840,Active Listening
840,Microsoft Excel
840,Microsoft Outlook
840,Speaking
842,Active Listening
842,Microsoft Excel
842,Microsoft PowerPoint
842,Microsoft Outlook
842,Microsoft Office software
842,Reading Comprehension
842,Critical Thinking
843,Monitoring
843,Science
843,Reading Comprehension
843,Microsoft Excel
843,Active Listening
843,Microsoft PowerPoint
843,Writing
843,Critical Thinking
844,Critical Thinking
844,Science
844,Microsoft Excel
844,Monitoring
844,Active Listening
844,Microsoft Office software
844,Microsoft PowerPoint
845,Critical Thinking
845,Speaking
845,Microsoft Office software
845,Monitoring
845,Microsoft Outlook
845,Microsoft PowerPoint
845,Microsoft Excel
846,Active Learning
846,Active Listening
846,Microsoft Outlook
846,Microsoft Excel
846,Microsoft Office software
846,Critical Thinking
846,Microsoft PowerPoint
846,Reading Comprehension
847,Critical Thinking
847,Active Listening
847,Microsoft Office software
847,Active Learning
847,Writing
847,Speaking
848,Microsoft Office software
848,Microsoft Excel
848,Science
848,Microsoft PowerPoint
848,Critical Thinking
848,Reading Comprehension
850,Critical Thinking
850,Microsoft Excel
850,Microsoft Office software
850,Active Listening
850,Monitoring
851,Microsoft Office software
851,Active Listening
851,Microsoft Excel
851,Critical Thinking
851,Reading Comprehension
851,Microsoft PowerPoint
851,Active Learning
852,Active Learning
852,Reading Comprehension
852,Microsoft Excel
852,Critical Thinking
852,Microsoft Office software
852,Salesforce software
852,Active Listening
852,Writing
854,Writing
854,Microsoft PowerPoint
854,Monitoring
854,Science
854,Microsoft Office software
854,Critical Thinking
854,Microsoft Excel
855,Microsoft PowerPoint
855,Active Learning
855,Reading Comprehension
855,Active Listening
855,Microsoft Excel
855,Microsoft Office software
855,Speaking
855,Microsoft Outlook
855,Monitoring
856,Critical Thinking
856,Science
856,Reading Comprehension
856,Microsoft Office software
856,Microsoft PowerPoint
857,Active Listening
857,Reading Comprehension
857,Monitoring
857,Speaking
857,Microsoft Office software
857,Active Learning
859,Reading Comprehension
859,Active Learning
859,Microsoft PowerPoint
859,Active Listening
859,Monitoring
861,Writing
861,Monitoring
861,Critical Thinking
861,Microsoft Excel
861,Reading Comprehension
861,Microsoft Office software
861,Active Listening
861,Science
862,Critical Thinking
862,Microsoft Office software
862,Monitoring
862,Active Learning
862,Microsoft Outlook
862,Reading Comprehension
862,Speaking
862,Microsoft PowerPoint
864,Reading Comprehension
864,Microsoft Outlook
864,Microsoft Office software
864,Microsoft PowerPoint
864,Monitoring
864,Critical Thinking
865,Microsoft PowerPoint
865,Microsoft Office software
865,Writing
865,Critical Thinking
865,Microsoft Excel
865,Monitoring
865,Active Listening
865,Science
867,Microsoft Excel
867,Microsoft Office software
867,Learning Strategies
867,Reading Comprehension
867,Critical Thinking
867,Active Listening
867,Monitoring
868,Active Learning
868,Microsoft Excel
868,Microsoft PowerPoint
868,Speaking
868,Critical Thinking
868,Active Listening
868,Monitoring
869,Active Learning
869,Speaking
869,Reading Comprehension
869,Active Listening
869,Microsoft Excel
869,Microsoft Office software
869,Microsoft Outlook
872,Reading Comprehension
872,Microsoft Outlook
872,Monitoring
872,Microsoft PowerPoint
872,Critical Thinking
872,Speaking
872,Microsoft Excel
872,Active Listening
872,Microsoft Office software
874,Reading Comprehension
874,Critical Thinking
874,Writing
874,Active Listening
874,Microsoft Outlook
874,Microsoft Office software
874,Science
875,Critical Thinking
875,Monitoring
875,Reading Comprehension
875,Microsoft PowerPoint
875,Active Listening
875,Writing
878,Microsoft Excel
878,Microsoft Outlook
878,Applicant tracking software
878,Writing
878,Microsoft Office software
878,Reading Comprehension
878,Speaking
879,Microsoft Excel
879,Active Listening
879,Monitoring
879,Microsoft Office software
879,Active Learning
879,Speaking
879,Reading Comprehension
880,Microsoft Outlook
880,Critical Thinking
880,Active Listening
880,Speaking
880,Microsoft PowerPoint
880,Microsoft Office software
881,Writing
881,Microsoft Office software
881,Microsoft PowerPoint
881,Monitoring
881,Microsoft Excel
882,Active Listening
882,Reading Comprehension
882,Microsoft Excel
882,Critical Thinking
882,Science
882,Microsoft Outlook
882,Monitoring
885,Microsoft Outlook
885,Microsoft Excel
885,Active Listening
885,Reading Comprehension
885,Microsoft Office software
885,Active Learning
885,Microsoft PowerPoint
885,Speaking
885,Monitoring
887,Active Listening
887,Monitoring
887,Microsoft PowerPoint
887,Reading Comprehension
887,Microsoft Excel
887,Microsoft Office software
887,Science
888,Monitoring
888,Writing
888,Microsoft Office software
888,Science
888,Microsoft Outlook
888,Microsoft Excel
889,Reading Comprehension
889,Microsoft PowerPoint
889,Active Learning
889,Active Listening
889,Critical Thinking
893,Reading Comprehension
893,Active Learning
893,Speaking
893,Active Listening
893,Microsoft Office software
893,Salesforce software
893,Microsoft Excel
894,Writing
894,Microsoft Office software
894,Reading Comprehension
894,Microsoft Outlook
894,Microsoft Excel
895,Microsoft Office software
895,Microsoft Excel
895,Active Listening
895,Critical Thinking
895,Writing
895,Monitoring
895,Reading Comprehension
896,Microsoft Office software
896,Microsoft Excel
896,Active Listening
896,Writing
896,Reading Comprehension
896,Salesforce software
896,Speaking
896,Critical Thinking
897,Reading Comprehension
897,Speaking
897,Microsoft PowerPoint
897,Microsoft Outlook
897,Microsoft Office software
897,Microsoft Excel
897,Monitoring
897,Active Listening
899,Learning Strategies
899,Microsoft Outlook
899,Critical Thinking
899,Active Listening
899,Monitoring
899,Microsoft PowerPoint
899,Reading Comprehension
899,Microsoft Excel
900,Microsoft Office software
900,Salesforce software
900,Microsoft Excel
900,Speaking
900,Reading Comprehension
901,Microsoft PowerPoint
901,Critical Thinking
901,Science
901,Microsoft Office software
901,Reading Comprehension
901,Active Listening
901,Microsoft Excel
902,Microsoft Outlook
902,Microsoft Excel
902,Critical Thinking
902,Speaking
902,Salesforce software
902,Writing
903,Active Learning
903,Monitoring
903,Microsoft Office software
903,Reading Comprehension
903,Microsoft PowerPoint
903,Microsoft Outlook
904,Reading Comprehension
904,Critical Thinking
904,Microsoft Office software
904,Active Listening
904,Microsoft Excel
904,Monitoring
905,Active Learning
905,Monitoring
905,Speaking
905,Critical Thinking
905,Microsoft PowerPoint
905,Reading Comprehension
905,Active Listening
905,Microsoft Office software
909,Microsoft Outlook
909,Speaking
909,Active Learning
909,Active Listening
909,Writing
909,Critical Thinking
909,Microsoft Office software
909,Reading Comprehension
910,Speaking
910,Active Listening
910,Microsoft Office software
910,Writing
910,Critical Thinking
910,Reading Comprehension
911,Writing
911,Science
911,Active Listening
911,Microsoft Outlook
911,Monitoring
911,Critical Thinking
912,Science
912,Critical Thinking
912,Active Listening
912,Writing
912,Reading Comprehension
912,Microsoft Outlook
912,Monitoring
912,Microsoft Excel
913,Microsoft Office software
913,Critical Thinking
913,Reading Comprehension
913,Science
913,Microsoft PowerPoint
916,Active Listening
916,Microsoft Excel
916,Monitoring
916,Active Learning
916,Microsoft PowerPoint
916,Speaking
918,Microsoft Outlook
918,Science
918,Active Listening
918,Microsoft Office software
918,Microsoft Excel
920,Monitoring
920,Microsoft PowerPoint
920,Reading Comprehension
920,Microsoft Excel
920,Microsoft Office software
920,Critical Thinking
920,Microsoft Outlook
922,Active Learning
922,Writing
922,Speaking
922,Salesforce software
922,Microsoft Office software
922,Critical Thinking
923,Writing
923,Monitoring
923,Active Listening
923,Critical Thinking
923,Microsoft PowerPoint
923,Microsoft Excel
923,Microsoft Office software
923,Reading Comprehension
924,Microsoft Outlook
924,Salesforce software
924,Active Learning
924,Speaking
924,Microsoft Office software
924,Microsoft Excel
924,Critical Thinking
924,Reading Comprehension
924,Active Listening
925,Microsoft Office software
925,Salesforce software
925,Speaking
925,Active Listening
925,Writing
925,Microsoft Excel
925,Critical Thinking
925,Active Learning
926,Monitoring
926,Learning Strategies
926,Microsoft Outlook
926,Microsoft Office software
926,Reading Comprehension
926,Speaking
926,Critical Thinking
927,Writing
927,Critical Thinking
927,Active Listening
927,Microsoft Excel
927,Microsoft Outlook
927,Microsoft Office software
927,Science
930,Reading Comprehension
930,Active Listening
930,Monitoring
930,Microsoft Excel
930,Microsoft PowerPoint
930,Writing
932,Critical Thinking
932,Science
932,Active Listening
932,Microsoft Office software
932,Microsoft Excel
932,Writing
932,Reading Comprehension
932,Monitoring
933,Critical Thinking
933,Science
933,Active Listening
933,Microsoft Office software
933,Microsoft PowerPoint
934,Monitoring
934,Reading Comprehension
934,Critical Thinking
934,Microsoft Excel
934,Active Listening
934,Writing
936,Microsoft Office software
936,Speaking
936,Critical Thinking
936,Microsoft PowerPoint
936,Reading Comprehension
936,Microsoft Excel
939,Writing
939,Microsoft Excel
939,Reading Comprehension
939,Critical Thinking
939,Science
939,Active Listening
939,Monitoring
939,Microsoft PowerPoint
940,Microsoft Outlook
940,Microsoft Excel
940,Active Learning
940,Critical Thinking
940,Microsoft Office software
940,Salesforce software
940,Writing
941,Microsoft Office software
941,Writing
941,Salesforce software
941,Critical Thinking
941,Active Listening
941,Active Learning
942,Active Learning
942,Active Listening
942,Microsoft Excel
942,Critical Thinking
942,Microsoft Office software
942,Microsoft Outlook
944,Active Listening
944,Microsoft Outlook
944,Monitoring
944,Microsoft Excel
944,Science
944,Reading Comprehension
945,Writing
945,Microsoft Office software
945,Microsoft Excel
945,Reading Comprehension
945,Critical Thinking
945,Science
947,Microsoft Office software
947,Microsoft Excel
947,Speaking
947,Monitoring
947,Reading Comprehension
947,Active Learning
947,Critical Thinking
949,Critical Thinking
949,Microsoft PowerPoint
949,Science
949,Microsoft Office software
949,Writing
949,Microsoft Excel
950,Active Listening
950,Writing
950,Science
950,Microsoft PowerPoint
950,Critical Thinking
950,Monitoring
951,Microsoft Office software
951,Reading Comprehension
951,Science
951,Microsoft Outlook
951,Critical Thinking
951,Writing
951,Monitoring
952,Active Learning
952,Salesforce software
952,Reading Comprehension
952,Critical Thinking
952,Active Listening
954,Microsoft Outlook
954,Microsoft PowerPoint
954,Reading Comprehension
954,Monitoring
954,Microsoft Office software
954,Microsoft Excel
954,Active Listening
956,Microsoft Outlook
956,Microsoft PowerPoint
956,Reading Comprehension
956,Active Listening
956,Microsoft Office software
956,Speaking
956,Microsoft Excel
957,Active Listening
957,Microsoft Office software
957,Microsoft Excel
957,Reading Comprehension
957,Writing
957,Critical Thinking
958,Monitoring
958,Microsoft Office software
958,Science
958,Microsoft Outlook
958,Writing
958,Critical Thinking
958,Microsoft Excel
959,Microsoft Excel
959,Critical Thinking
959,Salesforce software
959,Active Learning
959,Writing
959,Reading Comprehension
959,Microsoft Office software
960,Writing
960,Microsoft Excel
960,Microsoft Outlook
960,Critical Thinking
960,Active Listening
961,Speaking
961,Salesforce software
961,Active Learning
961,Microsoft Outlook
961,Microsoft Office software
961,Active Listening
961,Critical Thinking
964,Microsoft PowerPoint
964,Critical Thinking
964,Monitoring
964,Active Listening
964,Science
964,Microsoft Office software
966,Microsoft PowerPoint
966,Microsoft Outlook
966,Reading Comprehension
966,Critical Thinking
966,Monitoring
966,Active Listening
967,Reading Comprehension
967,Monitoring
967,Microsoft Office software
967,Active Listening
967,Active Learning
967,Speaking
967,Microsoft Excel
969,Critical Thinking
969,Writing
969,Salesforce software
969,Active Listening
969,Active Learning
969,Speaking
969,Reading Comprehension
969,Microsoft Office software
970,Active Listening
970,Microsoft Office software
970,Monitoring
970,Speaking
970,Microsoft Outlook
970,Microsoft Excel
970,Reading Comprehension
970,Microsoft PowerPoint
970,Critical Thinking
972,Writing
972,Critical Thinking
972,Monitoring
972,Microsoft Outlook
972,Microsoft Excel
972,Reading Comprehension
972,Active Listening
974,Active Learning
974,Reading Comprehension
974,Microsoft Excel
974,Speaking
974,Salesforce software
974,Critical Thinking
974,Microsoft Office software
975,Monitoring
975,Reading Comprehension
975,Active Listening
975,Microsoft Outlook
975,Microsoft PowerPoint
975,Microsoft Excel
976,Microsoft Office software
976,Monitoring
976,Active Learning
976,Reading Comprehension
976,Microsoft PowerPoint
976,Speaking
976,Critical Thinking
977,Critical Thinking
977,Microsoft Office software
977,Writing
977,Microsoft Excel
977,Monitoring
977,Active Listening
977,Microsoft PowerPoint
981,Microsoft Office software
981,Active Learning
981,Reading Comprehension
981,Monitoring
981,Microsoft PowerPoint
981,Speaking
982,Reading Comprehension
982,Monitoring
982,Microsoft PowerPoint
982,Microsoft Excel
982,Active Listening
982,Microsoft Outlook
982,Active Learning
983,Microsoft Office software
983,Speaking
983,Microsoft Outlook
983,Monitoring
983,Microsoft Excel
983,Critical Thinking
983,Active Listening
984,Monitoring
984,Reading Comprehension
984,Microsoft Outlook
984,Microsoft Excel
984,Microsoft PowerPoint
984,Active Learning
985,Critical Thinking
985,Microsoft Outlook
985,Active Learning
985,Active Listening
985,Speaking
985,Microsoft Office software
986,Microsoft Outlook
986,Microsoft PowerPoint
986,Active Listening
986,Critical Thinking
986,Active Learning
987,Microsoft PowerPoint
987,Microsoft Excel
987,Reading Comprehension
987,Monitoring
987,Microsoft Outlook
987,Learning Strategies
987,Speaking
987,Critical Thinking
990,Microsoft PowerPoint
990,Speaking
990,Monitoring
990,Active Learning
990,Reading Comprehension
991,Microsoft Excel
991,Critical Thinking
991,Microsoft Office software
991,Active Listening
991,Writing
991,Science
991,Monitoring
992,Monitoring
992,Active Listening
992,Active Learning
992,Reading Comprehension
992,Microsoft PowerPoint
992,Microsoft Excel
992,Microsoft Office software
994,Microsoft Office software
994,Writing
994,Monitoring
994,Science
994,Microsoft Excel
994,Reading Comprehension
995,Critical Thinking
995,Active Listening
995,Microsoft Office software
995,Monitoring
995,Microsoft PowerPoint
996,Microsoft Outlook
996,Writing
996,Critical Thinking
996,Microsoft Office software
996,Reading Comprehension
997,Monitoring
997,Reading Comprehension
997,Microsoft PowerPoint
997,Critical Thinking
997,Microsoft Excel
997,Science
998,Active Learning
998,Speaking
998,Writing
998,Active Listening
998,Critical Thinking
998,Reading Comprehension
998,Salesforce software
998,Microsoft Outlook
999,Monitoring
999,Microsoft Office software
999,Writing
999,Science
999,Microsoft Excel
999,Reading Comprehension
999,Critical Thinking
1001,Microsoft Excel
1001,Microsoft Outlook
1001,Critical Thinking
1001,Writing
1001,Science
1001,Active Listening
1001,Reading Comprehension
1002,Writing
1002,Microsoft Excel
1002,Microsoft Outlook
1002,Monitoring
1002,Critical Thinking
1002,Active Listening
1003,Microsoft PowerPoint
1003,Critical Thinking
1003,Microsoft Excel
1003,Active Listening
1003,Monitoring
1003,Microsoft Office software
1004,Science
1004,Reading Comprehension
1004,Microsoft Office software
1004,Microsoft Excel
1004,Writing
1005,Microsoft Excel
1005,Learning Strategies
1005,Active Listening
1005,Microsoft PowerPoint
1005,Monitoring
1006,Monitoring
1006,Microsoft Office software
1006,Critical Thinking
1006,Science
1006,Microsoft PowerPoint
1006,Active Listening
1007,Microsoft Office software
1007,Speaking
1007,Microsoft Outlook
1007,Learning Strategies
1007,Active Listening
1009,Reading Comprehension
1009,Microsoft Excel
1009,Microsoft Office software
1009,Speaking
1009,Monitoring
1010,Writing
1010,Monitoring
1010,Science
1010,Microsoft Office software
1010,Critical Thinking
1011,Learning Strategies
1011,Microsoft Excel
1011,Critical Thinking
1011,Microsoft PowerPoint
1011,Speaking
1011,Reading Comprehension
1012,Microsoft Office software
1012,Science
1012,Critical Thinking
1012,Reading Comprehension
1012,Writing
1012,Microsoft PowerPoint
1013,Learning Strategies
1013,Microsoft Office software
1013,Microsoft Outlook
1013,Microsoft Excel
1013,Active Listening
1013,Critical Thinking
1013,Speaking
1013,Reading Comprehension
1014,Microsoft Office software
1014,Salesforce software
1014,Critical Thinking
1014,Active Listening
1014,Reading Comprehension
1014,Microsoft Outlook
1014,Microsoft Excel
1015,Critical Thinking
1015,Monitoring
1015,Microsoft Office software
1015,Active Listening
1015,Reading Comprehension
1015,Science
1016,Microsoft PowerPoint
1016,Microsoft Office software
1016,Active Listening
1016,Monitoring
1016,Science
1017,Microsoft Office software
1017,Science
1017,Reading Comprehension
1017,Writing
1017,Microsoft Outlook
1017,Active Listening
1017,Monitoring
1017,Microsoft Excel
1018,Learning Strategies
1018,Monitoring
1018,Speaking
1018,Microsoft Outlook
1018,Microsoft PowerPoint
1018,Microsoft Office software
1018,Microsoft Excel
1019,Microsoft Office software
1019,Monitoring
1019,Science
1019,Reading Comprehension
1019,Writing
1022,Speaking
1022,Reading Comprehension
1022,Microsoft Excel
1022,Writing
1022,Critical Thinking
1024,Microsoft Excel
1024,Active Listening
1024,Writing
1024,Microsoft Outlook
1024,Reading Comprehension
1024,Speaking
1025,Active Listening
1025,Microsoft Outlook
1025,Critical Thinking
1025,Microsoft PowerPoint
1025,Speaking
1025,Monitoring
1025,Microsoft Excel
1025,Microsoft Office software
1026,Microsoft Office software
1026,Reading Comprehension
1026,Learning Strategies
1026,Critical Thinking
1026,Microsoft Excel
1026,Speaking
1027,Reading Comprehension
1027,Microsoft PowerPoint
1027,Microsoft Office software
1027,Learning Strategies
1027,Speaking
1028,Critical Thinking
1028,Reading Comprehension
1028,Microsoft Excel
1028,Microsoft Outlook
1028,Active Listening
1028,Writing
1028,Microsoft Office software
1029,Active Learning
1029,Reading Comprehension
1029,Microsoft Excel
1029,Active Listening
1029,Monitoring
1029,Speaking
1029,Microsoft PowerPoint
1029,Critical Thinking
1030,Science
1030,Monitoring
1030,Microsoft Office software
1030,Critical Thinking
1030,Microsoft Excel
1032,Microsoft Office software
1032,Microsoft Outlook
1032,Reading Comprehension
1032,Microsoft PowerPoint
1032,Speaking
1032,Learning Strategies
1032,Critical Thinking
1032,Microsoft Excel
1032,Active Listening
1033,Speaking
1033,Microsoft Office software
1033,Active Listening
1033,Reading Comprehension
1033,Critical Thinking
1033,Active Learning
1033,Salesforce software
1033,Microsoft Outlook
1034,Critical Thinking
1034,Writing
1034,Salesforce software
1034,Active Learning
1034,Reading Comprehension
1034,Microsoft Excel
1034,Microsoft Office software
1034,Active Listening
1034,Speaking
1035,Microsoft Office software
1035,Reading Comprehension
1035,Critical Thinking
1035,Microsoft PowerPoint
1035,Writing
1035,Microsoft Excel
1036,Monitoring
1036,Speaking
1036,Active Listening
1036,Critical Thinking
1036,Reading Comprehension
1036,Microsoft PowerPoint
1037,Microsoft Office software
1037,Microsoft PowerPoint
1037,Microsoft Outlook
1037,Active Listening
1037,Monitoring
1037,Reading Comprehension
1038,Critical Thinking
1038,Active Listening
1038,Reading Comprehension
1038,Speaking
1038,Active Learning
1038,Monitoring
1039,Reading Comprehension
1039,Microsoft PowerPoint
1039,Microsoft Excel
1039,Active Listening
1039,Monitoring
1039,Microsoft Office software
1039,Microsoft Outlook
1039,Speaking
1040,Speaking
1040,Reading Comprehension
1040,Monitoring
1040,Active Listening
1040,Critical Thinking
1040,Microsoft Outlook
1040,Active Learning
1040,Microsoft Excel
1042,Writing
1042,Monitoring
1042,Microsoft Excel
1042,Critical Thinking
1042,Science
1042,Active Listening
1043,Reading Comprehension
1043,Microsoft Office software
1043,Speaking
1043,Microsoft Outlook
1043,Critical Thinking
1043,Microsoft PowerPoint
1044,Active Learning
1044,Speaking
1044,Microsoft Excel
1044,Writing
1044,Salesforce software
1045,Active Listening
1045,Active Learning
1045,Microsoft Office software
1045,Speaking
1045,Reading Comprehension
1045,Microsoft Excel
1045,Microsoft PowerPoint
1045,Monitoring
1046,Writing
1046,Monitoring
1046,Reading Comprehension
1046,Active Listening
1046,Microsoft Excel
1047,Microsoft Excel
1047,Microsoft Office software
1047,Microsoft PowerPoint
1047,Active Listening
1047,Critical Thinking
1047,Monitoring
1047,Active Learning
1048,Monitoring
1048,Speaking
1048,Microsoft Excel
1048,Microsoft PowerPoint
1048,Reading Comprehension
1048,Active Learning
1048,Active Listening
1049,Microsoft Excel
1049,Writing
1049,Applicant tracking software
1049,Critical Thinking
1049,Active Listening
1049,Microsoft Office software
1050,Active Listening
1050,Microsoft Office software
1050,Critical Thinking
1050,Monitoring
1050,Microsoft Excel
1050,Speaking
1050,Active Learning
1052,Writing
1052,Reading Comprehension
1052,Microsoft Excel
1052,Critical Thinking
1052,Microsoft Outlook
1052,Microsoft Office software
1053,Reading Comprehension
1053,Science
1053,Active Listening
1053,Writing
1053,Microsoft Office software
1053,Monitoring
1053,Critical Thinking
1053,Microsoft Excel
1055,Critical Thinking
1055,Writing
1055,Microsoft Excel
1055,Active Learning
1055,Speaking
1055,Microsoft Office software
1055,Active Listening
1056,Active Listening
1056,Active Learning
1056,Critical Thinking
1056,Microsoft Office software
1056,Salesforce software
1056,Speaking
1056,Microsoft Excel
1056,Reading Comprehension
1060,Monitoring
1060,Writing
1060,Microsoft PowerPoint
1060,Active Listening
1060,Microsoft Excel
1060,Science
1060,Reading Comprehension
1060,Critical Thinking
1061,Writing
1061,Science
1061,Microsoft Office software
1061,Microsoft Excel
1061,Reading Comprehension
1061,Microsoft PowerPoint
1061,Active Listening
1062,Speaking
1062,Writing
1062,Microsoft Outlook
1062,Active Learning
1062,Microsoft Excel
1062,Salesforce software
1062,Reading Comprehension
1062,Microsoft Office software
1066,Monitoring
1066,Active Listening
1066,Reading Comprehension
1066,Microsoft PowerPoint
1066,Speaking
1066,Active Learning
1066,Microsoft Outlook
1068,Microsoft Excel
1068,Writing
1068,Reading Comprehension
1068,Microsoft PowerPoint
1068,Active Listening
1068,Monitoring
1068,Critical Thinking
1069,Microsoft PowerPoint
1069,Reading Comprehension
1069,Science
1069,Microsoft Office software
1069,Monitoring
1069,Critical Thinking
1069,Writing
1069,Active Listening
1070,Microsoft Excel
1070,Microsoft Outlook
1070,Active Learning
1070,Microsoft PowerPoint
1070,Speaking
1070,Monitoring
1071,Active Listening
1071,Writing
1071,Reading Comprehension
1071,Science
1071,Microsoft PowerPoint
1073,Active Listening
1073,Microsoft PowerPoint
1073,Microsoft Office software
1073,Learning Strategies
1073,Critical Thinking
1073,Microsoft Excel
1074,Reading Comprehension
1074,Microsoft Office software
1074,Active Learning
1074,Speaking
1074,Active Listening
1074,Critical Thinking
1074,Monitoring
1074,Microsoft PowerPoint
1076,Active Listening
1076,Reading Comprehension
1076,Microsoft Excel
1076,Microsoft Outlook
1076,Microsoft Office software
1076,Active Learning
1077,Microsoft Office software
1077,Reading Comprehension
1077,Critical Thinking
1077,Salesforce software
1077,Writing
1077,Active Listening
1077,Microsoft Excel
1077,Speaking
1079,Science
1079,Critical Thinking
1079,Microsoft Office software
1079,Microsoft Excel
1079,Microsoft Outlook
1079,Reading Comprehension
1079,Active Listening
1079,Monitoring
1080,Reading Comprehension
1080,Microsoft Office software
1080,Monitoring
1080,Active Listening
1080,Microsoft Excel
1080,Writing
1080,Microsoft PowerPoint
1080,Critical Thinking
1081,Active Listening
1081,Monitoring
1081,Microsoft Excel
1081,Critical Thinking
1081,Microsoft Office software
1081,Microsoft PowerPoint
1082,Microsoft Excel
1082,Microsoft Outlook
1082,Reading Comprehension
1082,Critical Thinking
1082,Microsoft Office software
1082,Speaking
1082,Writing
1082,Active Listening
1083,Science
1083,Microsoft Office software
1083,Microsoft Excel
1083,Active Listening
1083,Microsoft Outlook
1083,Writing
1084,Learning Strategies
1084,Microsoft PowerPoint
1084,Microsoft Excel
1084,Active Listening
1084,Microsoft Outlook
1084,Speaking
1084,Monitoring
1084,Microsoft Office software
1085,Microsoft Office software
1085,Monitoring
1085,Microsoft Excel
1085,Science
1085,Critical Thinking
1085,Writing
1085,Microsoft PowerPoint
1085,Reading Comprehension
1088,Microsoft Excel
1088,Salesforce software
1088,Microsoft Office software
1088,Speaking
1088,Active Listening
1088,Active Learning
1088,Reading Comprehension
1092,Writing
1092,Microsoft Office software
1092,Active Learning
1092,Reading Comprehension
1092,Salesforce software
1094,Microsoft Excel
1094,Science
1094,Active Listening
1094,Microsoft Office software
1094,Writing
1094,Critical Thinking
1094,Reading Comprehension
1096,Learning Strategies
1096,Active Listening
1096,Microsoft Excel
1096,Critical Thinking
1096,Monitoring
1096,Microsoft Office software
1096,Microsoft Outlook
1096,Microsoft PowerPoint
1096,Speaking
1097,Active Listening
1097,Microsoft Excel
1097,Monitoring
1097,Reading Comprehension
1097,Critical Thinking
1097,Science
1098,Reading Comprehension
1098,Applicant tracking software
1098,Speaking
1098,Microsoft Outlook
1098,Microsoft Excel
1098,Active Listening
1098,Writing
1099,Microsoft Excel
1099,Salesforce software
1099,Active Learning
1099,Writing
1099,Critical Thinking
1100,Critical Thinking
1100,Speaking
1100,Active Learning
1100,Monitoring
1100,Active Listening
1100,Reading Comprehension
1101,Reading Comprehension
1101,Science
1101,Microsoft PowerPoint
1101,Writing
1101,Microsoft Office software
1101,Critical Thinking
1101,Monitoring
1101,Microsoft Excel
1102,Writing
1102,Microsoft Office software
1102,Monitoring
1102,Reading Comprehension
1102,Critical Thinking
1102,Science
1103,Active Learning
1103,Speaking
1103,Writing
1103,Microsoft Office software
1103,Microsoft Outlook
1103,Active Listening
1105,Monitoring
1105,Speaking
1105,Critical Thinking
1105,Active Learning
1105,Microsoft Outlook
1105,Microsoft Office software
1105,Microsoft PowerPoint
1105,Active Listening
1106,Critical Thinking
1106,Monitoring
1106,Active Listening
1106,Reading Comprehension
1106,Microsoft Office software
1106,Microsoft Outlook
1106,Microsoft Excel
1107,Reading Comprehension
1107,Microsoft Excel
1107,Active Listening
1107,Critical Thinking
1107,Writing
1107,Microsoft Office software
1107,Microsoft Outlook
1108,Critical Thinking
1108,Microsoft Office software
1108,Science
1108,Microsoft Excel
1108,Reading Comprehension
1108,Monitoring
1109,Critical Thinking
1109,Active Learning
1109,Speaking
1109,Active Listening
1109,Monitoring
1109,Microsoft Excel
1111,Microsoft Excel
1111,Reading Comprehension
1111,Critical Thinking
1111,Microsoft Office software
1111,Monitoring
1111,Active Listening
1111,Microsoft Outlook
1111,Writing
1113,Active Learning
1113,Reading Comprehension
1113,Microsoft Outlook
1113,Microsoft PowerPoint
1113,Speaking
1113,Active Listening
1113,Microsoft Excel
1113,Monitoring
1113,Microsoft Office software
1114,Microsoft PowerPoint
1114,Microsoft Outlook
1114,Microsoft Excel
1114,Active Learning
1114,Microsoft Office software
1114,Reading Comprehension
1115,Microsoft PowerPoint
1115,Critical Thinking
1115,Microsoft Office software
1115,Reading Comprehension
1115,Active Listening
1116,Reading Comprehension
1116,Microsoft PowerPoint
1116,Monitoring
1116,Speaking
1116,Microsoft Excel
1116,Critical Thinking
1116,Microsoft Office software
1116,Active Listening
1117,Active Listening
1117,Reading Comprehension
1117,Microsoft PowerPoint
1117,Monitoring
1117,Microsoft Office software
1117,Microsoft Outlook
1117,Critical Thinking
1117,Microsoft Excel
1118,Speaking
1118,Writing
1118,Microsoft Office software
1118,Salesforce software
1118,Reading Comprehension
1118,Microsoft Outlook
1118,Active Learning
1119,Microsoft Office software
1119,Speaking
1119,Reading Comprehension
1119,Monitoring
1119,Active Listening
1119,Active Learning
1119,Critical Thinking
1119,Microsoft PowerPoint
1120,Monitoring
1120,Writing
1120,Critical Thinking
1120,Microsoft Excel
1120,Reading Comprehension
1120,Active Listening
1121,Critical Thinking
1121,Microsoft Office software
1121,Microsoft PowerPoint
1121,Active Listening
1121,Microsoft Excel
1121,Microsoft Outlook
1124,Microsoft PowerPoint
1124,Reading Comprehension
1124,Speaking
1124,Microsoft Office software
1124,Microsoft Excel
1125,Microsoft Excel
1125,Critical Thinking
1125,Reading Comprehension
1125,Microsoft Office software
1125,Monitoring
1125,Active Listening
1125,Microsoft PowerPoint
1125,Microsoft Outlook
1125,Speaking
1126,Active Listening
1126,Learning Strategies
1126,Microsoft Office software
1126,Reading Comprehension
1126,Microsoft PowerPoint
1126,Critical Thinking
1127,Microsoft Excel
1127,Salesforce software
1127,Microsoft Outlook
1127,Critical Thinking
1127,Speaking
1127,Writing
1127,Reading Comprehension
1127,Active Listening
1128,Microsoft PowerPoint
1128,Microsoft Excel
1128,Microsoft Office software
1128,Writing
1128,Monitoring
1128,Active Listening
1128,Science
1128,Reading Comprehension
1131,Science
1131,Critical Thinking
1131,Microsoft Excel
1131,Microsoft Office software
1131,Active Listening
1131,Monitoring
1131,Writing
1132,Science
1132,Reading Comprehension
1132,Active Listening
1132,Monitoring
1132,Microsoft Excel
1133,Speaking
1133,Microsoft PowerPoint
1133,Reading Comprehension
1133,Microsoft Excel
1133,Learning Strategies
1133,Microsoft Outlook
1133,Active Listening
1135,Speaking
1135,Microsoft Office software
1135,Reading Comprehension
1135,Critical Thinking
1135,Active Learning
1135,Active Listening
1135,Salesforce software
1136,Microsoft PowerPoint
1136,Monitoring
1136,Microsoft Office software
1136,Reading Comprehension
1136,Science
1136,Active Listening
1136,Critical Thinking
1136,Writing
1137,Critical Thinking
1137,Microsoft Office software
1137,Active Learning
1137,Microsoft Excel
1137,Microsoft PowerPoint
1137,Reading Comprehension
1138,Reading Comprehension
1138,Monitoring
1138,Microsoft Excel
1138,Active Listening
1138,Active Learning
1138,Microsoft PowerPoint
1138,Critical Thinking
1140,Active Listening
1140,Microsoft Office software
1140,Critical Thinking
1140,Microsoft Outlook
1140,Speaking
1140,Learning Strategies
1143,Critical Thinking
1143,Monitoring
1143,Active Listening
1143,Microsoft PowerPoint
1143,Science
1143,Microsoft Office software
1143,Reading Comprehension
1143,Microsoft Excel
1148,Critical Thinking
1148,Reading Comprehension
1148,Monitoring
1148,Science
1148,Active Listening
1148,Writing
1148,Microsoft Office software
1148,Microsoft Outlook
1150,Active Listening
1150,Microsoft Excel
1150,Microsoft PowerPoint
1150,Learning Strategies
1150,Reading Comprehension
1150,Microsoft Outlook
1150,Monitoring
1152,Speaking
1152,Microsoft Excel
1152,Active Learning
1152,Reading Comprehension
1152,Applicant tracking software
1152,Active Listening
1154,Writing
1154,Critical Thinking
1154,Active Listening
1154,Science
1154,Microsoft Office software
1154,Microsoft Excel
1156,Microsoft Excel
1156,Writing
1156,Science
1156,Microsoft Outlook
1156,Active Listening
1156,Critical Thinking
1156,Reading Comprehension
1157,Critical Thinking
1157,Reading Comprehension
1157,Microsoft Office software
1157,Active Learning
1157,Active Listening
1157,Speaking
1157,Microsoft Excel
1157,Monitoring
1158,Microsoft Outlook
1158,Microsoft Office software
1158,Monitoring
1158,Microsoft Excel
1158,Active Listening
1160,Microsoft Office software
1160,Active Listening
1160,Monitoring
1160,Reading Comprehension
1160,Microsoft Excel
1161,Reading Comprehension
1161,Speaking
1161,Salesforce software
1161,Writing
1161,Microsoft Excel
1161,Microsoft Office software
1161,Active Learning
1161,Active Listening
1162,Active Listening
1162,Monitoring
1162,Critical Thinking
1162,Science
1162,Microsoft Excel
1162,Microsoft PowerPoint
1163,Reading Comprehension
1163,Monitoring
1163,Microsoft Excel
1163,Speaking
1163,Microsoft Office software
1163,Active Learning
1164,Active Listening
1164,Microsoft Office software
1164,Microsoft Excel
1164,Reading Comprehension
1164,Writing
1164,Critical Thinking
1164,Speaking
1164,Active Learning
1165,Critical Thinking
1165,Microsoft PowerPoint
1165,Active Listening
1165,Active Learning
1165,Reading Comprehension
1165,Microsoft Office software
1165,Speaking
1165,Monitoring
1166,Critical Thinking
1166,Active Listening
1166,Writing
1166,Microsoft PowerPoint
1166,Microsoft Office software
1166,Microsoft Excel
1166,Reading Comprehension
1166,Science
1167,Microsoft Office software
1167,Critical Thinking
1167,Active Listening
1167,Reading Comprehension
1167,Active Learning
1167,Speaking
1167,Microsoft Outlook
1167,Monitoring
1171,Microsoft Excel
1171,Monitoring
1171,Reading Comprehension
1171,Critical Thinking
1171,Active Listening
1171,Active Learning
1171,Microsoft PowerPoint
1171,Microsoft Outlook
1172,Monitoring
1172,Microsoft Outlook
1172,Microsoft Office software
1172,Microsoft Excel
1172,Active Listening
1172,Critical Thinking
1172,Science
1172,Writing
1173,Science
1173,Active Listening
1173,Microsoft Office software
1173,Microsoft Outlook
1173,Monitoring
1173,Reading Comprehension
1173,Critical Thinking
1175,Critical Thinking
1175,Microsoft Office software
1175,Reading Comprehension
1175,Monitoring
1175,Active Listening
1175,Microsoft Excel
1175,Microsoft Outlook
1177,Microsoft Outlook
1177,Reading Comprehension
1177,Monitoring
1177,Critical Thinking
1177,Science
1179,Active Listening
1179,Monitoring
1179,Microsoft Excel
1179,Critical Thinking
1179,Reading Comprehension
1179,Speaking
1180,Reading Comprehension
1180,Active Listening
1180,Microsoft PowerPoint
1180,Writing
1180,Microsoft Excel
1180,Science
1180,Critical Thinking
1182,Microsoft PowerPoint
1182,Critical Thinking
1182,Monitoring
1182,Active Listening
1182,Microsoft Excel
1182,Learning Strategies
1182,Microsoft Outlook
1182,Reading Comprehension
1184,Active Listening
1184,Salesforce software
1184,Reading Comprehension
1184,Microsoft Excel
1184,Microsoft Office software
1184,Active Learning
1184,Speaking
1184,Critical Thinking
1185,Science
1185,Active Listening
1185,Microsoft Excel
1185,Monitoring
1185,Reading Comprehension
1185,Microsoft Outlook
1185,Critical Thinking
1188,Speaking
1188,Microsoft Outlook
1188,Monitoring
1188,Reading Comprehension
1188,Microsoft PowerPoint
1188,Critical Thinking
1190,Reading Comprehension
1190,Active Listening
1190,Writing
1190,Microsoft Office software
1190,Critical Thinking
1190,Salesforce software
1191,Critical Thinking
1191,Monitoring
1191,Active Listening
1191,Microsoft PowerPoint
1191,Speaking
1192,Critical Thinking
1192,Reading Comprehension
1192,Monitoring
1192,Active Listening
1192,Microsoft Outlook
1192,Microsoft Excel
1192,Microsoft Office software
1192,Writing
1193,Microsoft Excel
1193,Monitoring
1193,Critical Thinking
1193,Active Listening
1193,Reading Comprehension
1195,Science
1195,Microsoft Office software
1195,Critical Thinking
1195,Microsoft PowerPoint
1195,Writing
1195,Monitoring
1195,Reading Comprehension
1195,Active Listening
1196,Speaking
1196,Monitoring
1196,Critical Thinking
1196,Active Listening
1196,Microsoft Outlook
1198,Monitoring
1198,Writing
1198,Microsoft Office software
1198,Reading Comprehension
1198,Microsoft Excel
1198,Science
1200,Microsoft PowerPoint
1200,Critical Thinking
1200,Monitoring
1200,Reading Comprehension
1200,Science
1200,Microsoft Office software
1200,Active Listening
1201,Speaking
1201,Active Listening
1201,Critical Thinking
1201,Microsoft Office software
1201,Monitoring
1201,Active Learning
1202,Microsoft PowerPoint
1202,Critical Thinking
1202,Science
1202,Writing
1202,Active Listening
1203,Science
1203,Monitoring
1203,Critical Thinking
1203,Reading Comprehension
1203,Microsoft PowerPoint
1204,Active Learning
1204,Monitoring
1204,Reading Comprehension
1204,Critical Thinking
1204,Speaking
1204,Microsoft Excel
1204,Microsoft Office software
1206,Writing
1206,Reading Comprehension
1206,Microsoft Office software
1206,Science
1206,Microsoft PowerPoint
1207,Applicant tracking software
1207,Microsoft Excel
1207,Active Listening
1207,Speaking
1207,Reading Comprehension
1207,Microsoft Office software
1210,Microsoft PowerPoint
1210,Microsoft Office software
1210,Monitoring
1210,Critical Thinking
1210,Reading Comprehension
1210,Science
1211,Microsoft Outlook
1211,Speaking
1211,Reading Comprehension
1211,Critical Thinking
1211,Active Learning
1211,Active Listening
1211,Monitoring
1212,Active Listening
1212,Microsoft Excel
1212,Microsoft PowerPoint
1212,Reading Comprehension
1212,Monitoring
1212,Critical Thinking
1215,Active Listening
1215,Reading Comprehension
1215,Microsoft Excel
1215,Active Learning
1215,Speaking
1216,Writing
1216,Reading Comprehension
1216,Microsoft Office software
1216,Microsoft Outlook
1216,Microsoft Excel
1217,Reading Comprehension
1217,Microsoft PowerPoint
1217,Active Listening
1217,Microsoft Office software
1217,Monitoring
1217,Science
1218,Microsoft Office software
1218,Speaking
1218,Active Listening
1218,Microsoft Excel
1218,Reading Comprehension
1218,Microsoft Outlook
1218,Active Learning
1219,Writing
1219,Microsoft Office software
1219,Critical Thinking
1219,Microsoft Excel
1219,Reading Comprehension
1219,Active Listening
1219,Monitoring
1220,Speaking
1220,Microsoft Office software
1220,Microsoft Excel
1220,Microsoft PowerPoint
1220,Reading Comprehension
1220,Critical Thinking
1220,Microsoft Outlook
1220,Monitoring
1221,Active Listening
1221,Science
1221,Reading Comprehension
1221,Microsoft Office software
1221,Microsoft Outlook
1221,Writing
1221,Critical Thinking
1224,Microsoft Outlook
1224,Writing
1224,Active Listening
1224,Microsoft Excel
1224,Science
1224,Microsoft Office software
1225,Microsoft PowerPoint
1225,Active Listening
1225,Reading Comprehension
1225,Monitoring
1225,Microsoft Office software
1225,Microsoft Excel
1225,Writing
1226,Active Listening
1226,Microsoft Office software
1226,Microsoft Excel
1226,Writing
1226,Speaking
1226,Salesforce software
1228,Speaking
1228,Microsoft PowerPoint
1228,Microsoft Office software
1228,Monitoring
1228,Reading Comprehension
1228,Learning Strategies
1228,Microsoft Outlook
1231,Microsoft Excel
1231,Active Learning
1231,Speaking
1231,Active Listening
1231,Microsoft Office software
1231,Reading Comprehension
1231,Writing
1231,Critical Thinking
1231,Applicant tracking software
1233,Monitoring
1233,Active Listening
1233,Speaking
1233,Active Learning
1233,Critical Thinking
1233,Microsoft Outlook
1233,Microsoft PowerPoint
1234,Science
1234,Microsoft Excel
1234,Microsoft Office software
1234,Active Listening
1234,Reading Comprehension
1234,Microsoft Outlook
1234,Critical Thinking
1234,Writing
1235,Reading Comprehension
1235,Science
1235,Microsoft Office software
1235,Critical Thinking
1235,Writing
1237,Microsoft Office software
1237,Critical Thinking
1237,Microsoft Outlook
1237,Active Listening
1237,Microsoft PowerPoint
1237,Reading Comprehension
1237,Speaking
1238,Science
1238,Reading Comprehension
1238,Active Listening
1238,Monitoring
1238,Microsoft Excel
1238,Microsoft Office software
1238,Critical Thinking
1238,Writing
1239,Speaking
1239,Microsoft Office software
1239,Reading Comprehension
1239,Monitoring
1239,Critical Thinking
1239,Active Learning
1239,Microsoft Excel
1240,Microsoft Office software
1240,Active Learning
1240,Microsoft PowerPoint
1240,Active Listening
1240,Microsoft Excel
1241,Science
1241,Microsoft PowerPoint
1241,Monitoring
1241,Microsoft Office software
1241,Active Listening
1241,Reading Comprehension
1241,Microsoft Excel
1242,Science
1242,Microsoft Excel
1242,Active Listening
1242,Reading Comprehension
1242,Monitoring
1243,Active Learning
1243,Critical Thinking
1243,Microsoft Outlook
1243,Monitoring
1243,Active Listening
1243,Microsoft Office software
1244,Science
1244,Reading Comprehension
1244,Microsoft Excel
1244,Microsoft Office software
1244,Writing
1244,Monitoring
1244,Microsoft PowerPoint
1244,Critical Thinking
1245,Reading Comprehension
1245,Microsoft Office software
1245,Microsoft PowerPoint
1245,Active Listening
1245,Critical Thinking
1245,Speaking
1245,Learning Strategies
1245,Microsoft Outlook
1246,Science
1246,Microsoft PowerPoint
1246,Critical Thinking
1246,Reading Comprehension
1246,Microsoft Office software
1246,Active Listening
1246,Monitoring
1248,Microsoft Excel
1248,Monitoring
1248,Microsoft Office software
1248,Critical Thinking
1248,Microsoft PowerPoint
1249,Microsoft Excel
1249,Reading Comprehension
1249,Critical Thinking
1249,Monitoring
1249,Microsoft PowerPoint
1250,Science
1250,Active Listening
1250,Monitoring
1250,Microsoft PowerPoint
1250,Writing
1250,Critical Thinking
1250,Microsoft Excel
1251,Active Listening
1251,Active Learning
1251,Writing
1251,Salesforce software
1251,Microsoft Office software
1251,Critical Thinking
1252,Active Listening
1252,Microsoft Outlook
1252,Microsoft Office software
1252,Critical Thinking
1252,Reading Comprehension
1254,Monitoring
1254,Microsoft Outlook
1254,Microsoft Excel
1254,Reading Comprehension
1254,Critical Thinking
1254,Microsoft Office software
1255,Writing
1255,Active Listening
1255,Reading Comprehension
1255,Monitoring
1255,Critical Thinking
1256,Speaking
1256,Reading Comprehension
1256,Monitoring
1256,Active Listening
1256,Microsoft PowerPoint
1256,Microsoft Excel
1257,Active Listening
1257,Reading Comprehension
1257,Science
1257,Microsoft Excel
1257,Microsoft Office software
1258,Active Listening
1258,Monitoring
1258,Microsoft Excel
1258,Writing
1258,Microsoft Outlook
1258,Science
1258,Microsoft Office software
1259,Monitoring
1259,Reading Comprehension
1259,Microsoft Office software
1259,Critical Thinking
1259,Active Listening
1260,Speaking
1260,Microsoft Outlook
1260,Critical Thinking
1260,Active Learning
1260,Salesforce software
1260,Microsoft Excel
1260,Active Listening
1263,Microsoft Excel
1263,Microsoft PowerPoint
1263,Critical Thinking
1263,Active Listening
1263,Monitoring
1263,Microsoft Office software
1264,Microsoft PowerPoint
1264,Reading Comprehension
1264,Microsoft Excel
1264,Writing
1264,Monitoring
1264,Critical Thinking
1264,Microsoft Office software
1264,Science
1265,Writing
1265,Science
1265,Active Listening
1265,Microsoft PowerPoint
1265,Microsoft Excel
1265,Reading Comprehension
1267,Active Learning
1267,Active Listening
1267,Critical Thinking
1267,Speaking
1267,Microsoft Office software
1268,Critical Thinking
1268,Active Listening
1268,Microsoft PowerPoint
1268,Microsoft Outlook
1268,Monitoring
1268,Microsoft Office software
1268,Reading Comprehension
1268,Microsoft Excel
1268,Speaking
1269,Writing
1269,Active Listening
1269,Reading Comprehension
1269,Microsoft Excel
1269,Critical Thinking
1269,Monitoring
1270,Active Listening
1270,Microsoft Excel
1270,Microsoft PowerPoint
1270,Science
1270,Microsoft Office software
1270,Writing
1270,Reading Comprehension
1270,Critical Thinking
1273,Salesforce software
1273,Microsoft Excel
1273,Active Listening
1273,Active Learning
1273,Speaking
1273,Reading Comprehension
1273,Microsoft Office software
1275,Critical Thinking
1275,Monitoring
1275,Active Listening
1275,Microsoft Excel
1275,Microsoft PowerPoint
1277,Critical Thinking
1277,Active Listening
1277,Microsoft Office software
1277,Microsoft Excel
1277,Microsoft PowerPoint
1278,Salesforce software
1278,Speaking
1278,Critical Thinking
1278,Active Listening
1278,Microsoft Outlook
1278,Microsoft Excel
1278,Reading Comprehension
1279,Microsoft Excel
1279,Critical Thinking
1279,Monitoring
1279,Active Listening
1279,Writing
1279,Microsoft Office software
1279,Science
1280,Microsoft Office software
1280,Monitoring
1280,Reading Comprehension
1280,Critical Thinking
1280,Active Learning
1280,Active Listening
1280,Microsoft PowerPoint
1280,Microsoft Excel
1281,Active Listening
1281,Monitoring
1281,Active Learning
1281,Critical Thinking
1281,Microsoft Excel
1281,Microsoft Outlook
1281,Reading Comprehension
1281,Microsoft Office software
1282,Active Listening
1282,Active Learning
1282,Speaking
1282,Microsoft Excel
1282,Monitoring
1282,Critical Thinking
1282,Microsoft PowerPoint
1283,Learning Strategies
1283,Reading Comprehension
1283,Speaking
1283,Critical Thinking
1283,Microsoft Outlook
1283,Monitoring
1283,Microsoft Office software
1285,Science
1285,Microsoft Outlook
1285,Microsoft Office software
1285,Monitoring
1285,Active Listening
1286,Monitoring
1286,Microsoft Office software
1286,Science
1286,Active Listening
1286,Microsoft Outlook
1288,Active Learning
1288,Microsoft Excel
1288,Speaking
1288,Monitoring
1288,Critical Thinking
1288,Reading Comprehension
1289,Microsoft Office software
1289,Active Learning
1289,Microsoft Excel
1289,Microsoft Outlook
1289,Speaking
1289,Applicant tracking software
1291,Microsoft PowerPoint
1291,Critical Thinking
1291,Active Listening
1291,Science
1291,Writing
1291,Monitoring
1292,Active Listening
1292,Microsoft PowerPoint
1292,Monitoring
1292,Science
1292,Microsoft Office software
1292,Microsoft Excel
1292,Critical Thinking
1293,Speaking
1293,Microsoft Outlook
1293,Critical Thinking
1293,Microsoft PowerPoint
1293,Active Listening
1293,Active Learning
1293,Reading Comprehension
1293,Microsoft Office software
1293,Monitoring
1294,Microsoft Outlook
1294,Monitoring
1294,Reading Comprehension
1294,Active Listening
1294,Microsoft PowerPoint
1295,Microsoft Excel
1295,Active Learning
1295,Reading Comprehension
1295,Salesforce software
1295,Active Listening
1295,Writing
1296,Microsoft Office software
1296,Reading Comprehension
1296,Monitoring
1296,Writing
1296,Active Listening
1297,Microsoft Office software
1297,Science
1297,Active Listening
1297,Monitoring
1297,Microsoft Outlook
1297,Reading Comprehension
1298,Learning Strategies
1298,Microsoft Outlook
1298,Reading Comprehension
1298,Microsoft PowerPoint
1298,Active Listening
1298,Critical Thinking
1299,Microsoft Outlook
1299,Reading Comprehension
1299,Active Listening
1299,Critical Thinking
1299,Microsoft Excel
1299,Monitoring
1301,Microsoft Office software
1301,Writing
1301,Microsoft PowerPoint
1301,Monitoring
1301,Reading Comprehension
1303,Microsoft PowerPoint
1303,Active Listening
1303,Science
1303,Critical Thinking
1303,Writing
1303,Microsoft Office software
1303,Reading Comprehension
1304,Monitoring
1304,Active Learning
1304,Microsoft Office software
1304,Microsoft Excel
1304,Microsoft Outlook
1304,Speaking
1306,Active Learning
1306,Critical Thinking
1306,Reading Comprehension
1306,Active Listening
1306,Microsoft Office software
1307,Microsoft Office software
1307,Monitoring
1307,Critical Thinking
1307,Reading Comprehension
1307,Microsoft PowerPoint
1307,Active Listening
1307,Active Learning
1308,Microsoft Excel
1308,Monitoring
1308,Microsoft PowerPoint
1308,Science
1308,Microsoft Office software
1308,Writing
1308,Reading Comprehension
1308,Critical Thinking
1309,Writing
1309,Reading Comprehension
1309,Microsoft Office software
1309,Microsoft Excel
1309,Critical Thinking
1310,Monitoring
1310,Active Listening
1310,Science
1310,Reading Comprehension
1310,Microsoft Excel
1311,Writing
1311,Microsoft Office software
1311,Microsoft Excel
1311,Science
1311,Active Listening
1311,Critical Thinking
1311,Reading Comprehension
1312,Critical Thinking
1312,Speaking
1312,Microsoft Excel
1312,Salesforce software
1312,Active Learning
1312,Microsoft Office software
1314,Active Learning
1314,Applicant tracking software
1314,Speaking
1314,Microsoft Outlook
1314,Microsoft Excel
1314,Critical Thinking
1315,Reading Comprehension
1315,Microsoft Excel
1315,Microsoft Outlook
1315,Writing
1315,Science
1315,Monitoring
1315,Active Listening
1317,Reading Comprehension
1317,Critical Thinking
1317,Science
1317,Microsoft Excel
1317,Monitoring
1317,Active Listening
1318,Speaking
1318,Microsoft PowerPoint
1318,Microsoft Outlook
1318,Active Learning
1318,Critical Thinking
1318,Active Listening
1318,Microsoft Office software
1318,Reading Comprehension
1318,Microsoft Excel
1319,Microsoft Excel
1319,Reading Comprehension
1319,Microsoft PowerPoint
1319,Speaking
1319,Microsoft Outlook
1321,Speaking
1321,Active Learning
1321,Microsoft PowerPoint
1321,Microsoft Office software
1321,Active Listening
1321,Reading Comprehension
1321,Monitoring
1321,Critical Thinking
1322,Monitoring
1322,Microsoft Excel
1322,Microsoft PowerPoint
1322,Microsoft Office software
1322,Reading Comprehension
1322,Speaking
1322,Active Listening
1324,Microsoft Excel
1324,Microsoft Office software
1324,Microsoft Outlook
1324,Critical Thinking
1324,Monitoring
1324,Speaking
1329,Microsoft PowerPoint
1329,Monitoring
1329,Critical Thinking
1329,Active Learning
1329,Reading Comprehension
1331,Active Learning
1331,Microsoft Excel
1331,Critical Thinking
1331,Speaking
1331,Writing
1331,Salesforce software
1331,Microsoft Office software
1333,Science
1333,Monitoring
1333,Reading Comprehension
1333,Microsoft Office software
1333,Microsoft Outlook
1333,Critical Thinking
1334,Microsoft Office software
1334,Active Learning
1334,Monitoring
1334,Microsoft PowerPoint
1334,Microsoft Excel
1334,Speaking
1334,Reading Comprehension
1334,Critical Thinking
1336,Active Listening
1336,Microsoft PowerPoint
1336,Reading Comprehension
1336,Microsoft Excel
1336,Monitoring
1336,Active Learning
1338,Microsoft PowerPoint
1338,Active Listening
1338,Critical Thinking
1338,Monitoring
1338,Active Learning
1338,Reading Comprehension
1338,Microsoft Office software
1340,Microsoft Excel
1340,Microsoft PowerPoint
1340,Monitoring
1340,Science
1340,Reading Comprehension
1340,Microsoft Office software
1344,Microsoft Outlook
1344,Reading Comprehension
1344,Salesforce software
1344,Writing
1344,Speaking
1344,Microsoft Office software
1346,Microsoft PowerPoint
1346,Microsoft Excel
1346,Writing
1346,Reading Comprehension
1346,Monitoring
1346,Microsoft Office software
1346,Critical Thinking
1346,Active Listening
1349,Microsoft Office software
1349,Microsoft PowerPoint
1349,Active Learning
1349,Monitoring
1349,Microsoft Excel
1349,Microsoft Outlook
1350,Microsoft Excel
1350,Active Listening
1350,Monitoring
1350,Microsoft Office software
1350,Science
1350,Microsoft PowerPoint
1352,Monitoring
1352,Active Learning
1352,Active Listening
1352,Microsoft Excel
1352,Reading Comprehension
1352,Speaking
1352,Microsoft Office software
1355,Microsoft Outlook
1355,Active Learning
1355,Microsoft PowerPoint
1355,Reading Comprehension
1355,Microsoft Office software
1355,Microsoft Excel
1355,Active Listening
1356,Critical Thinking
1356,Microsoft Office software
1356,Microsoft Excel
1356,Active Listening
1356,Microsoft PowerPoint
1356,Speaking
1358,Writing
1358,Microsoft Outlook
1358,Microsoft Office software
1358,Critical Thinking
1358,Microsoft Excel
1358,Science
1358,Reading Comprehension
1360,Critical Thinking
1360,Speaking
1360,Active Listening
1360,Monitoring
1360,Microsoft PowerPoint
1361,Active Listening
1361,Critical Thinking
1361,Writing
1361,Science
1361,Reading Comprehension
1361,Microsoft Outlook
1362,Speaking
1362,Monitoring
1362,Active Listening
1362,Microsoft PowerPoint
1362,Microsoft Office software
1362,Microsoft Excel
1362,Critical Thinking
1362,Microsoft Outlook
1363,Microsoft Office software
1363,Monitoring
1363,Microsoft PowerPoint
1363,Microsoft Outlook
1363,Active Listening
1363,Speaking
1363,Learning Strategies
1364,Microsoft Office software
1364,Reading Comprehension
1364,Critical Thinking
1364,Active Learning
1364,Microsoft Excel
1364,Speaking
1364,Writing
1367,Microsoft Office software
1367,Learning Strategies
1367,Active Listening
1367,Monitoring
1367,Reading Comprehension
1367,Microsoft Outlook
1368,Microsoft Office software
1368,Microsoft Excel
1368,Reading Comprehension
1368,Critical Thinking
1368,Active Listening
1368,Writing
1369,Writing
1369,Microsoft Outlook
1369,Critical Thinking
1369,Reading Comprehension
1369,Microsoft Excel
1371,Critical Thinking
1371,Microsoft Office software
1371,Speaking
1371,Microsoft Excel
1371,Monitoring
1371,Active Listening
1372,Microsoft Office software
1372,Reading Comprehension
1372,Active Learning
1372,Microsoft PowerPoint
1372,Microsoft Outlook
1372,Active Listening
1373,Microsoft Excel
1373,Active Listening
1373,Critical Thinking
1373,Microsoft Outlook
1373,Microsoft PowerPoint
1373,Microsoft Office software
1374,Reading Comprehension
1374,Microsoft PowerPoint
1374,Microsoft Office software
1374,Microsoft Excel
1374,Writing
1374,Science
1374,Critical Thinking
1374,Active Listening
1375,Writing
1375,Speaking
1375,Microsoft Excel
1375,Active Learning
1375,Microsoft Office software
1375,Reading Comprehension
1377,Reading Comprehension
1377,Microsoft Office software
1377,Microsoft Excel
1377,Science
1377,Critical Thinking
1377,Active Listening
1379,Microsoft Excel
1379,Active Listening
1379,Writing
1379,Salesforce software
1379,Microsoft Office software
1379,Reading Comprehension
1380,Active Learning
1380,Microsoft Office software
1380,Microsoft Excel
1380,Monitoring
1380,Active Listening
1380,Speaking
1380,Microsoft PowerPoint
1380,Reading Comprehension
1380,Microsoft Outlook
1382,Microsoft Excel
1382,Writing
1382,Monitoring
1382,Critical Thinking
1382,Active Listening
1382,Microsoft PowerPoint
1382,Reading Comprehension
1382,Science
1383,Reading Comprehension
1383,Critical Thinking
1383,Writing
1383,Active Listening
1383,Microsoft Office software
1383,Salesforce software
1383,Microsoft Outlook
1383,Speaking
1387,Active Listening
1387,Microsoft PowerPoint
1387,Speaking
1387,Reading Comprehension
1387,Active Learning
1389,Active Listening
1389,Critical Thinking
1389,Reading Comprehension
1389,Microsoft Office software
1389,Microsoft Excel
1389,Monitoring
1389,Microsoft PowerPoint
1389,Learning Strategies
1389,Speaking
1390,Active Listening
1390,Microsoft Office software
1390,Microsoft PowerPoint
1390,Speaking
1390,Monitoring
1390,Critical Thinking
1390,Microsoft Outlook
1390,Reading Comprehension
1391,Active Listening
1391,Speaking
1391,Monitoring
1391,Active Learning
1391,Microsoft Office software
1391,Critical Thinking
1391,Microsoft Outlook
1392,Microsoft PowerPoint
1392,Active Listening
1392,Monitoring
1392,Writing
1392,Science
1392,Reading Comprehension
1394,Active Listening
1394,Monitoring
1394,Microsoft PowerPoint
1394,Microsoft Office software
1394,Microsoft Excel
1394,Science
1394,Writing
1395,Active Learning
1395,Speaking
1395,Microsoft PowerPoint
1395,Reading Comprehension
1395,Critical Thinking
1396,Active Listening
1396,Active Learning
1396,Monitoring
1396,Microsoft Office software
1396,Reading Comprehension
1396,Microsoft PowerPoint
1396,Speaking
1397,Microsoft Office software
1397,Critical Thinking
1397,Reading Comprehension
1397,Speaking
1397,Salesforce software
1397,Active Learning
1397,Writing
1399,Active Listening
1399,Reading Comprehension
1399,Active Learning
1399,Microsoft Outlook
1399,Microsoft PowerPoint
1399,Speaking
1399,Microsoft Office software
1401,Learning Strategies
1401,Critical Thinking
1401,Microsoft Office software
1401,Microsoft Excel
1401,Monitoring
1401,Microsoft PowerPoint
1401,Active Listening
1401,Microsoft Outlook
1402,Active Listening
1402,Microsoft Office software
1402,Microsoft PowerPoint
1402,Writing
1402,Science
1402,Critical Thinking
1403,Speaking
1403,Active Learning
1403,Critical Thinking
1403,Monitoring
1403,Active Listening
1403,Microsoft Excel
1403,Microsoft Office software
1405,Reading Comprehension
1405,Microsoft PowerPoint
1405,Science
1405,Microsoft Office software
1405,Microsoft Excel
1405,Active Listening
1407,Reading Comprehension
1407,Writing
1407,Critical Thinking
1407,Science
1407,Active Listening
1407,Microsoft Excel
1407,Microsoft Office software
1408,Reading Comprehension
1408,Microsoft Office software
1408,Critical Thinking
1408,Speaking
1408,Active Listening
1408,Monitoring
1409,Active Listening
1409,Microsoft Office software
1409,Critical Thinking
1409,Science
1409,Reading Comprehension
1409,Monitoring
1409,Microsoft Excel
1411,Active Listening
1411,Critical Thinking
1411,Science
1411,Microsoft Office software
1411,Microsoft Excel
1411,Microsoft Outlook
1411,Writing
1412,Speaking
1412,Microsoft Excel
1412,Critical Thinking
1412,Reading Comprehension
1412,Microsoft PowerPoint
1412,Microsoft Outlook
1415,Microsoft Office software
1415,Microsoft Outlook
1415,Critical Thinking
1415,Microsoft Excel
1415,Writing
1415,Active Listening
1417,Microsoft Outlook
1417,Critical Thinking
1417,Microsoft Excel
1417,Reading Comprehension
1417,Writing
1419,Active Listening
1419,Speaking
1419,Writing
1419,Active Learning
1419,Reading Comprehension
1419,Applicant tracking software
1419,Microsoft Office software
1419,Microsoft Outlook
1420,Monitoring
1420,Critical Thinking
1420,Writing
1420,Science
1420,Microsoft Outlook
1421,Salesforce software
1421,Active Listening
1421,Critical Thinking
1421,Active Learning
1421,Speaking
1421,Microsoft Excel
1421,Writing
1421,Reading Comprehension
1421,Microsoft Outlook
1422,Critical Thinking
1422,Science
1422,Microsoft Office software
1422,Reading Comprehension
1422,Microsoft PowerPoint
1422,Monitoring
1423,Monitoring
1423,Microsoft Excel
1423,Microsoft Office software
1423,Writing
1423,Active Listening
1423,Science
1424,Writing
1424,Microsoft Excel
1424,Critical Thinking
1424,Reading Comprehension
1424,Monitoring
1425,Critical Thinking
1425,Monitoring
1425,Microsoft Office software
1425,Reading Comprehension
1425,Active Learning
1425,Active Listening
1427,Microsoft Office software
1427,Reading Comprehension
1427,Writing
1427,Active Learning
1427,Active Listening
1428,Monitoring
1428,Active Listening
1428,Microsoft PowerPoint
1428,Active Learning
1428,Critical Thinking
1428,Microsoft Excel
1428,Reading Comprehension
1428,Speaking
1430,Critical Thinking
1430,Monitoring
1430,Writing
1430,Reading Comprehension
1430,Microsoft Excel
1431,Monitoring
1431,Microsoft Excel
1431,Writing
1431,Microsoft PowerPoint
1431,Critical Thinking
1431,Active Listening
1431,Science
1433,Writing
1433,Monitoring
1433,Science
1433,Active Listening
1433,Microsoft Excel
1434,Microsoft Outlook
1434,Reading Comprehension
1434,Microsoft Office software
1434,Critical Thinking
1434,Writing
1435,Science
1435,Reading Comprehension
1435,Monitoring
1435,Critical Thinking
1435,Active Listening
1435,Writing
1436,Microsoft Office software
1436,Microsoft Excel
1436,Critical Thinking
1436,Reading Comprehension
1436,Active Listening
1438,Science
1438,Microsoft PowerPoint
1438,Reading Comprehension
1438,Active Listening
1438,Microsoft Office software
1438,Monitoring
1438,Critical Thinking
1438,Writing
1439,Writing
1439,Microsoft Office software
1439,Active Learning
1439,Reading Comprehension
1439,Active Listening
1439,Salesforce software
1439,Critical Thinking
1440,Microsoft Outlook
1440,Microsoft Excel
1440,Active Listening
1440,Monitoring
1440,Writing
1440,Critical Thinking
1440,Science
1441,Critical Thinking
1441,Reading Comprehension
1441,Science
1441,Microsoft PowerPoint
1441,Active Listening
1441,Microsoft Office software
1441,Monitoring
1443,Monitoring
1443,Reading Comprehension
1443,Critical Thinking
1443,Writing
1443,Science
1443,Microsoft PowerPoint
1443,Active Listening
1445,Microsoft Outlook
1445,Active Learning
1445,Speaking
1445,Monitoring
1445,Microsoft PowerPoint
1445,Reading Comprehension
1446,Microsoft Excel
1446,Monitoring
1446,Microsoft Outlook
1446,Microsoft PowerPoint
1446,Speaking
1446,Microsoft Office software
1446,Reading Comprehension
1446,Active Listening
1447,Microsoft Outlook
1447,Monitoring
1447,Active Listening
1447,Microsoft Office software
1447,Critical Thinking
1448,Monitoring
1448,Critical Thinking
1448,Microsoft Office software
1448,Writing
1448,Active Listening
1448,Reading Comprehension
1449,Microsoft Office software
1449,Critical Thinking
1449,Writing
1449,Science
1449,Microsoft Outlook
1453,Monitoring
1453,Reading Comprehension
1453,Active Listening
1453,Critical Thinking
1453,Microsoft Outlook
1453,Microsoft PowerPoint
1453,Microsoft Excel
1453,Microsoft Office software
1457,Speaking
1457,Microsoft PowerPoint
1457,Active Listening
1457,Critical Thinking
1457,Reading Comprehension
1457,Monitoring
1458,Active Listening
1458,Microsoft Office software
1458,Science
1458,Monitoring
1458,Reading Comprehension
1459,Speaking
1459,Monitoring
1459,Active Listening
1459,Microsoft Excel
1459,Microsoft Office software
1459,Microsoft Outlook
1459,Learning Strategies
1460,Active Learning
1460,Microsoft Excel
1460,Salesforce software
1460,Microsoft Office software
1460,Active Listening
1460,Microsoft Outlook
1460,Critical Thinking
1461,Speaking
1461,Active Listening
1461,Microsoft Excel
1461,Reading Comprehension
1461,Active Learning
1461,Critical Thinking
1464,Microsoft Outlook
1464,Science
1464,Reading Comprehension
1464,Microsoft Office software
1464,Monitoring
1464,Microsoft Excel
1465,Critical Thinking
1465,Reading Comprehension
1465,Monitoring
1465,Microsoft Outlook
1465,Microsoft Office software
1465,Microsoft Excel
1465,Learning Strategies
1466,Microsoft PowerPoint
1466,Microsoft Office software
1466,Reading Comprehension
1466,Critical Thinking
1466,Speaking
1466,Microsoft Excel
1467,Reading Comprehension
1467,Critical Thinking
1467,Microsoft Outlook
1467,Speaking
1467,Microsoft Office software
1467,Active Learning
1468,Writing
1468,Microsoft Excel
1468,Active Listening
1468,Microsoft PowerPoint
1468,Microsoft Office software
1468,Monitoring
1469,Active Learning
1469,Microsoft Office software
1469,Speaking
1469,Active Listening
1469,Microsoft PowerPoint
1469,Microsoft Excel
1471,Microsoft Outlook
1471,Microsoft Excel
1471,Active Listening
1471,Monitoring
1471,Writing
1471,Microsoft Office software
1471,Science
1471,Critical Thinking
1472,Microsoft Excel
1472,Microsoft PowerPoint
1472,Science
1472,Microsoft Office software
1472,Monitoring
1472,Writing
1472,Reading Comprehension
1473,Speaking
1473,Writing
1473,Microsoft Office software
1473,Microsoft Excel
1473,Salesforce software
1473,Microsoft Outlook
1473,Active Listening
1473,Reading Comprehension
1473,Active Learning
1474,Active Listening
1474,Monitoring
1474,Reading Comprehension
1474,Science
1474,Microsoft Office software
1475,Critical Thinking
1475,Microsoft PowerPoint
1475,Microsoft Excel
1475,Science
1475,Reading Comprehension
1477,Microsoft Excel
1477,Microsoft Office software
1477,Microsoft PowerPoint
1477,Active Listening
1477,Monitoring
1477,Speaking
1477,Critical Thinking
1478,Active Learning
1478,Microsoft Excel
1478,Monitoring
1478,Reading Comprehension
1478,Active Listening
1478,Microsoft PowerPoint
1478,Critical Thinking
1478,Speaking
1479,Critical Thinking
1479,Active Listening
1479,Active Learning
1479,Microsoft Excel
1479,Speaking
1479,Reading Comprehension
1479,Monitoring
1479,Microsoft PowerPoint
1480,Writing
1480,Reading Comprehension
1480,Critical Thinking
1480,Microsoft Excel
1480,Active Listening
1480,Microsoft Office software
1480,Monitoring
1480,Microsoft Outlook
1481,Reading Comprehension
1481,Microsoft Excel
1481,Active Listening
1481,Active Learning
1481,Speaking
1481,Monitoring
1481,Microsoft Office software
1482,Writing
1482,Monitoring
1482,Microsoft Excel
1482,Active Listening
1482,Science
1482,Critical Thinking
1483,Active Listening
1483,Writing
1483,Microsoft Excel
1483,Reading Comprehension
1483,Critical Thinking
1484,Speaking
1484,Microsoft Office software
1484,Microsoft Excel
1484,Microsoft Outlook
1484,Active Learning
1484,Writing
1484,Critical Thinking
1484,Salesforce software
1485,Microsoft Excel
1485,Microsoft Office software
1485,Monitoring
1485,Microsoft PowerPoint
1485,Critical Thinking
1486,Salesforce software
1486,Microsoft Excel
1486,Speaking
1486,Critical Thinking
1486,Microsoft Office software
1486,Active Listening
1487,Reading Comprehension
1487,Active Listening
1487,Monitoring
1487,Microsoft Outlook
1487,Speaking
1487,Microsoft Excel
1487,Microsoft PowerPoint
1487,Critical Thinking
1489,Microsoft Office software
1489,Reading Comprehension
1489,Monitoring
1489,Active Listening
1489,Microsoft PowerPoint
1489,Microsoft Outlook
1492,Active Learning
1492,Critical Thinking
1492,Salesforce software
1492,Speaking
1492,Microsoft Office software
1492,Writing
1492,Microsoft Excel
1492,Active Listening
1494,Science
1494,Monitoring
1494,Microsoft Office software
1494,Active Listening
1494,Reading Comprehension
1494,Microsoft Outlook
1494,Writing
1495,Reading Comprehension
1495,Critical Thinking
1495,Microsoft Office software
1495,Speaking
1495,Active Listening
1495,Microsoft Excel
1496,Monitoring
1496,Microsoft PowerPoint
1496,Active Listening
1496,Microsoft Excel
1496,Microsoft Office software
1496,Critical Thinking
1496,Reading Comprehension
1497,Speaking
1497,Microsoft Excel
1497,Active Learning
1497,Microsoft Outlook
1497,Reading Comprehension
1497,Critical Thinking
1497,Monitoring
1497,Active Listening
1499,Reading Comprehension
1499,Microsoft Outlook
1499,Critical Thinking
1499,Active Listening
1499,Active Learning
1499,Speaking
1499,Writing
1499,Microsoft Excel
1501,Critical Thinking
1501,Microsoft Excel
1501,Active Listening
1501,Microsoft Office software
1501,Salesforce software
1501,Reading Comprehension
1502,Active Listening
1502,Science
1502,Reading Comprehension
1502,Critical Thinking
1502,Microsoft Outlook
1502,Writing
1502,Microsoft Excel
1503,Microsoft PowerPoint
1503,Reading Comprehension
1503,Microsoft Outlook
1503,Speaking
1503,Monitoring
1503,Active Listening
1503,Microsoft Office software
1503,Microsoft Excel
1503,Active Learning
1504,Critical Thinking
1504,Monitoring
1504,Microsoft Excel
1504,Reading Comprehension
1504,Writing
1504,Active Listening
1504,Microsoft Office software
1506,Reading Comprehension
1506,Microsoft PowerPoint
1506,Monitoring
1506,Microsoft Excel
1506,Writing
1507,Active Learning
1507,Monitoring
1507,Microsoft Outlook
1507,Microsoft Excel
1507,Active Listening
1507,Speaking
1507,Reading Comprehension
1507,Microsoft Office software
1509,Monitoring
1509,Microsoft Excel
1509,Writing
1509,Microsoft Outlook
1509,Critical Thinking
1513,Critical Thinking
1513,Monitoring
1513,Science
1513,Microsoft Excel
1513,Microsoft Office software
1513,Reading Comprehension
1514,Learning Strategies
1514,Microsoft Office software
1514,Critical Thinking
1514,Active Listening
1514,Microsoft Outlook
1514,Monitoring
1514,Microsoft Excel
1515,Microsoft Office software
1515,Writing
1515,Reading Comprehension
1515,Active Listening
1515,Active Learning
1515,Critical Thinking
1515,Microsoft Excel
1516,Microsoft Office software
1516,Active Learning
1516,Critical Thinking
1516,Monitoring
1516,Microsoft PowerPoint
1520,Microsoft Excel
1520,Microsoft PowerPoint
1520,Reading Comprehension
1520,Monitoring
1520,Active Learning
1520,Speaking
1520,Active Listening
1522,Microsoft Excel
1522,Science
1522,Critical Thinking
1522,Reading Comprehension
1522,Microsoft PowerPoint
1522,Monitoring
1522,Active Listening
1523,Microsoft PowerPoint
1523,Science
1523,Microsoft Excel
1523,Microsoft Office software
1523,Active Listening
1523,Writing
1525,Microsoft Excel
1525,Critical Thinking
1525,Active Listening
1525,Microsoft Outlook
1525,Speaking
1525,Learning Strategies
1525,Reading Comprehension
1527,Critical Thinking
1527,Active Listening
1527,Active Learning
1527,Reading Comprehension
1527,Microsoft Excel
1529,Reading Comprehension
1529,Critical Thinking
1529,Active Listening
1529,Active Learning
1529,Microsoft Office software
1529,Salesforce software
1533,Critical Thinking
1533,Microsoft Outlook
1533,Monitoring
1533,Science
1533,Microsoft Office software
1534,Microsoft Outlook
1534,Microsoft Excel
1534,Writing
1534,Science
1534,Microsoft Office software
1535,Microsoft Outlook
1535,Critical Thinking
1535,Monitoring
1535,Microsoft PowerPoint
1535,Active Learning
1535,Microsoft Excel
1535,Microsoft Office software
1535,Active Listening
1537,Microsoft Excel
1537,Writing
1537,Reading Comprehension
1537,Microsoft PowerPoint
1537,Microsoft Office software
1539,Critical Thinking
1539,Writing
1539,Monitoring
1539,Microsoft Office software
1539,Active Listening
1539,Microsoft Excel
1541,Microsoft Office software
1541,Speaking
1541,Critical Thinking
1541,Salesforce software
1541,Reading Comprehension
1541,Active Learning
1541,Microsoft Excel
1541,Writing
1542,Microsoft Outlook
1542,Microsoft Excel
1542,Critical Thinking
1542,Monitoring
1542,Active Listening
1542,Writing
1542,Reading Comprehension
1543,Microsoft PowerPoint
1543,Microsoft Office software
1543,Science
1543,Active Listening
1543,Critical Thinking
1543,Reading Comprehension
1543,Monitoring
1544,Microsoft Excel
1544,Active Learning
1544,Active Listening
1544,Critical Thinking
1544,Microsoft Outlook
1544,Writing
1544,Speaking
1544,Microsoft Office software
1545,Critical Thinking
1545,Microsoft Office software
1545,Speaking
1545,Learning Strategies
1545,Active Listening
1545,Microsoft Excel
1546,Microsoft Office software
1546,Reading Comprehension
1546,Active Listening
1546,Microsoft Excel
1546,Microsoft PowerPoint
1547,Writing
1547,Active Learning
1547,Microsoft Outlook
1547,Microsoft Excel
1547,Microsoft Office software
1548,Microsoft Office software
1548,Speaking
1548,Microsoft Excel
1548,Microsoft PowerPoint
1548,Reading Comprehension
1548,Active Listening
1549,Microsoft Outlook
1549,Writing
1549,Science
1549,Critical Thinking
1549,Microsoft Office software
1549,Microsoft Excel
1549,Monitoring
1550,Monitoring
1550,Microsoft Office software
1550,Microsoft PowerPoint
1550,Active Learning
1550,Active Listening
1550,Reading Comprehension
1550,Speaking
1550,Critical Thinking
1551,Critical Thinking
1551,Microsoft Office software
1551,Microsoft Excel
1551,Writing
1551,Monitoring
1551,Science
1552,Salesforce software
1552,Reading Comprehension
1552,Speaking
1552,Microsoft Excel
1552,Microsoft Outlook
1552,Microsoft Office software
1552,Active Listening
1552,Active Learning
1553,Salesforce software
1553,Microsoft Outlook
1553,Speaking
1553,Microsoft Excel
1553,Active Learning
1553,Reading Comprehension
1553,Active Listening
1554,Salesforce software
1554,Microsoft Excel
1554,Microsoft Office software
1554,Critical Thinking
1554,Writing
1554,Active Learning
1554,Speaking
1554,Active Listening
1555,Microsoft Excel
1555,Active Listening
1555,Reading Comprehension
1555,Critical Thinking
1555,Monitoring
1555,Microsoft Office software
1555,Science
1556,Critical Thinking
1556,Active Listening
1556,Active Learning
1556,Reading Comprehension
1556,Microsoft Excel
1557,Monitoring
1557,Microsoft Office software
1557,Speaking
1557,Reading Comprehension
1557,Microsoft Excel
1557,Microsoft Outlook
1557,Microsoft PowerPoint
1557,Critical Thinking
1557,Active Learning
1558,Reading Comprehension
1558,Monitoring
1558,Microsoft Excel
1558,Science
1558,Microsoft PowerPoint
1558,Microsoft Office software
1560,Microsoft PowerPoint
1560,Microsoft Outlook
1560,Monitoring
1560,Critical Thinking
1560,Speaking
1560,Reading Comprehension
1560,Active Listening
1562,Monitoring
1562,Critical Thinking
1562,Microsoft Outlook
1562,Active Listening
1562,Microsoft Office software
1563,Active Learning
1563,Microsoft Outlook
1563,Microsoft Excel
1563,Speaking
1563,Active Listening
1563,Writing
1564,Writing
1564,Active Listening
1564,Microsoft Excel
1564,Science
1564,Reading Comprehension
1568,Microsoft Office software
1568,Monitoring
1568,Critical Thinking
1568,Active Learning
1568,Active Listening
1568,Microsoft Excel
1569,Writing
1569,Microsoft Office software
1569,Critical Thinking
1569,Monitoring
1569,Active Listening
1572,Microsoft PowerPoint
1572,Reading Comprehension
1572,Microsoft Outlook
1572,Active Listening
1572,Microsoft Excel
1572,Microsoft Office software
1573,Critical Thinking
1573,Microsoft PowerPoint
1573,Active Listening
1573,Reading Comprehension
1573,Speaking
1573,Microsoft Outlook
1573,Microsoft Excel
1573,Learning Strategies
1574,Active Listening
1574,Monitoring
1574,Science
1574,Writing
1574,Microsoft PowerPoint
1574,Reading Comprehension
1576,Microsoft Excel
1576,Writing
1576,Reading Comprehension
1576,Active Listening
1576,Microsoft Office software
1576,Monitoring
1576,Critical Thinking
1576,Microsoft PowerPoint
1577,Reading Comprehension
1577,Microsoft Excel
1577,Writing
1577,Microsoft PowerPoint
1577,Critical Thinking
1578,Monitoring
1578,Speaking
1578,Critical Thinking
1578,Microsoft Excel
1578,Microsoft PowerPoint
1580,Microsoft Office software
1580,Science
1580,Critical Thinking
1580,Monitoring
1580,Writing
1580,Active Listening
1581,Microsoft Office software
1581,Active Listening
1581,Science
1581,Microsoft Excel
1581,Reading Comprehension
1581,Critical Thinking
1582,Microsoft Excel
1582,Microsoft Outlook
1582,Critical Thinking
1582,Monitoring
1582,Microsoft PowerPoint
1582,Microsoft Office software
1583,Speaking
1583,Microsoft Office software
1583,Reading Comprehension
1583,Microsoft Outlook
1583,Microsoft PowerPoint
1583,Monitoring
1585,Monitoring
1585,Microsoft Outlook
1585,Active Listening
1585,Active Learning
1585,Reading Comprehension
1585,Speaking
1585,Microsoft Excel
1585,Critical Thinking
1586,Microsoft Excel
1586,Active Listening
1586,Monitoring
1586,Writing
1586,Microsoft Outlook
1586,Science
1586,Reading Comprehension
1587,Microsoft Excel
1587,Microsoft Office software
1587,Writing
1587,Critical Thinking
1587,Reading Comprehension
1587,Salesforce software
1587,Microsoft Outlook
1587,Active Learning
1588,Monitoring
1588,Microsoft Excel
1588,Critical Thinking
1588,Active Listening
1588,Reading Comprehension
1588,Active Learning
1588,Microsoft PowerPoint
1588,Microsoft Outlook
1588,Microsoft Office software
1590,Microsoft Outlook
1590,Reading Comprehension
1590,Critical Thinking
1590,Salesforce software
1590,Active Listening
1590,Writing
1590,Speaking
1591,Active Listening
1591,Microsoft Excel
1591,Critical Thinking
1591,Microsoft Office software
1591,Active Learning
1592,Microsoft PowerPoint
1592,Monitoring
1592,Active Listening
1592,Microsoft Excel
1592,Reading Comprehension
1592,Microsoft Office software
1594,Monitoring
1594,Critical Thinking
1594,Science
1594,Active Listening
1594,Reading Comprehension
1594,Writing
1594,Microsoft Outlook
1594,Microsoft Excel
1595,Active Learning
1595,Critical Thinking
1595,Active Listening
1595,Microsoft Office software
1595,Speaking
1595,Reading Comprehension
1596,Writing
1596,Microsoft Outlook
1596,Monitoring
1596,Microsoft Excel
1596,Active Listening
1596,Critical Thinking
1596,Microsoft Office software
1596,Reading Comprehension
1597,Microsoft Office software
1597,Microsoft Excel
1597,Speaking
1597,Active Listening
1597,Critical Thinking
1597,Reading Comprehension
1597,Active Learning
1598,Reading Comprehension
1598,Critical Thinking
1598,Microsoft Excel
1598,Active Listening
1598,Microsoft PowerPoint
1598,Speaking
1598,Active Learning
1598,Microsoft Office software
1598,Monitoring
1599,Monitoring
1599,Microsoft Outlook
1599,Writing
1599,Critical Thinking
1599,Microsoft Office software
1599,Reading Comprehension
1599,Active Listening
1599,Science
1601,Monitoring
1601,Science
1601,Microsoft Office software
1601,Active Listening
1601,Writing
1602,Speaking
1602,Active Listening
1602,Monitoring
1602,Active Learning
1602,Microsoft PowerPoint
1602,Microsoft Office software
1602,Microsoft Excel
1602,Critical Thinking
1604,Critical Thinking
1604,Microsoft Outlook
1604,Reading Comprehension
1604,Microsoft Office software
1604,Monitoring
1604,Active Listening
1604,Science
1604,Microsoft Excel
1605,Active Listening
1605,Critical Thinking
1605,Monitoring
1605,Writing
1605,Microsoft Office software
1605,Science
1605,Microsoft Excel
1605,Microsoft PowerPoint
1606,Reading Comprehension
1606,Microsoft Office software
1606,Critical Thinking
1606,Salesforce software
1606,Microsoft Outlook
1606,Active Learning
1607,Writing
1607,Critical Thinking
1607,Reading Comprehension
1607,Microsoft Excel
1607,Monitoring
1607,Science
1608,Science
1608,Microsoft Excel
1608,Microsoft Office software
1608,Writing
1608,Reading Comprehension
1608,Active Listening
1609,Reading Comprehension
1609,Microsoft PowerPoint
1609,Microsoft Excel
1609,Monitoring
1609,Writing
1609,Active Listening
1611,Writing
1611,Microsoft Excel
1611,Microsoft Office software
1611,Microsoft Outlook
1611,Active Listening
1612,Active Learning
1612,Microsoft Office software
1612,Microsoft Excel
1612,Critical Thinking
1612,Speaking
1613,Active Listening
1613,Active Learning
1613,Speaking
1613,Microsoft Office software
1613,Microsoft Outlook
1613,Monitoring
1613,Microsoft Excel
1613,Reading Comprehension
1614,Speaking
1614,Monitoring
1614,Critical Thinking
1614,Microsoft Excel
1614,Microsoft Office software
1614,Microsoft PowerPoint
1615,Critical Thinking
1615,Active Listening
1615,Microsoft Outlook
1615,Microsoft Office software
1615,Speaking
1615,Microsoft Excel
1615,Reading Comprehension
1617,Critical Thinking
1617,Microsoft Outlook
1617,Writing
1617,Active Listening
1617,Microsoft Excel
1617,Science
1618,Reading Comprehension
1618,Learning Strategies
1618,Microsoft PowerPoint
1618,Microsoft Outlook
1618,Microsoft Excel
1618,Speaking
1618,Critical Thinking
1618,Monitoring
1618,Active Listening
1619,Science
1619,Reading Comprehension
1619,Monitoring
1619,Microsoft Office software
1619,Active Listening
1619,Microsoft Excel
1619,Microsoft Outlook
1619,Writing
1621,Microsoft Office software
1621,Microsoft Excel
1621,Critical Thinking
1621,Writing
1621,Monitoring
1622,Reading Comprehension
1622,Learning Strategies
1622,Active Listening
1622,Speaking
1622,Monitoring
1623,Active Listening
1623,Monitoring
1623,Microsoft PowerPoint
1623,Science
1623,Writing
1623,Microsoft Office software
1623,Microsoft Excel
1624,Speaking
1624,Writing
1624,Salesforce software
1624,Active Learning
1624,Active Listening
1625,Critical Thinking
1625,Microsoft PowerPoint
1625,Active Listening
1625,Microsoft Office software
1625,Monitoring
1625,Reading Comprehension
1625,Active Learning
1625,Microsoft Excel
1627,Critical Thinking
1627,Active Listening
1627,Monitoring
1627,Reading Comprehension
1627,Science
1627,Writing
1627,Microsoft Office software
1628,Reading Comprehension
1628,Active Listening
1628,Speaking
1628,Microsoft Excel
1628,Monitoring
1628,Learning Strategies
1628,Microsoft Outlook
1628,Microsoft Office software
1630,Active Learning
1630,Critical Thinking
1630,Microsoft Outlook
1630,Speaking
1630,Microsoft Excel
1631,Microsoft PowerPoint
1631,Critical Thinking
1631,Learning Strategies
1631,Microsoft Excel
1631,Microsoft Office software
1631,Reading Comprehension
1631,Microsoft Outlook
1633,Critical Thinking
1633,Microsoft Outlook
1633,Microsoft Office software
1633,Microsoft PowerPoint
1633,Microsoft Excel
1635,Reading Comprehension
1635,Learning Strategies
1635,Active Listening
1635,Microsoft Outlook
1635,Critical Thinking
1635,Speaking
1638,Speaking
1638,Microsoft Outlook
1638,Monitoring
1638,Reading Comprehension
1638,Microsoft PowerPoint
1638,Critical Thinking
1638,Microsoft Excel
1638,Active Listening
1638,Microsoft Office software
1639,Microsoft Outlook
1639,Microsoft Excel
1639,Active Learning
1639,Reading Comprehension
1639,Active Listening
1639,Microsoft PowerPoint
1640,Science
1640,Microsoft PowerPoint
1640,Microsoft Excel
1640,Writing
1640,Active Listening
1640,Critical Thinking
1640,Monitoring
1641,Microsoft Outlook
1641,Critical Thinking
1641,Learning Strategies
1641,Microsoft PowerPoint
1641,Speaking
1641,Microsoft Office software
1641,Microsoft Excel
1641,Active Listening
1641,Monitoring
1642,Microsoft Outlook
1642,Microsoft Excel
1642,Microsoft Office software
1642,Active Learning
1642,Active Listening
1642,Critical Thinking
1642,Writing
1642,Reading Comprehension
1644,Microsoft Excel
1644,Monitoring
1644,Microsoft PowerPoint
1644,Critical Thinking
1644,Microsoft Office software
1645,Microsoft Outlook
1645,Active Listening
1645,Critical Thinking
1645,Active Learning
1645,Microsoft PowerPoint
1645,Reading Comprehension
1645,Microsoft Office software
1645,Speaking
1646,Critical Thinking
1646,Monitoring
1646,Microsoft PowerPoint
1646,Writing
1646,Active Listening
1646,Microsoft Excel
1646,Reading Comprehension
1647,Science
1647,Microsoft Excel
1647,Critical Thinking
1647,Microsoft PowerPoint
1647,Writing
1647,Reading Comprehension
1647,Active Listening
1648,Science
1648,Writing
1648,Active Listening
1648,Microsoft Office software
1648,Microsoft PowerPoint
1649,Science
1649,Reading Comprehension
1649,Writing
1649,Monitoring
1649,Microsoft Office software
1649,Active Listening
1650,Reading Comprehension
1650,Microsoft Office software
1650,Active Listening
1650,Active Learning
1650,Microsoft Excel
1650,Microsoft PowerPoint
1650,Speaking
1651,Writing
1651,Active Learning
1651,Microsoft Outlook
1651,Active Listening
1651,Salesforce software
1653,Microsoft Excel
1653,Microsoft PowerPoint
1653,Monitoring
1653,Speaking
1653,Microsoft Outlook
1653,Active Listening
1654,Microsoft Excel
1654,Microsoft PowerPoint
1654,Critical Thinking
1654,Monitoring
1654,Speaking
1655,Reading Comprehension
1655,Microsoft Excel
1655,Science
1655,Microsoft Office software
1655,Microsoft PowerPoint
1655,Writing
1655,Monitoring
1655,Active Listening
1656,Microsoft Office software
1656,Critical Thinking
1656,Active Listening
1656,Writing
1656,Monitoring
1656,Microsoft Excel
1657,Critical Thinking
1657,Microsoft Office software
1657,Microsoft Excel
1657,Speaking
1657,Active Learning
1657,Reading Comprehension
1657,Salesforce software
1658,Microsoft Office software
1658,Microsoft Excel
1658,Microsoft PowerPoint
1658,Writing
1658,Reading Comprehension
1658,Monitoring
1659,Critical Thinking
1659,Active Listening
1659,Microsoft Excel
1659,Writing
1659,Monitoring
1659,Science
1659,Microsoft Outlook
1661,Microsoft Outlook
1661,Active Listening
1661,Active Learning
1661,Microsoft Office software
1661,Speaking
1661,Writing
1662,Active Listening
1662,Speaking
1662,Critical Thinking
1662,Monitoring
1662,Microsoft Excel
1664,Reading Comprehension
1664,Active Listening
1664,Writing
1664,Active Learning
1664,Salesforce software
1664,Speaking
1664,Microsoft Outlook
1664,Critical Thinking
1664,Microsoft Excel
1665,Speaking
1665,Critical Thinking
1665,Monitoring
1665,Reading Comprehension
1665,Microsoft Office software
1666,Microsoft Office software
1666,Writing
1666,Critical Thinking
1666,Reading Comprehension
1666,Microsoft Excel
1667,Critical Thinking
1667,Active Learning
1667,Microsoft Office software
1667,Speaking
1667,Microsoft Excel
1667,Microsoft PowerPoint
1667,Reading Comprehension
1668,Monitoring
1668,Microsoft Office software
1668,Critical Thinking
1668,Active Listening
1668,Reading Comprehension
1668,Science
1668,Writing
1669,Active Listening
1669,Monitoring
1669,Active Learning
1669,Microsoft Office software
1669,Microsoft PowerPoint
1669,Reading Comprehension
1669,Speaking
1670,Reading Comprehension
1670,Microsoft Outlook
1670,Speaking
1670,Active Learning
1670,Microsoft Office software
1670,Monitoring
1670,Microsoft PowerPoint
1670,Critical Thinking
1671,Active Listening
1671,Microsoft Excel
1671,Science
1671,Reading Comprehension
1671,Critical Thinking
1673,Active Learning
1673,Microsoft Outlook
1673,Microsoft Office software
1673,Speaking
1673,Critical Thinking
1673,Monitoring
1674,Writing
1674,Monitoring
1674,Science
1674,Microsoft Excel
1674,Critical Thinking
1675,Science
1675,Active Listening
1675,Microsoft Office software
1675,Reading Comprehension
1675,Writing
1675,Microsoft Excel
1676,Microsoft PowerPoint
1676,Speaking
1676,Reading Comprehension
1676,Active Learning
1676,Microsoft Excel
1676,Active Listening
1677,Microsoft Excel
1677,Reading Comprehension
1677,Critical Thinking
1677,Microsoft Office software
1677,Active Learning
1677,Monitoring
1677,Speaking
1678,Active Listening
1678,Active Learning
1678,Microsoft Outlook
1678,Monitoring
1678,Microsoft PowerPoint
1678,Critical Thinking
1678,Speaking
1678,Microsoft Excel
1680,Critical Thinking
1680,Speaking
1680,Active Listening
1680,Microsoft Office software
1680,Active Learning
1681,Reading Comprehension
1681,Microsoft Excel
1681,Microsoft Office software
1681,Active Listening
1681,Speaking
1681,Microsoft PowerPoint
1681,Critical Thinking
1681,Microsoft Outlook
1682,Microsoft Office software
1682,Active Learning
1682,Microsoft Outlook
1682,Writing
1682,Reading Comprehension
1682,Critical Thinking
1682,Speaking
1682,Active Listening
1683,Reading Comprehension
1683,Microsoft Office software
1683,Speaking
1683,Active Learning
1683,Writing
1683,Microsoft Outlook
1684,Reading Comprehension
1684,Writing
1684,Active Listening
1684,Critical Thinking
1684,Microsoft Excel
1684,Monitoring
1684,Science
1684,Microsoft Office software
1687,Writing
1687,Microsoft Excel
1687,Microsoft Office software
1687,Active Listening
1687,Reading Comprehension
1687,Science
1687,Critical Thinking
1689,Active Listening
1689,Microsoft Office software
1689,Reading Comprehension
1689,Active Learning
1689,Writing
1689,Microsoft Outlook
1689,Salesforce software
1689,Critical Thinking
1691,Active Listening
1691,Writing
1691,Microsoft Excel
1691,Active Learning
1691,Speaking
1691,Salesforce software
1691,Reading Comprehension
1692,Reading Comprehension
1692,Microsoft Office software
1692,Active Listening
1692,Microsoft Excel
1692,Monitoring
1693,Writing
1693,Microsoft Office software
1693,Microsoft Excel
1693,Microsoft Outlook
1693,Monitoring
1693,Critical Thinking
1694,Monitoring
1694,Microsoft Office software
1694,Active Listening
1694,Reading Comprehension
1694,Science
1694,Microsoft Excel
1694,Critical Thinking
1696,Microsoft Excel
1696,Microsoft Office software
1696,Reading Comprehension
1696,Writing
1696,Microsoft Outlook
1696,Monitoring
1696,Critical Thinking
1697,Critical Thinking
1697,Reading Comprehension
1697,Active Listening
1697,Speaking
1697,Microsoft Office software
1697,Microsoft Excel
1697,Active Learning
1697,Writing
1698,Science
1698,Monitoring
1698,Microsoft Outlook
1698,Active Listening
1698,Microsoft Office software
1698,Writing
1698,Microsoft Excel
1700,Active Listening
1700,Reading Comprehension
1700,Active Learning
1700,Monitoring
1700,Microsoft Excel
1701,Critical Thinking
1701,Microsoft PowerPoint
1701,Science
1701,Reading Comprehension
1701,Microsoft Excel
1701,Monitoring
1702,Microsoft Office software
1702,Active Learning
1702,Speaking
1702,Active Listening
1702,Salesforce software
1702,Critical Thinking
1702,Writing
1703,Salesforce software
1703,Microsoft Excel
1703,Reading Comprehension
1703,Active Listening
1703,Writing
1703,Speaking
1703,Critical Thinking
1703,Microsoft Office software
1703,Microsoft Outlook
1704,Science
1704,Microsoft Excel
1704,Monitoring
1704,Microsoft Office software
1704,Reading Comprehension
1704,Writing
1706,Microsoft Excel
1706,Active Learning
1706,Microsoft Office software
1706,Monitoring
1706,Active Listening
1707,Microsoft PowerPoint
1707,Critical Thinking
1707,Microsoft Excel
1707,Reading Comprehension
1707,Monitoring
1707,Microsoft Office software
1707,Writing
1707,Science
1708,Critical Thinking
1708,Microsoft Outlook
1708,Microsoft PowerPoint
1708,Speaking
1708,Monitoring
1708,Active Learning
1708,Active Listening
1709,Writing
1709,Microsoft Office software
1709,Science
1709,Critical Thinking
1709,Microsoft Excel
1710,Microsoft Office software
1710,Writing
1710,Active Listening
1710,Active Learning
1710,Speaking
1710,Salesforce software
1710,Reading Comprehension
1712,Active Listening
1712,Microsoft Excel
1712,Microsoft Office software
1712,Salesforce software
1712,Writing
1712,Critical Thinking
1712,Speaking
1714,Applicant tracking software
1714,Active Learning
1714,Microsoft Excel
1714,Microsoft Office software
1714,Speaking
1714,Reading Comprehension
1716,Reading Comprehension
1716,Speaking
1716,Microsoft PowerPoint
1716,Microsoft Outlook
1716,Microsoft Office software
1716,Critical Thinking
1718,Active Listening
1718,Microsoft Office software
1718,Critical Thinking
1718,Reading Comprehension
1718,Monitoring
1718,Microsoft Outlook
1719,Microsoft Excel
1719,Critical Thinking
1719,Reading Comprehension
1719,Microsoft Office software
1719,Microsoft PowerPoint
1719,Monitoring
1719,Active Listening
1720,Active Listening
1720,Science
1720,Microsoft Office software
1720,Microsoft Excel
1720,Writing
1721,Writing
1721,Critical Thinking
1721,Microsoft Office software
1721,Active Listening
1721,Microsoft Outlook
1721,Reading Comprehension
1722,Reading Comprehension
1722,Microsoft Excel
1722,Microsoft Outlook
1722,Applicant tracking software
1722,Microsoft Office software
1722,Speaking
1724,Learning Strategies
1724,Speaking
1724,Active Listening
1724,Critical Thinking
1724,Microsoft Excel
1724,Monitoring
1724,Reading Comprehension
1724,Microsoft Office software
1725,Microsoft Outlook
1725,Monitoring
1725,Microsoft Excel
1725,Science
1725,Microsoft Office software
1727,Speaking
1727,Writing
1727,Salesforce software
1727,Active Learning
1727,Microsoft Office software
1727,Reading Comprehension
1728,Monitoring
1728,Microsoft Excel
1728,Learning Strategies
1728,Microsoft Office software
1728,Microsoft Outlook
1728,Speaking
1728,Active Listening
1728,Microsoft PowerPoint
1729,Writing
1729,Reading Comprehension
1729,Active Listening
1729,Science
1729,Monitoring
1731,Microsoft Office software
1731,Critical Thinking
1731,Microsoft PowerPoint
1731,Active Listening
1731,Active Learning
1731,Microsoft Outlook
1732,Microsoft PowerPoint
1732,Reading Comprehension
1732,Active Learning
1732,Critical Thinking
1732,Speaking
1733,Reading Comprehension
1733,Active Listening
1733,Monitoring
1733,Speaking
1733,Microsoft Office software
1733,Microsoft Excel
1734,Monitoring
1734,Critical Thinking
1734,Speaking
1734,Active Learning
1734,Reading Comprehension
1734,Microsoft Office software
1735,Reading Comprehension
1735,Monitoring
1735,Microsoft Office software
1735,Microsoft Outlook
1735,Writing
1735,Microsoft Excel
1735,Science
1736,Microsoft Outlook
1736,Monitoring
1736,Active Listening
1736,Speaking
1736,Microsoft Excel
1737,Writing
1737,Reading Comprehension
1737,Microsoft Excel
1737,Microsoft Outlook
1737,Science
1737,Microsoft Office software
1737,Active Listening
1739,Reading Comprehension
1739,Critical Thinking
1739,Monitoring
1739,Active Learning
1739,Microsoft Outlook
1739,Microsoft PowerPoint
1739,Microsoft Excel
1740,Microsoft Excel
1740,Microsoft Office software
1740,Active Learning
1740,Microsoft PowerPoint
1740,Monitoring
1740,Speaking
1744,Speaking
1744,Microsoft Excel
1744,Microsoft Outlook
1744,Active Listening
1744,Applicant tracking software
1744,Microsoft Office software
1745,Microsoft PowerPoint
1745,Monitoring
1745,Critical Thinking
1745,Writing
1745,Microsoft Excel
1745,Reading Comprehension
1745,Science
1746,Applicant tracking software
1746,Reading Comprehension
1746,Active Learning
1746,Writing
1746,Microsoft Excel
1746,Critical Thinking
1746,Speaking
1746,Active Listening
1746,Microsoft Office software
1747,Critical Thinking
1747,Microsoft Office software
1747,Active Learning
1747,Speaking
1747,Microsoft Outlook
1749,Microsoft Excel
1749,Reading Comprehension
1749,Microsoft PowerPoint
1749,Active Listening
1749,Microsoft Outlook
1749,Microsoft Office software
1749,Speaking
1749,Active Learning
1751,Microsoft Excel
1751,Science
1751,Writing
1751,Microsoft PowerPoint
1751,Active Listening
1751,Microsoft Office software
1751,Monitoring
1752,Microsoft Office software
1752,Reading Comprehension
1752,Microsoft Excel
1752,Active Listening
1752,Writing
1752,Salesforce software
1752,Speaking
1753,Microsoft Outlook
1753,Active Listening
1753,Salesforce software
1753,Microsoft Excel
1753,Active Learning
1753,Critical Thinking
1754,Speaking
1754,Active Learning
1754,Microsoft Outlook
1754,Microsoft Office software
1754,Microsoft Excel
1754,Active Listening
1754,Monitoring
1754,Microsoft PowerPoint
1755,Active Listening
1755,Microsoft Excel
1755,Critical Thinking
1755,Reading Comprehension
1755,Writing
1756,Speaking
1756,Reading Comprehension
1756,Monitoring
1756,Active Listening
1756,Microsoft Outlook
1756,Microsoft PowerPoint
1756,Critical Thinking
1756,Microsoft Office software
1757,Microsoft Excel
1757,Reading Comprehension
1757,Microsoft Office software
1757,Monitoring
1757,Microsoft PowerPoint
1758,Microsoft Excel
1758,Reading Comprehension
1758,Active Learning
1758,Microsoft Outlook
1758,Active Listening
1760,Reading Comprehension
1760,Active Listening
1760,Critical Thinking
1760,Microsoft Outlook
1760,Monitoring
1761,Speaking
1761,Active Learning
1761,Microsoft Excel
1761,Reading Comprehension
1761,Microsoft Office software
1762,Critical Thinking
1762,Writing
1762,Science
1762,Microsoft Office software
1762,Reading Comprehension
1762,Active Listening
1762,Microsoft Excel
1763,Critical Thinking
1763,Reading Comprehension
1763,Writing
1763,Speaking
1763,Salesforce software
1763,Microsoft Office software
1763,Microsoft Excel
1763,Microsoft Outlook
1764,Science
1764,Critical Thinking
1764,Writing
1764,Microsoft Office software
1764,Microsoft PowerPoint
1764,Reading Comprehension
1766,Microsoft Outlook
1766,Active Learning
1766,Microsoft Excel
1766,Salesforce software
1766,Active Listening
1766,Critical Thinking
1767,Active Listening
1767,Writing
1767,Critical Thinking
1767,Monitoring
1767,Microsoft Excel
1767,Reading Comprehension
1768,Writing
1768,Science
1768,Active Listening
1768,Monitoring
1768,Critical Thinking
1770,Reading Comprehension
1770,Monitoring
1770,Active Listening
1770,Critical Thinking
1770,Science
1770,Writing
1771,Critical Thinking
1771,Microsoft PowerPoint
1771,Science
1771,Monitoring
1771,Microsoft Excel
1771,Reading Comprehension
1771,Microsoft Office software
1772,Reading Comprehension
1772,Monitoring
1772,Critical Thinking
1772,Active Listening
1772,Microsoft Outlook
1774,Critical Thinking
1774,Monitoring
1774,Microsoft Excel
1774,Microsoft Office software
1774,Microsoft PowerPoint
1774,Active Learning
1774,Reading Comprehension
1775,Critical Thinking
1775,Speaking
1775,Learning Strategies
1775,Microsoft Outlook
1775,Microsoft Excel
1775,Active Listening
1775,Reading Comprehension
1778,Microsoft Outlook
1778,Microsoft Excel
1778,Active Learning
1778,Active Listening
1778,Microsoft Office software
1778,Applicant tracking software
1779,Monitoring
1779,Reading Comprehension
1779,Microsoft Excel
1779,Microsoft Outlook
1779,Microsoft PowerPoint
1779,Active Listening
1779,Microsoft Office software
1779,Active Learning
1779,Speaking
1780,Critical Thinking
1780,Speaking
1780,Active Learning
1780,Microsoft Office software
1780,Active Listening
1780,Microsoft Excel
1780,Reading Comprehension
1782,Microsoft Outlook
1782,Microsoft Office software
1782,Reading Comprehension
1782,Writing
1782,Critical Thinking
1782,Active Listening
1783,Microsoft Outlook
1783,Active Listening
1783,Reading Comprehension
1783,Monitoring
1783,Microsoft Office software
1783,Writing
1783,Science
1784,Reading Comprehension
1784,Microsoft PowerPoint
1784,Microsoft Outlook
1784,Speaking
1784,Critical Thinking
1784,Active Learning
1786,Monitoring
1786,Speaking
1786,Microsoft Office software
1786,Critical Thinking
1786,Reading Comprehension
1786,Microsoft Excel
1787,Reading Comprehension
1787,Microsoft Office software
1787,Microsoft Excel
1787,Monitoring
1787,Critical Thinking
1787,Microsoft PowerPoint
1787,Active Learning
1787,Speaking
1789,Active Listening
1789,Monitoring
1789,Microsoft Office software
1789,Critical Thinking
1789,Microsoft Excel
1789,Writing
1789,Microsoft PowerPoint
1789,Reading Comprehension
1790,Salesforce software
1790,Microsoft Outlook
1790,Microsoft Office software
1790,Active Learning
1790,Critical Thinking
1790,Reading Comprehension
1792,Critical Thinking
1792,Reading Comprehension
1792,Active Listening
1792,Microsoft Excel
1792,Science
1794,Microsoft Excel
1794,Active Listening
1794,Microsoft Outlook
1794,Applicant tracking software
1794,Writing
1794,Microsoft Office software
1794,Reading Comprehension
1794,Speaking
1797,Monitoring
1797,Active Learning
1797,Active Listening
1797,Microsoft Outlook
1797,Reading Comprehension
1797,Critical Thinking
1797,Microsoft Office software
1797,Microsoft PowerPoint
1798,Monitoring
1798,Reading Comprehension
1798,Microsoft Excel
1798,Writing
1798,Active Listening
1798,Critical Thinking
1798,Microsoft PowerPoint
1799,Microsoft Excel
1799,Critical Thinking
1799,Science
1799,Reading Comprehension
1799,Microsoft PowerPoint
1799,Monitoring
1799,Writing
1800,Critical Thinking
1800,Active Listening
1800,Writing
1800,Microsoft Excel
1800,Microsoft PowerPoint
1800,Monitoring
1801,Microsoft PowerPoint
1801,Critical Thinking
1801,Microsoft Outlook
1801,Active Learning
1801,Speaking
1801,Monitoring
1801,Active Listening
1801,Microsoft Office software
1802,Critical Thinking
1802,Microsoft Office software
1802,Science
1802,Active Listening
1802,Microsoft Outlook
1802,Reading Comprehension
1802,Monitoring
1802,Microsoft Excel
1803,Microsoft Office software
1803,Critical Thinking
1803,Salesforce software
1803,Microsoft Outlook
1803,Speaking
1803,Reading Comprehension
1803,Active Learning
1804,Speaking
1804,Learning Strategies
1804,Critical Thinking
1804,Microsoft PowerPoint
1804,Reading Comprehension
1805,Writing
1805,Speaking
1805,Active Learning
1805,Reading Comprehension
1805,Microsoft Excel
1805,Critical Thinking
1807,Critical Thinking
1807,Writing
1807,Microsoft Excel
1807,Science
1807,Monitoring
1807,Reading Comprehension
1809,Speaking
1809,Microsoft Office software
1809,Microsoft Outlook
1809,Active Listening
1809,Learning Strategies
1809,Reading Comprehension
1809,Microsoft PowerPoint
1809,Microsoft Excel
1809,Monitoring
1812,Microsoft Office software
1812,Monitoring
1812,Active Listening
1812,Critical Thinking
1812,Reading Comprehension
1812,Active Learning
1812,Microsoft Excel
1812,Microsoft PowerPoint
1813,Writing
1813,Reading Comprehension
1813,Science
1813,Microsoft Excel
1813,Active Listening
1814,Active Learning
1814,Critical Thinking
1814,Writing
1814,Active Listening
1814,Microsoft Excel
1814,Microsoft Office software
1814,Microsoft Outlook
1815,Critical Thinking
1815,Microsoft Office software
1815,Active Learning
1815,Active Listening
1815,Microsoft PowerPoint
1815,Monitoring
1816,Critical Thinking
1816,Monitoring
1816,Microsoft PowerPoint
1816,Learning Strategies
1816,Microsoft Outlook
1816,Microsoft Office software
1816,Reading Comprehension
1816,Speaking
1816,Active Listening
1818,Critical Thinking
1818,Writing
1818,Speaking
1818,Applicant tracking software
1818,Microsoft Office software
1818,Microsoft Outlook
1818,Active Learning
1818,Active Listening
1821,Writing
1821,Reading Comprehension
1821,Microsoft Outlook
1821,Salesforce software
1821,Speaking
1821,Microsoft Office software
1821,Active Learning
1821,Active Listening
1822,Active Learning
1822,Critical Thinking
1822,Salesforce software
1822,Active Listening
1822,Speaking
1822,Microsoft Outlook
1822,Microsoft Excel
1822,Reading Comprehension
1823,Active Listening
1823,Critical Thinking
1823,Microsoft Office software
1823,Microsoft Outlook
1823,Speaking
1823,Active Learning
1824,Microsoft Office software
1824,Active Listening
1824,Monitoring
1824,Speaking
1824,Active Learning
1826,Microsoft Excel
1826,Microsoft Outlook
1826,Science
1826,Critical Thinking
1826,Monitoring
1826,Writing
1826,Microsoft Office software
1826,Active Listening
1827,Microsoft Excel
1827,Speaking
1827,Microsoft Outlook
1827,Critical Thinking
1827,Microsoft PowerPoint
1829,Critical Thinking
1829,Active Listening
1829,Active Learning
1829,Writing
1829,Microsoft Outlook
1829,Reading Comprehension
1829,Speaking
1830,Science
1830,Active Listening
1830,Writing
1830,Microsoft Excel
1830,Microsoft Office software
1830,Reading Comprehension
1830,Monitoring
1833,Microsoft PowerPoint
1833,Active Listening
1833,Monitoring
1833,Microsoft Outlook
1833,Speaking
1833,Critical Thinking
1834,Microsoft PowerPoint
1834,Reading Comprehension
1834,Monitoring
1834,Microsoft Office software
1834,Critical Thinking
1834,Writing
1834,Microsoft Excel
1835,Reading Comprehension
1835,Critical Thinking
1835,Writing
1835,Microsoft Excel
1835,Speaking
1835,Active Listening
1836,Microsoft PowerPoint
1836,Reading Comprehension
1836,Microsoft Outlook
1836,Microsoft Excel
1836,Active Learning
1836,Critical Thinking
1836,Active Listening
1836,Monitoring
1837,Critical Thinking
1837,Microsoft Excel
1837,Active Listening
1837,Monitoring
1837,Microsoft PowerPoint
1837,Science
1837,Reading Comprehension
1837,Microsoft Office software
1839,Microsoft Office software
1839,Science
1839,Reading Comprehension
1839,Active Listening
1839,Microsoft Excel
1839,Critical Thinking
1839,Writing
1839,Monitoring
1842,Microsoft Office software
1842,Reading Comprehension
1842,Writing
1842,Applicant tracking software
1842,Microsoft Outlook
1842,Speaking
1842,Active Learning
1842,Microsoft Excel
1844,Reading Comprehension
1844,Microsoft Outlook
1844,Applicant tracking software
1844,Active Learning
1844,Speaking
1844,Active Listening
1844,Writing
1844,Microsoft Office software
1844,Critical Thinking
1845,Active Learning
1845,Microsoft Office software
1845,Microsoft PowerPoint
1845,Speaking
1845,Critical Thinking
1845,Microsoft Excel
1845,Active Listening
1847,Writing
1847,Active Listening
1847,Monitoring
1847,Reading Comprehension
1847,Microsoft Office software
1847,Critical Thinking
1847,Microsoft PowerPoint
1849,Monitoring
1849,Speaking
1849,Microsoft Office software
1849,Critical Thinking
1849,Active Listening
1849,Reading Comprehension
1849,Microsoft Excel
1849,Microsoft Outlook
1849,Active Learning
1850,Reading Comprehension
1850,Writing
1850,Monitoring
1850,Microsoft Outlook
1850,Microsoft Office software
1850,Critical Thinking
1850,Microsoft Excel
1850,Active Listening
1852,Microsoft Office software
1852,Microsoft Excel
1852,Critical Thinking
1852,Microsoft Outlook
1852,Active Listening
1852,Science
1853,Active Listening
1853,Speaking
1853,Microsoft Office software
1853,Microsoft Excel
1853,Reading Comprehension
1854,Reading Comprehension
1854,Microsoft PowerPoint
1854,Active Listening
1854,Critical Thinking
1854,Microsoft Office software
1854,Writing
1854,Monitoring
1854,Microsoft Excel
1856,Critical Thinking
1856,Monitoring
1856,Science
1856,Writing
1856,Microsoft Office software
1856,Microsoft Excel
1856,Reading Comprehension
1857,Learning Strategies
1857,Reading Comprehension
1857,Microsoft Outlook
1857,Microsoft Excel
1857,Monitoring
1857,Critical Thinking
1857,Active Listening
1858,Critical Thinking
1858,Active Learning
1858,Writing
1858,Reading Comprehension
1858,Microsoft Excel
1858,Applicant tracking software
1859,Reading Comprehension
1859,Writing
1859,Active Learning
1859,Critical Thinking
1859,Microsoft Office software
1859,Active Listening
1859,Salesforce software
1859,Microsoft Excel
1860,Microsoft Office software
1860,Science
1860,Monitoring
1860,Writing
1860,Microsoft Excel
1860,Active Listening
1860,Critical Thinking
1860,Microsoft Outlook
1862,Microsoft Outlook
1862,Microsoft Office software
1862,Active Listening
1862,Microsoft PowerPoint
1862,Speaking
1862,Active Learning
1863,Speaking
1863,Microsoft Excel
1863,Microsoft Office software
1863,Critical Thinking
1863,Microsoft PowerPoint
1863,Active Learning
1863,Monitoring
1864,Microsoft Excel
1864,Critical Thinking
1864,Microsoft Office software
1864,Writing
1864,Salesforce software
1864,Active Learning
1864,Speaking
1865,Critical Thinking
1865,Active Listening
1865,Writing
1865,Applicant tracking software
1865,Reading Comprehension
1865,Microsoft Outlook
1865,Active Learning
1865,Speaking
1865,Microsoft Excel
1866,Monitoring
1866,Microsoft Office software
1866,Reading Comprehension
1866,Speaking
1866,Active Listening
1866,Critical Thinking
1866,Microsoft PowerPoint
1867,Microsoft PowerPoint
1867,Microsoft Excel
1867,Reading Comprehension
1867,Monitoring
1867,Active Listening
1867,Writing
1867,Critical Thinking
1868,Writing
1868,Microsoft Office software
1868,Science
1868,Microsoft Excel
1868,Monitoring
1869,Speaking
1869,Microsoft Office software
1869,Active Listening
1869,Microsoft Excel
1869,Active Learning
1869,Microsoft Outlook
1869,Microsoft PowerPoint
1869,Reading Comprehension
1869,Critical Thinking
1870,Writing
1870,Science
1870,Reading Comprehension
1870,Active Listening
1870,Critical Thinking
1871,Writing
1871,Microsoft PowerPoint
1871,Microsoft Office software
1871,Monitoring
1871,Science
1871,Reading Comprehension
1873,Monitoring
1873,Reading Comprehension
1873,Microsoft PowerPoint
1873,Microsoft Office software
1873,Critical Thinking
1875,Reading Comprehension
1875,Speaking
1875,Active Listening
1875,Critical Thinking
1875,Writing
1876,Writing
1876,Reading Comprehension
1876,Salesforce software
1876,Active Learning
1876,Speaking
1876,Critical Thinking
1876,Microsoft Office software
1878,Active Listening
1878,Critical Thinking
1878,Writing
1878,Microsoft PowerPoint
1878,Microsoft Excel
1878,Monitoring
1878,Science
1880,Microsoft Outlook
1880,Speaking
1880,Microsoft Excel
1880,Microsoft PowerPoint
1880,Microsoft Office software
1880,Active Listening
1880,Reading Comprehension
1880,Active Learning
1881,Reading Comprehension
1881,Microsoft Excel
1881,Active Listening
1881,Microsoft Office software
1881,Critical Thinking
1881,Monitoring
1881,Science
1881,Writing
1882,Active Learning
1882,Speaking
1882,Active Listening
1882,Microsoft PowerPoint
1882,Microsoft Excel
1882,Microsoft Office software
1882,Microsoft Outlook
1882,Monitoring
1883,Microsoft Office software
1883,Reading Comprehension
1883,Microsoft Excel
1883,Active Listening
1883,Critical Thinking
1883,Science
1883,Monitoring
1883,Writing
1885,Writing
1885,Microsoft Office software
1885,Reading Comprehension
1885,Active Listening
1885,Monitoring
1886,Critical Thinking
1886,Speaking
1886,Microsoft Office software
1886,Microsoft Excel
1886,Reading Comprehension
1886,Learning Strategies
1888,Microsoft Excel
1888,Active Listening
1888,Reading Comprehension
1888,Microsoft Outlook
1888,Speaking
1888,Monitoring
1888,Critical Thinking
1890,Applicant tracking software
1890,Speaking
1890,Microsoft Outlook
1890,Critical Thinking
1890,Reading Comprehension
1890,Active Learning
1892,Active Listening
1892,Microsoft Office software
1892,Reading Comprehension
1892,Monitoring
1892,Critical Thinking
1892,Active Learning
1893,Critical Thinking
1893,Microsoft Office software
1893,Writing
1893,Microsoft Excel
1893,Monitoring
1893,Active Listening
1898,Microsoft Excel
1898,Microsoft Office software
1898,Active Learning
1898,Speaking
1898,Monitoring
1898,Reading Comprehension
1898,Microsoft Outlook
1898,Active Listening
1900,Monitoring
1900,Active Learning
1900,Speaking
1900,Microsoft PowerPoint
1900,Reading Comprehension
1903,Speaking
1903,Critical Thinking
1903,Microsoft Excel
1903,Microsoft Outlook
1903,Microsoft Office software
1903,Writing
1903,Salesforce software
1905,Science
1905,Monitoring
1905,Writing
1905,Microsoft PowerPoint
1905,Microsoft Excel
1905,Active Listening
1907,Reading Comprehension
1907,Active Listening
1907,Monitoring
1907,Microsoft Outlook
1907,Microsoft Excel
1907,Science
1907,Writing
1907,Microsoft Office software
1908,Active Learning
1908,Microsoft Office software
1908,Microsoft PowerPoint
1908,Reading Comprehension
1908,Critical Thinking
1908,Speaking
1909,Microsoft Outlook
1909,Active Listening
1909,Critical Thinking
1909,Active Learning
1909,Microsoft Excel
1909,Reading Comprehension
1909,Monitoring
1911,Critical Thinking
1911,Active Listening
1911,Science
1911,Monitoring
1911,Reading Comprehension
1912,Microsoft Excel
1912,Reading Comprehension
1912,Microsoft Office software
1912,Active Learning
1912,Microsoft PowerPoint
1912,Speaking
1912,Critical Thinking
1912,Monitoring
1915,Monitoring
1915,Speaking
1915,Microsoft Office software
1915,Microsoft PowerPoint
1915,Active Listening
1915,Reading Comprehension
1915,Critical Thinking
1915,Microsoft Outlook
1915,Active Learning
1916,Science
1916,Writing
1916,Reading Comprehension
1916,Microsoft Office software
1916,Critical Thinking
1916,Microsoft Excel
1916,Microsoft Outlook
1918,Microsoft Outlook
1918,Reading Comprehension
1918,Active Listening
1918,Writing
1918,Science
1922,Microsoft Outlook
1922,Salesforce software
1922,Active Learning
1922,Speaking
1922,Critical Thinking
1922,Active Listening
1924,Active Learning
1924,Reading Comprehension
1924,Microsoft PowerPoint
1924,Speaking
1924,Critical Thinking
1924,Microsoft Outlook
1924,Active Listening
1927,Speaking
1927,Active Listening
1927,Microsoft Excel
1927,Microsoft Outlook
1927,Reading Comprehension
1927,Microsoft PowerPoint
1927,Critical Thinking
1928,Salesforce software
1928,Active Listening
1928,Microsoft Excel
1928,Reading Comprehension
1928,Active Learning
1928,Speaking
1928,Writing
1929,Critical Thinking
1929,Active Listening
1929,Active Learning
1929,Reading Comprehension
1929,Microsoft Outlook
1931,Reading Comprehension
1931,Science
1931,Active Listening
1931,Critical Thinking
1931,Microsoft Office software
1931,Writing
1931,Microsoft PowerPoint
1932,Microsoft PowerPoint
1932,Writing
1932,Monitoring
1932,Microsoft Excel
1932,Reading Comprehension
1932,Microsoft Office software
1933,Active Learning
1933,Microsoft Office software
1933,Microsoft Outlook
1933,Active Listening
1933,Speaking
1933,Critical Thinking
1934,Reading Comprehension
1934,Active Listening
1934,Monitoring
1934,Microsoft Office software
1934,Microsoft Excel
1935,Monitoring
1935,Microsoft PowerPoint
1935,Reading Comprehension
1935,Active Listening
1935,Speaking
1935,Active Learning
1935,Microsoft Outlook
1936,Critical Thinking
1936,Microsoft Outlook
1936,Microsoft Excel
1936,Microsoft PowerPoint
1936,Speaking
1936,Active Listening
1937,Microsoft Office software
1937,Monitoring
1937,Microsoft PowerPoint
1937,Writing
1937,Science
1938,Microsoft PowerPoint
1938,Critical Thinking
1938,Monitoring
1938,Microsoft Office software
1938,Speaking
1938,Reading Comprehension
1938,Microsoft Excel
1939,Reading Comprehension
1939,Microsoft Excel
1939,Microsoft Office software
1939,Writing
1939,Science
1939,Microsoft PowerPoint
1939,Active Listening
1940,Microsoft PowerPoint
1940,Monitoring
1940,Reading Comprehension
1940,Writing
1940,Microsoft Office software
1940,Critical Thinking
1941,Science
1941,Monitoring
1941,Microsoft Excel
1941,Active Listening
1941,Microsoft Office software
1941,Writing
1943,Active Listening
1943,Monitoring
1943,Active Learning
1943,Critical Thinking
1943,Reading Comprehension
1944,Microsoft Office software
1944,Speaking
1944,Applicant tracking software
1944,Active Listening
1944,Reading Comprehension
1944,Active Learning
1945,Reading Comprehension
1945,Monitoring
1945,Microsoft Outlook
1945,Active Listening
1945,Microsoft Excel
1945,Speaking
1945,Critical Thinking
1945,Microsoft PowerPoint
1945,Active Learning
1947,Reading Comprehension
1947,Microsoft Office software
1947,Writing
1947,Monitoring
1947,Microsoft Excel
1947,Critical Thinking
1948,Critical Thinking
1948,Writing
1948,Active Listening
1948,Microsoft Office software
1948,Reading Comprehension
1949,Microsoft Excel
1949,Active Listening
1949,Microsoft Outlook
1949,Microsoft Office software
1949,Science
1949,Monitoring
1949,Reading Comprehension
1950,Microsoft Excel
1950,Microsoft Office software
1950,Reading Comprehension
1950,Speaking
1950,Monitoring
1950,Critical Thinking
1950,Active Listening
1950,Active Learning
1951,Active Learning
1951,Microsoft Excel
1951,Active Listening
1951,Monitoring
1951,Reading Comprehension
1951,Microsoft Outlook
1951,Microsoft Office software
1952,Monitoring
1952,Microsoft Excel
1952,Reading Comprehension
1952,Science
1952,Active Listening
1952,Critical Thinking
1952,Microsoft Office software
1952,Microsoft Outlook
1954,Reading Comprehension
1954,Speaking
1954,Critical Thinking
1954,Salesforce software
1954,Microsoft Outlook
1954,Active Learning
1954,Writing
1954,Microsoft Excel
1954,Microsoft Office software
1955,Microsoft Excel
1955,Reading Comprehension
1955,Critical Thinking
1955,Writing
1955,Speaking
1955,Salesforce software
1956,Reading Comprehension
1956,Active Listening
1956,Microsoft Office software
1956,Writing
1956,Microsoft PowerPoint
1960,Writing
1960,Microsoft Office software
1960,Reading Comprehension
1960,Microsoft Outlook
1960,Critical Thinking
1960,Science
1960,Active Listening
1960,Monitoring
1961,Writing
1961,Active Learning
1961,Reading Comprehension
1961,Salesforce software
1961,Microsoft Excel
1961,Speaking
1961,Microsoft Office software
1962,Speaking
1962,Monitoring
1962,Microsoft Excel
1962,Microsoft Outlook
1962,Active Listening
1962,Critical Thinking
1965,Microsoft Office software
1965,Monitoring
1965,Active Learning
1965,Critical Thinking
1965,Microsoft Excel
1965,Speaking
1966,Microsoft Office software
1966,Microsoft PowerPoint
1966,Monitoring
1966,Speaking
1966,Active Listening
1966,Reading Comprehension
1966,Learning Strategies
1967,Reading Comprehension
1967,Speaking
1967,Active Listening
1967,Monitoring
1967,Microsoft PowerPoint
1967,Microsoft Excel
1967,Active Learning
1967,Microsoft Office software
1967,Critical Thinking
1968,Reading Comprehension
1968,Monitoring
1968,Active Learning
1968,Microsoft Outlook
1968,Speaking
1968,Microsoft Office software
1968,Microsoft PowerPoint
1968,Active Listening
1968,Microsoft Excel
1969,Active Listening
1969,Science
1969,Critical Thinking
1969,Microsoft Office software
1969,Monitoring
1969,Microsoft Excel
1970,Critical Thinking
1970,Speaking
1970,Active Listening
1970,Active Learning
1970,Microsoft Office software
1970,Writing
1970,Microsoft Excel
1971,Critical Thinking
1971,Salesforce software
1971,Reading Comprehension
1971,Microsoft Excel
1971,Active Learning
1971,Active Listening
1971,Microsoft Outlook
1972,Speaking
1972,Writing
1972,Active Learning
1972,Microsoft Excel
1972,Microsoft Office software
1972,Reading Comprehension
1972,Critical Thinking
1972,Applicant tracking software
1973,Microsoft PowerPoint
1973,Active Listening
1973,Microsoft Office software
1973,Critical Thinking
1973,Reading Comprehension
1973,Monitoring
1974,Microsoft Excel
1974,Writing
1974,Microsoft Office software
1974,Active Listening
1974,Science
1974,Monitoring
1974,Critical Thinking
1975,Reading Comprehension
1975,Critical Thinking
1975,Active Listening
1975,Microsoft Outlook
1975,Speaking
1975,Monitoring
1975,Active Learning
1975,Microsoft Office software
1976,Microsoft PowerPoint
1976,Writing
1976,Microsoft Excel
1976,Science
1976,Critical Thinking
1976,Active Listening
1976,Monitoring
1979,Microsoft PowerPoint
1979,Microsoft Office software
1979,Science
1979,Monitoring
1979,Active Listening
1980,Reading Comprehension
1980,Speaking
1980,Microsoft Outlook
1980,Microsoft PowerPoint
1980,Critical Thinking
1980,Monitoring
1981,Salesforce software
1981,Microsoft Outlook
1981,Active Listening
1981,Critical Thinking
1981,Reading Comprehension
1981,Speaking
1982,Writing
1982,Reading Comprehension
1982,Microsoft Outlook
1982,Microsoft Excel
1982,Active Listening
1982,Microsoft Office software
1982,Science
1985,Monitoring
1985,Microsoft Outlook
1985,Active Listening
1985,Reading Comprehension
1985,Science
1986,Active Listening
1986,Microsoft Excel
1986,Monitoring
1986,Critical Thinking
1986,Microsoft Office software
1986,Speaking
1987,Active Learning
1987,Active Listening
1987,Critical Thinking
1987,Microsoft Outlook
1987,Microsoft Excel
1987,Applicant tracking software
1989,Microsoft Excel
1989,Active Listening
1989,Microsoft Outlook
1989,Science
1989,Microsoft Office software
1992,Microsoft Outlook
1992,Monitoring
1992,Microsoft Office software
1992,Science
1992,Microsoft Excel
1993,Active Learning
1993,Microsoft Excel
1993,Reading Comprehension
1993,Speaking
1993,Active Listening
1993,Salesforce software
1993,Microsoft Office software
1993,Microsoft Outlook
1994,Microsoft Outlook
1994,Critical Thinking
1994,Reading Comprehension
1994,Writing
1994,Microsoft Office software
1994,Monitoring
1994,Science
1995,Microsoft PowerPoint
1995,Microsoft Outlook
1995,Active Listening
1995,Speaking
1995,Monitoring
1995,Reading Comprehension
1995,Microsoft Office software
1996,Critical Thinking
1996,Writing
1996,Microsoft Excel
1996,Salesforce software
1996,Reading Comprehension
1996,Active Learning
1996,Speaking
1997,Speaking
1997,Critical Thinking
1997,Learning Strategies
1997,Reading Comprehension
1997,Microsoft PowerPoint
1997,Monitoring
1997,Microsoft Outlook
1997,Active Listening
1998,Active Listening
1998,Writing
1998,Microsoft Excel
1998,Microsoft Office software
1998,Reading Comprehension
1998,Science
1999,Microsoft Office software
1999,Microsoft Excel
1999,Critical Thinking
1999,Monitoring
1999,Reading Comprehension
1999,Writing
1999,Active Listening
2000,Science
2000,Microsoft Office software
2000,Monitoring
2000,Microsoft PowerPoint
2000,Active Listening
2000,Writing
2000,Critical Thinking
2003,Microsoft Outlook
2003,Writing
2003,Monitoring
2003,Microsoft Excel
2003,Microsoft Office software
2003,Active Listening
2007,Microsoft Office software
2007,Science
2007,Microsoft Excel
2007,Active Listening
2007,Writing
2007,Reading Comprehension
2007,Monitoring
2008,Microsoft Office software
2008,Reading Comprehension
2008,Microsoft PowerPoint
2008,Active Listening
2008,Monitoring
2008,Science
2008,Microsoft Excel
2008,Critical Thinking
2009,Critical Thinking
2009,Speaking
2009,Microsoft Office software
2009,Writing
2009,Active Learning
2009,Active Listening
2010,Reading Comprehension
2010,Monitoring
2010,Microsoft Excel
2010,Microsoft Outlook
2010,Writing
2012,Reading Comprehension
2012,Microsoft Office software
2012,Microsoft Excel
2012,Active Listening
2012,Science
2013,Microsoft Office software
2013,Active Listening
2013,Microsoft Excel
2013,Writing
2013,Critical Thinking
2014,Microsoft Excel
2014,Writing
2014,Critical Thinking
2014,Reading Comprehension
2014,Monitoring
2014,Active Listening
2014,Microsoft PowerPoint
2014,Microsoft Office software
2015,Monitoring
2015,Microsoft PowerPoint
2015,Microsoft Excel
2015,Microsoft Office software
2015,Reading Comprehension
2015,Writing
2016,Microsoft Excel
2016,Active Learning
2016,Critical Thinking
2016,Active Listening
2016,Monitoring
2016,Reading Comprehension
2016,Microsoft Outlook
2016,Microsoft Office software
2016,Microsoft PowerPoint
2017,Reading Comprehension
2017,Microsoft PowerPoint
2017,Microsoft Office software
2017,Monitoring
2017,Critical Thinking
2017,Science
2017,Microsoft Excel
2017,Writing
2018,Microsoft Outlook
2018,Active Listening
2018,Active Learning
2018,Reading Comprehension
2018,Microsoft PowerPoint
2018,Microsoft Excel
2018,Speaking
2019,Reading Comprehension
2019,Microsoft Office software
2019,Active Listening
2019,Writing
2019,Salesforce software
2020,Active Listening
2020,Microsoft Excel
2020,Microsoft PowerPoint
2020,Reading Comprehension
2020,Monitoring
2020,Writing
2021,Critical Thinking
2021,Reading Comprehension
2021,Salesforce software
2021,Writing
2021,Active Listening
2021,Active Learning
2021,Microsoft Excel
2022,Critical Thinking
2022,Active Listening
2022,Speaking
2022,Microsoft PowerPoint
2022,Monitoring
2023,Microsoft Office software
2023,Speaking
2023,Active Learning
2023,Active Listening
2023,Reading Comprehension
2024,Active Listening
2024,Monitoring
2024,Active Learning
2024,Microsoft Excel
2024,Microsoft Outlook
2024,Microsoft Office software
2024,Microsoft PowerPoint
2024,Speaking
2025,Microsoft PowerPoint
2025,Monitoring
2025,Microsoft Excel
2025,Microsoft Outlook
2025,Learning Strategies
2025,Microsoft Office software
2025,Reading Comprehension
2025,Active Listening
2025,Critical Thinking
2026,Speaking
2026,Microsoft Outlook
2026,Reading Comprehension
2026,Salesforce software
2026,Active Learning
2026,Microsoft Office software
2027,Science
2027,Monitoring
2027,Active Listening
2027,Microsoft Office software
2027,Reading Comprehension
2031,Active Listening
2031,Reading Comprehension
2031,Active Learning
2031,Speaking
2031,Critical Thinking
2031,Microsoft Excel
2032,Reading Comprehension
2032,Active Listening
2032,Writing
2032,Critical Thinking
2032,Microsoft Outlook
2032,Monitoring
2034,Microsoft Office software
2034,Microsoft Outlook
2034,Reading Comprehension
2034,Learning Strategies
2034,Critical Thinking
2035,Microsoft Outlook
2035,Active Listening
2035,Reading Comprehension
2035,Active Learning
2035,Speaking
2035,Microsoft Office software
2036,Reading Comprehension
2036,Speaking
2036,Microsoft PowerPoint
2036,Monitoring
2036,Critical Thinking
2036,Microsoft Excel
2036,Active Listening
2036,Microsoft Office software
2036,Microsoft Outlook
2037,Microsoft Office software
2037,Monitoring
2037,Microsoft Excel
2037,Microsoft PowerPoint
2037,Microsoft Outlook
2037,Speaking
2037,Active Learning
2037,Reading Comprehension
2037,Active Listening
2038,Reading Comprehension
2038,Microsoft Excel
2038,Microsoft Office software
2038,Science
2038,Monitoring
2038,Critical Thinking
2038,Microsoft PowerPoint
2040,Reading Comprehension
2040,Critical Thinking
2040,Writing
2040,Applicant tracking software
2040,Microsoft Outlook
2040,Active Listening
2040,Speaking
2040,Microsoft Office software
2041,Speaking
2041,Monitoring
2041,Microsoft Excel
2041,Reading Comprehension
2041,Microsoft PowerPoint
2041,Microsoft Outlook
2041,Active Learning
2044,Active Listening
2044,Microsoft Outlook
2044,Reading Comprehension
2044,Microsoft Office software
2044,Microsoft Excel
2044,Active Learning
2044,Microsoft PowerPoint
2045,Speaking
2045,Reading Comprehension
2045,Critical Thinking
2045,Microsoft Office software
2045,Active Learning
2045,Microsoft Outlook
2045,Monitoring
2045,Microsoft Excel
2045,Active Listening
2046,Microsoft Office software
2046,Active Learning
2046,Critical Thinking
2046,Speaking
2046,Active Listening
2046,Monitoring
2046,Microsoft PowerPoint
2048,Reading Comprehension
2048,Microsoft Office software
2048,Monitoring
2048,Microsoft Excel
2048,Science
2048,Critical Thinking
2048,Microsoft PowerPoint
2049,Reading Comprehension
2049,Speaking
2049,Salesforce software
2049,Microsoft Excel
2049,Active Learning
2049,Writing
2051,Microsoft Office software
2051,Writing
2051,Critical Thinking
2051,Reading Comprehension
2051,Monitoring
2051,Active Listening
2051,Microsoft PowerPoint
2052,Monitoring
2052,Critical Thinking
2052,Science
2052,Microsoft Excel
2052,Microsoft Office software
2052,Microsoft PowerPoint
2053,Microsoft Excel
2053,Microsoft Office software
2053,Critical Thinking
2053,Science
2053,Monitoring
2053,Microsoft Outlook
2053,Reading Comprehension
2054,Active Listening
2054,Microsoft Office software
2054,Writing
2054,Microsoft Excel
2054,Monitoring
2054,Reading Comprehension
2055,Speaking
2055,Microsoft Excel
2055,Microsoft Office software
2055,Microsoft PowerPoint
2055,Microsoft Outlook
2055,Monitoring
2055,Reading Comprehension
2055,Active Listening
2056,Critical Thinking
2056,Microsoft Outlook
2056,Speaking
2056,Microsoft Excel
2056,Microsoft PowerPoint
2056,Reading Comprehension
2056,Active Listening
2056,Microsoft Office software
2057,Learning Strategies
2057,Microsoft PowerPoint
2057,Active Listening
2057,Microsoft Office software
2057,Reading Comprehension
2057,Microsoft Excel
2057,Speaking
2057,Critical Thinking
2057,Microsoft Outlook
2060,Salesforce software
2060,Reading Comprehension
2060,Microsoft Excel
2060,Speaking
2060,Active Learning
2060,Microsoft Office software
2060,Critical Thinking
2060,Active Listening
2061,Reading Comprehension
2061,Microsoft Outlook
2061,Active Listening
2061,Microsoft Office software
2061,Microsoft Excel
2062,Active Learning
2062,Microsoft Outlook
2062,Active Listening
2062,Microsoft Office software
2062,Microsoft Excel
2062,Speaking
2062,Salesforce software
2062,Critical Thinking
2062,Writing
2064,Microsoft Excel
2064,Reading Comprehension
2064,Microsoft Office software
2064,Speaking
2064,Active Listening
2064,Critical Thinking
2064,Monitoring
2064,Learning Strategies
2065,Microsoft Office software
2065,Microsoft Outlook
2065,Reading Comprehension
2065,Microsoft PowerPoint
2065,Monitoring
2065,Critical Thinking
2065,Active Listening
2065,Microsoft Excel
2068,Microsoft Office software
2068,Microsoft Excel
2068,Microsoft Outlook
2068,Active Listening
2068,Science
2068,Writing
2068,Reading Comprehension
