EmployeeNumber,JobRole,occupation_title,required_count,has_count,gap_count,skill_gap
1,Sales Executive,Sales Managers,10,7,3,"Active Learning, Microsoft Office software, Microsoft PowerPoint"
2,Research Scientist,Natural Sciences Managers,9,5,4,"Critical Thinking, Microsoft Office software, Microsoft PowerPoint, Writing"
4,Laboratory Technician,Chemical Technicians,9,8,1,Microsoft Excel
5,Research Scientist,Natural Sciences Managers,9,7,2,"Microsoft Excel, Reading Comprehension"
7,Laboratory Technician,Chemical Technicians,9,7,2,"Microsoft Office software, Microsoft Outlook"
8,Laboratory Technician,Chemical Technicians,9,6,3,"Microsoft Excel, Microsoft Outlook, Monitoring"
10,Laboratory Technician,Chemical Technicians,9,8,1,Microsoft Office software
11,Laboratory Technician,Chemical Technicians,9,5,4,"Critical Thinking, Microsoft Outlook, Science, Writing"
12,Manufacturing Director,Industrial Production Managers,10,6,4,"Microsoft Excel, Microsoft Office software, Monitoring, Reading Comprehension"
13,Healthcare Representative,"Sales Representatives, Wholesale and Manufacturing, Technical and Scientific Products",10,8,2,"Critical Thinking, Microsoft Outlook"
14,Laboratory Technician,Chemical Technicians,9,7,2,"Microsoft Office software, Writing"
15,Laboratory Technician,Chemical Technicians,9,7,2,"Active Listening, Microsoft Office software"
16,Research Scientist,Natural Sciences Managers,9,7,2,"Monitoring, Writing"
18,Laboratory Technician,Chemical Technicians,9,6,3,"Active Listening, Microsoft Excel, Microsoft Office software"
19,Laboratory Technician,Chemical Technicians,9,6,3,"Microsoft Outlook, Monitoring, Writing"
20,Manufacturing Director,Industrial Production Managers,10,6,4,"Active Listening, Microsoft Office software, Microsoft PowerPoint, Reading Comprehension"
21,Research Scientist,Natural Sciences Managers,9,7,2,"Critical Thinking, Microsoft Office software"
22,Laboratory Technician,Chemical Technicians,9,6,3,"Active Listening, Critical Thinking, Monitoring"
23,Manager,General and Operations Managers,9,7,2,"Active Learning, Monitoring"
24,Research Scientist,Natural Sciences Managers,9,6,3,"Microsoft Office software, Science, Writing"
26,Manufacturing Director,Industrial Production Managers,10,7,3,"Active Listening, Microsoft Outlook, Reading Comprehension"
27,Sales Representative,"Sales Representatives of Services, Except Advertising, Insurance, Financial Services, and Travel",9,7,2,"Microsoft Office software, Salesforce software"
28,Research Director,Natural Sciences Managers,9,8,1,Microsoft Office software
30,Research Scientist,Natural Sciences Managers,9,5,4,"Microsoft Office software, Microsoft PowerPoint, Monitoring, Reading Comprehension"
31,Research Scientist,Natural Sciences Managers,9,8,1,Reading Comprehension
32,Manager,General and Operations Managers,9,5,4,"Active Learning, Active Listening, Microsoft Excel, Speaking"
33,Research Scientist,Natural Sciences Managers,9,6,3,"Critical Thinking, Science, Writing"
35,Sales Executive,Sales Managers,10,6,4,"Active Learning, Active Listening, Monitoring, Speaking"
36,Healthcare Representative,"Sales Representatives, Wholesale and Manufacturing, Technical and Scientific Products",10,6,4,"Active Listening, Microsoft Excel, Salesforce software, Speaking"
38,Manager,General and Operations Managers,9,6,3,"Microsoft Excel, Microsoft Office software, Speaking"
39,Laboratory Technician,Chemical Technicians,9,6,3,"Critical Thinking, Monitoring, Writing"
40,Healthcare Representative,"Sales Representatives, Wholesale and Manufacturing, Technical and Scientific Products",10,8,2,"Active Learning, Active Listening"
41,Laboratory Technician,Chemical Technicians,9,8,1,Active Listening
42,Sales Representative,"Sales Representatives of Services, Except Advertising, Insurance, Financial Services, and Travel",9,7,2,"Critical Thinking, Microsoft Excel"
45,Research Scientist,Natural Sciences Managers,9,7,2,"Reading Comprehension, Science"
46,Research Scientist,Natural Sciences Managers,9,8,1,Microsoft Excel
47,Sales Representative,"Sales Representatives of Services, Except Advertising, Insurance, Financial Services, and Travel",9,7,2,"Critical Thinking, Microsoft Excel"
49,Sales Representative,"Sales Representatives of Services, Except Advertising, Insurance, Financial Services, and Travel",9,6,3,"Active Listening, Microsoft Office software, Salesforce software"
51,Research Scientist,Natural Sciences Managers,9,8,1,Active Listening
52,Sales Executive,Sales Managers,10,7,3,"Microsoft Office software, Microsoft Outlook, Reading Comprehension"
53,Laboratory Technician,Chemical Technicians,9,5,4,"Critical Thinking, Microsoft Excel, Microsoft Office software, Science"
54,Laboratory Technician,Chemical Technicians,9,5,4,"Active Listening, Microsoft Outlook, Reading Comprehension, Writing"
55,Laboratory Technician,Chemical Technicians,9,7,2,"Active Listening, Science"
56,Sales Executive,Sales Managers,10,8,2,"Critical Thinking, Monitoring"
57,Laboratory Technician,Chemical Technicians,9,7,2,"Monitoring, Science"
58,Research Director,Natural Sciences Managers,9,6,3,"Critical Thinking, Microsoft Excel, Science"
60,Sales Executive,Sales Managers,10,6,4,"Active Learning, Critical Thinking, Monitoring, Reading Comprehension"
61,Research Scientist,Natural Sciences Managers,9,6,3,"Microsoft Office software, Reading Comprehension, Science"
62,Sales Executive,Sales Managers,10,7,3,"Microsoft Excel, Microsoft Office software, Speaking"
63,Laboratory Technician,Chemical Technicians,9,7,2,"Science, Writing"
64,Laboratory Technician,Chemical Technicians,9,8,1,Monitoring
65,Laboratory Technician,Chemical Technicians,9,5,4,"Active Listening, Critical Thinking, Science, Writing"
68,Sales Executive,Sales Managers,10,7,3,"Microsoft PowerPoint, Monitoring, Speaking"
70,Healthcare Representative,"Sales Representatives, Wholesale and Manufacturing, Technical and Scientific Products",10,7,3,"Critical Thinking, Microsoft Office software, Writing"
72,Sales Executive,Sales Managers,10,8,2,"Critical Thinking, Monitoring"
73,Research Director,Natural Sciences Managers,9,6,3,"Active Listening, Monitoring, Writing"
74,Sales Executive,Sales Managers,10,9,1,Critical Thinking
75,Laboratory Technician,Chemical Technicians,9,5,4,"Active Listening, Microsoft Office software, Microsoft Outlook, Reading Comprehension"
76,Laboratory Technician,Chemical Technicians,9,7,2,"Microsoft Office software, Science"
77,Manufacturing Director,Industrial Production Managers,10,8,2,"Active Listening, Speaking"
78,Manufacturing Director,Industrial Production Managers,10,7,3,"Microsoft Excel, Microsoft Outlook, Monitoring"
79,Laboratory Technician,Chemical Technicians,9,8,1,Reading Comprehension
80,Research Director,Natural Sciences Managers,9,7,2,"Microsoft PowerPoint, Reading Comprehension"
81,Sales Executive,Sales Managers,10,7,3,"Critical Thinking, Microsoft Outlook, Reading Comprehension"
83,Healthcare Representative,"Sales Representatives, Wholesale and Manufacturing, Technical and Scientific Products",10,6,4,"Active Listening, Microsoft Office software, Microsoft Outlook, Writing"
84,Manager,General and Operations Managers,9,7,2,"Active Learning, Active Listening"
85,Manufacturing Director,Industrial Production Managers,10,5,5,"Critical Thinking, Microsoft Office software, Microsoft PowerPoint, Monitoring, Speaking"
86,Research Scientist,Natural Sciences Managers,9,7,2,"Microsoft Office software, Reading Comprehension"
88,Research Scientist,Natural Sciences Managers,9,5,4,"Active Listening, Critical Thinking, Reading Comprehension, Science"
90,Research Scientist,Natural Sciences Managers,9,6,3,"Microsoft Office software, Monitoring, Writing"
91,Sales Executive,Sales Managers,10,6,4,"Microsoft Outlook, Microsoft PowerPoint, Monitoring, Reading Comprehension"
94,Research Scientist,Natural Sciences Managers,9,5,4,"Critical Thinking, Microsoft Excel, Reading Comprehension, Science"
95,Research Scientist,Natural Sciences Managers,9,6,3,"Microsoft Excel, Microsoft Office software, Writing"
96,Research Scientist,Natural Sciences Managers,9,7,2,"Monitoring, Science"
97,Laboratory Technician,Chemical Technicians,9,7,2,"Active Listening, Writing"
98,Manufacturing Director,Industrial Production Managers,10,9,1,Active Listening
100,Sales Executive,Sales Managers,10,8,2,"Microsoft Excel, Microsoft Outlook"
101,Research Director,Natural Sciences Managers,9,8,1,Microsoft Excel
102,Research Director,Natural Sciences Managers,9,5,4,"Microsoft Office software, Monitoring, Science, Writing"
103,Human Resources,Human Resources Specialists,10,6,4,"Active Listening, Applicant tracking software, Critical Thinking, Microsoft Outlook"
104,Laboratory Technician,Chemical Technicians,9,8,1,Microsoft Outlook
105,Research Scientist,Natural Sciences Managers,9,7,2,"Reading Comprehension, Writing"
106,Sales Executive,Sales Managers,10,9,1,Microsoft Office software
107,Research Scientist,Natural Sciences Managers,9,7,2,"Microsoft Office software, Science"
110,Manufacturing Director,Industrial Production Managers,10,9,1,Learning Strategies
112,Manufacturing Director,Industrial Production Managers,10,5,5,"Critical Thinking, Microsoft Excel, Monitoring, Reading Comprehension, Speaking"
113,Sales Representative,"Sales Representatives of Services, Except Advertising, Insurance, Financial Services, and Travel",9,5,4,"Critical Thinking, Microsoft Excel, Microsoft Office software, Reading Comprehension"
116,Laboratory Technician,Chemical Technicians,9,5,4,"Active Listening, Microsoft Excel, Monitoring, Science"
117,Healthcare Representative,"Sales Representatives, Wholesale and Manufacturing, Technical and Scientific Products",10,9,1,Salesforce software
118,Sales Executive,Sales Managers,10,9,1,Microsoft PowerPoint
119,Healthcare Representative,"Sales Representatives, Wholesale and Manufacturing, Technical and Scientific Products",10,9,1,Speaking
120,Sales Executive,Sales Managers,10,8,2,"Microsoft Office software, Reading Comprehension"
121,Sales Executive,Sales Managers,10,8,2,"Critical Thinking, Microsoft PowerPoint"
124,Healthcare Representative,"Sales Representatives, Wholesale and Manufacturing, Technical and Scientific Products",10,8,2,"Active Listening, Microsoft Outlook"
125,Sales Executive,Sales Managers,10,8,2,"Active Learning, Monitoring"
126,Research Director,Natural Sciences Managers,9,5,4,"Active Listening, Critical Thinking, Microsoft Excel, Reading Comprehension"
128,Sales Executive,Sales Managers,10,8,2,"Microsoft Office software, Microsoft PowerPoint"
129,Sales Executive,Sales Managers,10,7,3,"Active Learning, Critical Thinking, Microsoft PowerPoint"
131,Sales Executive,Sales Managers,10,8,2,"Microsoft Office software, Reading Comprehension"
132,Laboratory Technician,Chemical Technicians,9,5,4,"Microsoft Excel, Microsoft Office software, Monitoring, Reading Comprehension"
133,Human Resources,Human Resources Specialists,10,9,1,Active Listening
134,Research Scientist,Natural Sciences Managers,9,8,1,Monitoring
137,Laboratory Technician,Chemical Technicians,9,8,1,Writing
138,Research Scientist,Natural Sciences Managers,9,7,2,"Reading Comprehension, Science"
139,Healthcare Representative,"Sales Representatives, Wholesale and Manufacturing, Technical and Scientific Products",10,7,3,"Active Listening, Microsoft Excel, Writing"
140,Manager,General and Operations Managers,9,7,2,"Microsoft Excel, Speaking"
141,Research Director,Natural Sciences Managers,9,7,2,"Microsoft Office software, Writing"
142,Sales Executive,Sales Managers,10,5,5,"Active Listening, Critical Thinking, Microsoft Outlook, Microsoft PowerPoint, Reading Comprehension"
143,Research Scientist,Natural Sciences Managers,9,6,3,"Microsoft Excel, Microsoft Office software, Reading Comprehension"
144,Laboratory Technician,Chemical Technicians,9,7,2,"Microsoft Excel, Writing"
145,Healthcare Representative,"Sales Representatives, Wholesale and Manufacturing, Technical and Scientific Products",10,7,3,"Active Learning, Reading Comprehension, Writing"
147,Laboratory Technician,Chemical Technicians,9,8,1,Critical Thinking
148,Manager,General and Operations Managers,9,7,2,"Monitoring, Speaking"
150,Laboratory Technician,Chemical Technicians,9,5,4,"Active Listening, Microsoft Office software, Monitoring, Science"
151,Research Scientist,Natural Sciences Managers,9,6,3,"Microsoft Office software, Microsoft PowerPoint, Science"
152,Sales Executive,Sales Managers,10,6,4,"Critical Thinking, Microsoft Office software, Monitoring, Reading Comprehension"
153,Manager,General and Operations Managers,9,8,1,Critical Thinking
154,Sales Executive,Sales Managers,10,7,3,"Microsoft Excel, Reading Comprehension, Speaking"
155,Laboratory Technician,Chemical Technicians,9,6,3,"Critical Thinking, Microsoft Excel, Science"
158,Manager,General and Operations Managers,9,8,1,Monitoring
159,Research Scientist,Natural Sciences Managers,9,7,2,"Critical Thinking, Science"
160,Sales Executive,Sales Managers,10,7,3,"Microsoft Outlook, Microsoft PowerPoint, Monitoring"
161,Research Scientist,Natural Sciences Managers,9,6,3,"Microsoft Excel, Monitoring, Science"
162,Research Director,Natural Sciences Managers,9,5,4,"Active Listening, Critical Thinking, Microsoft PowerPoint, Science"
163,Sales Executive,Sales Managers,10,8,2,"Microsoft Office software, Microsoft Outlook"
164,Research Scientist,Natural Sciences Managers,9,5,4,"Critical Thinking, Monitoring, Reading Comprehension, Writing"
165,Healthcare Representative,"Sales Representatives, Wholesale and Manufacturing, Technical and Scientific Products",10,7,3,"Microsoft Office software, Speaking, Writing"
167,Sales Representative,"Sales Representatives of Services, Except Advertising, Insurance, Financial Services, and Travel",9,5,4,"Active Listening, Microsoft Excel, Reading Comprehension, Speaking"
169,Laboratory Technician,Chemical Technicians,9,6,3,"Active Listening, Science, Writing"
170,Manufacturing Director,Industrial Production Managers,10,8,2,"Microsoft Excel, Speaking"
171,Research Scientist,Natural Sciences Managers,9,5,4,"Active Listening, Reading Comprehension, Science, Writing"
174,Sales Executive,Sales Managers,10,9,1,Monitoring
175,Sales Executive,Sales Managers,10,7,3,"Active Learning, Active Listening, Monitoring"
176,Sales Executive,Sales Managers,10,9,1,Monitoring
177,Human Resources,Human Resources Specialists,10,7,3,"Active Listening, Critical Thinking, Microsoft Excel"
178,Manufacturing Director,Industrial Production Managers,10,8,2,"Microsoft Outlook, Microsoft PowerPoint"
179,Manufacturing Director,Industrial Production Managers,10,9,1,Critical Thinking
182,Sales Executive,Sales Managers,10,6,4,"Microsoft Office software, Microsoft Outlook, Microsoft PowerPoint, Reading Comprehension"
183,Sales Executive,Sales Managers,10,9,1,Microsoft Outlook
184,Human Resources,Human Resources Specialists,10,5,5,"Active Learning, Applicant tracking software, Critical Thinking, Microsoft Office software, Speaking"
190,Laboratory Technician,Chemical Technicians,9,6,3,"Microsoft Office software, Microsoft Outlook, Monitoring"
192,Research Scientist,Natural Sciences Managers,9,7,2,"Critical Thinking, Reading Comprehension"
193,Research Scientist,Natural Sciences Managers,9,6,3,"Active Listening, Microsoft Excel, Science"
194,Research Scientist,Natural Sciences Managers,9,8,1,Microsoft PowerPoint
195,Sales Executive,Sales Managers,10,5,5,"Active Learning, Active Listening, Critical Thinking, Microsoft Outlook, Reading Comprehension"
197,Research Scientist,Natural Sciences Managers,9,8,1,Science
198,Laboratory Technician,Chemical Technicians,9,7,2,"Critical Thinking, Microsoft Outlook"
199,Manager,General and Operations Managers,9,7,2,"Critical Thinking, Microsoft PowerPoint"
200,Laboratory Technician,Chemical Technicians,9,7,2,"Active Listening, Microsoft Excel"
201,Laboratory Technician,Chemical Technicians,9,8,1,Writing
202,Research Scientist,Natural Sciences Managers,9,6,3,"Critical Thinking, Monitoring, Science"
204,Sales Executive,Sales Managers,10,7,3,"Active Learning, Microsoft Outlook, Speaking"
205,Sales Representative,"Sales Representatives of Services, Except Advertising, Insurance, Financial Services, and Travel",9,8,1,Reading Comprehension
206,Laboratory Technician,Chemical Technicians,9,8,1,Monitoring
207,Sales Executive,Sales Managers,10,6,4,"Microsoft Excel, Monitoring, Reading Comprehension, Speaking"
208,Manufacturing Director,Industrial Production Managers,10,9,1,Learning Strategies
211,Manufacturing Director,Industrial Production Managers,10,7,3,"Microsoft Office software, Monitoring, Reading Comprehension"
214,Research Scientist,Natural Sciences Managers,9,5,4,"Critical Thinking, Microsoft Excel, Microsoft PowerPoint, Writing"
215,Sales Executive,Sales Managers,10,9,1,Active Listening
216,Sales Representative,"Sales Representatives of Services, Except Advertising, Insurance, Financial Services, and Travel",9,8,1,Writing
217,Research Scientist,Natural Sciences Managers,9,8,1,Science
218,Research Scientist,Natural Sciences Managers,9,8,1,Science
221,Research Scientist,Natural Sciences Managers,9,6,3,"Active Listening, Critical Thinking, Science"
223,Healthcare Representative,"Sales Representatives, Wholesale and Manufacturing, Technical and Scientific Products",10,9,1,Speaking
224,Research Scientist,Natural Sciences Managers,9,6,3,"Critical Thinking, Microsoft Excel, Microsoft Office software"
226,Manager,General and Operations Managers,9,7,2,"Critical Thinking, Speaking"
227,Research Scientist,Natural Sciences Managers,9,6,3,"Microsoft Office software, Microsoft PowerPoint, Science"
228,Sales Executive,Sales Managers,10,8,2,"Microsoft PowerPoint, Speaking"
230,Sales Executive,Sales Managers,10,5,5,"Critical Thinking, Microsoft Excel, Microsoft Office software, Microsoft PowerPoint, Reading Comprehension"
231,Research Scientist,Natural Sciences Managers,9,6,3,"Microsoft Excel, Microsoft PowerPoint, Writing"
233,Research Scientist,Natural Sciences Managers,9,5,4,"Active Listening, Microsoft PowerPoint, Monitoring, Reading Comprehension"
235,Sales Representative,"Sales Representatives of Services, Except Advertising, Insurance, Financial Services, and Travel",9,6,3,"Critical Thinking, Microsoft Office software, Reading Comprehension"
238,Laboratory Technician,Chemical Technicians,9,6,3,"Microsoft Outlook, Monitoring, Reading Comprehension"
239,Laboratory Technician,Chemical Technicians,9,5,4,"Active Listening, Monitoring, Reading Comprehension, Science"
240,Sales Executive,Sales Managers,10,8,2,"Microsoft Excel, Reading Comprehension"
241,Research Scientist,Natural Sciences Managers,9,5,4,"Critical Thinking, Microsoft Office software, Monitoring, Reading Comprehension"
242,Research Scientist,Natural Sciences Managers,9,5,4,"Microsoft Office software, Monitoring, Reading Comprehension, Science"
243,Laboratory Technician,Chemical Technicians,9,6,3,"Critical Thinking, Monitoring, Science"
244,Sales Executive,Sales Managers,10,5,5,"Active Learning, Active Listening, Critical Thinking, Microsoft PowerPoint, Speaking"
245,Laboratory Technician,Chemical Technicians,9,6,3,"Active Listening, Monitoring, Writing"
246,Research Scientist,Natural Sciences Managers,9,5,4,"Microsoft PowerPoint, Monitoring, Science, Writing"
247,Research Scientist,Natural Sciences Managers,9,7,2,"Microsoft Excel, Writing"
248,Sales Representative,"Sales Representatives of Services, Except Advertising, Insurance, Financial Services, and Travel",9,7,2,"Active Listening, Critical Thinking"
249,Laboratory Technician,Chemical Technicians,9,8,1,Microsoft Excel
250,Manufacturing Director,Industrial Production Managers,10,6,4,"Active Listening, Critical Thinking, Microsoft Excel, Microsoft PowerPoint"
252,Research Scientist,Natural Sciences Managers,9,7,2,"Reading Comprehension, Writing"
253,Manager,General and Operations Managers,9,5,4,"Active Listening, Critical Thinking, Microsoft Excel, Microsoft PowerPoint"
254,Research Director,Natural Sciences Managers,9,6,3,"Microsoft Excel, Microsoft Office software, Microsoft PowerPoint"
256,Manufacturing Director,Industrial Production Managers,10,8,2,"Active Listening, Microsoft PowerPoint"
258,Healthcare Representative,"Sales Representatives, Wholesale and Manufacturing, Technical and Scientific Products",10,6,4,"Active Learning, Microsoft Outlook, Reading Comprehension, Speaking"
259,Manager,General and Operations Managers,9,7,2,"Microsoft Excel, Microsoft PowerPoint"
260,Research Scientist,Natural Sciences Managers,9,8,1,Reading Comprehension
261,Manufacturing Director,Industrial Production Managers,10,6,4,"Active Listening, Learning Strategies, Microsoft PowerPoint, Speaking"
262,Research Scientist,Natural Sciences Managers,9,8,1,Science
264,Manager,General and Operations Managers,9,6,3,"Active Listening, Microsoft PowerPoint, Monitoring"
267,Research Scientist,Natural Sciences Managers,9,7,2,"Critical Thinking, Microsoft Excel"
269,Laboratory Technician,Chemical Technicians,9,6,3,"Monitoring, Science, Writing"
270,Manufacturing Director,Industrial Production Managers,10,7,3,"Critical Thinking, Microsoft Outlook, Speaking"
271,Manufacturing Director,Industrial Production Managers,10,8,2,"Microsoft Office software, Speaking"
273,Manufacturing Director,Industrial Production Managers,10,6,4,"Microsoft Excel, Microsoft Office software, Monitoring, Reading Comprehension"
274,Manufacturing Director,Industrial Production Managers,10,9,1,Microsoft PowerPoint
275,Manufacturing Director,Industrial Production Managers,10,9,1,Active Listening
277,Research Scientist,Natural Sciences Managers,9,6,3,"Active Listening, Microsoft PowerPoint, Monitoring"
281,Laboratory Technician,Chemical Technicians,9,6,3,"Microsoft Excel, Reading Comprehension, Science"
282,Healthcare Representative,"Sales Representatives, Wholesale and Manufacturing, Technical and Scientific Products",10,7,3,"Microsoft Office software, Microsoft Outlook, Reading Comprehension"
283,Sales Executive,Sales Managers,10,8,2,"Microsoft Office software, Monitoring"
284,Research Scientist,Natural Sciences Managers,9,7,2,"Microsoft Excel, Writing"
286,Laboratory Technician,Chemical Technicians,9,6,3,"Critical Thinking, Microsoft Outlook, Writing"
287,Healthcare Representative,"Sales Representatives, Wholesale and Manufacturing, Technical and Scientific Products",10,8,2,"Active Learning, Salesforce software"
288,Healthcare Representative,"Sales Representatives, Wholesale and Manufacturing, Technical and Scientific Products",10,8,2,"Reading Comprehension, Writing"
291,Sales Executive,Sales Managers,10,6,4,"Active Listening, Microsoft Excel, Microsoft Office software, Microsoft Outlook"
292,Manufacturing Director,Industrial Production Managers,10,8,2,"Critical Thinking, Microsoft Outlook"
293,Sales Executive,Sales Managers,10,8,2,"Microsoft Excel, Microsoft Outlook"
296,Research Director,Natural Sciences Managers,9,7,2,"Active Listening, Microsoft Excel"
297,Research Scientist,Natural Sciences Managers,9,5,4,"Microsoft Office software, Microsoft PowerPoint, Monitoring, Science"
298,Manager,General and Operations Managers,9,6,3,"Active Listening, Critical Thinking, Speaking"
299,Sales Executive,Sales Managers,10,8,2,"Critical Thinking, Monitoring"
300,Research Scientist,Natural Sciences Managers,9,7,2,"Reading Comprehension, Science"
302,Sales Executive,Sales Managers,10,8,2,"Microsoft Excel, Speaking"
303,Sales Executive,Sales Managers,10,6,4,"Active Learning, Active Listening, Microsoft Office software, Speaking"
304,Laboratory Technician,Chemical Technicians,9,7,2,"Critical Thinking, Microsoft Excel"
305,Research Scientist,Natural Sciences Managers,9,7,2,"Microsoft Excel, Reading Comprehension"
306,Research Director,Natural Sciences Managers,9,5,4,"Active Listening, Microsoft PowerPoint, Monitoring, Writing"
307,Sales Executive,Sales Managers,10,8,2,"Microsoft Excel, Reading Comprehension"
308,Manufacturing Director,Industrial Production Managers,10,8,2,"Microsoft Excel, Microsoft Office software"
309,Research Scientist,Natural Sciences Managers,9,5,4,"Active Listening, Critical Thinking, Monitoring, Reading Comprehension"
311,Sales Representative,"Sales Representatives of Services, Except Advertising, Insurance, Financial Services, and Travel",9,5,4,"Critical Thinking, Microsoft Excel, Microsoft Office software, Reading Comprehension"
312,Sales Executive,Sales Managers,10,7,3,"Active Learning, Microsoft Office software, Microsoft Outlook"
314,Sales Executive,Sales Managers,10,9,1,Speaking
315,Research Scientist,Natural Sciences Managers,9,7,2,"Microsoft Office software, Monitoring"
316,Laboratory Technician,Chemical Technicians,9,8,1,Writing
319,Manager,General and Operations Managers,9,5,4,"Critical Thinking, Microsoft Excel, Microsoft Office software, Speaking"
321,Human Resources,Human Resources Specialists,10,8,2,"Microsoft Excel, Reading Comprehension"
323,Manager,General and Operations Managers,9,6,3,"Active Learning, Active Listening, Monitoring"
325,Laboratory Technician,Chemical Technicians,9,6,3,"Microsoft Outlook, Monitoring, Science"
327,Manager,General and Operations Managers,9,7,2,"Active Learning, Reading Comprehension"
328,Laboratory Technician,Chemical Technicians,9,8,1,Microsoft Excel
329,Manager,General and Operations Managers,9,5,4,"Active Learning, Microsoft Excel, Monitoring, Speaking"
330,Sales Representative,"Sales Representatives of Services, Except Advertising, Insurance, Financial Services, and Travel",9,8,1,Microsoft Excel
331,Laboratory Technician,Chemical Technicians,9,6,3,"Active Listening, Microsoft Outlook, Science"
332,Laboratory Technician,Chemical Technicians,9,5,4,"Critical Thinking, Microsoft Excel, Monitoring, Writing"
333,Sales Executive,Sales Managers,10,9,1,Monitoring
334,Research Scientist,Natural Sciences Managers,9,6,3,"Microsoft Office software, Monitoring, Writing"
335,Research Scientist,Natural Sciences Managers,9,6,3,"Microsoft Excel, Microsoft PowerPoint, Writing"
336,Manager,General and Operations Managers,9,8,1,Reading Comprehension
337,Research Director,Natural Sciences Managers,9,5,4,"Active Listening, Microsoft Office software, Microsoft PowerPoint, Science"
338,Research Scientist,Natural Sciences Managers,9,7,2,"Science, Writing"
339,Manufacturing Director,Industrial Production Managers,10,6,4,"Active Listening, Critical Thinking, Microsoft Excel, Monitoring"
340,Research Scientist,Natural Sciences Managers,9,7,2,"Critical Thinking, Microsoft Office software"
341,Manufacturing Director,Industrial Production Managers,10,7,3,"Active Listening, Learning Strategies, Microsoft Excel"
342,Manufacturing Director,Industrial Production Managers,10,7,3,"Learning Strategies, Microsoft Outlook, Reading Comprehension"
343,Healthcare Representative,"Sales Representatives, Wholesale and Manufacturing, Technical and Scientific Products",10,8,2,"Microsoft Outlook, Writing"
346,Research Scientist,Natural Sciences Managers,9,5,4,"Active Listening, Microsoft Office software, Monitoring, Reading Comprehension"
347,Research Scientist,Natural Sciences Managers,9,6,3,"Active Listening, Microsoft Excel, Science"
349,Sales Executive,Sales Managers,10,6,4,"Active Learning, Microsoft PowerPoint, Reading Comprehension, Speaking"
350,Manufacturing Director,Industrial Production Managers,10,9,1,Learning Strategies
351,Laboratory Technician,Chemical Technicians,9,7,2,"Critical Thinking, Microsoft Excel"
352,Research Director,Natural Sciences Managers,9,6,3,"Microsoft Excel, Monitoring, Reading Comprehension"
353,Research Scientist,Natural Sciences Managers,9,7,2,"Critical Thinking, Microsoft PowerPoint"
355,Laboratory Technician,Chemical Technicians,9,5,4,"Critical Thinking, Microsoft Excel, Microsoft Outlook, Reading Comprehension"
359,Laboratory Technician,Chemical Technicians,9,6,3,"Active Listening, Critical Thinking, Microsoft Excel"
361,Sales Executive,Sales Managers,10,7,3,"Active Learning, Microsoft Excel, Microsoft Office software"
362,Laboratory Technician,Chemical Technicians,9,5,4,"Active Listening, Microsoft Office software, Microsoft Outlook, Reading Comprehension"
363,Manager,General and Operations Managers,9,8,1,Active Listening
364,Laboratory Technician,Chemical Technicians,9,5,4,"Critical Thinking, Microsoft Excel, Monitoring, Reading Comprehension"
366,Sales Executive,Sales Managers,10,6,4,"Critical Thinking, Microsoft Office software, Microsoft PowerPoint, Reading Comprehension"
367,Healthcare Representative,"Sales Representatives, Wholesale and Manufacturing, Technical and Scientific Products",10,6,4,"Active Learning, Microsoft Excel, Speaking, Writing"
369,Healthcare Representative,"Sales Representatives, Wholesale and Manufacturing, Technical and Scientific Products",10,8,2,"Microsoft Outlook, Salesforce software"
372,Healthcare Representative,"Sales Representatives, Wholesale and Manufacturing, Technical and Scientific Products",10,8,2,"Microsoft Office software, Microsoft Outlook"
373,Laboratory Technician,Chemical Technicians,9,8,1,Microsoft Outlook
374,Manager,General and Operations Managers,9,5,4,"Active Learning, Critical Thinking, Microsoft Office software, Speaking"
376,Manager,General and Operations Managers,9,6,3,"Active Listening, Microsoft Excel, Reading Comprehension"
377,Research Scientist,Natural Sciences Managers,9,6,3,"Active Listening, Critical Thinking, Monitoring"
378,Sales Executive,Sales Managers,10,7,3,"Critical Thinking, Microsoft Excel, Microsoft Office software"
379,Research Scientist,Natural Sciences Managers,9,7,2,"Microsoft Office software, Microsoft PowerPoint"
380,Research Director,Natural Sciences Managers,9,5,4,"Active Listening, Microsoft Excel, Monitoring, Reading Comprehension"
381,Manager,General and Operations Managers,9,7,2,"Microsoft Office software, Speaking"
382,Sales Executive,Sales Managers,10,6,4,"Active Learning, Active Listening, Microsoft Office software, Speaking"
384,Manufacturing Director,Industrial Production Managers,10,7,3,"Learning Strategies, Microsoft Outlook, Reading Comprehension"
385,Research Director,Natural Sciences Managers,9,6,3,"Microsoft PowerPoint, Monitoring, Science"
386,Research Director,Natural Sciences Managers,9,5,4,"Critical Thinking, Microsoft Office software, Science, Writing"
387,Sales Executive,Sales Managers,10,6,4,"Microsoft Excel, Microsoft Office software, Microsoft PowerPoint, Reading Comprehension"
388,Sales Executive,Sales Managers,10,6,4,"Microsoft Outlook, Microsoft PowerPoint, Reading Comprehension, Speaking"
389,Laboratory Technician,Chemical Technicians,9,5,4,"Active Listening, Critical Thinking, Microsoft Outlook, Science"
390,Healthcare Representative,"Sales Representatives, Wholesale and Manufacturing, Technical and Scientific Products",10,8,2,"Reading Comprehension, Salesforce software"
391,Research Scientist,Natural Sciences Managers,9,5,4,"Active Listening, Microsoft Excel, Microsoft Office software, Reading Comprehension"
392,Laboratory Technician,Chemical Technicians,9,5,4,"Active Listening, Critical Thinking, Microsoft Outlook, Monitoring"
393,Healthcare Representative,"Sales Representatives, Wholesale and Manufacturing, Technical and Scientific Products",10,7,3,"Active Learning, Salesforce software, Speaking"
394,Laboratory Technician,Chemical Technicians,9,7,2,"Active Listening, Microsoft Office software"
395,Research Scientist,Natural Sciences Managers,9,5,4,"Active Listening, Microsoft PowerPoint, Reading Comprehension, Science"
396,Research Director,Natural Sciences Managers,9,6,3,"Active Listening, Critical Thinking, Science"
397,Research Scientist,Natural Sciences Managers,9,6,3,"Microsoft Office software, Reading Comprehension, Science"
399,Sales Representative,"Sales Representatives of Services, Except Advertising, Insurance, Financial Services, and Travel",9,7,2,"Active Listening, Salesforce software"
401,Sales Executive,Sales Managers,10,8,2,"Critical Thinking, Monitoring"
403,Research Scientist,Natural Sciences Managers,9,5,4,"Critical Thinking, Microsoft Office software, Monitoring, Reading Comprehension"
404,Sales Executive,Sales Managers,10,6,4,"Active Listening, Monitoring, Reading Comprehension, Speaking"
405,Laboratory Technician,Chemical Technicians,9,8,1,Critical Thinking
406,Sales Executive,Sales Managers,10,5,5,"Active Learning, Active Listening, Critical Thinking, Microsoft Excel, Microsoft PowerPoint"
407,Laboratory Technician,Chemical Technicians,9,5,4,"Microsoft Excel, Reading Comprehension, Science, Writing"
408,Manufacturing Director,Industrial Production Managers,10,7,3,"Active Listening, Monitoring, Reading Comprehension"
410,Manager,General and Operations Managers,9,6,3,"Active Listening, Reading Comprehension, Speaking"
411,Sales Representative,"Sales Representatives of Services, Except Advertising, Insurance, Financial Services, and Travel",9,5,4,"Active Listening, Critical Thinking, Reading Comprehension, Writing"
412,Healthcare Representative,"Sales Representatives, Wholesale and Manufacturing, Technical and Scientific Products",10,8,2,"Active Learning, Critical Thinking"
416,Sales Executive,Sales Managers,10,5,5,"Active Learning, Active Listening, Microsoft Excel, Microsoft Office software, Speaking"
417,Healthcare Representative,"Sales Representatives, Wholesale and Manufacturing, Technical and Scientific Products",10,9,1,Microsoft Outlook
419,Laboratory Technician,Chemical Technicians,9,8,1,Science
420,Sales Executive,Sales Managers,10,8,2,"Active Listening, Critical Thinking"
421,Research Director,Natural Sciences Managers,9,5,4,"Microsoft Office software, Microsoft PowerPoint, Monitoring, Science"
422,Healthcare Representative,"Sales Representatives, Wholesale and Manufacturing, Technical and Scientific Products",10,7,3,"Active Listening, Microsoft Excel, Writing"
423,Research Scientist,Natural Sciences Managers,9,7,2,"Critical Thinking, Science"
424,Human Resources,Human Resources Specialists,10,8,2,"Active Listening, Writing"
425,Laboratory Technician,Chemical Technicians,9,5,4,"Active Listening, Monitoring, Reading Comprehension, Writing"
426,Research Scientist,Natural Sciences Managers,9,6,3,"Active Listening, Monitoring, Writing"
428,Manager,General and Operations Managers,9,7,2,"Active Listening, Critical Thinking"
429,Manager,General and Operations Managers,9,6,3,"Active Learning, Active Listening, Reading Comprehension"
430,Laboratory Technician,Chemical Technicians,9,7,2,"Active Listening, Critical Thinking"
431,Healthcare Representative,"Sales Representatives, Wholesale and Manufacturing, Technical and Scientific Products",10,5,5,"Active Learning, Active Listening, Microsoft Excel, Reading Comprehension, Speaking"
433,Research Scientist,Natural Sciences Managers,9,6,3,"Critical Thinking, Microsoft Excel, Monitoring"
434,Research Scientist,Natural Sciences Managers,9,5,4,"Critical Thinking, Microsoft Excel, Microsoft PowerPoint, Writing"
436,Sales Executive,Sales Managers,10,6,4,"Active Listening, Microsoft Office software, Microsoft Outlook, Reading Comprehension"
437,Sales Executive,Sales Managers,10,6,4,"Active Learning, Active Listening, Microsoft Excel, Microsoft Outlook"
438,Sales Executive,Sales Managers,10,8,2,"Microsoft Office software, Speaking"
439,Research Scientist,Natural Sciences Managers,9,8,1,Science
440,Research Scientist,Natural Sciences Managers,9,8,1,Critical Thinking
441,Research Scientist,Natural Sciences Managers,9,5,4,"Active Listening, Microsoft Office software, Microsoft PowerPoint, Writing"
442,Manufacturing Director,Industrial Production Managers,10,7,3,"Active Listening, Microsoft Excel, Microsoft Office software"
444,Manager,General and Operations Managers,9,7,2,"Monitoring, Reading Comprehension"
445,Sales Executive,Sales Managers,10,7,3,"Microsoft Excel, Microsoft Outlook, Monitoring"
446,Sales Executive,Sales Managers,10,8,2,"Active Listening, Monitoring"
447,Research Director,Natural Sciences Managers,9,7,2,"Critical Thinking, Monitoring"
448,Laboratory Technician,Chemical Technicians,9,5,4,"Critical Thinking, Microsoft Office software, Microsoft Outlook, Reading Comprehension"
449,Sales Executive,Sales Managers,10,9,1,Microsoft PowerPoint
450,Research Scientist,Natural Sciences Managers,9,6,3,"Microsoft PowerPoint, Monitoring, Writing"
451,Healthcare Representative,"Sales Representatives, Wholesale and Manufacturing, Technical and Scientific Products",10,7,3,"Active Learning, Reading Comprehension, Writing"
452,Research Scientist,Natural Sciences Managers,9,8,1,Writing
453,Sales Executive,Sales Managers,10,6,4,"Microsoft Office software, Microsoft PowerPoint, Reading Comprehension, Speaking"
454,Laboratory Technician,Chemical Technicians,9,5,4,"Microsoft Excel, Microsoft Outlook, Science, Writing"
455,Laboratory Technician,Chemical Technicians,9,6,3,"Microsoft Excel, Monitoring, Reading Comprehension"
456,Sales Executive,Sales Managers,10,7,3,"Active Learning, Monitoring, Reading Comprehension"
458,Sales Executive,Sales Managers,10,7,3,"Active Learning, Microsoft Excel, Monitoring"
460,Manufacturing Director,Industrial Production Managers,10,5,5,"Critical Thinking, Microsoft PowerPoint, Monitoring, Reading Comprehension, Speaking"
461,Research Director,Natural Sciences Managers,9,8,1,Monitoring
462,Manufacturing Director,Industrial Production Managers,10,9,1,Monitoring
463,Sales Executive,Sales Managers,10,9,1,Reading Comprehension
464,Manufacturing Director,Industrial Production Managers,10,7,3,"Active Listening, Microsoft PowerPoint, Speaking"
465,Research Scientist,Natural Sciences Managers,9,8,1,Microsoft Office software
466,Manufacturing Director,Industrial Production Managers,10,6,4,"Learning Strategies, Microsoft Excel, Reading Comprehension, Speaking"
467,Sales Representative,"Sales Representatives of Services, Except Advertising, Insurance, Financial Services, and Travel",9,6,3,"Active Listening, Microsoft Office software, Reading Comprehension"
468,Research Director,Natural Sciences Managers,9,7,2,"Monitoring, Writing"
469,Sales Executive,Sales Managers,10,7,3,"Active Learning, Microsoft Office software, Microsoft Outlook"
470,Human Resources,Human Resources Specialists,10,7,3,"Microsoft Excel, Microsoft Office software, Writing"
471,Laboratory Technician,Chemical Technicians,9,6,3,"Critical Thinking, Microsoft Office software, Writing"
473,Manager,General and Operations Managers,9,7,2,"Critical Thinking, Microsoft Excel"
474,Research Scientist,Natural Sciences Managers,9,7,2,"Active Listening, Microsoft Excel"
475,Sales Executive,Sales Managers,10,5,5,"Active Learning, Microsoft Excel, Microsoft Office software, Microsoft Outlook, Microsoft PowerPoint"
476,Sales Executive,Sales Managers,10,5,5,"Active Learning, Active Listening, Microsoft Excel, Microsoft PowerPoint, Reading Comprehension"
477,Healthcare Representative,"Sales Representatives, Wholesale and Manufacturing, Technical and Scientific Products",10,8,2,"Active Listening, Microsoft Office software"
478,Sales Representative,"Sales Representatives of Services, Except Advertising, Insurance, Financial Services, and Travel",9,6,3,"Active Learning, Speaking, Writing"
479,Sales Executive,Sales Managers,10,6,4,"Active Learning, Active Listening, Microsoft Office software, Microsoft Outlook"
481,Sales Executive,Sales Managers,10,8,2,"Reading Comprehension, Speaking"
482,Healthcare Representative,"Sales Representatives, Wholesale and Manufacturing, Technical and Scientific Products",10,8,2,"Active Listening, Reading Comprehension"
483,Laboratory Technician,Chemical Technicians,9,5,4,"Active Listening, Microsoft Office software, Reading Comprehension, Science"
484,Sales Representative,"Sales Representatives of Services, Except Advertising, Insurance, Financial Services, and Travel",9,5,4,"Active Listening, Microsoft Excel, Salesforce software, Speaking"
485,Sales Representative,"Sales Representatives of Services, Except Advertising, Insurance, Financial Services, and Travel",9,6,3,"Microsoft Excel, Reading Comprehension, Salesforce software"
486,Laboratory Technician,Chemical Technicians,9,7,2,"Microsoft Office software, Microsoft Outlook"
487,Manufacturing Director,Industrial Production Managers,10,7,3,"Learning Strategies, Monitoring, Speaking"
488,Sales Executive,Sales Managers,10,5,5,"Active Learning, Critical Thinking, Microsoft Excel, Microsoft PowerPoint, Reading Comprehension"
491,Healthcare Representative,"Sales Representatives, Wholesale and Manufacturing, Technical and Scientific Products",10,8,2,"Microsoft Office software, Salesforce software"
492,Sales Executive,Sales Managers,10,7,3,"Active Learning, Active Listening, Speaking"
493,Research Scientist,Natural Sciences Managers,9,8,1,Microsoft Excel
494,Sales Representative,"Sales Representatives of Services, Except Advertising, Insurance, Financial Services, and Travel",9,8,1,Speaking
495,Research Scientist,Natural Sciences Managers,9,7,2,"Microsoft Office software, Reading Comprehension"
496,Healthcare Representative,"Sales Representatives, Wholesale and Manufacturing, Technical and Scientific Products",10,9,1,Microsoft Outlook
497,Laboratory Technician,Chemical Technicians,9,6,3,"Critical Thinking, Microsoft Outlook, Reading Comprehension"
498,Sales Executive,Sales Managers,10,8,2,"Active Learning, Critical Thinking"
499,Healthcare Representative,"Sales Representatives, Wholesale and Manufacturing, Technical and Scientific Products",10,9,1,Salesforce software
500,Sales Executive,Sales Managers,10,7,3,"Active Learning, Microsoft Office software, Microsoft Outlook"
501,Research Scientist,Natural Sciences Managers,9,8,1,Monitoring
502,Sales Executive,Sales Managers,10,6,4,"Microsoft Outlook, Microsoft PowerPoint, Monitoring, Speaking"
505,Manager,General and Operations Managers,9,8,1,Active Learning
507,Sales Executive,Sales Managers,10,6,4,"Active Learning, Critical Thinking, Microsoft Office software, Monitoring"
508,Sales Representative,"Sales Representatives of Services, Except Advertising, Insurance, Financial Services, and Travel",9,8,1,Microsoft Office software
510,Research Scientist,Natural Sciences Managers,9,7,2,"Active Listening, Science"
511,Research Scientist,Natural Sciences Managers,9,8,1,Science
513,Sales Executive,Sales Managers,10,7,3,"Active Learning, Microsoft Excel, Speaking"
514,Research Scientist,Natural Sciences Managers,9,7,2,"Microsoft Excel, Writing"
515,Laboratory Technician,Chemical Technicians,9,7,2,"Active Listening, Critical Thinking"
516,Sales Executive,Sales Managers,10,5,5,"Active Learning, Active Listening, Critical Thinking, Microsoft PowerPoint, Monitoring"
517,Laboratory Technician,Chemical Technicians,9,7,2,"Monitoring, Science"
518,Manufacturing Director,Industrial Production Managers,10,6,4,"Active Listening, Microsoft Excel, Monitoring, Speaking"
520,Research Director,Natural Sciences Managers,9,5,4,"Microsoft Excel, Microsoft Office software, Microsoft PowerPoint, Monitoring"
521,Laboratory Technician,Chemical Technicians,9,7,2,"Microsoft Excel, Microsoft Office software"
522,Research Director,Natural Sciences Managers,9,5,4,"Active Listening, Microsoft Excel, Monitoring, Writing"
523,Sales Executive,Sales Managers,10,5,5,"Active Learning, Active Listening, Critical Thinking, Microsoft Office software, Microsoft Outlook"
524,Manufacturing Director,Industrial Production Managers,10,5,5,"Active Listening, Microsoft Excel, Microsoft Office software, Monitoring, Speaking"
525,Laboratory Technician,Chemical Technicians,9,7,2,"Active Listening, Microsoft Outlook"
526,Healthcare Representative,"Sales Representatives, Wholesale and Manufacturing, Technical and Scientific Products",10,6,4,"Critical Thinking, Reading Comprehension, Salesforce software, Writing"
527,Sales Executive,Sales Managers,10,7,3,"Microsoft Outlook, Monitoring, Speaking"
529,Research Scientist,Natural Sciences Managers,9,5,4,"Critical Thinking, Microsoft Excel, Monitoring, Reading Comprehension"
530,Laboratory Technician,Chemical Technicians,9,7,2,"Microsoft Outlook, Monitoring"
531,Manager,General and Operations Managers,9,8,1,Microsoft Excel
532,Sales Executive,Sales Managers,10,6,4,"Active Learning, Active Listening, Critical Thinking, Microsoft PowerPoint"
533,Sales Executive,Sales Managers,10,7,3,"Active Learning, Microsoft Outlook, Speaking"
534,Sales Executive,Sales Managers,10,7,3,"Active Listening, Critical Thinking, Microsoft PowerPoint"
536,Laboratory Technician,Chemical Technicians,9,5,4,"Active Listening, Microsoft Excel, Microsoft Office software, Writing"
538,Laboratory Technician,Chemical Technicians,9,6,3,"Critical Thinking, Microsoft Excel, Microsoft Office software"
543,Manufacturing Director,Industrial Production Managers,10,7,3,"Critical Thinking, Learning Strategies, Monitoring"
544,Research Scientist,Natural Sciences Managers,9,6,3,"Microsoft PowerPoint, Reading Comprehension, Writing"
546,Manager,General and Operations Managers,9,7,2,"Microsoft Office software, Speaking"
547,Research Scientist,Natural Sciences Managers,9,5,4,"Active Listening, Reading Comprehension, Science, Writing"
548,Manufacturing Director,Industrial Production Managers,10,6,4,"Active Listening, Microsoft Excel, Microsoft Office software, Monitoring"
549,Manager,General and Operations Managers,9,5,4,"Active Learning, Microsoft Excel, Microsoft PowerPoint, Reading Comprehension"
550,Manufacturing Director,Industrial Production Managers,10,6,4,"Active Listening, Critical Thinking, Monitoring, Speaking"
551,Healthcare Representative,"Sales Representatives, Wholesale and Manufacturing, Technical and Scientific Products",10,9,1,Microsoft Office software
554,Sales Representative,"Sales Representatives of Services, Except Advertising, Insurance, Financial Services, and Travel",9,8,1,Writing
555,Sales Representative,"Sales Representatives of Services, Except Advertising, Insurance, Financial Services, and Travel",9,5,4,"Active Listening, Microsoft Excel, Reading Comprehension, Writing"
556,Laboratory Technician,Chemical Technicians,9,7,2,"Critical Thinking, Reading Comprehension"
558,Manager,General and Operations Managers,9,7,2,"Active Learning, Reading Comprehension"
560,Research Scientist,Natural Sciences Managers,9,6,3,"Microsoft Excel, Microsoft PowerPoint, Monitoring"
562,Laboratory Technician,Chemical Technicians,9,7,2,"Microsoft Excel, Microsoft Outlook"
564,Research Director,Natural Sciences Managers,9,7,2,"Reading Comprehension, Science"
565,Research Scientist,Natural Sciences Managers,9,6,3,"Critical Thinking, Science, Writing"
566,Human Resources,Human Resources Specialists,10,9,1,Microsoft Office software
567,Sales Executive,Sales Managers,10,8,2,"Microsoft Outlook, Speaking"
568,Manager,General and Operations Managers,9,7,2,"Active Learning, Reading Comprehension"
569,Manager,General and Operations Managers,9,7,2,"Active Learning, Active Listening"
571,Laboratory Technician,Chemical Technicians,9,7,2,"Reading Comprehension, Science"
573,Sales Executive,Sales Managers,10,6,4,"Critical Thinking, Microsoft Outlook, Microsoft PowerPoint, Reading Comprehension"
574,Manufacturing Director,Industrial Production Managers,10,7,3,"Learning Strategies, Microsoft Excel, Monitoring"
575,Research Director,Natural Sciences Managers,9,5,4,"Microsoft Excel, Microsoft Office software, Reading Comprehension, Science"
577,Laboratory Technician,Chemical Technicians,9,7,2,"Microsoft Excel, Writing"
578,Laboratory Technician,Chemical Technicians,9,6,3,"Active Listening, Reading Comprehension, Science"
579,Research Scientist,Natural Sciences Managers,9,5,4,"Active Listening, Critical Thinking, Microsoft Office software, Monitoring"
580,Sales Executive,Sales Managers,10,5,5,"Active Learning, Active Listening, Critical Thinking, Microsoft PowerPoint, Reading Comprehension"
581,Manufacturing Director,Industrial Production Managers,10,7,3,"Microsoft Office software, Microsoft Outlook, Microsoft PowerPoint"
582,Manager,General and Operations Managers,9,5,4,"Active Listening, Microsoft Excel, Microsoft Office software, Monitoring"
584,Laboratory Technician,Chemical Technicians,9,8,1,Science
585,Sales Representative,"Sales Representatives of Services, Except Advertising, Insurance, Financial Services, and Travel",9,6,3,"Active Listening, Microsoft Excel, Salesforce software"
586,Healthcare Representative,"Sales Representatives, Wholesale and Manufacturing, Technical and Scientific Products",10,6,4,"Active Listening, Critical Thinking, Microsoft Outlook, Salesforce software"
587,Healthcare Representative,"Sales Representatives, Wholesale and Manufacturing, Technical and Scientific Products",10,6,4,"Active Listening, Microsoft Outlook, Reading Comprehension, Writing"
590,Human Resources,Human Resources Specialists,10,8,2,"Active Learning, Microsoft Office software"
591,Laboratory Technician,Chemical Technicians,9,6,3,"Active Listening, Science, Writing"
592,Sales Executive,Sales Managers,10,5,5,"Active Learning, Active Listening, Microsoft Excel, Microsoft Office software, Microsoft PowerPoint"
593,Laboratory Technician,Chemical Technicians,9,7,2,"Active Listening, Microsoft Outlook"
595,Sales Executive,Sales Managers,10,7,3,"Active Learning, Microsoft Office software, Monitoring"
597,Manager,General and Operations Managers,9,7,2,"Active Listening, Speaking"
599,Sales Executive,Sales Managers,10,8,2,"Microsoft Office software, Microsoft Outlook"
600,Sales Executive,Sales Managers,10,6,4,"Active Listening, Microsoft Office software, Monitoring, Reading Comprehension"
601,Manufacturing Director,Industrial Production Managers,10,8,2,"Critical Thinking, Learning Strategies"
602,Laboratory Technician,Chemical Technicians,9,5,4,"Critical Thinking, Monitoring, Reading Comprehension, Science"
604,Sales Executive,Sales Managers,10,6,4,"Active Learning, Microsoft PowerPoint, Monitoring, Reading Comprehension"
605,Manufacturing Director,Industrial Production Managers,10,5,5,"Active Listening, Critical Thinking, Monitoring, Reading Comprehension, Speaking"
606,Sales Executive,Sales Managers,10,8,2,"Active Learning, Microsoft Outlook"
608,Human Resources,Human Resources Specialists,10,7,3,"Active Listening, Speaking, Writing"
611,Manufacturing Director,Industrial Production Managers,10,8,2,"Microsoft Office software, Microsoft PowerPoint"
612,Research Director,Natural Sciences Managers,9,5,4,"Critical Thinking, Microsoft Office software, Monitoring, Science"
613,Manager,General and Operations Managers,9,7,2,"Active Listening, Speaking"
614,Sales Representative,"Sales Representatives of Services, Except Advertising, Insurance, Financial Services, and Travel",9,5,4,"Active Listening, Microsoft Office software, Reading Comprehension, Writing"
615,Sales Executive,Sales Managers,10,9,1,Microsoft Office software
616,Healthcare Representative,"Sales Representatives, Wholesale and Manufacturing, Technical and Scientific Products",10,7,3,"Critical Thinking, Salesforce software, Speaking"
618,Sales Executive,Sales Managers,10,7,3,"Critical Thinking, Microsoft Excel, Microsoft Outlook"
620,Sales Executive,Sales Managers,10,9,1,Microsoft Outlook
621,Sales Executive,Sales Managers,10,7,3,"Active Listening, Microsoft Outlook, Microsoft PowerPoint"
622,Laboratory Technician,Chemical Technicians,9,5,4,"Active Listening, Monitoring, Reading Comprehension, Writing"
623,Manufacturing Director,Industrial Production Managers,10,5,5,"Critical Thinking, Microsoft Office software, Monitoring, Reading Comprehension, Speaking"
624,Healthcare Representative,"Sales Representatives, Wholesale and Manufacturing, Technical and Scientific Products",10,5,5,"Active Listening, Critical Thinking, Microsoft Excel, Reading Comprehension, Salesforce software"
625,Manager,General and Operations Managers,9,6,3,"Active Learning, Microsoft Excel, Monitoring"
626,Sales Executive,Sales Managers,10,7,3,"Microsoft Excel, Microsoft Outlook, Microsoft PowerPoint"
630,Research Scientist,Natural Sciences Managers,9,7,2,"Active Listening, Monitoring"
631,Sales Executive,Sales Managers,10,9,1,Microsoft Outlook
632,Sales Representative,"Sales Representatives of Services, Except Advertising, Insurance, Financial Services, and Travel",9,5,4,"Active Learning, Microsoft Excel, Salesforce software, Speaking"
634,Healthcare Representative,"Sales Representatives, Wholesale and Manufacturing, Technical and Scientific Products",10,9,1,Writing
635,Manufacturing Director,Industrial Production Managers,10,9,1,Monitoring
638,Research Director,Natural Sciences Managers,9,6,3,"Active Listening, Microsoft Excel, Science"
639,Research Scientist,Natural Sciences Managers,9,8,1,Microsoft Excel
641,Sales Executive,Sales Managers,10,5,5,"Active Learning, Active Listening, Monitoring, Reading Comprehension, Speaking"
643,Laboratory Technician,Chemical Technicians,9,5,4,"Critical Thinking, Microsoft Excel, Monitoring, Reading Comprehension"
644,Manager,General and Operations Managers,9,7,2,"Microsoft PowerPoint, Speaking"
645,Sales Representative,"Sales Representatives of Services, Except Advertising, Insurance, Financial Services, and Travel",9,7,2,"Critical Thinking, Microsoft Office software"
647,Laboratory Technician,Chemical Technicians,9,7,2,"Critical Thinking, Microsoft Outlook"
648,Sales Representative,"Sales Representatives of Services, Except Advertising, Insurance, Financial Services, and Travel",9,7,2,"Microsoft Office software, Reading Comprehension"
649,Research Scientist,Natural Sciences Managers,9,7,2,"Active Listening, Microsoft Excel"
650,Sales Executive,Sales Managers,10,7,3,"Active Listening, Microsoft Excel, Microsoft PowerPoint"
652,Laboratory Technician,Chemical Technicians,9,7,2,"Active Listening, Writing"
653,Sales Executive,Sales Managers,10,7,3,"Microsoft Excel, Microsoft Outlook, Reading Comprehension"
655,Research Scientist,Natural Sciences Managers,9,6,3,"Critical Thinking, Reading Comprehension, Writing"
656,Sales Executive,Sales Managers,10,6,4,"Active Learning, Active Listening, Microsoft PowerPoint, Speaking"
657,Research Scientist,Natural Sciences Managers,9,8,1,Writing
659,Healthcare Representative,"Sales Representatives, Wholesale and Manufacturing, Technical and Scientific Products",10,5,5,"Active Learning, Active Listening, Microsoft Excel, Microsoft Outlook, Writing"
661,Research Director,Natural Sciences Managers,9,5,4,"Microsoft Office software, Monitoring, Reading Comprehension, Science"
662,Research Scientist,Natural Sciences Managers,9,5,4,"Microsoft Office software, Monitoring, Reading Comprehension, Writing"
663,Laboratory Technician,Chemical Technicians,9,5,4,"Active Listening, Critical Thinking, Microsoft Office software, Microsoft Outlook"
664,Manager,General and Operations Managers,9,7,2,"Microsoft Office software, Monitoring"
665,Human Resources,Human Resources Specialists,10,6,4,"Active Learning, Critical Thinking, Microsoft Excel, Microsoft Office software"
666,Sales Representative,"Sales Representatives of Services, Except Advertising, Insurance, Financial Services, and Travel",9,7,2,"Active Learning, Active Listening"
667,Sales Representative,"Sales Representatives of Services, Except Advertising, Insurance, Financial Services, and Travel",9,5,4,"Active Listening, Reading Comprehension, Salesforce software, Speaking"
669,Sales Representative,"Sales Representatives of Services, Except Advertising, Insurance, Financial Services, and Travel",9,5,4,"Active Listening, Critical Thinking, Salesforce software, Writing"
671,Manager,General and Operations Managers,9,6,3,"Active Listening, Monitoring, Speaking"
675,Research Scientist,Natural Sciences Managers,9,5,4,"Active Listening, Microsoft Excel, Microsoft PowerPoint, Science"
677,Sales Executive,Sales Managers,10,5,5,"Active Learning, Active Listening, Critical Thinking, Monitoring, Speaking"
679,Research Scientist,Natural Sciences Managers,9,6,3,"Active Listening, Critical Thinking, Monitoring"
680,Research Scientist,Natural Sciences Managers,9,5,4,"Active Listening, Critical Thinking, Microsoft Excel, Writing"
682,Sales Executive,Sales Managers,10,7,3,"Active Learning, Microsoft Office software, Microsoft PowerPoint"
683,Research Scientist,Natural Sciences Managers,9,8,1,Microsoft Excel
684,Sales Executive,Sales Managers,10,7,3,"Microsoft Excel, Microsoft PowerPoint, Reading Comprehension"
686,Laboratory Technician,Chemical Technicians,9,6,3,"Active Listening, Microsoft Outlook, Writing"
689,Manufacturing Director,Industrial Production Managers,10,6,4,"Learning Strategies, Microsoft Excel, Microsoft Outlook, Reading Comprehension"
690,Sales Executive,Sales Managers,10,9,1,Active Learning
691,Research Scientist,Natural Sciences Managers,9,7,2,"Microsoft Office software, Writing"
692,Healthcare Representative,"Sales Representatives, Wholesale and Manufacturing, Technical and Scientific Products",10,5,5,"Active Learning, Microsoft Excel, Reading Comprehension, Salesforce software, Speaking"
698,Human Resources,Human Resources Specialists,10,8,2,"Microsoft Excel, Reading Comprehension"
699,Manufacturing Director,Industrial Production Managers,10,8,2,"Active Listening, Microsoft PowerPoint"
700,Research Scientist,Natural Sciences Managers,9,5,4,"Microsoft Excel, Monitoring, Science, Writing"
701,Research Scientist,Natural Sciences Managers,9,8,1,Writing
702,Research Scientist,Natural Sciences Managers,9,5,4,"Active Listening, Microsoft Excel, Microsoft PowerPoint, Writing"
704,Laboratory Technician,Chemical Technicians,9,6,3,"Microsoft Outlook, Monitoring, Reading Comprehension"
705,Research Scientist,Natural Sciences Managers,9,6,3,"Active Listening, Microsoft Excel, Microsoft PowerPoint"
707,Sales Executive,Sales Managers,10,8,2,"Active Listening, Microsoft Outlook"
709,Sales Executive,Sales Managers,10,8,2,"Microsoft Office software, Microsoft Outlook"
710,Research Scientist,Natural Sciences Managers,9,5,4,"Active Listening, Microsoft Office software, Microsoft PowerPoint, Reading Comprehension"
712,Sales Executive,Sales Managers,10,6,4,"Microsoft Office software, Microsoft Outlook, Microsoft PowerPoint, Reading Comprehension"
714,Sales Executive,Sales Managers,10,7,3,"Critical Thinking, Microsoft Outlook, Microsoft PowerPoint"
715,Research Scientist,Natural Sciences Managers,9,5,4,"Active Listening, Microsoft Excel, Reading Comprehension, Writing"
716,Laboratory Technician,Chemical Technicians,9,8,1,Science
717,Healthcare Representative,"Sales Representatives, Wholesale and Manufacturing, Technical and Scientific Products",10,7,3,"Salesforce software, Speaking, Writing"
720,Sales Executive,Sales Managers,10,6,4,"Active Learning, Critical Thinking, Microsoft Office software, Microsoft PowerPoint"
721,Healthcare Representative,"Sales Representatives, Wholesale and Manufacturing, Technical and Scientific Products",10,6,4,"Microsoft Excel, Microsoft Outlook, Speaking, Writing"
722,Sales Executive,Sales Managers,10,7,3,"Microsoft Excel, Microsoft PowerPoint, Monitoring"
723,Sales Executive,Sales Managers,10,6,4,"Microsoft Excel, Microsoft Outlook, Microsoft PowerPoint, Monitoring"
724,Healthcare Representative,"Sales Representatives, Wholesale and Manufacturing, Technical and Scientific Products",10,5,5,"Active Learning, Active Listening, Microsoft Office software, Reading Comprehension, Speaking"
725,Manufacturing Director,Industrial Production Managers,10,7,3,"Learning Strategies, Microsoft Excel, Monitoring"
727,Research Director,Natural Sciences Managers,9,6,3,"Active Listening, Microsoft PowerPoint, Writing"
728,Sales Executive,Sales Managers,10,9,1,Microsoft Outlook
729,Sales Executive,Sales Managers,10,8,2,"Active Listening, Reading Comprehension"
730,Research Director,Natural Sciences Managers,9,5,4,"Critical Thinking, Microsoft Office software, Microsoft PowerPoint, Reading Comprehension"
731,Manager,General and Operations Managers,9,6,3,"Microsoft Office software, Microsoft PowerPoint, Speaking"
732,Sales Executive,Sales Managers,10,8,2,"Critical Thinking, Microsoft Office software"
733,Manufacturing Director,Industrial Production Managers,10,5,5,"Critical Thinking, Microsoft Excel, Microsoft Outlook, Reading Comprehension, Speaking"
734,Manager,General and Operations Managers,9,7,2,"Microsoft Excel, Microsoft PowerPoint"
738,Sales Representative,"Sales Representatives of Services, Except Advertising, Insurance, Financial Services, and Travel",9,7,2,"Active Learning, Speaking"
741,Research Scientist,Natural Sciences Managers,9,5,4,"Monitoring, Reading Comprehension, Science, Writing"
742,Research Director,Natural Sciences Managers,9,7,2,"Microsoft Excel, Science"
743,Manufacturing Director,Industrial Production Managers,10,6,4,"Microsoft Excel, Microsoft Office software, Microsoft Outlook, Reading Comprehension"
744,Laboratory Technician,Chemical Technicians,9,7,2,"Microsoft Outlook, Science"
746,Sales Executive,Sales Managers,10,7,3,"Active Listening, Reading Comprehension, Speaking"
747,Sales Executive,Sales Managers,10,8,2,"Microsoft Office software, Monitoring"
749,Sales Representative,"Sales Representatives of Services, Except Advertising, Insurance, Financial Services, and Travel",9,8,1,Active Learning
752,Research Scientist,Natural Sciences Managers,9,7,2,"Critical Thinking, Microsoft Office software"
754,Sales Executive,Sales Managers,10,8,2,"Microsoft PowerPoint, Reading Comprehension"
757,Healthcare Representative,"Sales Representatives, Wholesale and Manufacturing, Technical and Scientific Products",10,8,2,"Active Learning, Microsoft Office software"
758,Laboratory Technician,Chemical Technicians,9,8,1,Reading Comprehension
760,Human Resources,Human Resources Specialists,10,9,1,Microsoft Excel
762,Healthcare Representative,"Sales Representatives, Wholesale and Manufacturing, Technical and Scientific Products",10,6,4,"Active Learning, Critical Thinking, Microsoft Office software, Speaking"
763,Research Scientist,Natural Sciences Managers,9,8,1,Microsoft Excel
764,Healthcare Representative,"Sales Representatives, Wholesale and Manufacturing, Technical and Scientific Products",10,9,1,Microsoft Office software
766,Sales Representative,"Sales Representatives of Services, Except Advertising, Insurance, Financial Services, and Travel",9,5,4,"Active Listening, Microsoft Office software, Reading Comprehension, Writing"
769,Laboratory Technician,Chemical Technicians,9,8,1,Writing
771,Healthcare Representative,"Sales Representatives, Wholesale and Manufacturing, Technical and Scientific Products",10,7,3,"Active Learning, Microsoft Office software, Speaking"
772,Laboratory Technician,Chemical Technicians,9,5,4,"Critical Thinking, Microsoft Office software, Monitoring, Writing"
773,Research Scientist,Natural Sciences Managers,9,5,4,"Active Listening, Microsoft Excel, Microsoft Office software, Science"
775,Manufacturing Director,Industrial Production Managers,10,6,4,"Active Listening, Critical Thinking, Learning Strategies, Speaking"
776,Manager,General and Operations Managers,9,5,4,"Active Learning, Microsoft Excel, Reading Comprehension, Speaking"
780,Research Scientist,Natural Sciences Managers,9,6,3,"Microsoft Excel, Microsoft Office software, Monitoring"
781,Sales Executive,Sales Managers,10,7,3,"Microsoft Outlook, Monitoring, Reading Comprehension"
783,Sales Representative,"Sales Representatives of Services, Except Advertising, Insurance, Financial Services, and Travel",9,5,4,"Active Learning, Critical Thinking, Reading Comprehension, Salesforce software"
784,Research Scientist,Natural Sciences Managers,9,6,3,"Critical Thinking, Microsoft Excel, Monitoring"
785,Sales Executive,Sales Managers,10,7,3,"Active Listening, Microsoft Excel, Microsoft Office software"
786,Sales Executive,Sales Managers,10,9,1,Critical Thinking
787,Manager,General and Operations Managers,9,5,4,"Active Learning, Microsoft Excel, Microsoft PowerPoint, Monitoring"
789,Sales Executive,Sales Managers,10,5,5,"Critical Thinking, Microsoft Outlook, Microsoft PowerPoint, Monitoring, Reading Comprehension"
791,Research Scientist,Natural Sciences Managers,9,8,1,Critical Thinking
792,Laboratory Technician,Chemical Technicians,9,7,2,"Microsoft Excel, Monitoring"
793,Healthcare Representative,"Sales Representatives, Wholesale and Manufacturing, Technical and Scientific Products",10,8,2,"Microsoft Excel, Reading Comprehension"
796,Sales Executive,Sales Managers,10,7,3,"Microsoft Office software, Monitoring, Reading Comprehension"
797,Research Scientist,Natural Sciences Managers,9,6,3,"Microsoft Excel, Microsoft PowerPoint, Monitoring"
799,Manufacturing Director,Industrial Production Managers,10,7,3,"Critical Thinking, Microsoft Outlook, Monitoring"
800,Sales Executive,Sales Managers,10,6,4,"Active Learning, Microsoft Excel, Microsoft PowerPoint, Reading Comprehension"
802,Research Scientist,Natural Sciences Managers,9,8,1,Monitoring
803,Manufacturing Director,Industrial Production Managers,10,7,3,"Active Listening, Learning Strategies, Speaking"
804,Research Scientist,Natural Sciences Managers,9,8,1,Reading Comprehension
805,Sales Representative,"Sales Representatives of Services, Except Advertising, Insurance, Financial Services, and Travel",9,5,4,"Critical Thinking, Microsoft Office software, Reading Comprehension, Writing"
806,Laboratory Technician,Chemical Technicians,9,6,3,"Active Listening, Reading Comprehension, Writing"
807,Healthcare Representative,"Sales Representatives, Wholesale and Manufacturing, Technical and Scientific Products",10,8,2,"Speaking, Writing"
808,Sales Executive,Sales Managers,10,7,3,"Microsoft Office software, Monitoring, Speaking"
809,Manager,General and Operations Managers,9,7,2,"Critical Thinking, Microsoft Excel"
811,Laboratory Technician,Chemical Technicians,9,7,2,"Microsoft Excel, Monitoring"
812,Laboratory Technician,Chemical Technicians,9,7,2,"Active Listening, Science"
813,Laboratory Technician,Chemical Technicians,9,5,4,"Critical Thinking, Microsoft Excel, Microsoft Office software, Reading Comprehension"
815,Research Director,Natural Sciences Managers,9,7,2,"Active Listening, Science"
816,Laboratory Technician,Chemical Technicians,9,7,2,"Microsoft Excel, Microsoft Office software"
817,Research Director,Natural Sciences Managers,9,5,4,"Critical Thinking, Microsoft PowerPoint, Reading Comprehension, Science"
819,Sales Executive,Sales Managers,10,6,4,"Active Learning, Active Listening, Critical Thinking, Microsoft PowerPoint"
820,Manager,General and Operations Managers,9,7,2,"Critical Thinking, Microsoft Office software"
823,Manufacturing Director,Industrial Production Managers,10,7,3,"Microsoft Outlook, Microsoft PowerPoint, Speaking"
824,Research Scientist,Natural Sciences Managers,9,7,2,"Monitoring, Writing"
825,Research Director,Natural Sciences Managers,9,5,4,"Active Listening, Microsoft Office software, Microsoft PowerPoint, Reading Comprehension"
826,Research Scientist,Natural Sciences Managers,9,6,3,"Microsoft Excel, Microsoft PowerPoint, Writing"
827,Manufacturing Director,Industrial Production Managers,10,8,2,"Microsoft Excel, Speaking"
828,Research Scientist,Natural Sciences Managers,9,5,4,"Active Listening, Critical Thinking, Microsoft Excel, Monitoring"
829,Human Resources,Human Resources Specialists,10,7,3,"Applicant tracking software, Microsoft Office software, Writing"
830,Manufacturing Director,Industrial Production Managers,10,6,4,"Critical Thinking, Microsoft Office software, Microsoft Outlook, Microsoft PowerPoint"
832,Laboratory Technician,Chemical Technicians,9,8,1,Critical Thinking
833,Manufacturing Director,Industrial Production Managers,10,7,3,"Learning Strategies, Microsoft PowerPoint, Speaking"
834,Research Scientist,Natural Sciences Managers,9,6,3,"Critical Thinking, Microsoft Excel, Writing"
836,Manufacturing Director,Industrial Production Managers,10,5,5,"Active Listening, Critical Thinking, Learning Strategies, Microsoft Excel, Speaking"
837,Healthcare Representative,"Sales Representatives, Wholesale and Manufacturing, Technical and Scientific Products",10,8,2,"Active Learning, Critical Thinking"
838,Research Scientist,Natural Sciences Managers,9,8,1,Critical Thinking
840,Sales Executive,Sales Managers,10,9,1,Microsoft Office software
842,Sales Executive,Sales Managers,10,7,3,"Active Learning, Monitoring, Speaking"
843,Research Director,Natural Sciences Managers,9,8,1,Microsoft Office software
844,Research Director,Natural Sciences Managers,9,7,2,"Reading Comprehension, Writing"
845,Manufacturing Director,Industrial Production Managers,10,7,3,"Active Listening, Learning Strategies, Reading Comprehension"
846,Sales Executive,Sales Managers,10,8,2,"Monitoring, Speaking"
847,Human Resources,Human Resources Specialists,10,6,4,"Applicant tracking software, Microsoft Excel, Microsoft Outlook, Reading Comprehension"
848,Research Scientist,Natural Sciences Managers,9,6,3,"Active Listening, Monitoring, Writing"
850,Research Scientist,Natural Sciences Managers,9,5,4,"Microsoft PowerPoint, Reading Comprehension, Science, Writing"
851,Manager,General and Operations Managers,9,7,2,"Monitoring, Speaking"
852,Healthcare Representative,"Sales Representatives, Wholesale and Manufacturing, Technical and Scientific Products",10,8,2,"Microsoft Outlook, Speaking"
854,Research Scientist,Natural Sciences Managers,9,7,2,"Active Listening, Reading Comprehension"
855,Sales Executive,Sales Managers,10,9,1,Critical Thinking
856,Research Scientist,Natural Sciences Managers,9,5,4,"Active Listening, Microsoft Excel, Monitoring, Writing"
857,Sales Executive,Sales Managers,10,6,4,"Critical Thinking, Microsoft Excel, Microsoft Outlook, Microsoft PowerPoint"
859,Sales Executive,Sales Managers,10,5,5,"Critical Thinking, Microsoft Excel, Microsoft Office software, Microsoft Outlook, Speaking"
861,Research Scientist,Natural Sciences Managers,9,8,1,Microsoft PowerPoint
862,Sales Executive,Sales Managers,10,8,2,"Active Listening, Microsoft Excel"
864,Sales Executive,Sales Managers,10,6,4,"Active Learning, Active Listening, Microsoft Excel, Speaking"
865,Research Scientist,Natural Sciences Managers,9,8,1,Reading Comprehension
867,Manufacturing Director,Industrial Production Managers,10,7,3,"Microsoft Outlook, Microsoft PowerPoint, Speaking"
868,Sales Executive,Sales Managers,10,7,3,"Microsoft Office software, Microsoft Outlook, Reading Comprehension"
869,Human Resources,Human Resources Specialists,10,7,3,"Applicant tracking software, Critical Thinking, Writing"
872,Manufacturing Director,Industrial Production Managers,10,9,1,Learning Strategies
874,Laboratory Technician,Chemical Technicians,9,7,2,"Microsoft Excel, Monitoring"
875,Research Scientist,Natural Sciences Managers,9,6,3,"Microsoft Excel, Microsoft Office software, Science"
878,Human Resources,Human Resources Specialists,10,7,3,"Active Learning, Active Listening, Critical Thinking"
879,Sales Executive,Sales Managers,10,7,3,"Critical Thinking, Microsoft Outlook, Microsoft PowerPoint"
880,Manufacturing Director,Industrial Production Managers,10,6,4,"Learning Strategies, Microsoft Excel, Monitoring, Reading Comprehension"
881,Research Scientist,Natural Sciences Managers,9,5,4,"Active Listening, Critical Thinking, Reading Comprehension, Science"
882,Laboratory Technician,Chemical Technicians,9,7,2,"Microsoft Office software, Writing"
885,Sales Executive,Sales Managers,10,9,1,Critical Thinking
887,Research Scientist,Natural Sciences Managers,9,7,2,"Critical Thinking, Writing"
888,Laboratory Technician,Chemical Technicians,9,6,3,"Active Listening, Critical Thinking, Reading Comprehension"
889,Sales Executive,Sales Managers,10,5,5,"Microsoft Excel, Microsoft Office software, Microsoft Outlook, Monitoring, Speaking"
893,Sales Representative,"Sales Representatives of Services, Except Advertising, Insurance, Financial Services, and Travel",9,7,2,"Critical Thinking, Writing"
894,Laboratory Technician,Chemical Technicians,9,5,4,"Active Listening, Critical Thinking, Monitoring, Science"
895,Research Scientist,Natural Sciences Managers,9,7,2,"Microsoft PowerPoint, Science"
896,Sales Representative,"Sales Representatives of Services, Except Advertising, Insurance, Financial Services, and Travel",9,8,1,Active Learning
897,Sales Executive,Sales Managers,10,8,2,"Active Learning, Critical Thinking"
899,Manufacturing Director,Industrial Production Managers,10,8,2,"Microsoft Office software, Speaking"
900,Sales Representative,"Sales Representatives of Services, Except Advertising, Insurance, Financial Services, and Travel",9,5,4,"Active Learning, Active Listening, Critical Thinking, Writing"
901,Research Director,Natural Sciences Managers,9,7,2,"Monitoring, Writing"
902,Healthcare Representative,"Sales Representatives, Wholesale and Manufacturing, Technical and Scientific Products",10,6,4,"Active Learning, Active Listening, Microsoft Office software, Reading Comprehension"
903,Sales Executive,Sales Managers,10,6,4,"Active Listening, Critical Thinking, Microsoft Excel, Speaking"
904,Sales Executive,Sales Managers,10,6,4,"Active Learning, Microsoft Outlook, Microsoft PowerPoint, Speaking"
905,Manager,General and Operations Managers,9,8,1,Microsoft Excel
909,Human Resources,Human Resources Specialists,10,8,2,"Applicant tracking software, Microsoft Excel"
910,Human Resources,Human Resources Specialists,10,6,4,"Active Learning, Applicant tracking software, Microsoft Excel, Microsoft Outlook"
911,Laboratory Technician,Chemical Technicians,9,6,3,"Microsoft Excel, Microsoft Office software, Reading Comprehension"
912,Laboratory Technician,Chemical Technicians,9,8,1,Microsoft Office software
913,Research Scientist,Natural Sciences Managers,9,5,4,"Active Listening, Microsoft Excel, Monitoring, Writing"
916,Sales Executive,Sales Managers,10,6,4,"Critical Thinking, Microsoft Office software, Microsoft Outlook, Reading Comprehension"
918,Laboratory Technician,Chemical Technicians,9,5,4,"Critical Thinking, Monitoring, Reading Comprehension, Writing"
920,Manufacturing Director,Industrial Production Managers,10,7,3,"Active Listening, Learning Strategies, Speaking"
922,Sales Representative,"Sales Representatives of Services, Except Advertising, Insurance, Financial Services, and Travel",9,6,3,"Active Listening, Microsoft Excel, Reading Comprehension"
923,Research Scientist,Natural Sciences Managers,9,8,1,Science
924,Healthcare Representative,"Sales Representatives, Wholesale and Manufacturing, Technical and Scientific Products",10,9,1,Writing
925,Sales Representative,"Sales Representatives of Services, Except Advertising, Insurance, Financial Services, and Travel",9,8,1,Reading Comprehension
926,Manufacturing Director,Industrial Production Managers,10,7,3,"Active Listening, Microsoft Excel, Microsoft PowerPoint"
927,Laboratory Technician,Chemical Technicians,9,7,2,"Monitoring, Reading Comprehension"
930,Research Scientist,Natural Sciences Managers,9,6,3,"Critical Thinking, Microsoft Office software, Science"
932,Laboratory Technician,Chemical Technicians,9,8,1,Microsoft Outlook
933,Research Scientist,Natural Sciences Managers,9,5,4,"Microsoft Excel, Monitoring, Reading Comprehension, Writing"
934,Laboratory Technician,Chemical Technicians,9,6,3,"Microsoft Office software, Microsoft Outlook, Science"
936,Sales Executive,Sales Managers,10,6,4,"Active Learning, Active Listening, Microsoft Outlook, Monitoring"
939,Research Scientist,Natural Sciences Managers,9,8,1,Microsoft Office software
940,Healthcare Representative,"Sales Representatives, Wholesale and Manufacturing, Technical and Scientific Products",10,7,3,"Active Listening, Reading Comprehension, Speaking"
941,Sales Representative,"Sales Representatives of Services, Except Advertising, Insurance, Financial Services, and Travel",9,6,3,"Microsoft Excel, Reading Comprehension, Speaking"
942,Healthcare Representative,"Sales Representatives, Wholesale and Manufacturing, Technical and Scientific Products",10,6,4,"Reading Comprehension, Salesforce software, Speaking, Writing"
944,Laboratory Technician,Chemical Technicians,9,6,3,"Critical Thinking, Microsoft Office software, Writing"
945,Research Scientist,Natural Sciences Managers,9,6,3,"Active Listening, Microsoft PowerPoint, Monitoring"
947,Sales Executive,Sales Managers,10,7,3,"Active Listening, Microsoft Outlook, Microsoft PowerPoint"
949,Research Scientist,Natural Sciences Managers,9,6,3,"Active Listening, Monitoring, Reading Comprehension"
950,Research Director,Natural Sciences Managers,9,6,3,"Microsoft Excel, Microsoft Office software, Reading Comprehension"
951,Laboratory Technician,Chemical Technicians,9,7,2,"Active Listening, Microsoft Excel"
952,Sales Representative,"Sales Representatives of Services, Except Advertising, Insurance, Financial Services, and Travel",9,5,4,"Microsoft Excel, Microsoft Office software, Speaking, Writing"
954,Sales Executive,Sales Managers,10,7,3,"Active Learning, Critical Thinking, Speaking"
956,Sales Executive,Sales Managers,10,7,3,"Active Learning, Critical Thinking, Monitoring"
957,Laboratory Technician,Chemical Technicians,9,6,3,"Microsoft Outlook, Monitoring, Science"
958,Laboratory Technician,Chemical Technicians,9,7,2,"Active Listening, Reading Comprehension"
959,Sales Representative,"Sales Representatives of Services, Except Advertising, Insurance, Financial Services, and Travel",9,7,2,"Active Listening, Speaking"
960,Laboratory Technician,Chemical Technicians,9,5,4,"Microsoft Office software, Monitoring, Reading Comprehension, Science"
961,Healthcare Representative,"Sales Representatives, Wholesale and Manufacturing, Technical and Scientific Products",10,7,3,"Microsoft Excel, Reading Comprehension, Writing"
964,Research Scientist,Natural Sciences Managers,9,6,3,"Microsoft Excel, Reading Comprehension, Writing"
966,Manufacturing Director,Industrial Production Managers,10,6,4,"Learning Strategies, Microsoft Excel, Microsoft Office software, Speaking"
967,Sales Executive,Sales Managers,10,7,3,"Critical Thinking, Microsoft Outlook, Microsoft PowerPoint"
969,Healthcare Representative,"Sales Representatives, Wholesale and Manufacturing, Technical and Scientific Products",10,8,2,"Microsoft Excel, Microsoft Outlook"
970,Sales Executive,Sales Managers,10,9,1,Active Learning
972,Laboratory Technician,Chemical Technicians,9,7,2,"Microsoft Office software, Science"
974,Sales Representative,"Sales Representatives of Services, Except Advertising, Insurance, Financial Services, and Travel",9,7,2,"Active Listening, Writing"
975,Sales Executive,Sales Managers,10,6,4,"Active Learning, Critical Thinking, Microsoft Office software, Speaking"
976,Manager,General and Operations Managers,9,7,2,"Active Listening, Microsoft Excel"
977,Research Scientist,Natural Sciences Managers,9,7,2,"Reading Comprehension, Science"
981,Manager,General and Operations Managers,9,6,3,"Active Listening, Critical Thinking, Microsoft Excel"
982,Sales Executive,Sales Managers,10,7,3,"Critical Thinking, Microsoft Office software, Speaking"
983,Sales Executive,Sales Managers,10,7,3,"Active Learning, Microsoft PowerPoint, Reading Comprehension"
984,Sales Executive,Sales Managers,10,6,4,"Active Listening, Critical Thinking, Microsoft Office software, Speaking"
985,Sales Executive,Sales Managers,10,6,4,"Microsoft Excel, Microsoft PowerPoint, Monitoring, Reading Comprehension"
986,Sales Executive,Sales Managers,10,5,5,"Microsoft Excel, Microsoft Office software, Monitoring, Reading Comprehension, Speaking"
987,Manufacturing Director,Industrial Production Managers,10,8,2,"Active Listening, Microsoft Office software"
990,Sales Executive,Sales Managers,10,5,5,"Active Listening, Critical Thinking, Microsoft Excel, Microsoft Office software, Microsoft Outlook"
991,Research Scientist,Natural Sciences Managers,9,7,2,"Microsoft PowerPoint, Reading Comprehension"
992,Manager,General and Operations Managers,9,7,2,"Critical Thinking, Speaking"
994,Research Scientist,Natural Sciences Managers,9,6,3,"Active Listening, Critical Thinking, Microsoft PowerPoint"
995,Research Scientist,Natural Sciences Managers,9,5,4,"Microsoft Excel, Reading Comprehension, Science, Writing"
996,Laboratory Technician,Chemical Technicians,9,5,4,"Active Listening, Microsoft Excel, Monitoring, Science"
997,Research Director,Natural Sciences Managers,9,6,3,"Active Listening, Microsoft Office software, Writing"
998,Healthcare Representative,"Sales Representatives, Wholesale and Manufacturing, Technical and Scientific Products",10,8,2,"Microsoft Excel, Microsoft Office software"
999,Research Director,Natural Sciences Managers,9,7,2,"Active Listening, Microsoft PowerPoint"
1001,Laboratory Technician,Chemical Technicians,9,7,2,"Microsoft Office software, Monitoring"
1002,Laboratory Technician,Chemical Technicians,9,6,3,"Microsoft Office software, Reading Comprehension, Science"
1003,Sales Executive,Sales Managers,10,6,4,"Active Learning, Microsoft Outlook, Reading Comprehension, Speaking"
1004,Research Scientist,Natural Sciences Managers,9,5,4,"Active Listening, Critical Thinking, Microsoft PowerPoint, Monitoring"
1005,Manufacturing Director,Industrial Production Managers,10,5,5,"Critical Thinking, Microsoft Office software, Microsoft Outlook, Reading Comprehension, Speaking"
1006,Research Scientist,Natural Sciences Managers,9,6,3,"Microsoft Excel, Reading Comprehension, Writing"
1007,Manufacturing Director,Industrial Production Managers,10,5,5,"Critical Thinking, Microsoft Excel, Microsoft PowerPoint, Monitoring, Reading Comprehension"
1009,Manufacturing Director,Industrial Production Managers,10,5,5,"Active Listening, Critical Thinking, Learning Strategies, Microsoft Outlook, Microsoft PowerPoint"
1010,Laboratory Technician,Chemical Technicians,9,5,4,"Active Listening, Microsoft Excel, Microsoft Outlook, Reading Comprehension"
1011,Manufacturing Director,Industrial Production Managers,10,6,4,"Active Listening, Microsoft Office software, Microsoft Outlook, Monitoring"
1012,Research Scientist,Natural Sciences Managers,9,6,3,"Active Listening, Microsoft Excel, Monitoring"
1013,Manufacturing Director,Industrial Production Managers,10,8,2,"Microsoft PowerPoint, Monitoring"
1014,Healthcare Representative,"Sales Representatives, Wholesale and Manufacturing, Technical and Scientific Products",10,7,3,"Active Learning, Speaking, Writing"
1015,Research Director,Natural Sciences Managers,9,6,3,"Microsoft Excel, Microsoft PowerPoint, Writing"
1016,Research Scientist,Natural Sciences Managers,9,5,4,"Critical Thinking, Microsoft Excel, Reading Comprehension, Writing"
1017,Laboratory Technician,Chemical Technicians,9,8,1,Critical Thinking
1018,Manufacturing Director,Industrial Production Managers,10,7,3,"Active Listening, Critical Thinking, Reading Comprehension"
1019,Laboratory Technician,Chemical Technicians,9,5,4,"Active Listening, Critical Thinking, Microsoft Excel, Microsoft Outlook"
1022,Healthcare Representative,"Sales Representatives, Wholesale and Manufacturing, Technical and Scientific Products",10,5,5,"Active Learning, Active Listening, Microsoft Office software, Microsoft Outlook, Salesforce software"
1024,Healthcare Representative,"Sales Representatives, Wholesale and Manufacturing, Technical and Scientific Products",10,6,4,"Active Learning, Critical Thinking, Microsoft Office software, Salesforce software"
1025,Manufacturing Director,Industrial Production Managers,10,8,2,"Learning Strategies, Reading Comprehension"
1026,Manufacturing Director,Industrial Production Managers,10,6,4,"Active Listening, Microsoft Outlook, Microsoft PowerPoint, Monitoring"
1027,Manufacturing Director,Industrial Production Managers,10,5,5,"Active Listening, Critical Thinking, Microsoft Excel, Microsoft Outlook, Monitoring"
1028,Laboratory Technician,Chemical Technicians,9,7,2,"Monitoring, Science"
1029,Manager,General and Operations Managers,9,8,1,Microsoft Office software
1030,Laboratory Technician,Chemical Technicians,9,5,4,"Active Listening, Microsoft Outlook, Reading Comprehension, Writing"
1032,Manufacturing Director,Industrial Production Managers,10,9,1,Monitoring
1033,Healthcare Representative,"Sales Representatives, Wholesale and Manufacturing, Technical and Scientific Products",10,8,2,"Microsoft Excel, Writing"
1034,Healthcare Representative,"Sales Representatives, Wholesale and Manufacturing, Technical and Scientific Products",10,9,1,Microsoft Outlook
1035,Research Director,Natural Sciences Managers,9,6,3,"Active Listening, Monitoring, Science"
1036,Sales Executive,Sales Managers,10,6,4,"Active Learning, Microsoft Excel, Microsoft Office software, Microsoft Outlook"
1037,Sales Executive,Sales Managers,10,6,4,"Active Learning, Critical Thinking, Microsoft Excel, Speaking"
1038,Manager,General and Operations Managers,9,6,3,"Microsoft Excel, Microsoft Office software, Microsoft PowerPoint"
1039,Sales Executive,Sales Managers,10,8,2,"Active Learning, Critical Thinking"
1040,Sales Executive,Sales Managers,10,8,2,"Microsoft Office software, Microsoft PowerPoint"
1042,Laboratory Technician,Chemical Technicians,9,6,3,"Microsoft Office software, Microsoft Outlook, Reading Comprehension"
1043,Manufacturing Director,Industrial Production Managers,10,6,4,"Active Listening, Learning Strategies, Microsoft Excel, Monitoring"
1044,Sales Representative,"Sales Representatives of Services, Except Advertising, Insurance, Financial Services, and Travel",9,5,4,"Active Listening, Critical Thinking, Microsoft Office software, Reading Comprehension"
1045,Manager,General and Operations Managers,9,8,1,Critical Thinking
1046,Laboratory Technician,Chemical Technicians,9,5,4,"Critical Thinking, Microsoft Office software, Microsoft Outlook, Science"
1047,Sales Executive,Sales Managers,10,7,3,"Microsoft Outlook, Reading Comprehension, Speaking"
1048,Manager,General and Operations Managers,9,7,2,"Critical Thinking, Microsoft Office software"
1049,Human Resources,Human Resources Specialists,10,6,4,"Active Learning, Microsoft Outlook, Reading Comprehension, Speaking"
1050,Sales Executive,Sales Managers,10,7,3,"Microsoft Outlook, Microsoft PowerPoint, Reading Comprehension"
1052,Laboratory Technician,Chemical Technicians,9,6,3,"Active Listening, Monitoring, Science"
1053,Research Scientist,Natural Sciences Managers,9,8,1,Microsoft PowerPoint
1055,Sales Representative,"Sales Representatives of Services, Except Advertising, Insurance, Financial Services, and Travel",9,7,2,"Reading Comprehension, Salesforce software"
1056,Sales Representative,"Sales Representatives of Services, Except Advertising, Insurance, Financial Services, and Travel",9,8,1,Writing
1060,Research Scientist,Natural Sciences Managers,9,8,1,Microsoft Office software
1061,Research Director,Natural Sciences Managers,9,7,2,"Critical Thinking, Monitoring"
1062,Healthcare Representative,"Sales Representatives, Wholesale and Manufacturing, Technical and Scientific Products",10,8,2,"Active Listening, Critical Thinking"
1066,Sales Executive,Sales Managers,10,7,3,"Critical Thinking, Microsoft Excel, Microsoft Office software"
1068,Research Scientist,Natural Sciences Managers,9,7,2,"Microsoft Office software, Science"
1069,Research Director,Natural Sciences Managers,9,8,1,Microsoft Excel
1070,Sales Executive,Sales Managers,10,6,4,"Active Listening, Critical Thinking, Microsoft Office software, Reading Comprehension"
1071,Research Scientist,Natural Sciences Managers,9,5,4,"Critical Thinking, Microsoft Excel, Microsoft Office software, Monitoring"
1073,Manufacturing Director,Industrial Production Managers,10,6,4,"Microsoft Outlook, Monitoring, Reading Comprehension, Speaking"
1074,Manager,General and Operations Managers,9,8,1,Microsoft Excel
1076,Sales Executive,Sales Managers,10,6,4,"Critical Thinking, Microsoft PowerPoint, Monitoring, Speaking"
1077,Sales Representative,"Sales Representatives of Services, Except Advertising, Insurance, Financial Services, and Travel",9,8,1,Active Learning
1079,Laboratory Technician,Chemical Technicians,9,8,1,Writing
1080,Research Scientist,Natural Sciences Managers,9,8,1,Science
1081,Research Scientist,Natural Sciences Managers,9,6,3,"Reading Comprehension, Science, Writing"
1082,Healthcare Representative,"Sales Representatives, Wholesale and Manufacturing, Technical and Scientific Products",10,8,2,"Active Learning, Salesforce software"
1083,Laboratory Technician,Chemical Technicians,9,6,3,"Critical Thinking, Monitoring, Reading Comprehension"
1084,Manufacturing Director,Industrial Production Managers,10,8,2,"Critical Thinking, Reading Comprehension"
1085,Research Scientist,Natural Sciences Managers,9,8,1,Active Listening
1088,Healthcare Representative,"Sales Representatives, Wholesale and Manufacturing, Technical and Scientific Products",10,7,3,"Critical Thinking, Microsoft Outlook, Writing"
1092,Healthcare Representative,"Sales Representatives, Wholesale and Manufacturing, Technical and Scientific Products",10,5,5,"Active Listening, Critical Thinking, Microsoft Excel, Microsoft Outlook, Speaking"
1094,Laboratory Technician,Chemical Technicians,9,7,2,"Microsoft Outlook, Monitoring"
1096,Manufacturing Director,Industrial Production Managers,10,9,1,Reading Comprehension
1097,Research Scientist,Natural Sciences Managers,9,6,3,"Microsoft Office software, Microsoft PowerPoint, Writing"
1098,Human Resources,Human Resources Specialists,10,7,3,"Active Learning, Critical Thinking, Microsoft Office software"
1099,Healthcare Representative,"Sales Representatives, Wholesale and Manufacturing, Technical and Scientific Products",10,5,5,"Active Listening, Microsoft Office software, Microsoft Outlook, Reading Comprehension, Speaking"
1100,Sales Executive,Sales Managers,10,6,4,"Microsoft Excel, Microsoft Office software, Microsoft Outlook, Microsoft PowerPoint"
1101,Research Scientist,Natural Sciences Managers,9,8,1,Active Listening
1102,Laboratory Technician,Chemical Technicians,9,6,3,"Active Listening, Microsoft Excel, Microsoft Outlook"
1103,Healthcare Representative,"Sales Representatives, Wholesale and Manufacturing, Technical and Scientific Products",10,6,4,"Critical Thinking, Microsoft Excel, Reading Comprehension, Salesforce software"
1105,Sales Executive,Sales Managers,10,8,2,"Microsoft Excel, Reading Comprehension"
1106,Laboratory Technician,Chemical Technicians,9,7,2,"Science, Writing"
1107,Laboratory Technician,Chemical Technicians,9,7,2,"Monitoring, Science"
1108,Research Scientist,Natural Sciences Managers,9,6,3,"Active Listening, Microsoft PowerPoint, Writing"
1109,Manager,General and Operations Managers,9,6,3,"Microsoft Office software, Microsoft PowerPoint, Reading Comprehension"
1111,Laboratory Technician,Chemical Technicians,9,8,1,Science
1113,Sales Executive,Sales Managers,10,9,1,Critical Thinking
1114,Sales Executive,Sales Managers,10,6,4,"Active Listening, Critical Thinking, Monitoring, Speaking"
1115,Research Scientist,Natural Sciences Managers,9,5,4,"Microsoft Excel, Monitoring, Science, Writing"
1116,Manager,General and Operations Managers,9,8,1,Active Learning
1117,Sales Executive,Sales Managers,10,8,2,"Active Learning, Speaking"
1118,Healthcare Representative,"Sales Representatives, Wholesale and Manufacturing, Technical and Scientific Products",10,7,3,"Active Listening, Critical Thinking, Microsoft Excel"
1119,Sales Executive,Sales Managers,10,8,2,"Microsoft Excel, Microsoft Outlook"
1120,Research Scientist,Natural Sciences Managers,9,6,3,"Microsoft Office software, Microsoft PowerPoint, Science"
1121,Manufacturing Director,Industrial Production Managers,10,6,4,"Learning Strategies, Monitoring, Reading Comprehension, Speaking"
1124,Manager,General and Operations Managers,9,5,4,"Active Learning, Active Listening, Critical Thinking, Monitoring"
1125,Sales Executive,Sales Managers,10,9,1,Active Learning
1126,Manufacturing Director,Industrial Production Managers,10,6,4,"Microsoft Excel, Microsoft Outlook, Monitoring, Speaking"
1127,Healthcare Representative,"Sales Representatives, Wholesale and Manufacturing, Technical and Scientific Products",10,8,2,"Active Learning, Microsoft Office software"
1128,Research Director,Natural Sciences Managers,9,8,1,Critical Thinking
1131,Research Scientist,Natural Sciences Managers,9,7,2,"Microsoft PowerPoint, Reading Comprehension"
1132,Laboratory Technician,Chemical Technicians,9,5,4,"Critical Thinking, Microsoft Office software, Microsoft Outlook, Writing"
1133,Manufacturing Director,Industrial Production Managers,10,7,3,"Critical Thinking, Microsoft Office software, Monitoring"
1135,Sales Representative,"Sales Representatives of Services, Except Advertising, Insurance, Financial Services, and Travel",9,7,2,"Microsoft Excel, Writing"
1136,Research Scientist,Natural Sciences Managers,9,8,1,Microsoft Excel
1137,Sales Executive,Sales Managers,10,6,4,"Active Listening, Microsoft Outlook, Monitoring, Speaking"
1138,Sales Executive,Sales Managers,10,7,3,"Microsoft Office software, Microsoft Outlook, Speaking"
1140,Manufacturing Director,Industrial Production Managers,10,6,4,"Microsoft Excel, Microsoft PowerPoint, Monitoring, Reading Comprehension"
1143,Research Scientist,Natural Sciences Managers,9,8,1,Writing
1148,Laboratory Technician,Chemical Technicians,9,8,1,Microsoft Excel
1150,Manufacturing Director,Industrial Production Managers,10,7,3,"Critical Thinking, Microsoft Office software, Speaking"
1152,Human Resources,Human Resources Specialists,10,6,4,"Critical Thinking, Microsoft Office software, Microsoft Outlook, Writing"
1154,Research Scientist,Natural Sciences Managers,9,6,3,"Microsoft PowerPoint, Monitoring, Reading Comprehension"
1156,Laboratory Technician,Chemical Technicians,9,7,2,"Microsoft Office software, Monitoring"
1157,Sales Executive,Sales Managers,10,8,2,"Microsoft Outlook, Microsoft PowerPoint"
1158,Laboratory Technician,Chemical Technicians,9,5,4,"Critical Thinking, Reading Comprehension, Science, Writing"
1160,Laboratory Technician,Chemical Technicians,9,5,4,"Critical Thinking, Microsoft Outlook, Science, Writing"
1161,Healthcare Representative,"Sales Representatives, Wholesale and Manufacturing, Technical and Scientific Products",10,8,2,"Critical Thinking, Microsoft Outlook"
1162,Research Scientist,Natural Sciences Managers,9,6,3,"Microsoft Office software, Reading Comprehension, Writing"
1163,Sales Executive,Sales Managers,10,6,4,"Active Listening, Critical Thinking, Microsoft Outlook, Microsoft PowerPoint"
1164,Human Resources,Human Resources Specialists,10,8,2,"Applicant tracking software, Microsoft Outlook"
1165,Sales Executive,Sales Managers,10,8,2,"Microsoft Excel, Microsoft Outlook"
1166,Research Director,Natural Sciences Managers,9,8,1,Monitoring
1167,Sales Executive,Sales Managers,10,8,2,"Microsoft Excel, Microsoft PowerPoint"
1171,Sales Executive,Sales Managers,10,8,2,"Microsoft Office software, Speaking"
1172,Laboratory Technician,Chemical Technicians,9,8,1,Reading Comprehension
1173,Laboratory Technician,Chemical Technicians,9,7,2,"Microsoft Excel, Writing"
1175,Laboratory Technician,Chemical Technicians,9,7,2,"Science, Writing"
1177,Laboratory Technician,Chemical Technicians,9,5,4,"Active Listening, Microsoft Excel, Microsoft Office software, Writing"
1179,Sales Executive,Sales Managers,10,6,4,"Active Learning, Microsoft Office software, Microsoft Outlook, Microsoft PowerPoint"
1180,Research Scientist,Natural Sciences Managers,9,7,2,"Microsoft Office software, Monitoring"
1182,Manufacturing Director,Industrial Production Managers,10,8,2,"Microsoft Office software, Speaking"
1184,Healthcare Representative,"Sales Representatives, Wholesale and Manufacturing, Technical and Scientific Products",10,8,2,"Microsoft Outlook, Writing"
1185,Laboratory Technician,Chemical Technicians,9,7,2,"Microsoft Office software, Writing"
1188,Sales Executive,Sales Managers,10,6,4,"Active Learning, Active Listening, Microsoft Excel, Microsoft Office software"
1190,Sales Representative,"Sales Representatives of Services, Except Advertising, Insurance, Financial Services, and Travel",9,6,3,"Active Learning, Microsoft Excel, Speaking"
1191,Manager,General and Operations Managers,9,5,4,"Active Learning, Microsoft Excel, Microsoft Office software, Reading Comprehension"
1192,Laboratory Technician,Chemical Technicians,9,8,1,Science
1193,Research Scientist,Natural Sciences Managers,9,5,4,"Microsoft Office software, Microsoft PowerPoint, Science, Writing"
1195,Research Scientist,Natural Sciences Managers,9,8,1,Microsoft Excel
1196,Manufacturing Director,Industrial Production Managers,10,5,5,"Learning Strategies, Microsoft Excel, Microsoft Office software, Microsoft PowerPoint, Reading Comprehension"
1198,Laboratory Technician,Chemical Technicians,9,6,3,"Active Listening, Critical Thinking, Microsoft Outlook"
1200,Research Scientist,Natural Sciences Managers,9,7,2,"Microsoft Excel, Writing"
1201,Manager,General and Operations Managers,9,6,3,"Microsoft Excel, Microsoft PowerPoint, Reading Comprehension"
1202,Research Scientist,Natural Sciences Managers,9,5,4,"Microsoft Excel, Microsoft Office software, Monitoring, Reading Comprehension"
1203,Research Scientist,Natural Sciences Managers,9,5,4,"Active Listening, Microsoft Excel, Microsoft Office software, Writing"
1204,Manager,General and Operations Managers,9,7,2,"Active Listening, Microsoft PowerPoint"
1206,Research Scientist,Natural Sciences Managers,9,5,4,"Active Listening, Critical Thinking, Microsoft Excel, Monitoring"
1207,Human Resources,Human Resources Specialists,10,6,4,"Active Learning, Critical Thinking, Microsoft Outlook, Writing"
1210,Research Scientist,Natural Sciences Managers,9,6,3,"Active Listening, Microsoft Excel, Writing"
1211,Sales Executive,Sales Managers,10,7,3,"Microsoft Excel, Microsoft Office software, Microsoft PowerPoint"
1212,Sales Executive,Sales Managers,10,6,4,"Active Learning, Microsoft Office software, Microsoft Outlook, Speaking"
1215,Manager,General and Operations Managers,9,5,4,"Critical Thinking, Microsoft Office software, Microsoft PowerPoint, Monitoring"
1216,Laboratory Technician,Chemical Technicians,9,5,4,"Active Listening, Critical Thinking, Monitoring, Science"
1217,Research Director,Natural Sciences Managers,9,6,3,"Critical Thinking, Microsoft Excel, Writing"
1218,Sales Executive,Sales Managers,10,7,3,"Critical Thinking, Microsoft PowerPoint, Monitoring"
1219,Laboratory Technician,Chemical Technicians,9,7,2,"Microsoft Outlook, Science"
1220,Sales Executive,Sales Managers,10,8,2,"Active Learning, Active Listening"
1221,Laboratory Technician,Chemical Technicians,9,7,2,"Microsoft Excel, Monitoring"
1224,Laboratory Technician,Chemical Technicians,9,6,3,"Critical Thinking, Monitoring, Reading Comprehension"
1225,Research Scientist,Natural Sciences Managers,9,7,2,"Critical Thinking, Science"
1226,Sales Representative,"Sales Representatives of Services, Except Advertising, Insurance, Financial Services, and Travel",9,6,3,"Active Learning, Critical Thinking, Reading Comprehension"
1228,Manufacturing Director,Industrial Production Managers,10,7,3,"Active Listening, Critical Thinking, Microsoft Excel"
1231,Human Resources,Human Resources Specialists,10,9,1,Microsoft Outlook
1233,Sales Executive,Sales Managers,10,7,3,"Microsoft Excel, Microsoft Office software, Reading Comprehension"
1234,Laboratory Technician,Chemical Technicians,9,8,1,Monitoring
1235,Research Scientist,Natural Sciences Managers,9,5,4,"Active Listening, Microsoft Excel, Microsoft PowerPoint, Monitoring"
1237,Manufacturing Director,Industrial Production Managers,10,7,3,"Learning Strategies, Microsoft Excel, Monitoring"
1238,Research Scientist,Natural Sciences Managers,9,8,1,Microsoft PowerPoint
1239,Sales Executive,Sales Managers,10,7,3,"Active Listening, Microsoft Outlook, Microsoft PowerPoint"
1240,Sales Executive,Sales Managers,10,5,5,"Critical Thinking, Microsoft Outlook, Monitoring, Reading Comprehension, Speaking"
1241,Research Scientist,Natural Sciences Managers,9,7,2,"Critical Thinking, Writing"
1242,Research Director,Natural Sciences Managers,9,5,4,"Critical Thinking, Microsoft Office software, Microsoft PowerPoint, Writing"
1243,Sales Executive,Sales Managers,10,6,4,"Microsoft Excel, Microsoft PowerPoint, Reading Comprehension, Speaking"
1244,Research Scientist,Natural Sciences Managers,9,8,1,Active Listening
1245,Manufacturing Director,Industrial Production Managers,10,8,2,"Microsoft Excel, Monitoring"
1246,Research Scientist,Natural Sciences Managers,9,7,2,"Microsoft Excel, Writing"
1248,Research Scientist,Natural Sciences Managers,9,5,4,"Active Listening, Reading Comprehension, Science, Writing"
1249,Research Scientist,Natural Sciences Managers,9,5,4,"Active Listening, Microsoft Office software, Science, Writing"
1250,Research Director,Natural Sciences Managers,9,7,2,"Microsoft Office software, Reading Comprehension"
1251,Healthcare Representative,"Sales Representatives, Wholesale and Manufacturing, Technical and Scientific Products",10,6,4,"Microsoft Excel, Microsoft Outlook, Reading Comprehension, Speaking"
1252,Healthcare Representative,"Sales Representatives, Wholesale and Manufacturing, Technical and Scientific Products",10,5,5,"Active Learning, Microsoft Excel, Salesforce software, Speaking, Writing"
1254,Sales Executive,Sales Managers,10,6,4,"Active Learning, Active Listening, Microsoft PowerPoint, Speaking"
1255,Research Director,Natural Sciences Managers,9,5,4,"Microsoft Excel, Microsoft Office software, Microsoft PowerPoint, Science"
1256,Manager,General and Operations Managers,9,6,3,"Active Learning, Critical Thinking, Microsoft Office software"
1257,Research Scientist,Natural Sciences Managers,9,5,4,"Critical Thinking, Microsoft PowerPoint, Monitoring, Writing"
1258,Laboratory Technician,Chemical Technicians,9,7,2,"Critical Thinking, Reading Comprehension"
1259,Research Scientist,Natural Sciences Managers,9,5,4,"Microsoft Excel, Microsoft PowerPoint, Science, Writing"
1260,Healthcare Representative,"Sales Representatives, Wholesale and Manufacturing, Technical and Scientific Products",10,7,3,"Microsoft Office software, Reading Comprehension, Writing"
1263,Research Director,Natural Sciences Managers,9,6,3,"Reading Comprehension, Science, Writing"
1264,Research Director,Natural Sciences Managers,9,8,1,Active Listening
1265,Research Scientist,Natural Sciences Managers,9,6,3,"Critical Thinking, Microsoft Office software, Monitoring"
1267,Manager,General and Operations Managers,9,5,4,"Microsoft Excel, Microsoft PowerPoint, Monitoring, Reading Comprehension"
1268,Sales Executive,Sales Managers,10,9,1,Active Learning
1269,Research Scientist,Natural Sciences Managers,9,6,3,"Microsoft Office software, Microsoft PowerPoint, Science"
1270,Research Scientist,Natural Sciences Managers,9,8,1,Monitoring
1273,Sales Representative,"Sales Representatives of Services, Except Advertising, Insurance, Financial Services, and Travel",9,7,2,"Critical Thinking, Writing"
1275,Research Scientist,Natural Sciences Managers,9,5,4,"Microsoft Office software, Reading Comprehension, Science, Writing"
1277,Manager,General and Operations Managers,9,5,4,"Active Learning, Monitoring, Reading Comprehension, Speaking"
1278,Healthcare Representative,"Sales Representatives, Wholesale and Manufacturing, Technical and Scientific Products",10,7,3,"Active Learning, Microsoft Office software, Writing"
1279,Laboratory Technician,Chemical Technicians,9,7,2,"Microsoft Outlook, Reading Comprehension"
1280,Manager,General and Operations Managers,9,8,1,Speaking
1281,Sales Executive,Sales Managers,10,8,2,"Microsoft PowerPoint, Speaking"
1282,Manager,General and Operations Managers,9,7,2,"Microsoft Office software, Reading Comprehension"
1283,Manufacturing Director,Industrial Production Managers,10,7,3,"Active Listening, Microsoft Excel, Microsoft PowerPoint"
1285,Laboratory Technician,Chemical Technicians,9,5,4,"Critical Thinking, Microsoft Excel, Reading Comprehension, Writing"
1286,Laboratory Technician,Chemical Technicians,9,5,4,"Critical Thinking, Microsoft Excel, Reading Comprehension, Writing"
1288,Manager,General and Operations Managers,9,6,3,"Active Listening, Microsoft Office software, Microsoft PowerPoint"
1289,Human Resources,Human Resources Specialists,10,6,4,"Active Listening, Critical Thinking, Reading Comprehension, Writing"
1291,Research Scientist,Natural Sciences Managers,9,6,3,"Microsoft Excel, Microsoft Office software, Reading Comprehension"
1292,Research Scientist,Natural Sciences Managers,9,7,2,"Reading Comprehension, Writing"
1293,Sales Executive,Sales Managers,10,9,1,Microsoft Excel
1294,Manufacturing Director,Industrial Production Managers,10,5,5,"Critical Thinking, Learning Strategies, Microsoft Excel, Microsoft Office software, Speaking"
1295,Healthcare Representative,"Sales Representatives, Wholesale and Manufacturing, Technical and Scientific Products",10,6,4,"Critical Thinking, Microsoft Office software, Microsoft Outlook, Speaking"
1296,Laboratory Technician,Chemical Technicians,9,5,4,"Critical Thinking, Microsoft Excel, Microsoft Outlook, Science"
1297,Laboratory Technician,Chemical Technicians,9,6,3,"Critical Thinking, Microsoft Excel, Writing"
1298,Manufacturing Director,Industrial Production Managers,10,6,4,"Microsoft Excel, Microsoft Office software, Monitoring, Speaking"
1299,Laboratory Technician,Chemical Technicians,9,6,3,"Microsoft Office software, Science, Writing"
1301,Research Scientist,Natural Sciences Managers,9,5,4,"Active Listening, Critical Thinking, Microsoft Excel, Science"
1303,Research Scientist,Natural Sciences Managers,9,7,2,"Microsoft Excel, Monitoring"
1304,Sales Executive,Sales Managers,10,6,4,"Active Listening, Critical Thinking, Microsoft PowerPoint, Reading Comprehension"
1306,Manager,General and Operations Managers,9,5,4,"Microsoft Excel, Microsoft PowerPoint, Monitoring, Speaking"
1307,Manager,General and Operations Managers,9,7,2,"Microsoft Excel, Speaking"
1308,Research Scientist,Natural Sciences Managers,9,8,1,Active Listening
1309,Laboratory Technician,Chemical Technicians,9,5,4,"Active Listening, Microsoft Outlook, Monitoring, Science"
1310,Research Scientist,Natural Sciences Managers,9,5,4,"Critical Thinking, Microsoft Office software, Microsoft PowerPoint, Writing"
1311,Laboratory Technician,Chemical Technicians,9,7,2,"Microsoft Outlook, Monitoring"
1312,Healthcare Representative,"Sales Representatives, Wholesale and Manufacturing, Technical and Scientific Products",10,6,4,"Active Listening, Microsoft Outlook, Reading Comprehension, Writing"
1314,Human Resources,Human Resources Specialists,10,6,4,"Active Listening, Microsoft Office software, Reading Comprehension, Writing"
1315,Laboratory Technician,Chemical Technicians,9,7,2,"Critical Thinking, Microsoft Office software"
1317,Research Director,Natural Sciences Managers,9,6,3,"Microsoft Office software, Microsoft PowerPoint, Writing"
1318,Sales Executive,Sales Managers,10,9,1,Monitoring
1319,Sales Executive,Sales Managers,10,5,5,"Active Learning, Active Listening, Critical Thinking, Microsoft Office software, Monitoring"
1321,Manager,General and Operations Managers,9,8,1,Microsoft Excel
1322,Manufacturing Director,Industrial Production Managers,10,7,3,"Critical Thinking, Learning Strategies, Microsoft Outlook"
1324,Sales Executive,Sales Managers,10,6,4,"Active Learning, Active Listening, Microsoft PowerPoint, Reading Comprehension"
1329,Sales Executive,Sales Managers,10,5,5,"Active Listening, Microsoft Excel, Microsoft Office software, Microsoft Outlook, Speaking"
1331,Sales Representative,"Sales Representatives of Services, Except Advertising, Insurance, Financial Services, and Travel",9,7,2,"Active Listening, Reading Comprehension"
1333,Laboratory Technician,Chemical Technicians,9,6,3,"Active Listening, Microsoft Excel, Writing"
1334,Manager,General and Operations Managers,9,8,1,Active Listening
1336,Manager,General and Operations Managers,9,6,3,"Critical Thinking, Microsoft Office software, Speaking"
1338,Manager,General and Operations Managers,9,7,2,"Microsoft Excel, Speaking"
1340,Research Scientist,Natural Sciences Managers,9,6,3,"Active Listening, Critical Thinking, Writing"
1344,Healthcare Representative,"Sales Representatives, Wholesale and Manufacturing, Technical and Scientific Products",10,6,4,"Active Learning, Active Listening, Critical Thinking, Microsoft Excel"
1346,Research Scientist,Natural Sciences Managers,9,8,1,Science
1349,Sales Executive,Sales Managers,10,6,4,"Active Listening, Critical Thinking, Reading Comprehension, Speaking"
1350,Research Scientist,Natural Sciences Managers,9,6,3,"Critical Thinking, Reading Comprehension, Writing"
1352,Manager,General and Operations Managers,9,7,2,"Critical Thinking, Microsoft PowerPoint"
1355,Sales Executive,Sales Managers,10,7,3,"Critical Thinking, Monitoring, Speaking"
1356,Sales Executive,Sales Managers,10,6,4,"Active Learning, Microsoft Outlook, Monitoring, Reading Comprehension"
1358,Laboratory Technician,Chemical Technicians,9,7,2,"Active Listening, Monitoring"
1360,Manufacturing Director,Industrial Production Managers,10,5,5,"Learning Strategies, Microsoft Excel, Microsoft Office software, Microsoft Outlook, Reading Comprehension"
1361,Laboratory Technician,Chemical Technicians,9,6,3,"Microsoft Excel, Microsoft Office software, Monitoring"
1362,Sales Executive,Sales Managers,10,8,2,"Active Learning, Reading Comprehension"
1363,Manufacturing Director,Industrial Production Managers,10,7,3,"Critical Thinking, Microsoft Excel, Reading Comprehension"
1364,Sales Representative,"Sales Representatives of Services, Except Advertising, Insurance, Financial Services, and Travel",9,7,2,"Active Listening, Salesforce software"
1367,Manufacturing Director,Industrial Production Managers,10,6,4,"Critical Thinking, Microsoft Excel, Microsoft PowerPoint, Speaking"
1368,Laboratory Technician,Chemical Technicians,9,6,3,"Microsoft Outlook, Monitoring, Science"
1369,Laboratory Technician,Chemical Technicians,9,5,4,"Active Listening, Microsoft Office software, Monitoring, Science"
1371,Sales Executive,Sales Managers,10,6,4,"Active Learning, Microsoft Outlook, Microsoft PowerPoint, Reading Comprehension"
1372,Sales Executive,Sales Managers,10,6,4,"Critical Thinking, Microsoft Excel, Monitoring, Speaking"
1373,Manufacturing Director,Industrial Production Managers,10,6,4,"Learning Strategies, Monitoring, Reading Comprehension, Speaking"
1374,Research Scientist,Natural Sciences Managers,9,8,1,Monitoring
1375,Healthcare Representative,"Sales Representatives, Wholesale and Manufacturing, Technical and Scientific Products",10,6,4,"Active Listening, Critical Thinking, Microsoft Outlook, Salesforce software"
1377,Laboratory Technician,Chemical Technicians,9,6,3,"Microsoft Outlook, Monitoring, Writing"
1379,Sales Representative,"Sales Representatives of Services, Except Advertising, Insurance, Financial Services, and Travel",9,6,3,"Active Learning, Critical Thinking, Speaking"
1380,Sales Executive,Sales Managers,10,9,1,Critical Thinking
1382,Research Scientist,Natural Sciences Managers,9,8,1,Microsoft Office software
1383,Healthcare Representative,"Sales Representatives, Wholesale and Manufacturing, Technical and Scientific Products",10,8,2,"Active Learning, Microsoft Excel"
1387,Sales Executive,Sales Managers,10,5,5,"Critical Thinking, Microsoft Excel, Microsoft Office software, Microsoft Outlook, Monitoring"
1389,Manufacturing Director,Industrial Production Managers,10,9,1,Microsoft Outlook
1390,Sales Executive,Sales Managers,10,8,2,"Active Learning, Microsoft Excel"
1391,Sales Executive,Sales Managers,10,7,3,"Microsoft Excel, Microsoft PowerPoint, Reading Comprehension"
1392,Research Scientist,Natural Sciences Managers,9,6,3,"Critical Thinking, Microsoft Excel, Microsoft Office software"
1394,Research Scientist,Natural Sciences Managers,9,7,2,"Critical Thinking, Reading Comprehension"
1395,Sales Executive,Sales Managers,10,5,5,"Active Listening, Microsoft Excel, Microsoft Office software, Microsoft Outlook, Monitoring"
1396,Sales Executive,Sales Managers,10,7,3,"Critical Thinking, Microsoft Excel, Microsoft Outlook"
1397,Healthcare Representative,"Sales Representatives, Wholesale and Manufacturing, Technical and Scientific Products",10,7,3,"Active Listening, Microsoft Excel, Microsoft Outlook"
1399,Sales Executive,Sales Managers,10,7,3,"Critical Thinking, Microsoft Excel, Monitoring"
1401,Manufacturing Director,Industrial Production Managers,10,8,2,"Reading Comprehension, Speaking"
1402,Research Scientist,Natural Sciences Managers,9,6,3,"Microsoft Excel, Monitoring, Reading Comprehension"
1403,Sales Executive,Sales Managers,10,7,3,"Microsoft Outlook, Microsoft PowerPoint, Reading Comprehension"
1405,Research Scientist,Natural Sciences Managers,9,6,3,"Critical Thinking, Monitoring, Writing"
1407,Research Scientist,Natural Sciences Managers,9,7,2,"Microsoft PowerPoint, Monitoring"
1408,Manager,General and Operations Managers,9,6,3,"Active Learning, Microsoft Excel, Microsoft PowerPoint"
1409,Laboratory Technician,Chemical Technicians,9,7,2,"Microsoft Outlook, Writing"
1411,Laboratory Technician,Chemical Technicians,9,7,2,"Monitoring, Reading Comprehension"
1412,Manufacturing Director,Industrial Production Managers,10,6,4,"Active Listening, Learning Strategies, Microsoft Office software, Monitoring"
1415,Laboratory Technician,Chemical Technicians,9,6,3,"Monitoring, Reading Comprehension, Science"
1417,Laboratory Technician,Chemical Technicians,9,5,4,"Active Listening, Microsoft Office software, Monitoring, Science"
1419,Human Resources,Human Resources Specialists,10,8,2,"Critical Thinking, Microsoft Excel"
1420,Laboratory Technician,Chemical Technicians,9,5,4,"Active Listening, Microsoft Excel, Microsoft Office software, Reading Comprehension"
1421,Healthcare Representative,"Sales Representatives, Wholesale and Manufacturing, Technical and Scientific Products",10,9,1,Microsoft Office software
1422,Research Director,Natural Sciences Managers,9,6,3,"Active Listening, Microsoft Excel, Writing"
1423,Research Director,Natural Sciences Managers,9,6,3,"Critical Thinking, Microsoft PowerPoint, Reading Comprehension"
1424,Research Director,Natural Sciences Managers,9,5,4,"Active Listening, Microsoft Office software, Microsoft PowerPoint, Science"
1425,Sales Executive,Sales Managers,10,6,4,"Microsoft Excel, Microsoft Outlook, Microsoft PowerPoint, Speaking"
1427,Sales Representative,"Sales Representatives of Services, Except Advertising, Insurance, Financial Services, and Travel",9,5,4,"Critical Thinking, Microsoft Excel, Salesforce software, Speaking"
1428,Sales Executive,Sales Managers,10,8,2,"Microsoft Office software, Microsoft Outlook"
1430,Research Director,Natural Sciences Managers,9,5,4,"Active Listening, Microsoft Office software, Microsoft PowerPoint, Science"
1431,Research Scientist,Natural Sciences Managers,9,7,2,"Microsoft Office software, Reading Comprehension"
1433,Research Scientist,Natural Sciences Managers,9,5,4,"Critical Thinking, Microsoft Office software, Microsoft PowerPoint, Reading Comprehension"
1434,Laboratory Technician,Chemical Technicians,9,5,4,"Active Listening, Microsoft Excel, Monitoring, Science"
1435,Laboratory Technician,Chemical Technicians,9,6,3,"Microsoft Excel, Microsoft Office software, Microsoft Outlook"
1436,Sales Executive,Sales Managers,10,5,5,"Active Learning, Microsoft Outlook, Microsoft PowerPoint, Monitoring, Speaking"
1438,Research Scientist,Natural Sciences Managers,9,8,1,Microsoft Excel
1439,Sales Representative,"Sales Representatives of Services, Except Advertising, Insurance, Financial Services, and Travel",9,7,2,"Microsoft Excel, Speaking"
1440,Laboratory Technician,Chemical Technicians,9,7,2,"Microsoft Office software, Reading Comprehension"
1441,Research Scientist,Natural Sciences Managers,9,7,2,"Microsoft Excel, Writing"
1443,Research Director,Natural Sciences Managers,9,7,2,"Microsoft Excel, Microsoft Office software"
1445,Sales Executive,Sales Managers,10,6,4,"Active Listening, Critical Thinking, Microsoft Excel, Microsoft Office software"
1446,Sales Executive,Sales Managers,10,8,2,"Active Learning, Critical Thinking"
1447,Laboratory Technician,Chemical Technicians,9,5,4,"Microsoft Excel, Reading Comprehension, Science, Writing"
1448,Research Scientist,Natural Sciences Managers,9,6,3,"Microsoft Excel, Microsoft PowerPoint, Science"
1449,Laboratory Technician,Chemical Technicians,9,5,4,"Active Listening, Microsoft Excel, Monitoring, Reading Comprehension"
1453,Sales Executive,Sales Managers,10,8,2,"Active Learning, Speaking"
1457,Sales Executive,Sales Managers,10,6,4,"Active Learning, Microsoft Excel, Microsoft Office software, Microsoft Outlook"
1458,Laboratory Technician,Chemical Technicians,9,5,4,"Critical Thinking, Microsoft Excel, Microsoft Outlook, Writing"
1459,Manufacturing Director,Industrial Production Managers,10,7,3,"Critical Thinking, Microsoft PowerPoint, Reading Comprehension"
1460,Healthcare Representative,"Sales Representatives, Wholesale and Manufacturing, Technical and Scientific Products",10,7,3,"Reading Comprehension, Speaking, Writing"
1461,Human Resources,Human Resources Specialists,10,6,4,"Applicant tracking software, Microsoft Office software, Microsoft Outlook, Writing"
1464,Laboratory Technician,Chemical Technicians,9,6,3,"Active Listening, Critical Thinking, Writing"
1465,Manufacturing Director,Industrial Production Managers,10,7,3,"Active Listening, Microsoft PowerPoint, Speaking"
1466,Sales Executive,Sales Managers,10,6,4,"Active Learning, Active Listening, Microsoft Outlook, Monitoring"
1467,Human Resources,Human Resources Specialists,10,6,4,"Active Listening, Applicant tracking software, Microsoft Excel, Writing"
1468,Research Director,Natural Sciences Managers,9,6,3,"Critical Thinking, Reading Comprehension, Science"
1469,Sales Executive,Sales Managers,10,6,4,"Critical Thinking, Microsoft Outlook, Monitoring, Reading Comprehension"
1471,Laboratory Technician,Chemical Technicians,9,8,1,Reading Comprehension
1472,Research Director,Natural Sciences Managers,9,7,2,"Active Listening, Critical Thinking"
1473,Healthcare Representative,"Sales Representatives, Wholesale and Manufacturing, Technical and Scientific Products",10,9,1,Critical Thinking
1474,Research Scientist,Natural Sciences Managers,9,5,4,"Critical Thinking, Microsoft Excel, Microsoft PowerPoint, Writing"
1475,Research Scientist,Natural Sciences Managers,9,5,4,"Active Listening, Microsoft Office software, Monitoring, Writing"
1477,Sales Executive,Sales Managers,10,7,3,"Active Learning, Microsoft Outlook, Reading Comprehension"
1478,Sales Executive,Sales Managers,10,8,2,"Microsoft Office software, Microsoft Outlook"
1479,Sales Executive,Sales Managers,10,8,2,"Microsoft Office software, Microsoft Outlook"
1480,Laboratory Technician,Chemical Technicians,9,8,1,Science
1481,Sales Executive,Sales Managers,10,7,3,"Critical Thinking, Microsoft Outlook, Microsoft PowerPoint"
1482,Research Scientist,Natural Sciences Managers,9,6,3,"Microsoft Office software, Microsoft PowerPoint, Reading Comprehension"
1483,Research Scientist,Natural Sciences Managers,9,5,4,"Microsoft Office software, Microsoft PowerPoint, Monitoring, Science"
1484,Healthcare Representative,"Sales Representatives, Wholesale and Manufacturing, Technical and Scientific Products",10,8,2,"Active Listening, Reading Comprehension"
1485,Research Director,Natural Sciences Managers,9,5,4,"Active Listening, Reading Comprehension, Science, Writing"
1486,Sales Representative,"Sales Representatives of Services, Except Advertising, Insurance, Financial Services, and Travel",9,6,3,"Active Learning, Reading Comprehension, Writing"
1487,Sales Executive,Sales Managers,10,8,2,"Active Learning, Microsoft Office software"
1489,Sales Executive,Sales Managers,10,6,4,"Active Learning, Critical Thinking, Microsoft Excel, Speaking"
1492,Sales Representative,"Sales Representatives of Services, Except Advertising, Insurance, Financial Services, and Travel",9,8,1,Reading Comprehension
1494,Laboratory Technician,Chemical Technicians,9,7,2,"Critical Thinking, Microsoft Excel"
1495,Sales Representative,"Sales Representatives of Services, Except Advertising, Insurance, Financial Services, and Travel",9,6,3,"Active Learning, Salesforce software, Writing"
1496,Manufacturing Director,Industrial Production Managers,10,7,3,"Learning Strategies, Microsoft Outlook, Speaking"
1497,Sales Executive,Sales Managers,10,8,2,"Microsoft Office software, Microsoft PowerPoint"
1499,Human Resources,Human Resources Specialists,10,8,2,"Applicant tracking software, Microsoft Office software"
1501,Healthcare Representative,"Sales Representatives, Wholesale and Manufacturing, Technical and Scientific Products",10,6,4,"Active Learning, Microsoft Outlook, Speaking, Writing"
1502,Laboratory Technician,Chemical Technicians,9,7,2,"Microsoft Office software, Monitoring"
1503,Sales Executive,Sales Managers,10,9,1,Critical Thinking
1504,Laboratory Technician,Chemical Technicians,9,7,2,"Microsoft Outlook, Science"
1506,Research Scientist,Natural Sciences Managers,9,5,4,"Active Listening, Critical Thinking, Microsoft Office software, Science"
1507,Sales Executive,Sales Managers,10,8,2,"Critical Thinking, Microsoft PowerPoint"
1509,Laboratory Technician,Chemical Technicians,9,5,4,"Active Listening, Microsoft Office software, Reading Comprehension, Science"
1513,Laboratory Technician,Chemical Technicians,9,6,3,"Active Listening, Microsoft Outlook, Writing"
1514,Manufacturing Director,Industrial Production Managers,10,7,3,"Microsoft PowerPoint, Reading Comprehension, Speaking"
1515,Healthcare Representative,"Sales Representatives, Wholesale and Manufacturing, Technical and Scientific Products",10,7,3,"Microsoft Outlook, Salesforce software, Speaking"
1516,Manager,General and Operations Managers,9,5,4,"Active Listening, Microsoft Excel, Reading Comprehension, Speaking"
1520,Manager,General and Operations Managers,9,7,2,"Critical Thinking, Microsoft Office software"
1522,Research Scientist,Natural Sciences Managers,9,7,2,"Microsoft Office software, Writing"
1523,Research Director,Natural Sciences Managers,9,6,3,"Critical Thinking, Monitoring, Reading Comprehension"
1525,Manufacturing Director,Industrial Production Managers,10,7,3,"Microsoft Office software, Microsoft PowerPoint, Monitoring"
1527,Manager,General and Operations Managers,9,5,4,"Microsoft Office software, Microsoft PowerPoint, Monitoring, Speaking"
1529,Healthcare Representative,"Sales Representatives, Wholesale and Manufacturing, Technical and Scientific Products",10,6,4,"Microsoft Excel, Microsoft Outlook, Speaking, Writing"
1533,Laboratory Technician,Chemical Technicians,9,5,4,"Active Listening, Microsoft Excel, Reading Comprehension, Writing"
1534,Laboratory Technician,Chemical Technicians,9,5,4,"Active Listening, Critical Thinking, Monitoring, Reading Comprehension"
1535,Sales Executive,Sales Managers,10,8,2,"Reading Comprehension, Speaking"
1537,Research Scientist,Natural Sciences Managers,9,5,4,"Active Listening, Critical Thinking, Monitoring, Science"
1539,Research Director,Natural Sciences Managers,9,6,3,"Microsoft PowerPoint, Reading Comprehension, Science"
1541,Sales Representative,"Sales Representatives of Services, Except Advertising, Insurance, Financial Services, and Travel",9,8,1,Active Listening
1542,Laboratory Technician,Chemical Technicians,9,7,2,"Microsoft Office software, Science"
1543,Research Scientist,Natural Sciences Managers,9,7,2,"Microsoft Excel, Writing"
1544,Healthcare Representative,"Sales Representatives, Wholesale and Manufacturing, Technical and Scientific Products",10,8,2,"Reading Comprehension, Salesforce software"
1545,Manufacturing Director,Industrial Production Managers,10,6,4,"Microsoft Outlook, Microsoft PowerPoint, Monitoring, Reading Comprehension"
1546,Research Scientist,Natural Sciences Managers,9,5,4,"Critical Thinking, Monitoring, Science, Writing"
1547,Healthcare Representative,"Sales Representatives, Wholesale and Manufacturing, Technical and Scientific Products",10,5,5,"Active Listening, Critical Thinking, Reading Comprehension, Salesforce software, Speaking"
1548,Sales Executive,Sales Managers,10,6,4,"Active Learning, Critical Thinking, Microsoft Outlook, Monitoring"
1549,Laboratory Technician,Chemical Technicians,9,7,2,"Active Listening, Reading Comprehension"
1550,Manager,General and Operations Managers,9,8,1,Microsoft Excel
1551,Laboratory Technician,Chemical Technicians,9,6,3,"Active Listening, Microsoft Outlook, Reading Comprehension"
1552,Healthcare Representative,"Sales Representatives, Wholesale and Manufacturing, Technical and Scientific Products",10,8,2,"Critical Thinking, Writing"
1553,Healthcare Representative,"Sales Representatives, Wholesale and Manufacturing, Technical and Scientific Products",10,7,3,"Critical Thinking, Microsoft Office software, Writing"
1554,Sales Representative,"Sales Representatives of Services, Except Advertising, Insurance, Financial Services, and Travel",9,8,1,Reading Comprehension
1555,Research Scientist,Natural Sciences Managers,9,7,2,"Microsoft PowerPoint, Writing"
1556,Sales Representative,"Sales Representatives of Services, Except Advertising, Insurance, Financial Services, and Travel",9,5,4,"Microsoft Office software, Salesforce software, Speaking, Writing"
1557,Sales Executive,Sales Managers,10,9,1,Active Listening
1558,Research Scientist,Natural Sciences Managers,9,6,3,"Active Listening, Critical Thinking, Writing"
1560,Sales Executive,Sales Managers,10,7,3,"Active Learning, Microsoft Excel, Microsoft Office software"
1562,Sales Executive,Sales Managers,10,5,5,"Active Learning, Microsoft Excel, Microsoft PowerPoint, Reading Comprehension, Speaking"
1563,Human Resources,Human Resources Specialists,10,6,4,"Applicant tracking software, Critical Thinking, Microsoft Office software, Reading Comprehension"
1564,Laboratory Technician,Chemical Technicians,9,5,4,"Critical Thinking, Microsoft Office software, Microsoft Outlook, Monitoring"
1568,Sales Executive,Sales Managers,10,6,4,"Microsoft Outlook, Microsoft PowerPoint, Reading Comprehension, Speaking"
1569,Laboratory Technician,Chemical Technicians,9,5,4,"Microsoft Excel, Microsoft Outlook, Reading Comprehension, Science"
1572,Manufacturing Director,Industrial Production Managers,10,6,4,"Critical Thinking, Learning Strategies, Monitoring, Speaking"
1573,Manufacturing Director,Industrial Production Managers,10,8,2,"Microsoft Office software, Monitoring"
1574,Research Scientist,Natural Sciences Managers,9,6,3,"Critical Thinking, Microsoft Excel, Microsoft Office software"
1576,Research Scientist,Natural Sciences Managers,9,8,1,Science
1577,Research Scientist,Natural Sciences Managers,9,5,4,"Active Listening, Microsoft Office software, Monitoring, Science"
1578,Manager,General and Operations Managers,9,5,4,"Active Learning, Active Listening, Microsoft Office software, Reading Comprehension"
1580,Research Scientist,Natural Sciences Managers,9,6,3,"Microsoft Excel, Microsoft PowerPoint, Reading Comprehension"
1581,Research Scientist,Natural Sciences Managers,9,6,3,"Microsoft PowerPoint, Monitoring, Writing"
1582,Sales Executive,Sales Managers,10,6,4,"Active Learning, Active Listening, Reading Comprehension, Speaking"
1583,Sales Executive,Sales Managers,10,6,4,"Active Learning, Active Listening, Critical Thinking, Microsoft Excel"
1585,Sales Executive,Sales Managers,10,8,2,"Microsoft Office software, Microsoft PowerPoint"
1586,Laboratory Technician,Chemical Technicians,9,7,2,"Critical Thinking, Microsoft Office software"
1587,Healthcare Representative,"Sales Representatives, Wholesale and Manufacturing, Technical and Scientific Products",10,8,2,"Active Listening, Speaking"
1588,Sales Executive,Sales Managers,10,9,1,Speaking
1590,Healthcare Representative,"Sales Representatives, Wholesale and Manufacturing, Technical and Scientific Products",10,7,3,"Active Learning, Microsoft Excel, Microsoft Office software"
1591,Manager,General and Operations Managers,9,5,4,"Microsoft PowerPoint, Monitoring, Reading Comprehension, Speaking"
1592,Research Scientist,Natural Sciences Managers,9,6,3,"Critical Thinking, Science, Writing"
1594,Laboratory Technician,Chemical Technicians,9,8,1,Microsoft Office software
1595,Manager,General and Operations Managers,9,6,3,"Microsoft Excel, Microsoft PowerPoint, Monitoring"
1596,Laboratory Technician,Chemical Technicians,9,8,1,Science
1597,Healthcare Representative,"Sales Representatives, Wholesale and Manufacturing, Technical and Scientific Products",10,7,3,"Microsoft Outlook, Salesforce software, Writing"
1598,Sales Executive,Sales Managers,10,9,1,Microsoft Outlook
1599,Laboratory Technician,Chemical Technicians,9,8,1,Microsoft Excel
1601,Laboratory Technician,Chemical Technicians,9,5,4,"Critical Thinking, Microsoft Excel, Microsoft Outlook, Reading Comprehension"
1602,Manager,General and Operations Managers,9,8,1,Reading Comprehension
1604,Laboratory Technician,Chemical Technicians,9,8,1,Writing
1605,Research Scientist,Natural Sciences Managers,9,8,1,Reading Comprehension
1606,Healthcare Representative,"Sales Representatives, Wholesale and Manufacturing, Technical and Scientific Products",10,6,4,"Active Listening, Microsoft Excel, Speaking, Writing"
1607,Research Scientist,Natural Sciences Managers,9,6,3,"Active Listening, Microsoft Office software, Microsoft PowerPoint"
1608,Research Director,Natural Sciences Managers,9,6,3,"Critical Thinking, Microsoft PowerPoint, Monitoring"
1609,Research Scientist,Natural Sciences Managers,9,6,3,"Critical Thinking, Microsoft Office software, Science"
1611,Laboratory Technician,Chemical Technicians,9,5,4,"Critical Thinking, Monitoring, Reading Comprehension, Science"
1612,Sales Executive,Sales Managers,10,5,5,"Active Listening, Microsoft Outlook, Microsoft PowerPoint, Monitoring, Reading Comprehension"
1613,Sales Executive,Sales Managers,10,8,2,"Critical Thinking, Microsoft PowerPoint"
1614,Manufacturing Director,Industrial Production Managers,10,6,4,"Active Listening, Learning Strategies, Microsoft Outlook, Reading Comprehension"
1615,Manufacturing Director,Industrial Production Managers,10,7,3,"Learning Strategies, Microsoft PowerPoint, Monitoring"
1617,Laboratory Technician,Chemical Technicians,9,6,3,"Microsoft Office software, Monitoring, Reading Comprehension"
1618,Manufacturing Director,Industrial Production Managers,10,9,1,Microsoft Office software
1619,Laboratory Technician,Chemical Technicians,9,8,1,Critical Thinking
1621,Research Scientist,Natural Sciences Managers,9,5,4,"Active Listening, Microsoft PowerPoint, Reading Comprehension, Science"
1622,Manufacturing Director,Industrial Production Managers,10,5,5,"Critical Thinking, Microsoft Excel, Microsoft Office software, Microsoft Outlook, Microsoft PowerPoint"
1623,Research Scientist,Natural Sciences Managers,9,7,2,"Critical Thinking, Reading Comprehension"
1624,Sales Representative,"Sales Representatives of Services, Except Advertising, Insurance, Financial Services, and Travel",9,5,4,"Critical Thinking, Microsoft Excel, Microsoft Office software, Reading Comprehension"
1625,Manager,General and Operations Managers,9,8,1,Speaking
1627,Laboratory Technician,Chemical Technicians,9,7,2,"Microsoft Excel, Microsoft Outlook"
1628,Manufacturing Director,Industrial Production Managers,10,8,2,"Critical Thinking, Microsoft PowerPoint"
1630,Healthcare Representative,"Sales Representatives, Wholesale and Manufacturing, Technical and Scientific Products",10,5,5,"Active Listening, Microsoft Office software, Reading Comprehension, Salesforce software, Writing"
1631,Manufacturing Director,Industrial Production Managers,10,7,3,"Active Listening, Monitoring, Speaking"
1633,Manufacturing Director,Industrial Production Managers,10,5,5,"Active Listening, Learning Strategies, Monitoring, Reading Comprehension, Speaking"
1635,Manufacturing Director,Industrial Production Managers,10,6,4,"Microsoft Excel, Microsoft Office software, Microsoft PowerPoint, Monitoring"
1638,Manufacturing Director,Industrial Production Managers,10,9,1,Learning Strategies
1639,Sales Executive,Sales Managers,10,6,4,"Critical Thinking, Microsoft Office software, Monitoring, Speaking"
1640,Research Scientist,Natural Sciences Managers,9,7,2,"Microsoft Office software, Reading Comprehension"
1641,Manufacturing Director,Industrial Production Managers,10,9,1,Reading Comprehension
1642,Human Resources,Human Resources Specialists,10,8,2,"Applicant tracking software, Speaking"
1644,Manager,General and Operations Managers,9,5,4,"Active Learning, Active Listening, Reading Comprehension, Speaking"
1645,Sales Executive,Sales Managers,10,8,2,"Microsoft Excel, Monitoring"
1646,Research Scientist,Natural Sciences Managers,9,7,2,"Microsoft Office software, Science"
1647,Research Scientist,Natural Sciences Managers,9,7,2,"Microsoft Office software, Monitoring"
1648,Research Scientist,Natural Sciences Managers,9,5,4,"Critical Thinking, Microsoft Excel, Monitoring, Reading Comprehension"
1649,Laboratory Technician,Chemical Technicians,9,6,3,"Critical Thinking, Microsoft Excel, Microsoft Outlook"
1650,Sales Executive,Sales Managers,10,7,3,"Critical Thinking, Microsoft Outlook, Monitoring"
1651,Healthcare Representative,"Sales Representatives, Wholesale and Manufacturing, Technical and Scientific Products",10,5,5,"Critical Thinking, Microsoft Excel, Microsoft Office software, Reading Comprehension, Speaking"
1653,Manufacturing Director,Industrial Production Managers,10,6,4,"Critical Thinking, Learning Strategies, Microsoft Office software, Reading Comprehension"
1654,Manufacturing Director,Industrial Production Managers,10,5,5,"Active Listening, Learning Strategies, Microsoft Office software, Microsoft Outlook, Reading Comprehension"
1655,Research Director,Natural Sciences Managers,9,8,1,Critical Thinking
1656,Research Director,Natural Sciences Managers,9,6,3,"Microsoft PowerPoint, Reading Comprehension, Science"
1657,Sales Representative,"Sales Representatives of Services, Except Advertising, Insurance, Financial Services, and Travel",9,7,2,"Active Listening, Writing"
1658,Research Scientist,Natural Sciences Managers,9,6,3,"Active Listening, Critical Thinking, Science"
1659,Laboratory Technician,Chemical Technicians,9,7,2,"Microsoft Office software, Reading Comprehension"
1661,Healthcare Representative,"Sales Representatives, Wholesale and Manufacturing, Technical and Scientific Products",10,6,4,"Critical Thinking, Microsoft Excel, Reading Comprehension, Salesforce software"
1662,Manufacturing Director,Industrial Production Managers,10,5,5,"Learning Strategies, Microsoft Office software, Microsoft Outlook, Microsoft PowerPoint, Reading Comprehension"
1664,Healthcare Representative,"Sales Representatives, Wholesale and Manufacturing, Technical and Scientific Products",10,9,1,Microsoft Office software
1665,Manager,General and Operations Managers,9,5,4,"Active Learning, Active Listening, Microsoft Excel, Microsoft PowerPoint"
1666,Research Director,Natural Sciences Managers,9,5,4,"Active Listening, Microsoft PowerPoint, Monitoring, Science"
1667,Sales Executive,Sales Managers,10,7,3,"Active Listening, Microsoft Outlook, Monitoring"
1668,Research Scientist,Natural Sciences Managers,9,7,2,"Microsoft Excel, Microsoft PowerPoint"
1669,Sales Executive,Sales Managers,10,7,3,"Critical Thinking, Microsoft Excel, Microsoft Outlook"
1670,Sales Executive,Sales Managers,10,8,2,"Active Listening, Microsoft Excel"
1671,Research Scientist,Natural Sciences Managers,9,5,4,"Microsoft Office software, Microsoft PowerPoint, Monitoring, Writing"
1673,Sales Executive,Sales Managers,10,6,4,"Active Listening, Microsoft Excel, Microsoft PowerPoint, Reading Comprehension"
1674,Laboratory Technician,Chemical Technicians,9,5,4,"Active Listening, Microsoft Office software, Microsoft Outlook, Reading Comprehension"
1675,Laboratory Technician,Chemical Technicians,9,6,3,"Critical Thinking, Microsoft Outlook, Monitoring"
1676,Manager,General and Operations Managers,9,6,3,"Critical Thinking, Microsoft Office software, Monitoring"
1677,Manager,General and Operations Managers,9,7,2,"Active Listening, Microsoft PowerPoint"
1678,Sales Executive,Sales Managers,10,8,2,"Microsoft Office software, Reading Comprehension"
1680,Sales Representative,"Sales Representatives of Services, Except Advertising, Insurance, Financial Services, and Travel",9,5,4,"Microsoft Excel, Reading Comprehension, Salesforce software, Writing"
1681,Sales Executive,Sales Managers,10,8,2,"Active Learning, Monitoring"
1682,Healthcare Representative,"Sales Representatives, Wholesale and Manufacturing, Technical and Scientific Products",10,8,2,"Microsoft Excel, Salesforce software"
1683,Human Resources,Human Resources Specialists,10,6,4,"Active Listening, Applicant tracking software, Critical Thinking, Microsoft Excel"
1684,Laboratory Technician,Chemical Technicians,9,8,1,Microsoft Outlook
1687,Laboratory Technician,Chemical Technicians,9,7,2,"Microsoft Outlook, Monitoring"
1689,Healthcare Representative,"Sales Representatives, Wholesale and Manufacturing, Technical and Scientific Products",10,8,2,"Microsoft Excel, Speaking"
1691,Sales Representative,"Sales Representatives of Services, Except Advertising, Insurance, Financial Services, and Travel",9,7,2,"Critical Thinking, Microsoft Office software"
1692,Laboratory Technician,Chemical Technicians,9,5,4,"Critical Thinking, Microsoft Outlook, Science, Writing"
1693,Laboratory Technician,Chemical Technicians,9,6,3,"Active Listening, Reading Comprehension, Science"
1694,Research Scientist,Natural Sciences Managers,9,7,2,"Microsoft PowerPoint, Writing"
1696,Laboratory Technician,Chemical Technicians,9,7,2,"Active Listening, Science"
1697,Healthcare Representative,"Sales Representatives, Wholesale and Manufacturing, Technical and Scientific Products",10,8,2,"Microsoft Outlook, Salesforce software"
1698,Laboratory Technician,Chemical Technicians,9,7,2,"Critical Thinking, Reading Comprehension"
1700,Sales Executive,Sales Managers,10,5,5,"Critical Thinking, Microsoft Office software, Microsoft Outlook, Microsoft PowerPoint, Speaking"
1701,Research Scientist,Natural Sciences Managers,9,6,3,"Active Listening, Microsoft Office software, Writing"
1702,Sales Representative,"Sales Representatives of Services, Except Advertising, Insurance, Financial Services, and Travel",9,7,2,"Microsoft Excel, Reading Comprehension"
1703,Healthcare Representative,"Sales Representatives, Wholesale and Manufacturing, Technical and Scientific Products",10,9,1,Active Learning
1704,Research Scientist,Natural Sciences Managers,9,6,3,"Active Listening, Critical Thinking, Microsoft PowerPoint"
1706,Sales Executive,Sales Managers,10,5,5,"Critical Thinking, Microsoft Outlook, Microsoft PowerPoint, Reading Comprehension, Speaking"
1707,Research Scientist,Natural Sciences Managers,9,8,1,Active Listening
1708,Sales Executive,Sales Managers,10,7,3,"Microsoft Excel, Microsoft Office software, Reading Comprehension"
1709,Laboratory Technician,Chemical Technicians,9,5,4,"Active Listening, Microsoft Outlook, Monitoring, Reading Comprehension"
1710,Sales Representative,"Sales Representatives of Services, Except Advertising, Insurance, Financial Services, and Travel",9,7,2,"Critical Thinking, Microsoft Excel"
1712,Healthcare Representative,"Sales Representatives, Wholesale and Manufacturing, Technical and Scientific Products",10,7,3,"Active Learning, Microsoft Outlook, Reading Comprehension"
1714,Human Resources,Human Resources Specialists,10,6,4,"Active Listening, Critical Thinking, Microsoft Outlook, Writing"
1716,Sales Executive,Sales Managers,10,6,4,"Active Learning, Active Listening, Microsoft Excel, Monitoring"
1718,Laboratory Technician,Chemical Technicians,9,6,3,"Microsoft Excel, Science, Writing"
1719,Research Director,Natural Sciences Managers,9,7,2,"Science, Writing"
1720,Research Scientist,Natural Sciences Managers,9,5,4,"Critical Thinking, Microsoft PowerPoint, Monitoring, Reading Comprehension"
1721,Laboratory Technician,Chemical Technicians,9,6,3,"Microsoft Excel, Monitoring, Science"
1722,Human Resources,Human Resources Specialists,10,6,4,"Active Learning, Active Listening, Critical Thinking, Writing"
1724,Manufacturing Director,Industrial Production Managers,10,8,2,"Microsoft Outlook, Microsoft PowerPoint"
1725,Laboratory Technician,Chemical Technicians,9,5,4,"Active Listening, Critical Thinking, Reading Comprehension, Writing"
1727,Healthcare Representative,"Sales Representatives, Wholesale and Manufacturing, Technical and Scientific Products",10,6,4,"Active Listening, Critical Thinking, Microsoft Excel, Microsoft Outlook"
1728,Manufacturing Director,Industrial Production Managers,10,8,2,"Critical Thinking, Reading Comprehension"
1729,Research Scientist,Natural Sciences Managers,9,5,4,"Critical Thinking, Microsoft Excel, Microsoft Office software, Microsoft PowerPoint"
1731,Sales Executive,Sales Managers,10,6,4,"Microsoft Excel, Monitoring, Reading Comprehension, Speaking"
1732,Sales Executive,Sales Managers,10,5,5,"Active Listening, Microsoft Excel, Microsoft Office software, Microsoft Outlook, Monitoring"
1733,Sales Executive,Sales Managers,10,6,4,"Active Learning, Critical Thinking, Microsoft Outlook, Microsoft PowerPoint"
1734,Sales Executive,Sales Managers,10,6,4,"Active Listening, Microsoft Excel, Microsoft Outlook, Microsoft PowerPoint"
1735,Laboratory Technician,Chemical Technicians,9,7,2,"Active Listening, Critical Thinking"
1736,Manufacturing Director,Industrial Production Managers,10,5,5,"Critical Thinking, Learning Strategies, Microsoft Office software, Microsoft PowerPoint, Reading Comprehension"
1737,Laboratory Technician,Chemical Technicians,9,7,2,"Critical Thinking, Monitoring"
1739,Sales Executive,Sales Managers,10,7,3,"Active Listening, Microsoft Office software, Speaking"
1740,Manager,General and Operations Managers,9,6,3,"Active Listening, Critical Thinking, Reading Comprehension"
1744,Human Resources,Human Resources Specialists,10,6,4,"Active Learning, Critical Thinking, Reading Comprehension, Writing"
1745,Research Scientist,Natural Sciences Managers,9,7,2,"Active Listening, Microsoft Office software"
1746,Human Resources,Human Resources Specialists,10,9,1,Microsoft Outlook
1747,Human Resources,Human Resources Specialists,10,5,5,"Active Listening, Applicant tracking software, Microsoft Excel, Reading Comprehension, Writing"
1749,Sales Executive,Sales Managers,10,8,2,"Critical Thinking, Monitoring"
1751,Research Scientist,Natural Sciences Managers,9,7,2,"Critical Thinking, Reading Comprehension"
1752,Sales Representative,"Sales Representatives of Services, Except Advertising, Insurance, Financial Services, and Travel",9,7,2,"Active Learning, Critical Thinking"
1753,Healthcare Representative,"Sales Representatives, Wholesale and Manufacturing, Technical and Scientific Products",10,6,4,"Microsoft Office software, Reading Comprehension, Speaking, Writing"
1754,Sales Executive,Sales Managers,10,8,2,"Critical Thinking, Reading Comprehension"
1755,Research Scientist,Natural Sciences Managers,9,5,4,"Microsoft Office software, Microsoft PowerPoint, Monitoring, Science"
1756,Sales Executive,Sales Managers,10,8,2,"Active Learning, Microsoft Excel"
1757,Sales Executive,Sales Managers,10,5,5,"Active Learning, Active Listening, Critical Thinking, Microsoft Outlook, Speaking"
1758,Sales Executive,Sales Managers,10,5,5,"Critical Thinking, Microsoft Office software, Microsoft PowerPoint, Monitoring, Speaking"
1760,Laboratory Technician,Chemical Technicians,9,5,4,"Microsoft Excel, Microsoft Office software, Science, Writing"
1761,Sales Executive,Sales Managers,10,5,5,"Active Listening, Critical Thinking, Microsoft Outlook, Microsoft PowerPoint, Monitoring"
1762,Research Scientist,Natural Sciences Managers,9,7,2,"Microsoft PowerPoint, Monitoring"
1763,Healthcare Representative,"Sales Representatives, Wholesale and Manufacturing, Technical and Scientific Products",10,8,2,"Active Learning, Active Listening"
1764,Research Scientist,Natural Sciences Managers,9,6,3,"Active Listening, Microsoft Excel, Monitoring"
1766,Healthcare Representative,"Sales Representatives, Wholesale and Manufacturing, Technical and Scientific Products",10,6,4,"Microsoft Office software, Reading Comprehension, Speaking, Writing"
1767,Research Scientist,Natural Sciences Managers,9,6,3,"Microsoft Office software, Microsoft PowerPoint, Science"
1768,Laboratory Technician,Chemical Technicians,9,5,4,"Microsoft Excel, Microsoft Office software, Microsoft Outlook, Reading Comprehension"
1770,Research Director,Natural Sciences Managers,9,6,3,"Microsoft Excel, Microsoft Office software, Microsoft PowerPoint"
1771,Research Scientist,Natural Sciences Managers,9,7,2,"Active Listening, Writing"
1772,Laboratory Technician,Chemical Technicians,9,5,4,"Microsoft Excel, Microsoft Office software, Science, Writing"
1774,Sales Executive,Sales Managers,10,7,3,"Active Listening, Microsoft Outlook, Speaking"
1775,Manufacturing Director,Industrial Production Managers,10,7,3,"Microsoft Office software, Microsoft PowerPoint, Monitoring"
1778,Human Resources,Human Resources Specialists,10,6,4,"Critical Thinking, Reading Comprehension, Speaking, Writing"
1779,Sales Executive,Sales Managers,10,9,1,Critical Thinking
1780,Sales Representative,"Sales Representatives of Services, Except Advertising, Insurance, Financial Services, and Travel",9,7,2,"Salesforce software, Writing"
1782,Laboratory Technician,Chemical Technicians,9,6,3,"Microsoft Excel, Monitoring, Science"
1783,Laboratory Technician,Chemical Technicians,9,7,2,"Critical Thinking, Microsoft Excel"
1784,Sales Executive,Sales Managers,10,6,4,"Active Listening, Microsoft Excel, Microsoft Office software, Monitoring"
1786,Manager,General and Operations Managers,9,6,3,"Active Learning, Active Listening, Microsoft PowerPoint"
1787,Sales Executive,Sales Managers,10,8,2,"Active Listening, Microsoft Outlook"
1789,Research Director,Natural Sciences Managers,9,8,1,Science
1790,Healthcare Representative,"Sales Representatives, Wholesale and Manufacturing, Technical and Scientific Products",10,6,4,"Active Listening, Microsoft Excel, Speaking, Writing"
1792,Research Scientist,Natural Sciences Managers,9,5,4,"Microsoft Office software, Microsoft PowerPoint, Monitoring, Writing"
1794,Human Resources,Human Resources Specialists,10,8,2,"Active Learning, Critical Thinking"
1797,Sales Executive,Sales Managers,10,8,2,"Microsoft Excel, Speaking"
1798,Research Scientist,Natural Sciences Managers,9,7,2,"Microsoft Office software, Science"
1799,Research Scientist,Natural Sciences Managers,9,7,2,"Active Listening, Microsoft Office software"
1800,Research Director,Natural Sciences Managers,9,6,3,"Microsoft Office software, Reading Comprehension, Science"
1801,Sales Executive,Sales Managers,10,8,2,"Microsoft Excel, Reading Comprehension"
1802,Laboratory Technician,Chemical Technicians,9,8,1,Writing
1803,Healthcare Representative,"Sales Representatives, Wholesale and Manufacturing, Technical and Scientific Products",10,7,3,"Active Listening, Microsoft Excel, Writing"
1804,Manufacturing Director,Industrial Production Managers,10,5,5,"Active Listening, Microsoft Excel, Microsoft Office software, Microsoft Outlook, Monitoring"
1805,Human Resources,Human Resources Specialists,10,6,4,"Active Listening, Applicant tracking software, Microsoft Office software, Microsoft Outlook"
1807,Laboratory Technician,Chemical Technicians,9,6,3,"Active Listening, Microsoft Office software, Microsoft Outlook"
1809,Manufacturing Director,Industrial Production Managers,10,9,1,Critical Thinking
1812,Sales Executive,Sales Managers,10,8,2,"Microsoft Outlook, Speaking"
1813,Research Scientist,Natural Sciences Managers,9,5,4,"Critical Thinking, Microsoft Office software, Microsoft PowerPoint, Monitoring"
1814,Healthcare Representative,"Sales Representatives, Wholesale and Manufacturing, Technical and Scientific Products",10,7,3,"Reading Comprehension, Salesforce software, Speaking"
1815,Sales Executive,Sales Managers,10,6,4,"Microsoft Excel, Microsoft Outlook, Reading Comprehension, Speaking"
1816,Manufacturing Director,Industrial Production Managers,10,9,1,Microsoft Excel
1818,Human Resources,Human Resources Specialists,10,8,2,"Microsoft Excel, Reading Comprehension"
1821,Healthcare Representative,"Sales Representatives, Wholesale and Manufacturing, Technical and Scientific Products",10,8,2,"Critical Thinking, Microsoft Excel"
1822,Healthcare Representative,"Sales Representatives, Wholesale and Manufacturing, Technical and Scientific Products",10,8,2,"Microsoft Office software, Writing"
1823,Sales Executive,Sales Managers,10,6,4,"Microsoft Excel, Microsoft PowerPoint, Monitoring, Reading Comprehension"
1824,Manager,General and Operations Managers,9,5,4,"Critical Thinking, Microsoft Excel, Microsoft PowerPoint, Reading Comprehension"
1826,Laboratory Technician,Chemical Technicians,9,8,1,Reading Comprehension
1827,Manufacturing Director,Industrial Production Managers,10,5,5,"Active Listening, Learning Strategies, Microsoft Office software, Monitoring, Reading Comprehension"
1829,Healthcare Representative,"Sales Representatives, Wholesale and Manufacturing, Technical and Scientific Products",10,7,3,"Microsoft Excel, Microsoft Office software, Salesforce software"
1830,Research Scientist,Natural Sciences Managers,9,7,2,"Critical Thinking, Microsoft PowerPoint"
1833,Sales Executive,Sales Managers,10,6,4,"Active Learning, Microsoft Excel, Microsoft Office software, Reading Comprehension"
1834,Research Scientist,Natural Sciences Managers,9,7,2,"Active Listening, Science"
1835,Sales Representative,"Sales Representatives of Services, Except Advertising, Insurance, Financial Services, and Travel",9,6,3,"Active Learning, Microsoft Office software, Salesforce software"
1836,Sales Executive,Sales Managers,10,8,2,"Microsoft Office software, Speaking"
1837,Research Director,Natural Sciences Managers,9,8,1,Writing
1839,Research Scientist,Natural Sciences Managers,9,8,1,Microsoft PowerPoint
1842,Human Resources,Human Resources Specialists,10,8,2,"Active Listening, Critical Thinking"
1844,Human Resources,Human Resources Specialists,10,9,1,Microsoft Excel
1845,Sales Executive,Sales Managers,10,7,3,"Microsoft Outlook, Monitoring, Reading Comprehension"
1847,Research Scientist,Natural Sciences Managers,9,7,2,"Microsoft Excel, Science"
1849,Sales Executive,Sales Managers,10,9,1,Microsoft PowerPoint
1850,Laboratory Technician,Chemical Technicians,9,8,1,Science
1852,Laboratory Technician,Chemical Technicians,9,6,3,"Monitoring, Reading Comprehension, Writing"
1853,Sales Executive,Sales Managers,10,5,5,"Active Learning, Critical Thinking, Microsoft Outlook, Microsoft PowerPoint, Monitoring"
1854,Research Scientist,Natural Sciences Managers,9,8,1,Science
1856,Laboratory Technician,Chemical Technicians,9,7,2,"Active Listening, Microsoft Outlook"
1857,Manufacturing Director,Industrial Production Managers,10,7,3,"Microsoft Office software, Microsoft PowerPoint, Speaking"
1858,Human Resources,Human Resources Specialists,10,6,4,"Active Listening, Microsoft Office software, Microsoft Outlook, Speaking"
1859,Healthcare Representative,"Sales Representatives, Wholesale and Manufacturing, Technical and Scientific Products",10,8,2,"Microsoft Outlook, Speaking"
1860,Laboratory Technician,Chemical Technicians,9,8,1,Reading Comprehension
1862,Sales Executive,Sales Managers,10,6,4,"Critical Thinking, Microsoft Excel, Monitoring, Reading Comprehension"
1863,Sales Executive,Sales Managers,10,7,3,"Active Listening, Microsoft Outlook, Reading Comprehension"
1864,Sales Representative,"Sales Representatives of Services, Except Advertising, Insurance, Financial Services, and Travel",9,7,2,"Active Listening, Reading Comprehension"
1865,Human Resources,Human Resources Specialists,10,9,1,Microsoft Office software
1866,Manager,General and Operations Managers,9,7,2,"Active Learning, Microsoft Excel"
1867,Research Director,Natural Sciences Managers,9,7,2,"Microsoft Office software, Science"
1868,Research Scientist,Natural Sciences Managers,9,5,4,"Active Listening, Critical Thinking, Microsoft PowerPoint, Reading Comprehension"
1869,Sales Executive,Sales Managers,10,9,1,Monitoring
1870,Research Scientist,Natural Sciences Managers,9,5,4,"Microsoft Excel, Microsoft Office software, Microsoft PowerPoint, Monitoring"
1871,Research Scientist,Natural Sciences Managers,9,6,3,"Active Listening, Critical Thinking, Microsoft Excel"
1873,Research Scientist,Natural Sciences Managers,9,5,4,"Active Listening, Microsoft Excel, Science, Writing"
1875,Sales Representative,"Sales Representatives of Services, Except Advertising, Insurance, Financial Services, and Travel",9,5,4,"Active Learning, Microsoft Excel, Microsoft Office software, Salesforce software"
1876,Sales Representative,"Sales Representatives of Services, Except Advertising, Insurance, Financial Services, and Travel",9,7,2,"Active Listening, Microsoft Excel"
1878,Research Scientist,Natural Sciences Managers,9,7,2,"Microsoft Office software, Reading Comprehension"
1880,Sales Executive,Sales Managers,10,8,2,"Critical Thinking, Monitoring"
1881,Laboratory Technician,Chemical Technicians,9,8,1,Microsoft Outlook
1882,Sales Executive,Sales Managers,10,8,2,"Critical Thinking, Reading Comprehension"
1883,Laboratory Technician,Chemical Technicians,9,8,1,Microsoft Outlook
1885,Research Scientist,Natural Sciences Managers,9,5,4,"Critical Thinking, Microsoft Excel, Microsoft PowerPoint, Science"
1886,Manufacturing Director,Industrial Production Managers,10,6,4,"Active Listening, Microsoft Outlook, Microsoft PowerPoint, Monitoring"
1888,Manufacturing Director,Industrial Production Managers,10,7,3,"Learning Strategies, Microsoft Office software, Microsoft PowerPoint"
1890,Human Resources,Human Resources Specialists,10,6,4,"Active Listening, Microsoft Excel, Microsoft Office software, Writing"
1892,Manager,General and Operations Managers,9,6,3,"Microsoft Excel, Microsoft PowerPoint, Speaking"
1893,Research Scientist,Natural Sciences Managers,9,6,3,"Microsoft PowerPoint, Reading Comprehension, Science"
1898,Sales Executive,Sales Managers,10,8,2,"Critical Thinking, Microsoft PowerPoint"
1900,Manager,General and Operations Managers,9,5,4,"Active Listening, Critical Thinking, Microsoft Excel, Microsoft Office software"
1903,Healthcare Representative,"Sales Representatives, Wholesale and Manufacturing, Technical and Scientific Products",10,7,3,"Active Learning, Active Listening, Reading Comprehension"
1905,Research Scientist,Natural Sciences Managers,9,6,3,"Critical Thinking, Microsoft Office software, Reading Comprehension"
1907,Laboratory Technician,Chemical Technicians,9,8,1,Critical Thinking
1908,Sales Executive,Sales Managers,10,6,4,"Active Listening, Microsoft Excel, Microsoft Outlook, Monitoring"
1909,Sales Executive,Sales Managers,10,7,3,"Microsoft Office software, Microsoft PowerPoint, Speaking"
1911,Research Director,Natural Sciences Managers,9,5,4,"Microsoft Excel, Microsoft Office software, Microsoft PowerPoint, Writing"
1912,Sales Executive,Sales Managers,10,8,2,"Active Listening, Microsoft Outlook"
1915,Sales Executive,Sales Managers,10,9,1,Microsoft Excel
1916,Laboratory Technician,Chemical Technicians,9,7,2,"Active Listening, Monitoring"
1918,Laboratory Technician,Chemical Technicians,9,5,4,"Critical Thinking, Microsoft Excel, Microsoft Office software, Monitoring"
1922,Healthcare Representative,"Sales Representatives, Wholesale and Manufacturing, Technical and Scientific Products",10,6,4,"Microsoft Excel, Microsoft Office software, Reading Comprehension, Writing"
1924,Sales Executive,Sales Managers,10,7,3,"Microsoft Excel, Microsoft Office software, Monitoring"
1927,Sales Executive,Sales Managers,10,7,3,"Active Learning, Microsoft Office software, Monitoring"
1928,Sales Representative,"Sales Representatives of Services, Except Advertising, Insurance, Financial Services, and Travel",9,7,2,"Critical Thinking, Microsoft Office software"
1929,Sales Executive,Sales Managers,10,5,5,"Microsoft Excel, Microsoft Office software, Microsoft PowerPoint, Monitoring, Speaking"
1931,Research Scientist,Natural Sciences Managers,9,7,2,"Microsoft Excel, Monitoring"
1932,Research Scientist,Natural Sciences Managers,9,6,3,"Active Listening, Critical Thinking, Science"
1933,Sales Executive,Sales Managers,10,6,4,"Microsoft Excel, Microsoft PowerPoint, Monitoring, Reading Comprehension"
1934,Research Scientist,Natural Sciences Managers,9,5,4,"Critical Thinking, Microsoft PowerPoint, Science, Writing"
1935,Sales Executive,Sales Managers,10,7,3,"Critical Thinking, Microsoft Excel, Microsoft Office software"
1936,Manufacturing Director,Industrial Production Managers,10,6,4,"Learning Strategies, Microsoft Office software, Monitoring, Reading Comprehension"
1937,Research Scientist,Natural Sciences Managers,9,5,4,"Active Listening, Critical Thinking, Microsoft Excel, Reading Comprehension"
1938,Manager,General and Operations Managers,9,7,2,"Active Learning, Active Listening"
1939,Research Scientist,Natural Sciences Managers,9,7,2,"Critical Thinking, Monitoring"
1940,Research Scientist,Natural Sciences Managers,9,6,3,"Active Listening, Microsoft Excel, Science"
1941,Research Director,Natural Sciences Managers,9,6,3,"Critical Thinking, Microsoft PowerPoint, Reading Comprehension"
1943,Sales Executive,Sales Managers,10,5,5,"Microsoft Excel, Microsoft Office software, Microsoft Outlook, Microsoft PowerPoint, Speaking"
1944,Human Resources,Human Resources Specialists,10,6,4,"Critical Thinking, Microsoft Excel, Microsoft Outlook, Writing"
1945,Sales Executive,Sales Managers,10,9,1,Microsoft Office software
1947,Research Scientist,Natural Sciences Managers,9,6,3,"Active Listening, Microsoft PowerPoint, Science"
1948,Research Scientist,Natural Sciences Managers,9,5,4,"Microsoft Excel, Microsoft PowerPoint, Monitoring, Science"
1949,Laboratory Technician,Chemical Technicians,9,7,2,"Critical Thinking, Writing"
1950,Sales Executive,Sales Managers,10,8,2,"Microsoft Outlook, Microsoft PowerPoint"
1951,Sales Executive,Sales Managers,10,7,3,"Critical Thinking, Microsoft PowerPoint, Speaking"
1952,Laboratory Technician,Chemical Technicians,9,8,1,Writing
1954,Healthcare Representative,"Sales Representatives, Wholesale and Manufacturing, Technical and Scientific Products",10,9,1,Active Listening
1955,Healthcare Representative,"Sales Representatives, Wholesale and Manufacturing, Technical and Scientific Products",10,6,4,"Active Learning, Active Listening, Microsoft Office software, Microsoft Outlook"
1956,Research Scientist,Natural Sciences Managers,9,5,4,"Critical Thinking, Microsoft Excel, Monitoring, Science"
1960,Laboratory Technician,Chemical Technicians,9,8,1,Microsoft Excel
1961,Sales Representative,"Sales Representatives of Services, Except Advertising, Insurance, Financial Services, and Travel",9,7,2,"Active Listening, Critical Thinking"
1962,Sales Executive,Sales Managers,10,6,4,"Active Learning, Microsoft Office software, Microsoft PowerPoint, Reading Comprehension"
1965,Sales Executive,Sales Managers,10,6,4,"Active Listening, Microsoft Outlook, Microsoft PowerPoint, Reading Comprehension"
1966,Manufacturing Director,Industrial Production Managers,10,7,3,"Critical Thinking, Microsoft Excel, Microsoft Outlook"
1967,Sales Executive,Sales Managers,10,9,1,Microsoft Outlook
1968,Sales Executive,Sales Managers,10,9,1,Critical Thinking
1969,Research Scientist,Natural Sciences Managers,9,6,3,"Microsoft PowerPoint, Reading Comprehension, Writing"
1970,Healthcare Representative,"Sales Representatives, Wholesale and Manufacturing, Technical and Scientific Products",10,7,3,"Microsoft Outlook, Reading Comprehension, Salesforce software"
1971,Healthcare Representative,"Sales Representatives, Wholesale and Manufacturing, Technical and Scientific Products",10,7,3,"Microsoft Office software, Speaking, Writing"
1972,Human Resources,Human Resources Specialists,10,8,2,"Active Listening, Microsoft Outlook"
1973,Manager,General and Operations Managers,9,6,3,"Active Learning, Microsoft Excel, Speaking"
1974,Laboratory Technician,Chemical Technicians,9,7,2,"Microsoft Outlook, Reading Comprehension"
1975,Sales Executive,Sales Managers,10,8,2,"Microsoft Excel, Microsoft PowerPoint"
1976,Research Scientist,Natural Sciences Managers,9,7,2,"Microsoft Office software, Reading Comprehension"
1979,Research Director,Natural Sciences Managers,9,5,4,"Critical Thinking, Microsoft Excel, Reading Comprehension, Writing"
1980,Manufacturing Director,Industrial Production Managers,10,6,4,"Active Listening, Learning Strategies, Microsoft Excel, Microsoft Office software"
1981,Healthcare Representative,"Sales Representatives, Wholesale and Manufacturing, Technical and Scientific Products",10,6,4,"Active Learning, Microsoft Excel, Microsoft Office software, Writing"
1982,Laboratory Technician,Chemical Technicians,9,7,2,"Critical Thinking, Monitoring"
1985,Laboratory Technician,Chemical Technicians,9,5,4,"Critical Thinking, Microsoft Excel, Microsoft Office software, Writing"
1986,Sales Executive,Sales Managers,10,6,4,"Active Learning, Microsoft Outlook, Microsoft PowerPoint, Reading Comprehension"
1987,Human Resources,Human Resources Specialists,10,6,4,"Microsoft Office software, Reading Comprehension, Speaking, Writing"
1989,Laboratory Technician,Chemical Technicians,9,5,4,"Critical Thinking, Monitoring, Reading Comprehension, Writing"
1992,Laboratory Technician,Chemical Technicians,9,5,4,"Active Listening, Critical Thinking, Reading Comprehension, Writing"
1993,Healthcare Representative,"Sales Representatives, Wholesale and Manufacturing, Technical and Scientific Products",10,8,2,"Critical Thinking, Writing"
1994,Laboratory Technician,Chemical Technicians,9,7,2,"Active Listening, Microsoft Excel"
1995,Sales Executive,Sales Managers,10,7,3,"Active Learning, Critical Thinking, Microsoft Excel"
1996,Sales Representative,"Sales Representatives of Services, Except Advertising, Insurance, Financial Services, and Travel",9,7,2,"Active Listening, Microsoft Office software"
1997,Manufacturing Director,Industrial Production Managers,10,8,2,"Microsoft Excel, Microsoft Office software"
1998,Research Scientist,Natural Sciences Managers,9,6,3,"Critical Thinking, Microsoft PowerPoint, Monitoring"
1999,Research Scientist,Natural Sciences Managers,9,7,2,"Microsoft PowerPoint, Science"
2000,Research Director,Natural Sciences Managers,9,7,2,"Microsoft Excel, Reading Comprehension"
2003,Laboratory Technician,Chemical Technicians,9,6,3,"Critical Thinking, Reading Comprehension, Science"
2007,Research Scientist,Natural Sciences Managers,9,7,2,"Critical Thinking, Microsoft PowerPoint"
2008,Research Scientist,Natural Sciences Managers,9,8,1,Writing
2009,Healthcare Representative,"Sales Representatives, Wholesale and Manufacturing, Technical and Scientific Products",10,6,4,"Microsoft Excel, Microsoft Outlook, Reading Comprehension, Salesforce software"
2010,Laboratory Technician,Chemical Technicians,9,5,4,"Active Listening, Critical Thinking, Microsoft Office software, Science"
2012,Laboratory Technician,Chemical Technicians,9,5,4,"Critical Thinking, Microsoft Outlook, Monitoring, Writing"
2013,Sales Representative,"Sales Representatives of Services, Except Advertising, Insurance, Financial Services, and Travel",9,5,4,"Active Learning, Reading Comprehension, Salesforce software, Speaking"
2014,Research Scientist,Natural Sciences Managers,9,8,1,Science
2015,Research Director,Natural Sciences Managers,9,6,3,"Active Listening, Critical Thinking, Science"
2016,Sales Executive,Sales Managers,10,9,1,Speaking
2017,Research Director,Natural Sciences Managers,9,8,1,Active Listening
2018,Sales Executive,Sales Managers,10,7,3,"Critical Thinking, Microsoft Office software, Monitoring"
2019,Sales Representative,"Sales Representatives of Services, Except Advertising, Insurance, Financial Services, and Travel",9,5,4,"Active Learning, Critical Thinking, Microsoft Excel, Speaking"
2020,Research Scientist,Natural Sciences Managers,9,6,3,"Critical Thinking, Microsoft Office software, Science"
2021,Sales Representative,"Sales Representatives of Services, Except Advertising, Insurance, Financial Services, and Travel",9,7,2,"Microsoft Office software, Speaking"
2022,Manager,General and Operations Managers,9,5,4,"Active Learning, Microsoft Excel, Microsoft Office software, Reading Comprehension"
2023,Sales Representative,"Sales Representatives of Services, Except Advertising, Insurance, Financial Services, and Travel",9,5,4,"Critical Thinking, Microsoft Excel, Salesforce software, Writing"
2024,Sales Executive,Sales Managers,10,8,2,"Critical Thinking, Reading Comprehension"
2025,Manufacturing Director,Industrial Production Managers,10,9,1,Speaking
2026,Healthcare Representative,"Sales Representatives, Wholesale and Manufacturing, Technical and Scientific Products",10,6,4,"Active Listening, Critical Thinking, Microsoft Excel, Writing"
2027,Research Scientist,Natural Sciences Managers,9,5,4,"Critical Thinking, Microsoft Excel, Microsoft PowerPoint, Writing"
2031,Manager,General and Operations Managers,9,6,3,"Microsoft Office software, Microsoft PowerPoint, Monitoring"
2032,Laboratory Technician,Chemical Technicians,9,6,3,"Microsoft Excel, Microsoft Office software, Science"
2034,Manufacturing Director,Industrial Production Managers,10,5,5,"Active Listening, Microsoft Excel, Microsoft PowerPoint, Monitoring, Speaking"
2035,Sales Executive,Sales Managers,10,6,4,"Critical Thinking, Microsoft Excel, Microsoft PowerPoint, Monitoring"
2036,Sales Executive,Sales Managers,10,9,1,Active Learning
2037,Sales Executive,Sales Managers,10,9,1,Critical Thinking
2038,Research Scientist,Natural Sciences Managers,9,7,2,"Active Listening, Writing"
2040,Human Resources,Human Resources Specialists,10,8,2,"Active Learning, Microsoft Excel"
2041,Sales Executive,Sales Managers,10,7,3,"Active Listening, Critical Thinking, Microsoft Office software"
2044,Sales Executive,Sales Managers,10,7,3,"Critical Thinking, Monitoring, Speaking"
2045,Sales Executive,Sales Managers,10,9,1,Microsoft PowerPoint
2046,Sales Executive,Sales Managers,10,7,3,"Microsoft Excel, Microsoft Outlook, Reading Comprehension"
2048,Research Scientist,Natural Sciences Managers,9,7,2,"Active Listening, Writing"
2049,Healthcare Representative,"Sales Representatives, Wholesale and Manufacturing, Technical and Scientific Products",10,6,4,"Active Listening, Critical Thinking, Microsoft Office software, Microsoft Outlook"
2051,Research Scientist,Natural Sciences Managers,9,7,2,"Microsoft Excel, Science"
2052,Research Scientist,Natural Sciences Managers,9,6,3,"Active Listening, Reading Comprehension, Writing"
2053,Laboratory Technician,Chemical Technicians,9,7,2,"Active Listening, Writing"
2054,Research Scientist,Natural Sciences Managers,9,6,3,"Critical Thinking, Microsoft PowerPoint, Science"
2055,Sales Executive,Sales Managers,10,8,2,"Active Learning, Critical Thinking"
2056,Sales Executive,Sales Managers,10,8,2,"Active Learning, Monitoring"
2057,Manufacturing Director,Industrial Production Managers,10,9,1,Monitoring
2060,Sales Representative,"Sales Representatives of Services, Except Advertising, Insurance, Financial Services, and Travel",9,8,1,Writing
2061,Laboratory Technician,Chemical Technicians,9,5,4,"Critical Thinking, Monitoring, Science, Writing"
2062,Healthcare Representative,"Sales Representatives, Wholesale and Manufacturing, Technical and Scientific Products",10,9,1,Reading Comprehension
2064,Manufacturing Director,Industrial Production Managers,10,8,2,"Microsoft Outlook, Microsoft PowerPoint"
2065,Sales Executive,Sales Managers,10,8,2,"Active Learning, Speaking"
2068,Laboratory Technician,Chemical Technicians,9,7,2,"Critical Thinking, Monitoring"
