EmployeeNumber,recommendation
1,Priority: Microsoft Office software -> Microsoft Office Essentials
2,Priority: Critical Thinking -> Structured Problem Solving workshop
4,Priority: Microsoft Excel -> Excel for Business Analysis (internal LMS)
5,Priority: Microsoft Excel -> Excel for Business Analysis (internal LMS)
7,Priority: Microsoft Office software -> Microsoft Office Essentials
8,Priority: Microsoft Excel -> Excel for Business Analysis (internal LMS)
10,Priority: Microsoft Office software -> Microsoft Office Essentials
11,Priority: Critical Thinking -> Structured Problem Solving workshop
12,Priority: Microsoft Excel -> Excel for Business Analysis (internal LMS)
13,Priority: Critical Thinking -> Structured Problem Solving workshop
14,Priority: Microsoft Office software -> Microsoft Office Essentials
15,Priority: Active Listening -> Active Listening for Managers
16,Priority: Monitoring -> Performance Monitoring & KPIs
18,Priority: Microsoft Excel -> Excel for Business Analysis (internal LMS)
19,Priority: Monitoring -> Performance Monitoring & KPIs
20,Priority: Active Listening -> Active Listening for Managers
21,Priority: Critical Thinking -> Structured Problem Solving workshop
22,Priority: Critical Thinking -> Structured Problem Solving workshop
23,Priority: Monitoring -> Performance Monitoring & KPIs
24,Priority: Microsoft Office software -> Microsoft Office Essentials
26,Priority: Active Listening -> Active Listening for Managers
27,Priority: Microsoft Office software -> Microsoft Office Essentials
28,Priority: Microsoft Office software -> Microsoft Office Essentials
30,Priority: Microsoft Office software -> Microsoft Office Essentials
31,Priority: Reading Comprehension -> Business Writing & Comprehension
32,Priority: Microsoft Excel -> Excel for Business Analysis (internal LMS)
33,Priority: Critical Thinking -> Structured Problem Solving workshop
35,Priority: Active Listening -> Active Listening for Managers
36,Priority: Microsoft Excel -> Excel for Business Analysis (internal LMS)
38,Priority: Microsoft Excel -> Excel for Business Analysis (internal LMS)
39,Priority: Critical Thinking -> Structured Problem Solving workshop
40,Priority: Active Listening -> Active Listening for Managers
41,Priority: Active Listening -> Active Listening for Managers
42,Priority: Microsoft Excel -> Excel for Business Analysis (internal LMS)
45,Priority: Reading Comprehension -> Business Writing & Comprehension
46,Priority: Microsoft Excel -> Excel for Business Analysis (internal LMS)
47,Priority: Microsoft Excel -> Excel for Business Analysis (internal LMS)
49,Priority: Active Listening -> Active Listening for Managers
51,Priority: Active Listening -> Active Listening for Managers
52,Priority: Microsoft Office software -> Microsoft Office Essentials
53,Priority: Microsoft Excel -> Excel for Business Analysis (internal LMS)
54,Priority: Active Listening -> Active Listening for Managers
55,Priority: Active Listening -> Active Listening for Managers
56,Priority: Critical Thinking -> Structured Problem Solving workshop
57,Priority: Monitoring -> Performance Monitoring & KPIs
58,Priority: Microsoft Excel -> Excel for Business Analysis (internal LMS)
60,Priority: Critical Thinking -> Structured Problem Solving workshop
61,Priority: Microsoft Office software -> Microsoft Office Essentials
62,Priority: Microsoft Excel -> Excel for Business Analysis (internal LMS)
63,Priority: Writing -> Business Writing Essentials
64,Priority: Monitoring -> Performance Monitoring & KPIs
65,Priority: Critical Thinking -> Structured Problem Solving workshop
68,Priority: Monitoring -> Performance Monitoring & KPIs
70,Priority: Critical Thinking -> Structured Problem Solving workshop
72,Priority: Critical Thinking -> Structured Problem Solving workshop
73,Priority: Active Listening -> Active Listening for Managers
74,Priority: Critical Thinking -> Structured Problem Solving workshop
75,Priority: Active Listening -> Active Listening for Managers
76,Priority: Microsoft Office software -> Microsoft Office Essentials
77,Priority: Active Listening -> Active Listening for Managers
78,Priority: Microsoft Excel -> Excel for Business Analysis (internal LMS)
79,Priority: Reading Comprehension -> Business Writing & Comprehension
80,Priority: Reading Comprehension -> Business Writing & Comprehension
81,Priority: Critical Thinking -> Structured Problem Solving workshop
83,Priority: Active Listening -> Active Listening for Managers
84,Priority: Active Listening -> Active Listening for Managers
85,Priority: Critical Thinking -> Structured Problem Solving workshop
86,Priority: Microsoft Office software -> Microsoft Office Essentials
88,Priority: Critical Thinking -> Structured Problem Solving workshop
90,Priority: Microsoft Office software -> Microsoft Office Essentials
91,Priority: Reading Comprehension -> Business Writing & Comprehension
94,Priority: Microsoft Excel -> Excel for Business Analysis (internal LMS)
95,Priority: Microsoft Excel -> Excel for Business Analysis (internal LMS)
96,Priority: Monitoring -> Performance Monitoring & KPIs
97,Priority: Active Listening -> Active Listening for Managers
98,Priority: Active Listening -> Active Listening for Managers
100,Priority: Microsoft Excel -> Excel for Business Analysis (internal LMS)
101,Priority: Microsoft Excel -> Excel for Business Analysis (internal LMS)
102,Priority: Microsoft Office software -> Microsoft Office Essentials
103,Priority: Critical Thinking -> Structured Problem Solving workshop
104,Priority: Microsoft Outlook -> Effective Email & Calendar Management
105,Priority: Reading Comprehension -> Business Writing & Comprehension
106,Priority: Microsoft Office software -> Microsoft Office Essentials
107,Priority: Microsoft Office software -> Microsoft Office Essentials
110,Priority: Learning Strategies -> Instructional Design Basics
112,Priority: Microsoft Excel -> Excel for Business Analysis (internal LMS)
113,Priority: Microsoft Excel -> Excel for Business Analysis (internal LMS)
116,Priority: Microsoft Excel -> Excel for Business Analysis (internal LMS)
117,Priority: Salesforce software -> Salesforce Administrator Certification
118,Priority: Microsoft PowerPoint -> Presentation Design Fundamentals
119,Priority: Speaking -> Public Speaking & Presentation Skills
120,Priority: Microsoft Office software -> Microsoft Office Essentials
121,Priority: Critical Thinking -> Structured Problem Solving workshop
124,Priority: Active Listening -> Active Listening for Managers
125,Priority: Monitoring -> Performance Monitoring & KPIs
126,Priority: Microsoft Excel -> Excel for Business Analysis (internal LMS)
128,Priority: Microsoft Office software -> Microsoft Office Essentials
129,Priority: Critical Thinking -> Structured Problem Solving workshop
131,Priority: Microsoft Office software -> Microsoft Office Essentials
132,Priority: Microsoft Excel -> Excel for Business Analysis (internal LMS)
133,Priority: Active Listening -> Active Listening for Managers
134,Priority: Monitoring -> Performance Monitoring & KPIs
137,Priority: Writing -> Business Writing Essentials
138,Priority: Reading Comprehension -> Business Writing & Comprehension
139,Priority: Microsoft Excel -> Excel for Business Analysis (internal LMS)
140,Priority: Microsoft Excel -> Excel for Business Analysis (internal LMS)
141,Priority: Microsoft Office software -> Microsoft Office Essentials
142,Priority: Critical Thinking -> Structured Problem Solving workshop
143,Priority: Microsoft Excel -> Excel for Business Analysis (internal LMS)
144,Priority: Microsoft Excel -> Excel for Business Analysis (internal LMS)
145,Priority: Reading Comprehension -> Business Writing & Comprehension
147,Priority: Critical Thinking -> Structured Problem Solving workshop
148,Priority: Monitoring -> Performance Monitoring & KPIs
150,Priority: Active Listening -> Active Listening for Managers
151,Priority: Microsoft Office software -> Microsoft Office Essentials
152,Priority: Critical Thinking -> Structured Problem Solving workshop
153,Priority: Critical Thinking -> Structured Problem Solving workshop
154,Priority: Microsoft Excel -> Excel for Business Analysis (internal LMS)
155,Priority: Microsoft Excel -> Excel for Business Analysis (internal LMS)
158,Priority: Monitoring -> Performance Monitoring & KPIs
159,Priority: Critical Thinking -> Structured Problem Solving workshop
160,Priority: Monitoring -> Performance Monitoring & KPIs
161,Priority: Microsoft Excel -> Excel for Business Analysis (internal LMS)
162,Priority: Critical Thinking -> Structured Problem Solving workshop
163,Priority: Microsoft Office software -> Microsoft Office Essentials
164,Priority: Critical Thinking -> Structured Problem Solving workshop
165,Priority: Microsoft Office software -> Microsoft Office Essentials
167,Priority: Microsoft Excel -> Excel for Business Analysis (internal LMS)
169,Priority: Active Listening -> Active Listening for Managers
170,Priority: Microsoft Excel -> Excel for Business Analysis (internal LMS)
171,Priority: Active Listening -> Active Listening for Managers
174,Priority: Monitoring -> Performance Monitoring & KPIs
175,Priority: Active Listening -> Active Listening for Managers
176,Priority: Monitoring -> Performance Monitoring & KPIs
177,Priority: Microsoft Excel -> Excel for Business Analysis (internal LMS)
178,Priority: Microsoft PowerPoint -> Presentation Design Fundamentals
179,Priority: Critical Thinking -> Structured Problem Solving workshop
182,Priority: Microsoft Office software -> Microsoft Office Essentials
183,Priority: Microsoft Outlook -> Effective Email & Calendar Management
184,Priority: Critical Thinking -> Structured Problem Solving workshop
190,Priority: Microsoft Office software -> Microsoft Office Essentials
192,Priority: Critical Thinking -> Structured Problem Solving workshop
193,Priority: Microsoft Excel -> Excel for Business Analysis (internal LMS)
194,Priority: Microsoft PowerPoint -> Presentation Design Fundamentals
195,Priority: Critical Thinking -> Structured Problem Solving workshop
197,Priority: Science -> Domain Science Fundamentals (role-specific)
198,Priority: Critical Thinking -> Structured Problem Solving workshop
199,Priority: Critical Thinking -> Structured Problem Solving workshop
200,Priority: Microsoft Excel -> Excel for Business Analysis (internal LMS)
201,Priority: Writing -> Business Writing Essentials
202,Priority: Critical Thinking -> Structured Problem Solving workshop
204,Priority: Microsoft Outlook -> Effective Email & Calendar Management
205,Priority: Reading Comprehension -> Business Writing & Comprehension
206,Priority: Monitoring -> Performance Monitoring & KPIs
207,Priority: Microsoft Excel -> Excel for Business Analysis (internal LMS)
208,Priority: Learning Strategies -> Instructional Design Basics
211,Priority: Microsoft Office software -> Microsoft Office Essentials
214,Priority: Microsoft Excel -> Excel for Business Analysis (internal LMS)
215,Priority: Active Listening -> Active Listening for Managers
216,Priority: Writing -> Business Writing Essentials
217,Priority: Science -> Domain Science Fundamentals (role-specific)
218,Priority: Science -> Domain Science Fundamentals (role-specific)
221,Priority: Critical Thinking -> Structured Problem Solving workshop
223,Priority: Speaking -> Public Speaking & Presentation Skills
224,Priority: Microsoft Excel -> Excel for Business Analysis (internal LMS)
226,Priority: Critical Thinking -> Structured Problem Solving workshop
227,Priority: Microsoft Office software -> Microsoft Office Essentials
228,Priority: Microsoft PowerPoint -> Presentation Design Fundamentals
230,Priority: Microsoft Excel -> Excel for Business Analysis (internal LMS)
231,Priority: Microsoft Excel -> Excel for Business Analysis (internal LMS)
233,Priority: Active Listening -> Active Listening for Managers
235,Priority: Critical Thinking -> Structured Problem Solving workshop
238,Priority: Reading Comprehension -> Business Writing & Comprehension
239,Priority: Active Listening -> Active Listening for Managers
240,Priority: Microsoft Excel -> Excel for Business Analysis (internal LMS)
241,Priority: Critical Thinking -> Structured Problem Solving workshop
242,Priority: Microsoft Office software -> Microsoft Office Essentials
243,Priority: Critical Thinking -> Structured Problem Solving workshop
244,Priority: Critical Thinking -> Structured Problem Solving workshop
245,Priority: Active Listening -> Active Listening for Managers
246,Priority: Monitoring -> Performance Monitoring & KPIs
247,Priority: Microsoft Excel -> Excel for Business Analysis (internal LMS)
248,Priority: Critical Thinking -> Structured Problem Solving workshop
249,Priority: Microsoft Excel -> Excel for Business Analysis (internal LMS)
250,Priority: Microsoft Excel -> Excel for Business Analysis (internal LMS)
252,Priority: Reading Comprehension -> Business Writing & Comprehension
253,Priority: Microsoft Excel -> Excel for Business Analysis (internal LMS)
254,Priority: Microsoft Excel -> Excel for Business Analysis (internal LMS)
256,Priority: Active Listening -> Active Listening for Managers
258,Priority: Reading Comprehension -> Business Writing & Comprehension
259,Priority: Microsoft Excel -> Excel for Business Analysis (internal LMS)
260,Priority: Reading Comprehension -> Business Writing & Comprehension
261,Priority: Active Listening -> Active Listening for Managers
262,Priority: Science -> Domain Science Fundamentals (role-specific)
264,Priority: Active Listening -> Active Listening for Managers
267,Priority: Microsoft Excel -> Excel for Business Analysis (internal LMS)
269,Priority: Monitoring -> Performance Monitoring & KPIs
270,Priority: Critical Thinking -> Structured Problem Solving workshop
271,Priority: Microsoft Office software -> Microsoft Office Essentials
273,Priority: Microsoft Excel -> Excel for Business Analysis (internal LMS)
274,Priority: Microsoft PowerPoint -> Presentation Design Fundamentals
275,Priority: Active Listening -> Active Listening for Managers
277,Priority: Active Listening -> Active Listening for Managers
281,Priority: Microsoft Excel -> Excel for Business Analysis (internal LMS)
282,Priority: Microsoft Office software -> Microsoft Office Essentials
283,Priority: Microsoft Office software -> Microsoft Office Essentials
284,Priority: Microsoft Excel -> Excel for Business Analysis (internal LMS)
286,Priority: Critical Thinking -> Structured Problem Solving workshop
287,Priority: Active Learning -> Learning How to Learn
288,Priority: Reading Comprehension -> Business Writing & Comprehension
291,Priority: Microsoft Excel -> Excel for Business Analysis (internal LMS)
292,Priority: Critical Thinking -> Structured Problem Solving workshop
293,Priority: Microsoft Excel -> Excel for Business Analysis (internal LMS)
296,Priority: Microsoft Excel -> Excel for Business Analysis (internal LMS)
297,Priority: Microsoft Office software -> Microsoft Office Essentials
298,Priority: Critical Thinking -> Structured Problem Solving workshop
299,Priority: Critical Thinking -> Structured Problem Solving workshop
300,Priority: Reading Comprehension -> Business Writing & Comprehension
302,Priority: Microsoft Excel -> Excel for Business Analysis (internal LMS)
303,Priority: Active Listening -> Active Listening for Managers
304,Priority: Microsoft Excel -> Excel for Business Analysis (internal LMS)
305,Priority: Microsoft Excel -> Excel for Business Analysis (internal LMS)
306,Priority: Active Listening -> Active Listening for Managers
307,Priority: Microsoft Excel -> Excel for Business Analysis (internal LMS)
308,Priority: Microsoft Excel -> Excel for Business Analysis (internal LMS)
309,Priority: Critical Thinking -> Structured Problem Solving workshop
311,Priority: Microsoft Excel -> Excel for Business Analysis (internal LMS)
312,Priority: Microsoft Office software -> Microsoft Office Essentials
314,Priority: Speaking -> Public Speaking & Presentation Skills
315,Priority: Microsoft Office software -> Microsoft Office Essentials
316,Priority: Writing -> Business Writing Essentials
319,Priority: Microsoft Excel -> Excel for Business Analysis (internal LMS)
321,Priority: Microsoft Excel -> Excel for Business Analysis (internal LMS)
323,Priority: Active Listening -> Active Listening for Managers
325,Priority: Monitoring -> Performance Monitoring & KPIs
327,Priority: Reading Comprehension -> Business Writing & Comprehension
328,Priority: Microsoft Excel -> Excel for Business Analysis (internal LMS)
329,Priority: Microsoft Excel -> Excel for Business Analysis (internal LMS)
330,Priority: Microsoft Excel -> Excel for Business Analysis (internal LMS)
331,Priority: Active Listening -> Active Listening for Managers
332,Priority: Microsoft Excel -> Excel for Business Analysis (internal LMS)
333,Priority: Monitoring -> Performance Monitoring & KPIs
334,Priority: Microsoft Office software -> Microsoft Office Essentials
335,Priority: Microsoft Excel -> Excel for Business Analysis (internal LMS)
336,Priority: Reading Comprehension -> Business Writing & Comprehension
337,Priority: Active Listening -> Active Listening for Managers
338,Priority: Writing -> Business Writing Essentials
339,Priority: Microsoft Excel -> Excel for Business Analysis (internal LMS)
340,Priority: Critical Thinking -> Structured Problem Solving workshop
341,Priority: Microsoft Excel -> Excel for Business Analysis (internal LMS)
342,Priority: Reading Comprehension -> Business Writing & Comprehension
343,Priority: Microsoft Outlook -> Effective Email & Calendar Management
346,Priority: Active Listening -> Active Listening for Managers
347,Priority: Microsoft Excel -> Excel for Business Analysis (internal LMS)
349,Priority: Reading Comprehension -> Business Writing & Comprehension
350,Priority: Learning Strategies -> Instructional Design Basics
351,Priority: Microsoft Excel -> Excel for Business Analysis (internal LMS)
352,Priority: Microsoft Excel -> Excel for Business Analysis (internal LMS)
353,Priority: Critical Thinking -> Structured Problem Solving workshop
355,Priority: Microsoft Excel -> Excel for Business Analysis (internal LMS)
359,Priority: Microsoft Excel -> Excel for Business Analysis (internal LMS)
361,Priority: Microsoft Excel -> Excel for Business Analysis (internal LMS)
362,Priority: Active Listening -> Active Listening for Managers
363,Priority: Active Listening -> Active Listening for Managers
364,Priority: Microsoft Excel -> Excel for Business Analysis (internal LMS)
366,Priority: Critical Thinking -> Structured Problem Solving workshop
367,Priority: Microsoft Excel -> Excel for Business Analysis (internal LMS)
369,Priority: Microsoft Outlook -> Effective Email & Calendar Management
372,Priority: Microsoft Office software -> Microsoft Office Essentials
373,Priority: Microsoft Outlook -> Effective Email & Calendar Management
374,Priority: Critical Thinking -> Structured Problem Solving workshop
376,Priority: Microsoft Excel -> Excel for Business Analysis (internal LMS)
377,Priority: Critical Thinking -> Structured Problem Solving workshop
378,Priority: Microsoft Excel -> Excel for Business Analysis (internal LMS)
379,Priority: Microsoft Office software -> Microsoft Office Essentials
380,Priority: Microsoft Excel -> Excel for Business Analysis (internal LMS)
381,Priority: Microsoft Office software -> Microsoft Office Essentials
382,Priority: Active Listening -> Active Listening for Managers
384,Priority: Reading Comprehension -> Business Writing & Comprehension
385,Priority: Monitoring -> Performance Monitoring & KPIs
386,Priority: Critical Thinking -> Structured Problem Solving workshop
387,Priority: Microsoft Excel -> Excel for Business Analysis (internal LMS)
388,Priority: Reading Comprehension -> Business Writing & Comprehension
389,Priority: Critical Thinking -> Structured Problem Solving workshop
390,Priority: Reading Comprehension -> Business Writing & Comprehension
391,Priority: Microsoft Excel -> Excel for Business Analysis (internal LMS)
392,Priority: Critical Thinking -> Structured Problem Solving workshop
393,Priority: Speaking -> Public Speaking & Presentation Skills
394,Priority: Active Listening -> Active Listening for Managers
395,Priority: Active Listening -> Active Listening for Managers
396,Priority: Critical Thinking -> Structured Problem Solving workshop
397,Priority: Microsoft Office software -> Microsoft Office Essentials
399,Priority: Active Listening -> Active Listening for Managers
401,Priority: Critical Thinking -> Structured Problem Solving workshop
403,Priority: Critical Thinking -> Structured Problem Solving workshop
404,Priority: Active Listening -> Active Listening for Managers
405,Priority: Critical Thinking -> Structured Problem Solving workshop
406,Priority: Microsoft Excel -> Excel for Business Analysis (internal LMS)
407,Priority: Microsoft Excel -> Excel for Business Analysis (internal LMS)
408,Priority: Active Listening -> Active Listening for Managers
410,Priority: Active Listening -> Active Listening for Managers
411,Priority: Critical Thinking -> Structured Problem Solving workshop
412,Priority: Critical Thinking -> Structured Problem Solving workshop
416,Priority: Microsoft Excel -> Excel for Business Analysis (internal LMS)
417,Priority: Microsoft Outlook -> Effective Email & Calendar Management
419,Priority: Science -> Domain Science Fundamentals (role-specific)
420,Priority: Critical Thinking -> Structured Problem Solving workshop
421,Priority: Microsoft Office software -> Microsoft Office Essentials
422,Priority: Microsoft Excel -> Excel for Business Analysis (internal LMS)
423,Priority: Critical Thinking -> Structured Problem Solving workshop
424,Priority: Active Listening -> Active Listening for Managers
425,Priority: Active Listening -> Active Listening for Managers
426,Priority: Active Listening -> Active Listening for Managers
428,Priority: Critical Thinking -> Structured Problem Solving workshop
429,Priority: Active Listening -> Active Listening for Managers
430,Priority: Critical Thinking -> Structured Problem Solving workshop
431,Priority: Microsoft Excel -> Excel for Business Analysis (internal LMS)
433,Priority: Microsoft Excel -> Excel for Business Analysis (internal LMS)
434,Priority: Microsoft Excel -> Excel for Business Analysis (internal LMS)
436,Priority: Active Listening -> Active Listening for Managers
437,Priority: Microsoft Excel -> Excel for Business Analysis (internal LMS)
438,Priority: Microsoft Office software -> Microsoft Office Essentials
439,Priority: Science -> Domain Science Fundamentals (role-specific)
440,Priority: Critical Thinking -> Structured Problem Solving workshop
441,Priority: Active Listening -> Active Listening for Managers
442,Priority: Microsoft Excel -> Excel for Business Analysis (internal LMS)
444,Priority: Reading Comprehension -> Business Writing & Comprehension
445,Priority: Microsoft Excel -> Excel for Business Analysis (internal LMS)
446,Priority: Active Listening -> Active Listening for Managers
447,Priority: Critical Thinking -> Structured Problem Solving workshop
448,Priority: Critical Thinking -> Structured Problem Solving workshop
449,Priority: Microsoft PowerPoint -> Presentation Design Fundamentals
450,Priority: Monitoring -> Performance Monitoring & KPIs
451,Priority: Reading Comprehension -> Business Writing & Comprehension
452,Priority: Writing -> Business Writing Essentials
453,Priority: Microsoft Office software -> Microsoft Office Essentials
454,Priority: Microsoft Excel -> Excel for Business Analysis (internal LMS)
455,Priority: Microsoft Excel -> Excel for Business Analysis (internal LMS)
456,Priority: Reading Comprehension -> Business Writing & Comprehension
458,Priority: Microsoft Excel -> Excel for Business Analysis (internal LMS)
460,Priority: Critical Thinking -> Structured Problem Solving workshop
461,Priority: Monitoring -> Performance Monitoring & KPIs
462,Priority: Monitoring -> Performance Monitoring & KPIs
463,Priority: Reading Comprehension -> Business Writing & Comprehension
464,Priority: Active Listening -> Active Listening for Managers
465,Priority: Microsoft Office software -> Microsoft Office Essentials
466,Priority: Microsoft Excel -> Excel for Business Analysis (internal LMS)
467,Priority: Active Listening -> Active Listening for Managers
468,Priority: Monitoring -> Performance Monitoring & KPIs
469,Priority: Microsoft Office software -> Microsoft Office Essentials
470,Priority: Microsoft Excel -> Excel for Business Analysis (internal LMS)
471,Priority: Critical Thinking -> Structured Problem Solving workshop
473,Priority: Microsoft Excel -> Excel for Business Analysis (internal LMS)
474,Priority: Microsoft Excel -> Excel for Business Analysis (internal LMS)
475,Priority: Microsoft Excel -> Excel for Business Analysis (internal LMS)
476,Priority: Microsoft Excel -> Excel for Business Analysis (internal LMS)
477,Priority: Active Listening -> Active Listening for Managers
478,Priority: Writing -> Business Writing Essentials
479,Priority: Active Listening -> Active Listening for Managers
481,Priority: Reading Comprehension -> Business Writing & Comprehension
482,Priority: Active Listening -> Active Listening for Managers
483,Priority: Active Listening -> Active Listening for Managers
484,Priority: Microsoft Excel -> Excel for Business Analysis (internal LMS)
485,Priority: Microsoft Excel -> Excel for Business Analysis (internal LMS)
486,Priority: Microsoft Office software -> Microsoft Office Essentials
487,Priority: Monitoring -> Performance Monitoring & KPIs
488,Priority: Microsoft Excel -> Excel for Business Analysis (internal LMS)
491,Priority: Microsoft Office software -> Microsoft Office Essentials
492,Priority: Active Listening -> Active Listening for Managers
493,Priority: Microsoft Excel -> Excel for Business Analysis (internal LMS)
494,Priority: Speaking -> Public Speaking & Presentation Skills
495,Priority: Microsoft Office software -> Microsoft Office Essentials
496,Priority: Microsoft Outlook -> Effective Email & Calendar Management
497,Priority: Critical Thinking -> Structured Problem Solving workshop
498,Priority: Critical Thinking -> Structured Problem Solving workshop
499,Priority: Salesforce software -> Salesforce Administrator Certification
500,Priority: Microsoft Office software -> Microsoft Office Essentials
501,Priority: Monitoring -> Performance Monitoring & KPIs
502,Priority: Monitoring -> Performance Monitoring & KPIs
505,Priority: Active Learning -> Learning How to Learn
507,Priority: Critical Thinking -> Structured Problem Solving workshop
508,Priority: Microsoft Office software -> Microsoft Office Essentials
510,Priority: Active Listening -> Active Listening for Managers
511,Priority: Science -> Domain Science Fundamentals (role-specific)
513,Priority: Microsoft Excel -> Excel for Business Analysis (internal LMS)
514,Priority: Microsoft Excel -> Excel for Business Analysis (internal LMS)
515,Priority: Critical Thinking -> Structured Problem Solving workshop
516,Priority: Critical Thinking -> Structured Problem Solving workshop
517,Priority: Monitoring -> Performance Monitoring & KPIs
518,Priority: Microsoft Excel -> Excel for Business Analysis (internal LMS)
520,Priority: Microsoft Excel -> Excel for Business Analysis (internal LMS)
521,Priority: Microsoft Excel -> Excel for Business Analysis (internal LMS)
522,Priority: Microsoft Excel -> Excel for Business Analysis (internal LMS)
523,Priority: Critical Thinking -> Structured Problem Solving workshop
524,Priority: Microsoft Excel -> Excel for Business Analysis (internal LMS)
525,Priority: Active Listening -> Active Listening for Managers
526,Priority: Critical Thinking -> Structured Problem Solving workshop
527,Priority: Monitoring -> Performance Monitoring & KPIs
529,Priority: Microsoft Excel -> Excel for Business Analysis (internal LMS)
530,Priority: Monitoring -> Performance Monitoring & KPIs
531,Priority: Microsoft Excel -> Excel for Business Analysis (internal LMS)
532,Priority: Critical Thinking -> Structured Problem Solving workshop
533,Priority: Microsoft Outlook -> Effective Email & Calendar Management
534,Priority: Critical Thinking -> Structured Problem Solving workshop
536,Priority: Microsoft Excel -> Excel for Business Analysis (internal LMS)
538,Priority: Microsoft Excel -> Excel for Business Analysis (internal LMS)
543,Priority: Critical Thinking -> Structured Problem Solving workshop
544,Priority: Reading Comprehension -> Business Writing & Comprehension
546,Priority: Microsoft Office software -> Microsoft Office Essentials
547,Priority: Active Listening -> Active Listening for Managers
548,Priority: Microsoft Excel -> Excel for Business Analysis (internal LMS)
549,Priority: Microsoft Excel -> Excel for Business Analysis (internal LMS)
550,Priority: Critical Thinking -> Structured Problem Solving workshop
551,Priority: Microsoft Office software -> Microsoft Office Essentials
554,Priority: Writing -> Business Writing Essentials
555,Priority: Microsoft Excel -> Excel for Business Analysis (internal LMS)
556,Priority: Critical Thinking -> Structured Problem Solving workshop
558,Priority: Reading Comprehension -> Business Writing & Comprehension
560,Priority: Microsoft Excel -> Excel for Business Analysis (internal LMS)
562,Priority: Microsoft Excel -> Excel for Business Analysis (internal LMS)
564,Priority: Reading Comprehension -> Business Writing & Comprehension
565,Priority: Critical Thinking -> Structured Problem Solving workshop
566,Priority: Microsoft Office software -> Microsoft Office Essentials
567,Priority: Microsoft Outlook -> Effective Email & Calendar Management
568,Priority: Reading Comprehension -> Business Writing & Comprehension
569,Priority: Active Listening -> Active Listening for Managers
571,Priority: Reading Comprehension -> Business Writing & Comprehension
573,Priority: Critical Thinking -> Structured Problem Solving workshop
574,Priority: Microsoft Excel -> Excel for Business Analysis (internal LMS)
575,Priority: Microsoft Excel -> Excel for Business Analysis (internal LMS)
577,Priority: Microsoft Excel -> Excel for Business Analysis (internal LMS)
578,Priority: Active Listening -> Active Listening for Managers
579,Priority: Critical Thinking -> Structured Problem Solving workshop
580,Priority: Critical Thinking -> Structured Problem Solving workshop
581,Priority: Microsoft Office software -> Microsoft Office Essentials
582,Priority: Microsoft Excel -> Excel for Business Analysis (internal LMS)
584,Priority: Science -> Domain Science Fundamentals (role-specific)
585,Priority: Microsoft Excel -> Excel for Business Analysis (internal LMS)
586,Priority: Critical Thinking -> Structured Problem Solving workshop
587,Priority: Active Listening -> Active Listening for Managers
590,Priority: Microsoft Office software -> Microsoft Office Essentials
591,Priority: Active Listening -> Active Listening for Managers
592,Priority: Microsoft Excel -> Excel for Business Analysis (internal LMS)
593,Priority: Active Listening -> Active Listening for Managers
595,Priority: Microsoft Office software -> Microsoft Office Essentials
597,Priority: Active Listening -> Active Listening for Managers
599,Priority: Microsoft Office software -> Microsoft Office Essentials
600,Priority: Active Listening -> Active Listening for Managers
601,Priority: Critical Thinking -> Structured Problem Solving workshop
602,Priority: Critical Thinking -> Structured Problem Solving workshop
604,Priority: Reading Comprehension -> Business Writing & Comprehension
605,Priority: Critical Thinking -> Structured Problem Solving workshop
606,Priority: Microsoft Outlook -> Effective Email & Calendar Management
608,Priority: Active Listening -> Active Listening for Managers
611,Priority: Microsoft Office software -> Microsoft Office Essentials
612,Priority: Critical Thinking -> Structured Problem Solving workshop
613,Priority: Active Listening -> Active Listening for Managers
614,Priority: Active Listening -> Active Listening for Managers
615,Priority: Microsoft Office software -> Microsoft Office Essentials
616,Priority: Critical Thinking -> Structured Problem Solving workshop
618,Priority: Microsoft Excel -> Excel for Business Analysis (internal LMS)
620,Priority: Microsoft Outlook -> Effective Email & Calendar Management
621,Priority: Active Listening -> Active Listening for Managers
622,Priority: Active Listening -> Active Listening for Managers
623,Priority: Critical Thinking -> Structured Problem Solving workshop
624,Priority: Microsoft Excel -> Excel for Business Analysis (internal LMS)
625,Priority: Microsoft Excel -> Excel for Business Analysis (internal LMS)
626,Priority: Microsoft Excel -> Excel for Business Analysis (internal LMS)
630,Priority: Active Listening -> Active Listening for Managers
631,Priority: Microsoft Outlook -> Effective Email & Calendar Management
632,Priority: Microsoft Excel -> Excel for Business Analysis (internal LMS)
634,Priority: Writing -> Business Writing Essentials
635,Priority: Monitoring -> Performance Monitoring & KPIs
638,Priority: Microsoft Excel -> Excel for Business Analysis (internal LMS)
639,Priority: Microsoft Excel -> Excel for Business Analysis (internal LMS)
641,Priority: Active Listening -> Active Listening for Managers
643,Priority: Microsoft Excel -> Excel for Business Analysis (internal LMS)
644,Priority: Microsoft PowerPoint -> Presentation Design Fundamentals
645,Priority: Critical Thinking -> Structured Problem Solving workshop
647,Priority: Critical Thinking -> Structured Problem Solving workshop
648,Priority: Microsoft Office software -> Microsoft Office Essentials
649,Priority: Microsoft Excel -> Excel for Business Analysis (internal LMS)
650,Priority: Microsoft Excel -> Excel for Business Analysis (internal LMS)
652,Priority: Active Listening -> Active Listening for Managers
653,Priority: Microsoft Excel -> Excel for Business Analysis (internal LMS)
655,Priority: Critical Thinking -> Structured Problem Solving workshop
656,Priority: Active Listening -> Active Listening for Managers
657,Priority: Writing -> Business Writing Essentials
659,Priority: Microsoft Excel -> Excel for Business Analysis (internal LMS)
661,Priority: Microsoft Office software -> Microsoft Office Essentials
662,Priority: Microsoft Office software -> Microsoft Office Essentials
663,Priority: Critical Thinking -> Structured Problem Solving workshop
664,Priority: Microsoft Office software -> Microsoft Office Essentials
665,Priority: Microsoft Excel -> Excel for Business Analysis (internal LMS)
666,Priority: Active Listening -> Active Listening for Managers
667,Priority: Active Listening -> Active Listening for Managers
669,Priority: Critical Thinking -> Structured Problem Solving workshop
671,Priority: Active Listening -> Active Listening for Managers
675,Priority: Microsoft Excel -> Excel for Business Analysis (internal LMS)
677,Priority: Critical Thinking -> Structured Problem Solving workshop
679,Priority: Critical Thinking -> Structured Problem Solving workshop
680,Priority: Microsoft Excel -> Excel for Business Analysis (internal LMS)
682,Priority: Microsoft Office software -> Microsoft Office Essentials
683,Priority: Microsoft Excel -> Excel for Business Analysis (internal LMS)
684,Priority: Microsoft Excel -> Excel for Business Analysis (internal LMS)
686,Priority: Active Listening -> Active Listening for Managers
689,Priority: Microsoft Excel -> Excel for Business Analysis (internal LMS)
690,Priority: Active Learning -> Learning How to Learn
691,Priority: Microsoft Office software -> Microsoft Office Essentials
692,Priority: Microsoft Excel -> Excel for Business Analysis (internal LMS)
698,Priority: Microsoft Excel -> Excel for Business Analysis (internal LMS)
699,Priority: Active Listening -> Active Listening for Managers
700,Priority: Microsoft Excel -> Excel for Business Analysis (internal LMS)
701,Priority: Writing -> Business Writing Essentials
702,Priority: Microsoft Excel -> Excel for Business Analysis (internal LMS)
704,Priority: Reading Comprehension -> Business Writing & Comprehension
705,Priority: Microsoft Excel -> Excel for Business Analysis (internal LMS)
707,Priority: Active Listening -> Active Listening for Managers
709,Priority: Microsoft Office software -> Microsoft Office Essentials
710,Priority: Active Listening -> Active Listening for Managers
712,Priority: Microsoft Office software -> Microsoft Office Essentials
714,Priority: Critical Thinking -> Structured Problem Solving workshop
715,Priority: Microsoft Excel -> Excel for Business Analysis (internal LMS)
716,Priority: Science -> Domain Science Fundamentals (role-specific)
717,Priority: Writing -> Business Writing Essentials
720,Priority: Critical Thinking -> Structured Problem Solving workshop
721,Priority: Microsoft Excel -> Excel for Business Analysis (internal LMS)
722,Priority: Microsoft Excel -> Excel for Business Analysis (internal LMS)
723,Priority: Microsoft Excel -> Excel for Business Analysis (internal LMS)
724,Priority: Active Listening -> Active Listening for Managers
725,Priority: Microsoft Excel -> Excel for Business Analysis (internal LMS)
727,Priority: Active Listening -> Active Listening for Managers
728,Priority: Microsoft Outlook -> Effective Email & Calendar Management
729,Priority: Active Listening -> Active Listening for Managers
730,Priority: Critical Thinking -> Structured Problem Solving workshop
731,Priority: Microsoft Office software -> Microsoft Office Essentials
732,Priority: Critical Thinking -> Structured Problem Solving workshop
733,Priority: Microsoft Excel -> Excel for Business Analysis (internal LMS)
734,Priority: Microsoft Excel -> Excel for Business Analysis (internal LMS)
738,Priority: Speaking -> Public Speaking & Presentation Skills
741,Priority: Reading Comprehension -> Business Writing & Comprehension
742,Priority: Microsoft Excel -> Excel for Business Analysis (internal LMS)
743,Priority: Microsoft Excel -> Excel for Business Analysis (internal LMS)
744,Priority: Microsoft Outlook -> Effective Email & Calendar Management
746,Priority: Active Listening -> Active Listening for Managers
747,Priority: Microsoft Office software -> Microsoft Office Essentials
749,Priority: Active Learning -> Learning How to Learn
752,Priority: Critical Thinking -> Structured Problem Solving workshop
754,Priority: Reading Comprehension -> Business Writing & Comprehension
757,Priority: Microsoft Office software -> Microsoft Office Essentials
758,Priority: Reading Comprehension -> Business Writing & Comprehension
760,Priority: Microsoft Excel -> Excel for Business Analysis (internal LMS)
762,Priority: Critical Thinking -> Structured Problem Solving workshop
763,Priority: Microsoft Excel -> Excel for Business Analysis (internal LMS)
764,Priority: Microsoft Office software -> Microsoft Office Essentials
766,Priority: Active Listening -> Active Listening for Managers
769,Priority: Writing -> Business Writing Essentials
771,Priority: Microsoft Office software -> Microsoft Office Essentials
772,Priority: Critical Thinking -> Structured Problem Solving workshop
773,Priority: Microsoft Excel -> Excel for Business Analysis (internal LMS)
775,Priority: Critical Thinking -> Structured Problem Solving workshop
776,Priority: Microsoft Excel -> Excel for Business Analysis (internal LMS)
780,Priority: Microsoft Excel -> Excel for Business Analysis (internal LMS)
781,Priority: Reading Comprehension -> Business Writing & Comprehension
783,Priority: Critical Thinking -> Structured Problem Solving workshop
784,Priority: Microsoft Excel -> Excel for Business Analysis (internal LMS)
785,Priority: Microsoft Excel -> Excel for Business Analysis (internal LMS)
786,Priority: Critical Thinking -> Structured Problem Solving workshop
787,Priority: Microsoft Excel -> Excel for Business Analysis (internal LMS)
789,Priority: Critical Thinking -> Structured Problem Solving workshop
791,Priority: Critical Thinking -> Structured Problem Solving workshop
792,Priority: Microsoft Excel -> Excel for Business Analysis (internal LMS)
793,Priority: Microsoft Excel -> Excel for Business Analysis (internal LMS)
796,Priority: Microsoft Office software -> Microsoft Office Essentials
797,Priority: Microsoft Excel -> Excel for Business Analysis (internal LMS)
799,Priority: Critical Thinking -> Structured Problem Solving workshop
800,Priority: Microsoft Excel -> Excel for Business Analysis (internal LMS)
802,Priority: Monitoring -> Performance Monitoring & KPIs
803,Priority: Active Listening -> Active Listening for Managers
804,Priority: Reading Comprehension -> Business Writing & Comprehension
805,Priority: Critical Thinking -> Structured Problem Solving workshop
806,Priority: Active Listening -> Active Listening for Managers
807,Priority: Writing -> Business Writing Essentials
808,Priority: Microsoft Office software -> Microsoft Office Essentials
809,Priority: Microsoft Excel -> Excel for Business Analysis (internal LMS)
811,Priority: Microsoft Excel -> Excel for Business Analysis (internal LMS)
812,Priority: Active Listening -> Active Listening for Managers
813,Priority: Microsoft Excel -> Excel for Business Analysis (internal LMS)
815,Priority: Active Listening -> Active Listening for Managers
816,Priority: Microsoft Excel -> Excel for Business Analysis (internal LMS)
817,Priority: Critical Thinking -> Structured Problem Solving workshop
819,Priority: Critical Thinking -> Structured Problem Solving workshop
820,Priority: Critical Thinking -> Structured Problem Solving workshop
823,Priority: Microsoft PowerPoint -> Presentation Design Fundamentals
824,Priority: Monitoring -> Performance Monitoring & KPIs
825,Priority: Active Listening -> Active Listening for Managers
826,Priority: Microsoft Excel -> Excel for Business Analysis (internal LMS)
827,Priority: Microsoft Excel -> Excel for Business Analysis (internal LMS)
828,Priority: Microsoft Excel -> Excel for Business Analysis (internal LMS)
829,Priority: Microsoft Office software -> Microsoft Office Essentials
830,Priority: Critical Thinking -> Structured Problem Solving workshop
832,Priority: Critical Thinking -> Structured Problem Solving workshop
833,Priority: Microsoft PowerPoint -> Presentation Design Fundamentals
834,Priority: Microsoft Excel -> Excel for Business Analysis (internal LMS)
836,Priority: Microsoft Excel -> Excel for Business Analysis (internal LMS)
837,Priority: Critical Thinking -> Structured Problem Solving workshop
838,Priority: Critical Thinking -> Structured Problem Solving workshop
840,Priority: Microsoft Office software -> Microsoft Office Essentials
842,Priority: Monitoring -> Performance Monitoring & KPIs
843,Priority: Microsoft Office software -> Microsoft Office Essentials
844,Priority: Reading Comprehension -> Business Writing & Comprehension
845,Priority: Active Listening -> Active Listening for Managers
846,Priority: Monitoring -> Performance Monitoring & KPIs
847,Priority: Microsoft Excel -> Excel for Business Analysis (internal LMS)
848,Priority: Active Listening -> Active Listening for Managers
850,Priority: Reading Comprehension -> Business Writing & Comprehension
851,Priority: Monitoring -> Performance Monitoring & KPIs
852,Priority: Microsoft Outlook -> Effective Email & Calendar Management
854,Priority: Active Listening -> Active Listening for Managers
855,Priority: Critical Thinking -> Structured Problem Solving workshop
856,Priority: Microsoft Excel -> Excel for Business Analysis (internal LMS)
857,Priority: Microsoft Excel -> Excel for Business Analysis (internal LMS)
859,Priority: Microsoft Excel -> Excel for Business Analysis (internal LMS)
861,Priority: Microsoft PowerPoint -> Presentation Design Fundamentals
862,Priority: Microsoft Excel -> Excel for Business Analysis (internal LMS)
864,Priority: Microsoft Excel -> Excel for Business Analysis (internal LMS)
865,Priority: Reading Comprehension -> Business Writing & Comprehension
867,Priority: Microsoft PowerPoint -> Presentation Design Fundamentals
868,Priority: Microsoft Office software -> Microsoft Office Essentials
869,Priority: Critical Thinking -> Structured Problem Solving workshop
872,Priority: Learning Strategies -> Instructional Design Basics
874,Priority: Microsoft Excel -> Excel for Business Analysis (internal LMS)
875,Priority: Microsoft Excel -> Excel for Business Analysis (internal LMS)
878,Priority: Critical Thinking -> Structured Problem Solving workshop
879,Priority: Critical Thinking -> Structured Problem Solving workshop
880,Priority: Microsoft Excel -> Excel for Business Analysis (internal LMS)
881,Priority: Critical Thinking -> Structured Problem Solving workshop
882,Priority: Microsoft Office software -> Microsoft Office Essentials
885,Priority: Critical Thinking -> Structured Problem Solving workshop
887,Priority: Critical Thinking -> Structured Problem Solving workshop
888,Priority: Critical Thinking -> Structured Problem Solving workshop
889,Priority: Microsoft Excel -> Excel for Business Analysis (internal LMS)
893,Priority: Critical Thinking -> Structured Problem Solving workshop
894,Priority: Critical Thinking -> Structured Problem Solving workshop
895,Priority: Microsoft PowerPoint -> Presentation Design Fundamentals
896,Priority: Active Learning -> Learning How to Learn
897,Priority: Critical Thinking -> Structured Problem Solving workshop
899,Priority: Microsoft Office software -> Microsoft Office Essentials
900,Priority: Critical Thinking -> Structured Problem Solving workshop
901,Priority: Monitoring -> Performance Monitoring & KPIs
902,Priority: Active Listening -> Active Listening for Managers
903,Priority: Microsoft Excel -> Excel for Business Analysis (internal LMS)
904,Priority: Microsoft PowerPoint -> Presentation Design Fundamentals
905,Priority: Microsoft Excel -> Excel for Business Analysis (internal LMS)
909,Priority: Microsoft Excel -> Excel for Business Analysis (internal LMS)
910,Priority: Microsoft Excel -> Excel for Business Analysis (internal LMS)
911,Priority: Microsoft Excel -> Excel for Business Analysis (internal LMS)
912,Priority: Microsoft Office software -> Microsoft Office Essentials
913,Priority: Microsoft Excel -> Excel for Business Analysis (internal LMS)
916,Priority: Critical Thinking -> Structured Problem Solving workshop
918,Priority: Critical Thinking -> Structured Problem Solving workshop
920,Priority: Active Listening -> Active Listening for Managers
922,Priority: Microsoft Excel -> Excel for Business Analysis (internal LMS)
923,Priority: Science -> Domain Science Fundamentals (role-specific)
924,Priority: Writing -> Business Writing Essentials
925,Priority: Reading Comprehension -> Business Writing & Comprehension
926,Priority: Microsoft Excel -> Excel for Business Analysis (internal LMS)
927,Priority: Reading Comprehension -> Business Writing & Comprehension
930,Priority: Critical Thinking -> Structured Problem Solving workshop
932,Priority: Microsoft Outlook -> Effective Email & Calendar Management
933,Priority: Microsoft Excel -> Excel for Business Analysis (internal LMS)
934,Priority: Microsoft Office software -> Microsoft Office Essentials
936,Priority: Active Listening -> Active Listening for Managers
939,Priority: Microsoft Office software -> Microsoft Office Essentials
940,Priority: Active Listening -> Active Listening for Managers
941,Priority: Microsoft Excel -> Excel for Business Analysis (internal LMS)
942,Priority: Reading Comprehension -> Business Writing & Comprehension
944,Priority: Critical Thinking -> Structured Problem Solving workshop
945,Priority: Active Listening -> Active Listening for Managers
947,Priority: Active Listening -> Active Listening for Managers
949,Priority: Active Listening -> Active Listening for Managers
950,Priority: Microsoft Excel -> Excel for Business Analysis (internal LMS)
951,Priority: Microsoft Excel -> Excel for Business Analysis (internal LMS)
952,Priority: Microsoft Excel -> Excel for Business Analysis (internal LMS)
954,Priority: Critical Thinking -> Structured Problem Solving workshop
956,Priority: Critical Thinking -> Structured Problem Solving workshop
957,Priority: Monitoring -> Performance Monitoring & KPIs
958,Priority: Active Listening -> Active Listening for Managers
959,Priority: Active Listening -> Active Listening for Managers
960,Priority: Microsoft Office software -> Microsoft Office Essentials
961,Priority: Microsoft Excel -> Excel for Business Analysis (internal LMS)
964,Priority: Microsoft Excel -> Excel for Business Analysis (internal LMS)
966,Priority: Microsoft Excel -> Excel for Business Analysis (internal LMS)
967,Priority: Critical Thinking -> Structured Problem Solving workshop
969,Priority: Microsoft Excel -> Excel for Business Analysis (internal LMS)
970,Priority: Active Learning -> Learning How to Learn
972,Priority: Microsoft Office software -> Microsoft Office Essentials
974,Priority: Active Listening -> Active Listening for Managers
975,Priority: Critical Thinking -> Structured Problem Solving workshop
976,Priority: Microsoft Excel -> Excel for Business Analysis (internal LMS)
977,Priority: Reading Comprehension -> Business Writing & Comprehension
981,Priority: Microsoft Excel -> Excel for Business Analysis (internal LMS)
982,Priority: Critical Thinking -> Structured Problem Solving workshop
983,Priority: Reading Comprehension -> Business Writing & Comprehension
984,Priority: Critical Thinking -> Structured Problem Solving workshop
985,Priority: Microsoft Excel -> Excel for Business Analysis (internal LMS)
986,Priority: Microsoft Excel -> Excel for Business Analysis (internal LMS)
987,Priority: Active Listening -> Active Listening for Managers
990,Priority: Microsoft Excel -> Excel for Business Analysis (internal LMS)
991,Priority: Reading Comprehension -> Business Writing & Comprehension
992,Priority: Critical Thinking -> Structured Problem Solving workshop
994,Priority: Critical Thinking -> Structured Problem Solving workshop
995,Priority: Microsoft Excel -> Excel for Business Analysis (internal LMS)
996,Priority: Microsoft Excel -> Excel for Business Analysis (internal LMS)
997,Priority: Active Listening -> Active Listening for Managers
998,Priority: Microsoft Excel -> Excel for Business Analysis (internal LMS)
999,Priority: Active Listening -> Active Listening for Managers
1001,Priority: Microsoft Office software -> Microsoft Office Essentials
1002,Priority: Microsoft Office software -> Microsoft Office Essentials
1003,Priority: Reading Comprehension -> Business Writing & Comprehension
1004,Priority: Critical Thinking -> Structured Problem Solving workshop
1005,Priority: Critical Thinking -> Structured Problem Solving workshop
1006,Priority: Microsoft Excel -> Excel for Business Analysis (internal LMS)
1007,Priority: Microsoft Excel -> Excel for Business Analysis (internal LMS)
1009,Priority: Critical Thinking -> Structured Problem Solving workshop
1010,Priority: Microsoft Excel -> Excel for Business Analysis (internal LMS)
1011,Priority: Active Listening -> Active Listening for Managers
1012,Priority: Microsoft Excel -> Excel for Business Analysis (internal LMS)
1013,Priority: Monitoring -> Performance Monitoring & KPIs
1014,Priority: Writing -> Business Writing Essentials
1015,Priority: Microsoft Excel -> Excel for Business Analysis (internal LMS)
1016,Priority: Microsoft Excel -> Excel for Business Analysis (internal LMS)
1017,Priority: Critical Thinking -> Structured Problem Solving workshop
1018,Priority: Critical Thinking -> Structured Problem Solving workshop
1019,Priority: Microsoft Excel -> Excel for Business Analysis (internal LMS)
1022,Priority: Active Listening -> Active Listening for Managers
1024,Priority: Critical Thinking -> Structured Problem Solving workshop
1025,Priority: Reading Comprehension -> Business Writing & Comprehension
1026,Priority: Active Listening -> Active Listening for Managers
1027,Priority: Microsoft Excel -> Excel for Business Analysis (internal LMS)
1028,Priority: Monitoring -> Performance Monitoring & KPIs
1029,Priority: Microsoft Office software -> Microsoft Office Essentials
1030,Priority: Active Listening -> Active Listening for Managers
1032,Priority: Monitoring -> Performance Monitoring & KPIs
1033,Priority: Microsoft Excel -> Excel for Business Analysis (internal LMS)
1034,Priority: Microsoft Outlook -> Effective Email & Calendar Management
1035,Priority: Active Listening -> Active Listening for Managers
1036,Priority: Microsoft Excel -> Excel for Business Analysis (internal LMS)
1037,Priority: Microsoft Excel -> Excel for Business Analysis (internal LMS)
1038,Priority: Microsoft Excel -> Excel for Business Analysis (internal LMS)
1039,Priority: Critical Thinking -> Structured Problem Solving workshop
1040,Priority: Microsoft Office software -> Microsoft Office Essentials
1042,Priority: Microsoft Office software -> Microsoft Office Essentials
1043,Priority: Microsoft Excel -> Excel for Business Analysis (internal LMS)
1044,Priority: Critical Thinking -> Structured Problem Solving workshop
1045,Priority: Critical Thinking -> Structured Problem Solving workshop
1046,Priority: Critical Thinking -> Structured Problem Solving workshop
1047,Priority: Reading Comprehension -> Business Writing & Comprehension
1048,Priority: Critical Thinking -> Structured Problem Solving workshop
1049,Priority: Reading Comprehension -> Business Writing & Comprehension
1050,Priority: Reading Comprehension -> Business Writing & Comprehension
1052,Priority: Active Listening -> Active Listening for Managers
1053,Priority: Microsoft PowerPoint -> Presentation Design Fundamentals
1055,Priority: Reading Comprehension -> Business Writing & Comprehension
1056,Priority: Writing -> Business Writing Essentials
1060,Priority: Microsoft Office software -> Microsoft Office Essentials
1061,Priority: Critical Thinking -> Structured Problem Solving workshop
1062,Priority: Critical Thinking -> Structured Problem Solving workshop
1066,Priority: Microsoft Excel -> Excel for Business Analysis (internal LMS)
1068,Priority: Microsoft Office software -> Microsoft Office Essentials
1069,Priority: Microsoft Excel -> Excel for Business Analysis (internal LMS)
1070,Priority: Critical Thinking -> Structured Problem Solving workshop
1071,Priority: Microsoft Excel -> Excel for Business Analysis (internal LMS)
1073,Priority: Reading Comprehension -> Business Writing & Comprehension
1074,Priority: Microsoft Excel -> Excel for Business Analysis (internal LMS)
1076,Priority: Critical Thinking -> Structured Problem Solving workshop
1077,Priority: Active Learning -> Learning How to Learn
1079,Priority: Writing -> Business Writing Essentials
1080,Priority: Science -> Domain Science Fundamentals (role-specific)
1081,Priority: Reading Comprehension -> Business Writing & Comprehension
1082,Priority: Active Learning -> Learning How to Learn
1083,Priority: Critical Thinking -> Structured Problem Solving workshop
1084,Priority: Critical Thinking -> Structured Problem Solving workshop
1085,Priority: Active Listening -> Active Listening for Managers
1088,Priority: Critical Thinking -> Structured Problem Solving workshop
1092,Priority: Microsoft Excel -> Excel for Business Analysis (internal LMS)
1094,Priority: Monitoring -> Performance Monitoring & KPIs
1096,Priority: Reading Comprehension -> Business Writing & Comprehension
1097,Priority: Microsoft Office software -> Microsoft Office Essentials
1098,Priority: Critical Thinking -> Structured Problem Solving workshop
1099,Priority: Active Listening -> Active Listening for Managers
1100,Priority: Microsoft Excel -> Excel for Business Analysis (internal LMS)
1101,Priority: Active Listening -> Active Listening for Managers
1102,Priority: Microsoft Excel -> Excel for Business Analysis (internal LMS)
1103,Priority: Microsoft Excel -> Excel for Business Analysis (internal LMS)
1105,Priority: Microsoft Excel -> Excel for Business Analysis (internal LMS)
1106,Priority: Writing -> Business Writing Essentials
1107,Priority: Monitoring -> Performance Monitoring & KPIs
1108,Priority: Active Listening -> Active Listening for Managers
1109,Priority: Microsoft Office software -> Microsoft Office Essentials
1111,Priority: Science -> Domain Science Fundamentals (role-specific)
1113,Priority: Critical Thinking -> Structured Problem Solving workshop
1114,Priority: Critical Thinking -> Structured Problem Solving workshop
1115,Priority: Microsoft Excel -> Excel for Business Analysis (internal LMS)
1116,Priority: Active Learning -> Learning How to Learn
1117,Priority: Speaking -> Public Speaking & Presentation Skills
1118,Priority: Microsoft Excel -> Excel for Business Analysis (internal LMS)
1119,Priority: Microsoft Excel -> Excel for Business Analysis (internal LMS)
1120,Priority: Microsoft Office software -> Microsoft Office Essentials
1121,Priority: Reading Comprehension -> Business Writing & Comprehension
1124,Priority: Critical Thinking -> Structured Problem Solving workshop
1125,Priority: Active Learning -> Learning How to Learn
1126,Priority: Microsoft Excel -> Excel for Business Analysis (internal LMS)
1127,Priority: Microsoft Office software -> Microsoft Office Essentials
1128,Priority: Critical Thinking -> Structured Problem Solving workshop
1131,Priority: Reading Comprehension -> Business Writing & Comprehension
1132,Priority: Critical Thinking -> Structured Problem Solving workshop
1133,Priority: Critical Thinking -> Structured Problem Solving workshop
1135,Priority: Microsoft Excel -> Excel for Business Analysis (internal LMS)
1136,Priority: Microsoft Excel -> Excel for Business Analysis (internal LMS)
1137,Priority: Active Listening -> Active Listening for Managers
1138,Priority: Microsoft Office software -> Microsoft Office Essentials
1140,Priority: Microsoft Excel -> Excel for Business Analysis (internal LMS)
1143,Priority: Writing -> Business Writing Essentials
1148,Priority: Microsoft Excel -> Excel for Business Analysis (internal LMS)
1150,Priority: Critical Thinking -> Structured Problem Solving workshop
1152,Priority: Critical Thinking -> Structured Problem Solving workshop
1154,Priority: Reading Comprehension -> Business Writing & Comprehension
1156,Priority: Microsoft Office software -> Microsoft Office Essentials
1157,Priority: Microsoft PowerPoint -> Presentation Design Fundamentals
1158,Priority: Critical Thinking -> Structured Problem Solving workshop
1160,Priority: Critical Thinking -> Structured Problem Solving workshop
1161,Priority: Critical Thinking -> Structured Problem Solving workshop
1162,Priority: Microsoft Office software -> Microsoft Office Essentials
1163,Priority: Critical Thinking -> Structured Problem Solving workshop
1164,Priority: Microsoft Outlook -> Effective Email & Calendar Management
1165,Priority: Microsoft Excel -> Excel for Business Analysis (internal LMS)
1166,Priority: Monitoring -> Performance Monitoring & KPIs
1167,Priority: Microsoft Excel -> Excel for Business Analysis (internal LMS)
1171,Priority: Microsoft Office software -> Microsoft Office Essentials
1172,Priority: Reading Comprehension -> Business Writing & Comprehension
1173,Priority: Microsoft Excel -> Excel for Business Analysis (internal LMS)
1175,Priority: Writing -> Business Writing Essentials
1177,Priority: Microsoft Excel -> Excel for Business Analysis (internal LMS)
1179,Priority: Microsoft Office software -> Microsoft Office Essentials
1180,Priority: Microsoft Office software -> Microsoft Office Essentials
1182,Priority: Microsoft Office software -> Microsoft Office Essentials
1184,Priority: Microsoft Outlook -> Effective Email & Calendar Management
1185,Priority: Microsoft Office software -> Microsoft Office Essentials
1188,Priority: Microsoft Excel -> Excel for Business Analysis (internal LMS)
1190,Priority: Microsoft Excel -> Excel for Business Analysis (internal LMS)
1191,Priority: Microsoft Excel -> Excel for Business Analysis (internal LMS)
1192,Priority: Science -> Domain Science Fundamentals (role-specific)
1193,Priority: Microsoft Office software -> Microsoft Office Essentials
1195,Priority: Microsoft Excel -> Excel for Business Analysis (internal LMS)
1196,Priority: Microsoft Excel -> Excel for Business Analysis (internal LMS)
1198,Priority: Critical Thinking -> Structured Problem Solving workshop
1200,Priority: Microsoft Excel -> Excel for Business Analysis (internal LMS)
1201,Priority: Microsoft Excel -> Excel for Business Analysis (internal LMS)
1202,Priority: Microsoft Excel -> Excel for Business Analysis (internal LMS)
1203,Priority: Microsoft Excel -> Excel for Business Analysis (internal LMS)
1204,Priority: Active Listening -> Active Listening for Managers
1206,Priority: Microsoft Excel -> Excel for Business Analysis (internal LMS)
1207,Priority: Critical Thinking -> Structured Problem Solving workshop
1210,Priority: Microsoft Excel -> Excel for Business Analysis (internal LMS)
1211,Priority: Microsoft Excel -> Excel for Business Analysis (internal LMS)
1212,Priority: Microsoft Office software -> Microsoft Office Essentials
1215,Priority: Critical Thinking -> Structured Problem Solving workshop
1216,Priority: Critical Thinking -> Structured Problem Solving workshop
1217,Priority: Microsoft Excel -> Excel for Business Analysis (internal LMS)
1218,Priority: Critical Thinking -> Structured Problem Solving workshop
1219,Priority: Microsoft Outlook -> Effective Email & Calendar Management
1220,Priority: Active Listening -> Active Listening for Managers
1221,Priority: Microsoft Excel -> Excel for Business Analysis (internal LMS)
1224,Priority: Critical Thinking -> Structured Problem Solving workshop
1225,Priority: Critical Thinking -> Structured Problem Solving workshop
1226,Priority: Critical Thinking -> Structured Problem Solving workshop
1228,Priority: Microsoft Excel -> Excel for Business Analysis (internal LMS)
1231,Priority: Microsoft Outlook -> Effective Email & Calendar Management
1233,Priority: Microsoft Excel -> Excel for Business Analysis (internal LMS)
1234,Priority: Monitoring -> Performance Monitoring & KPIs
1235,Priority: Microsoft Excel -> Excel for Business Analysis (internal LMS)
1237,Priority: Microsoft Excel -> Excel for Business Analysis (internal LMS)
1238,Priority: Microsoft PowerPoint -> Presentation Design Fundamentals
1239,Priority: Active Listening -> Active Listening for Managers
1240,Priority: Critical Thinking -> Structured Problem Solving workshop
1241,Priority: Critical Thinking -> Structured Problem Solving workshop
1242,Priority: Critical Thinking -> Structured Problem Solving workshop
1243,Priority: Microsoft Excel -> Excel for Business Analysis (internal LMS)
1244,Priority: Active Listening -> Active Listening for Managers
1245,Priority: Microsoft Excel -> Excel for Business Analysis (internal LMS)
1246,Priority: Microsoft Excel -> Excel for Business Analysis (internal LMS)
1248,Priority: Active Listening -> Active Listening for Managers
1249,Priority: Active Listening -> Active Listening for Managers
1250,Priority: Microsoft Office software -> Microsoft Office Essentials
1251,Priority: Microsoft Excel -> Excel for Business Analysis (internal LMS)
1252,Priority: Microsoft Excel -> Excel for Business Analysis (internal LMS)
1254,Priority: Active Listening -> Active Listening for Managers
1255,Priority: Microsoft Excel -> Excel for Business Analysis (internal LMS)
1256,Priority: Critical Thinking -> Structured Problem Solving workshop
1257,Priority: Critical Thinking -> Structured Problem Solving workshop
1258,Priority: Critical Thinking -> Structured Problem Solving workshop
1259,Priority: Microsoft Excel -> Excel for Business Analysis (internal LMS)
1260,Priority: Microsoft Office software -> Microsoft Office Essentials
1263,Priority: Reading Comprehension -> Business Writing & Comprehension
1264,Priority: Active Listening -> Active Listening for Managers
1265,Priority: Critical Thinking -> Structured Problem Solving workshop
1267,Priority: Microsoft Excel -> Excel for Business Analysis (internal LMS)
1268,Priority: Active Learning -> Learning How to Learn
1269,Priority: Microsoft Office software -> Microsoft Office Essentials
1270,Priority: Monitoring -> Performance Monitoring & KPIs
1273,Priority: Critical Thinking -> Structured Problem Solving workshop
1275,Priority: Microsoft Office software -> Microsoft Office Essentials
1277,Priority: Reading Comprehension -> Business Writing & Comprehension
1278,Priority: Microsoft Office software -> Microsoft Office Essentials
1279,Priority: Reading Comprehension -> Business Writing & Comprehension
1280,Priority: Speaking -> Public Speaking & Presentation Skills
1281,Priority: Microsoft PowerPoint -> Presentation Design Fundamentals
1282,Priority: Microsoft Office software -> Microsoft Office Essentials
1283,Priority: Microsoft Excel -> Excel for Business Analysis (internal LMS)
1285,Priority: Microsoft Excel -> Excel for Business Analysis (internal LMS)
1286,Priority: Microsoft Excel -> Excel for Business Analysis (internal LMS)
1288,Priority: Active Listening -> Active Listening for Managers
1289,Priority: Critical Thinking -> Structured Problem Solving workshop
1291,Priority: Microsoft Excel -> Excel for Business Analysis (internal LMS)
1292,Priority: Reading Comprehension -> Business Writing & Comprehension
1293,Priority: Microsoft Excel -> Excel for Business Analysis (internal LMS)
1294,Priority: Microsoft Excel -> Excel for Business Analysis (internal LMS)
1295,Priority: Critical Thinking -> Structured Problem Solving workshop
1296,Priority: Microsoft Excel -> Excel for Business Analysis (internal LMS)
1297,Priority: Microsoft Excel -> Excel for Business Analysis (internal LMS)
1298,Priority: Microsoft Excel -> Excel for Business Analysis (internal LMS)
1299,Priority: Microsoft Office software -> Microsoft Office Essentials
1301,Priority: Microsoft Excel -> Excel for Business Analysis (internal LMS)
1303,Priority: Microsoft Excel -> Excel for Business Analysis (internal LMS)
1304,Priority: Critical Thinking -> Structured Problem Solving workshop
1306,Priority: Microsoft Excel -> Excel for Business Analysis (internal LMS)
1307,Priority: Microsoft Excel -> Excel for Business Analysis (internal LMS)
1308,Priority: Active Listening -> Active Listening for Managers
1309,Priority: Active Listening -> Active Listening for Managers
1310,Priority: Critical Thinking -> Structured Problem Solving workshop
1311,Priority: Monitoring -> Performance Monitoring & KPIs
1312,Priority: Active Listening -> Active Listening for Managers
1314,Priority: Active Listening -> Active Listening for Managers
1315,Priority: Critical Thinking -> Structured Problem Solving workshop
1317,Priority: Microsoft Office software -> Microsoft Office Essentials
1318,Priority: Monitoring -> Performance Monitoring & KPIs
1319,Priority: Critical Thinking -> Structured Problem Solving workshop
1321,Priority: Microsoft Excel -> Excel for Business Analysis (internal LMS)
1322,Priority: Critical Thinking -> Structured Problem Solving workshop
1324,Priority: Active Listening -> Active Listening for Managers
1329,Priority: Microsoft Excel -> Excel for Business Analysis (internal LMS)
1331,Priority: Active Listening -> Active Listening for Managers
1333,Priority: Microsoft Excel -> Excel for Business Analysis (internal LMS)
1334,Priority: Active Listening -> Active Listening for Managers
1336,Priority: Critical Thinking -> Structured Problem Solving workshop
1338,Priority: Microsoft Excel -> Excel for Business Analysis (internal LMS)
1340,Priority: Critical Thinking -> Structured Problem Solving workshop
1344,Priority: Microsoft Excel -> Excel for Business Analysis (internal LMS)
1346,Priority: Science -> Domain Science Fundamentals (role-specific)
1349,Priority: Critical Thinking -> Structured Problem Solving workshop
1350,Priority: Critical Thinking -> Structured Problem Solving workshop
1352,Priority: Critical Thinking -> Structured Problem Solving workshop
1355,Priority: Critical Thinking -> Structured Problem Solving workshop
1356,Priority: Reading Comprehension -> Business Writing & Comprehension
1358,Priority: Active Listening -> Active Listening for Managers
1360,Priority: Microsoft Excel -> Excel for Business Analysis (internal LMS)
1361,Priority: Microsoft Excel -> Excel for Business Analysis (internal LMS)
1362,Priority: Reading Comprehension -> Business Writing & Comprehension
1363,Priority: Microsoft Excel -> Excel for Business Analysis (internal LMS)
1364,Priority: Active Listening -> Active Listening for Managers
1367,Priority: Microsoft Excel -> Excel for Business Analysis (internal LMS)
1368,Priority: Monitoring -> Performance Monitoring & KPIs
1369,Priority: Active Listening -> Active Listening for Managers
1371,Priority: Reading Comprehension -> Business Writing & Comprehension
1372,Priority: Microsoft Excel -> Excel for Business Analysis (internal LMS)
1373,Priority: Reading Comprehension -> Business Writing & Comprehension
1374,Priority: Monitoring -> Performance Monitoring & KPIs
1375,Priority: Critical Thinking -> Structured Problem Solving workshop
1377,Priority: Monitoring -> Performance Monitoring & KPIs
1379,Priority: Critical Thinking -> Structured Problem Solving workshop
1380,Priority: Critical Thinking -> Structured Problem Solving workshop
1382,Priority: Microsoft Office software -> Microsoft Office Essentials
1383,Priority: Microsoft Excel -> Excel for Business Analysis (internal LMS)
1387,Priority: Microsoft Excel -> Excel for Business Analysis (internal LMS)
1389,Priority: Microsoft Outlook -> Effective Email & Calendar Management
1390,Priority: Microsoft Excel -> Excel for Business Analysis (internal LMS)
1391,Priority: Microsoft Excel -> Excel for Business Analysis (internal LMS)
1392,Priority: Microsoft Excel -> Excel for Business Analysis (internal LMS)
1394,Priority: Critical Thinking -> Structured Problem Solving workshop
1395,Priority: Microsoft Excel -> Excel for Business Analysis (internal LMS)
1396,Priority: Microsoft Excel -> Excel for Business Analysis (internal LMS)
1397,Priority: Microsoft Excel -> Excel for Business Analysis (internal LMS)
1399,Priority: Microsoft Excel -> Excel for Business Analysis (internal LMS)
1401,Priority: Reading Comprehension -> Business Writing & Comprehension
1402,Priority: Microsoft Excel -> Excel for Business Analysis (internal LMS)
1403,Priority: Reading Comprehension -> Business Writing & Comprehension
1405,Priority: Critical Thinking -> Structured Problem Solving workshop
1407,Priority: Monitoring -> Performance Monitoring & KPIs
1408,Priority: Microsoft Excel -> Excel for Business Analysis (internal LMS)
1409,Priority: Microsoft Outlook -> Effective Email & Calendar Management
1411,Priority: Reading Comprehension -> Business Writing & Comprehension
1412,Priority: Active Listening -> Active Listening for Managers
1415,Priority: Reading Comprehension -> Business Writing & Comprehension
1417,Priority: Active Listening -> Active Listening for Managers
1419,Priority: Microsoft Excel -> Excel for Business Analysis (internal LMS)
1420,Priority: Microsoft Excel -> Excel for Business Analysis (internal LMS)
1421,Priority: Microsoft Office software -> Microsoft Office Essentials
1422,Priority: Microsoft Excel -> Excel for Business Analysis (internal LMS)
1423,Priority: Critical Thinking -> Structured Problem Solving workshop
1424,Priority: Active Listening -> Active Listening for Managers
1425,Priority: Microsoft Excel -> Excel for Business Analysis (internal LMS)
1427,Priority: Microsoft Excel -> Excel for Business Analysis (internal LMS)
1428,Priority: Microsoft Office software -> Microsoft Office Essentials
1430,Priority: Active Listening -> Active Listening for Managers
1431,Priority: Microsoft Office software -> Microsoft Office Essentials
1433,Priority: Critical Thinking -> Structured Problem Solving workshop
1434,Priority: Microsoft Excel -> Excel for Business Analysis (internal LMS)
1435,Priority: Microsoft Excel -> Excel for Business Analysis (internal LMS)
1436,Priority: Monitoring -> Performance Monitoring & KPIs
1438,Priority: Microsoft Excel -> Excel for Business Analysis (internal LMS)
1439,Priority: Microsoft Excel -> Excel for Business Analysis (internal LMS)
1440,Priority: Microsoft Office software -> Microsoft Office Essentials
1441,Priority: Microsoft Excel -> Excel for Business Analysis (internal LMS)
1443,Priority: Microsoft Excel -> Excel for Business Analysis (internal LMS)
1445,Priority: Microsoft Excel -> Excel for Business Analysis (internal LMS)
1446,Priority: Critical Thinking -> Structured Problem Solving workshop
1447,Priority: Microsoft Excel -> Excel for Business Analysis (internal LMS)
1448,Priority: Microsoft Excel -> Excel for Business Analysis (internal LMS)
1449,Priority: Microsoft Excel -> Excel for Business Analysis (internal LMS)
1453,Priority: Speaking -> Public Speaking & Presentation Skills
1457,Priority: Microsoft Excel -> Excel for Business Analysis (internal LMS)
1458,Priority: Microsoft Excel -> Excel for Business Analysis (internal LMS)
1459,Priority: Critical Thinking -> Structured Problem Solving workshop
1460,Priority: Reading Comprehension -> Business Writing & Comprehension
1461,Priority: Microsoft Office software -> Microsoft Office Essentials
1464,Priority: Critical Thinking -> Structured Problem Solving workshop
1465,Priority: Active Listening -> Active Listening for Managers
1466,Priority: Active Listening -> Active Listening for Managers
1467,Priority: Microsoft Excel -> Excel for Business Analysis (internal LMS)
1468,Priority: Critical Thinking -> Structured Problem Solving workshop
1469,Priority: Critical Thinking -> Structured Problem Solving workshop
1471,Priority: Reading Comprehension -> Business Writing & Comprehension
1472,Priority: Critical Thinking -> Structured Problem Solving workshop
1473,Priority: Critical Thinking -> Structured Problem Solving workshop
1474,Priority: Microsoft Excel -> Excel for Business Analysis (internal LMS)
1475,Priority: Active Listening -> Active Listening for Managers
1477,Priority: Reading Comprehension -> Business Writing & Comprehension
1478,Priority: Microsoft Office software -> Microsoft Office Essentials
1479,Priority: Microsoft Office software -> Microsoft Office Essentials
1480,Priority: Science -> Domain Science Fundamentals (role-specific)
1481,Priority: Critical Thinking -> Structured Problem Solving workshop
1482,Priority: Microsoft Office software -> Microsoft Office Essentials
1483,Priority: Microsoft Office software -> Microsoft Office Essentials
1484,Priority: Active Listening -> Active Listening for Managers
1485,Priority: Active Listening -> Active Listening for Managers
1486,Priority: Reading Comprehension -> Business Writing & Comprehension
1487,Priority: Microsoft Office software -> Microsoft Office Essentials
1489,Priority: Microsoft Excel -> Excel for Business Analysis (internal LMS)
1492,Priority: Reading Comprehension -> Business Writing & Comprehension
1494,Priority: Microsoft Excel -> Excel for Business Analysis (internal LMS)
1495,Priority: Writing -> Business Writing Essentials
1496,Priority: Microsoft Outlook -> Effective Email & Calendar Management
1497,Priority: Microsoft Office software -> Microsoft Office Essentials
1499,Priority: Microsoft Office software -> Microsoft Office Essentials
1501,Priority: Microsoft Outlook -> Effective Email & Calendar Management
1502,Priority: Microsoft Office software -> Microsoft Office Essentials
1503,Priority: Critical Thinking -> Structured Problem Solving workshop
1504,Priority: Microsoft Outlook -> Effective Email & Calendar Management
1506,Priority: Critical Thinking -> Structured Problem Solving workshop
1507,Priority: Critical Thinking -> Structured Problem Solving workshop
1509,Priority: Active Listening -> Active Listening for Managers
1513,Priority: Active Listening -> Active Listening for Managers
1514,Priority: Reading Comprehension -> Business Writing & Comprehension
1515,Priority: Microsoft Outlook -> Effective Email & Calendar Management
1516,Priority: Microsoft Excel -> Excel for Business Analysis (internal LMS)
1520,Priority: Critical Thinking -> Structured Problem Solving workshop
1522,Priority: Microsoft Office software -> Microsoft Office Essentials
1523,Priority: Critical Thinking -> Structured Problem Solving workshop
1525,Priority: Microsoft Office software -> Microsoft Office Essentials
1527,Priority: Microsoft Office software -> Microsoft Office Essentials
1529,Priority: Microsoft Excel -> Excel for Business Analysis (internal LMS)
1533,Priority: Microsoft Excel -> Excel for Business Analysis (internal LMS)
1534,Priority: Critical Thinking -> Structured Problem Solving workshop
1535,Priority: Reading Comprehension -> Business Writing & Comprehension
1537,Priority: Critical Thinking -> Structured Problem Solving workshop
1539,Priority: Reading Comprehension -> Business Writing & Comprehension
1541,Priority: Active Listening -> Active Listening for Managers
1542,Priority: Microsoft Office software -> Microsoft Office Essentials
1543,Priority: Microsoft Excel -> Excel for Business Analysis (internal LMS)
1544,Priority: Reading Comprehension -> Business Writing & Comprehension
1545,Priority: Reading Comprehension -> Business Writing & Comprehension
1546,Priority: Critical Thinking -> Structured Problem Solving workshop
1547,Priority: Critical Thinking -> Structured Problem Solving workshop
1548,Priority: Critical Thinking -> Structured Problem Solving workshop
1549,Priority: Active Listening -> Active Listening for Managers
1550,Priority: Microsoft Excel -> Excel for Business Analysis (internal LMS)
1551,Priority: Active Listening -> Active Listening for Managers
1552,Priority: Critical Thinking -> Structured Problem Solving workshop
1553,Priority: Critical Thinking -> Structured Problem Solving workshop
1554,Priority: Reading Comprehension -> Business Writing & Comprehension
1555,Priority: Microsoft PowerPoint -> Presentation Design Fundamentals
1556,Priority: Microsoft Office software -> Microsoft Office Essentials
1557,Priority: Active Listening -> Active Listening for Managers
1558,Priority: Critical Thinking -> Structured Problem Solving workshop
1560,Priority: Microsoft Excel -> Excel for Business Analysis (internal LMS)
1562,Priority: Microsoft Excel -> Excel for Business Analysis (internal LMS)
1563,Priority: Critical Thinking -> Structured Problem Solving workshop
1564,Priority: Critical Thinking -> Structured Problem Solving workshop
1568,Priority: Reading Comprehension -> Business Writing & Comprehension
1569,Priority: Microsoft Excel -> Excel for Business Analysis (internal LMS)
1572,Priority: Critical Thinking -> Structured Problem Solving workshop
1573,Priority: Microsoft Office software -> Microsoft Office Essentials
1574,Priority: Microsoft Excel -> Excel for Business Analysis (internal LMS)
1576,Priority: Science -> Domain Science Fundamentals (role-specific)
1577,Priority: Active Listening -> Active Listening for Managers
1578,Priority: Active Listening -> Active Listening for Managers
1580,Priority: Microsoft Excel -> Excel for Business Analysis (internal LMS)
1581,Priority: Monitoring -> Performance Monitoring & KPIs
1582,Priority: Active Listening -> Active Listening for Managers
1583,Priority: Microsoft Excel -> Excel for Business Analysis (internal LMS)
1585,Priority: Microsoft Office software -> Microsoft Office Essentials
1586,Priority: Critical Thinking -> Structured Problem Solving workshop
1587,Priority: Active Listening -> Active Listening for Managers
1588,Priority: Speaking -> Public Speaking & Presentation Skills
1590,Priority: Microsoft Excel -> Excel for Business Analysis (internal LMS)
1591,Priority: Reading Comprehension -> Business Writing & Comprehension
1592,Priority: Critical Thinking -> Structured Problem Solving workshop
1594,Priority: Microsoft Office software -> Microsoft Office Essentials
1595,Priority: Microsoft Excel -> Excel for Business Analysis (internal LMS)
1596,Priority: Science -> Domain Science Fundamentals (role-specific)
1597,Priority: Microsoft Outlook -> Effective Email & Calendar Management
1598,Priority: Microsoft Outlook -> Effective Email & Calendar Management
1599,Priority: Microsoft Excel -> Excel for Business Analysis (internal LMS)
1601,Priority: Microsoft Excel -> Excel for Business Analysis (internal LMS)
1602,Priority: Reading Comprehension -> Business Writing & Comprehension
1604,Priority: Writing -> Business Writing Essentials
1605,Priority: Reading Comprehension -> Business Writing & Comprehension
1606,Priority: Microsoft Excel -> Excel for Business Analysis (internal LMS)
1607,Priority: Active Listening -> Active Listening for Managers
1608,Priority: Critical Thinking -> Structured Problem Solving workshop
1609,Priority: Critical Thinking -> Structured Problem Solving workshop
1611,Priority: Critical Thinking -> Structured Problem Solving workshop
1612,Priority: Active Listening -> Active Listening for Managers
1613,Priority: Critical Thinking -> Structured Problem Solving workshop
1614,Priority: Active Listening -> Active Listening for Managers
1615,Priority: Monitoring -> Performance Monitoring & KPIs
1617,Priority: Microsoft Office software -> Microsoft Office Essentials
1618,Priority: Microsoft Office software -> Microsoft Office Essentials
1619,Priority: Critical Thinking -> Structured Problem Solving workshop
1621,Priority: Active Listening -> Active Listening for Managers
1622,Priority: Microsoft Excel -> Excel for Business Analysis (internal LMS)
1623,Priority: Critical Thinking -> Structured Problem Solving workshop
1624,Priority: Microsoft Excel -> Excel for Business Analysis (internal LMS)
1625,Priority: Speaking -> Public Speaking & Presentation Skills
1627,Priority: Microsoft Excel -> Excel for Business Analysis (internal LMS)
1628,Priority: Critical Thinking -> Structured Problem Solving workshop
1630,Priority: Active Listening -> Active Listening for Managers
1631,Priority: Active Listening -> Active Listening for Managers
1633,Priority: Active Listening -> Active Listening for Managers
1635,Priority: Microsoft Excel -> Excel for Business Analysis (internal LMS)
1638,Priority: Learning Strategies -> Instructional Design Basics
1639,Priority: Critical Thinking -> Structured Problem Solving workshop
1640,Priority: Microsoft Office software -> Microsoft Office Essentials
1641,Priority: Reading Comprehension -> Business Writing & Comprehension
1642,Priority: Speaking -> Public Speaking & Presentation Skills
1644,Priority: Active Listening -> Active Listening for Managers
1645,Priority: Microsoft Excel -> Excel for Business Analysis (internal LMS)
1646,Priority: Microsoft Office software -> Microsoft Office Essentials
1647,Priority: Microsoft Office software -> Microsoft Office Essentials
1648,Priority: Microsoft Excel -> Excel for Business Analysis (internal LMS)
1649,Priority: Microsoft Excel -> Excel for Business Analysis (internal LMS)
1650,Priority: Critical Thinking -> Structured Problem Solving workshop
1651,Priority: Microsoft Excel -> Excel for Business Analysis (internal LMS)
1653,Priority: Critical Thinking -> Structured Problem Solving workshop
1654,Priority: Active Listening -> Active Listening for Managers
1655,Priority: Critical Thinking -> Structured Problem Solving workshop
1656,Priority: Reading Comprehension -> Business Writing & Comprehension
1657,Priority: Active Listening -> Active Listening for Managers
1658,Priority: Critical Thinking -> Structured Problem Solving workshop
1659,Priority: Microsoft Office software -> Microsoft Office Essentials
1661,Priority: Microsoft Excel -> Excel for Business Analysis (internal LMS)
1662,Priority: Microsoft Office software -> Microsoft Office Essentials
1664,Priority: Microsoft Office software -> Microsoft Office Essentials
1665,Priority: Microsoft Excel -> Excel for Business Analysis (internal LMS)
1666,Priority: Active Listening -> Active Listening for Managers
1667,Priority: Active Listening -> Active Listening for Managers
1668,Priority: Microsoft Excel -> Excel for Business Analysis (internal LMS)
1669,Priority: Microsoft Excel -> Excel for Business Analysis (internal LMS)
1670,Priority: Microsoft Excel -> Excel for Business Analysis (internal LMS)
1671,Priority: Microsoft Office software -> Microsoft Office Essentials
1673,Priority: Microsoft Excel -> Excel for Business Analysis (internal LMS)
1674,Priority: Active Listening -> Active Listening for Managers
1675,Priority: Critical Thinking -> Structured Problem Solving workshop
1676,Priority: Critical Thinking -> Structured Problem Solving workshop
1677,Priority: Active Listening -> Active Listening for Managers
1678,Priority: Microsoft Office software -> Microsoft Office Essentials
1680,Priority: Microsoft Excel -> Excel for Business Analysis (internal LMS)
1681,Priority: Monitoring -> Performance Monitoring & KPIs
1682,Priority: Microsoft Excel -> Excel for Business Analysis (internal LMS)
1683,Priority: Microsoft Excel -> Excel for Business Analysis (internal LMS)
1684,Priority: Microsoft Outlook -> Effective Email & Calendar Management
1687,Priority: Monitoring -> Performance Monitoring & KPIs
1689,Priority: Microsoft Excel -> Excel for Business Analysis (internal LMS)
1691,Priority: Critical Thinking -> Structured Problem Solving workshop
1692,Priority: Critical Thinking -> Structured Problem Solving workshop
1693,Priority: Active Listening -> Active Listening for Managers
1694,Priority: Microsoft PowerPoint -> Presentation Design Fundamentals
1696,Priority: Active Listening -> Active Listening for Managers
1697,Priority: Microsoft Outlook -> Effective Email & Calendar Management
1698,Priority: Critical Thinking -> Structured Problem Solving workshop
1700,Priority: Critical Thinking -> Structured Problem Solving workshop
1701,Priority: Active Listening -> Active Listening for Managers
1702,Priority: Microsoft Excel -> Excel for Business Analysis (internal LMS)
1703,Priority: Active Learning -> Learning How to Learn
1704,Priority: Critical Thinking -> Structured Problem Solving workshop
1706,Priority: Critical Thinking -> Structured Problem Solving workshop
1707,Priority: Active Listening -> Active Listening for Managers
1708,Priority: Microsoft Excel -> Excel for Business Analysis (internal LMS)
1709,Priority: Active Listening -> Active Listening for Managers
1710,Priority: Microsoft Excel -> Excel for Business Analysis (internal LMS)
1712,Priority: Reading Comprehension -> Business Writing & Comprehension
1714,Priority: Critical Thinking -> Structured Problem Solving workshop
1716,Priority: Microsoft Excel -> Excel for Business Analysis (internal LMS)
1718,Priority: Microsoft Excel -> Excel for Business Analysis (internal LMS)
1719,Priority: Writing -> Business Writing Essentials
1720,Priority: Critical Thinking -> Structured Problem Solving workshop
1721,Priority: Microsoft Excel -> Excel for Business Analysis (internal LMS)
1722,Priority: Critical Thinking -> Structured Problem Solving workshop
1724,Priority: Microsoft PowerPoint -> Presentation Design Fundamentals
1725,Priority: Critical Thinking -> Structured Problem Solving workshop
1727,Priority: Microsoft Excel -> Excel for Business Analysis (internal LMS)
1728,Priority: Critical Thinking -> Structured Problem Solving workshop
1729,Priority: Microsoft Excel -> Excel for Business Analysis (internal LMS)
1731,Priority: Microsoft Excel -> Excel for Business Analysis (internal LMS)
1732,Priority: Microsoft Excel -> Excel for Business Analysis (internal LMS)
1733,Priority: Critical Thinking -> Structured Problem Solving workshop
1734,Priority: Microsoft Excel -> Excel for Business Analysis (internal LMS)
1735,Priority: Critical Thinking -> Structured Problem Solving workshop
1736,Priority: Critical Thinking -> Structured Problem Solving workshop
1737,Priority: Critical Thinking -> Structured Problem Solving workshop
1739,Priority: Active Listening -> Active Listening for Managers
1740,Priority: Critical Thinking -> Structured Problem Solving workshop
1744,Priority: Critical Thinking -> Structured Problem Solving workshop
1745,Priority: Active Listening -> Active Listening for Managers
1746,Priority: Microsoft Outlook -> Effective Email & Calendar Management
1747,Priority: Microsoft Excel -> Excel for Business Analysis (internal LMS)
1749,Priority: Critical Thinking -> Structured Problem Solving workshop
1751,Priority: Critical Thinking -> Structured Problem Solving workshop
1752,Priority: Critical Thinking -> Structured Problem Solving workshop
1753,Priority: Microsoft Office software -> Microsoft Office Essentials
1754,Priority: Critical Thinking -> Structured Problem Solving workshop
1755,Priority: Microsoft Office software -> Microsoft Office Essentials
1756,Priority: Microsoft Excel -> Excel for Business Analysis (internal LMS)
1757,Priority: Critical Thinking -> Structured Problem Solving workshop
1758,Priority: Critical Thinking -> Structured Problem Solving workshop
1760,Priority: Microsoft Excel -> Excel for Business Analysis (internal LMS)
1761,Priority: Critical Thinking -> Structured Problem Solving workshop
1762,Priority: Monitoring -> Performance Monitoring & KPIs
1763,Priority: Active Listening -> Active Listening for Managers
1764,Priority: Microsoft Excel -> Excel for Business Analysis (internal LMS)
1766,Priority: Microsoft Office software -> Microsoft Office Essentials
1767,Priority: Microsoft Office software -> Microsoft Office Essentials
1768,Priority: Microsoft Excel -> Excel for Business Analysis (internal LMS)
1770,Priority: Microsoft Excel -> Excel for Business Analysis (internal LMS)
1771,Priority: Active Listening -> Active Listening for Managers
1772,Priority: Microsoft Excel -> Excel for Business Analysis (internal LMS)
1774,Priority: Active Listening -> Active Listening for Managers
1775,Priority: Microsoft Office software -> Microsoft Office Essentials
1778,Priority: Critical Thinking -> Structured Problem Solving workshop
1779,Priority: Critical Thinking -> Structured Problem Solving workshop
1780,Priority: Writing -> Business Writing Essentials
1782,Priority: Microsoft Excel -> Excel for Business Analysis (internal LMS)
1783,Priority: Microsoft Excel -> Excel for Business Analysis (internal LMS)
1784,Priority: Microsoft Excel -> Excel for Business Analysis (internal LMS)
1786,Priority: Active Listening -> Active Listening for Managers
1787,Priority: Active Listening -> Active Listening for Managers
1789,Priority: Science -> Domain Science Fundamentals (role-specific)
1790,Priority: Microsoft Excel -> Excel for Business Analysis (internal LMS)
1792,Priority: Microsoft Office software -> Microsoft Office Essentials
1794,Priority: Critical Thinking -> Structured Problem Solving workshop
1797,Priority: Microsoft Excel -> Excel for Business Analysis (internal LMS)
1798,Priority: Microsoft Office software -> Microsoft Office Essentials
1799,Priority: Active Listening -> Active Listening for Managers
1800,Priority: Microsoft Office software -> Microsoft Office Essentials
1801,Priority: Microsoft Excel -> Excel for Business Analysis (internal LMS)
1802,Priority: Writing -> Business Writing Essentials
1803,Priority: Microsoft Excel -> Excel for Business Analysis (internal LMS)
1804,Priority: Microsoft Excel -> Excel for Business Analysis (internal LMS)
1805,Priority: Active Listening -> Active Listening for Managers
1807,Priority: Active Listening -> Active Listening for Managers
1809,Priority: Critical Thinking -> Structured Problem Solving workshop
1812,Priority: Microsoft Outlook -> Effective Email & Calendar Management
1813,Priority: Critical Thinking -> Structured Problem Solving workshop
1814,Priority: Reading Comprehension -> Business Writing & Comprehension
1815,Priority: Microsoft Excel -> Excel for Business Analysis (internal LMS)
1816,Priority: Microsoft Excel -> Excel for Business Analysis (internal LMS)
1818,Priority: Microsoft Excel -> Excel for Business Analysis (internal LMS)
1821,Priority: Microsoft Excel -> Excel for Business Analysis (internal LMS)
1822,Priority: Microsoft Office software -> Microsoft Office Essentials
1823,Priority: Microsoft Excel -> Excel for Business Analysis (internal LMS)
1824,Priority: Microsoft Excel -> Excel for Business Analysis (internal LMS)
1826,Priority: Reading Comprehension -> Business Writing & Comprehension
1827,Priority: Active Listening -> Active Listening for Managers
1829,Priority: Microsoft Excel -> Excel for Business Analysis (internal LMS)
1830,Priority: Critical Thinking -> Structured Problem Solving workshop
1833,Priority: Microsoft Excel -> Excel for Business Analysis (internal LMS)
1834,Priority: Active Listening -> Active Listening for Managers
1835,Priority: Microsoft Office software -> Microsoft Office Essentials
1836,Priority: Microsoft Office software -> Microsoft Office Essentials
1837,Priority: Writing -> Business Writing Essentials
1839,Priority: Microsoft PowerPoint -> Presentation Design Fundamentals
1842,Priority: Critical Thinking -> Structured Problem Solving workshop
1844,Priority: Microsoft Excel -> Excel for Business Analysis (internal LMS)
1845,Priority: Reading Comprehension -> Business Writing & Comprehension
1847,Priority: Microsoft Excel -> Excel for Business Analysis (internal LMS)
1849,Priority: Microsoft PowerPoint -> Presentation Design Fundamentals
1850,Priority: Science -> Domain Science Fundamentals (role-specific)
1852,Priority: Reading Comprehension -> Business Writing & Comprehension
1853,Priority: Critical Thinking -> Structured Problem Solving workshop
1854,Priority: Science -> Domain Science Fundamentals (role-specific)
1856,Priority: Active Listening -> Active Listening for Managers
1857,Priority: Microsoft Office software -> Microsoft Office Essentials
1858,Priority: Active Listening -> Active Listening for Managers
1859,Priority: Microsoft Outlook -> Effective Email & Calendar Management
1860,Priority: Reading Comprehension -> Business Writing & Comprehension
1862,Priority: Microsoft Excel -> Excel for Business Analysis (internal LMS)
1863,Priority: Active Listening -> Active Listening for Managers
1864,Priority: Active Listening -> Active Listening for Managers
1865,Priority: Microsoft Office software -> Microsoft Office Essentials
1866,Priority: Microsoft Excel -> Excel for Business Analysis (internal LMS)
1867,Priority: Microsoft Office software -> Microsoft Office Essentials
1868,Priority: Critical Thinking -> Structured Problem Solving workshop
1869,Priority: Monitoring -> Performance Monitoring & KPIs
1870,Priority: Microsoft Excel -> Excel for Business Analysis (internal LMS)
1871,Priority: Microsoft Excel -> Excel for Business Analysis (internal LMS)
1873,Priority: Microsoft Excel -> Excel for Business Analysis (internal LMS)
1875,Priority: Microsoft Excel -> Excel for Business Analysis (internal LMS)
1876,Priority: Microsoft Excel -> Excel for Business Analysis (internal LMS)
1878,Priority: Microsoft Office software -> Microsoft Office Essentials
1880,Priority: Critical Thinking -> Structured Problem Solving workshop
1881,Priority: Microsoft Outlook -> Effective Email & Calendar Management
1882,Priority: Critical Thinking -> Structured Problem Solving workshop
1883,Priority: Microsoft Outlook -> Effective Email & Calendar Management
1885,Priority: Microsoft Excel -> Excel for Business Analysis (internal LMS)
1886,Priority: Active Listening -> Active Listening for Managers
1888,Priority: Microsoft Office software -> Microsoft Office Essentials
1890,Priority: Microsoft Excel -> Excel for Business Analysis (internal LMS)
1892,Priority: Microsoft Excel -> Excel for Business Analysis (internal LMS)
1893,Priority: Reading Comprehension -> Business Writing & Comprehension
1898,Priority: Critical Thinking -> Structured Problem Solving workshop
1900,Priority: Microsoft Excel -> Excel for Business Analysis (internal LMS)
1903,Priority: Active Listening -> Active Listening for Managers
1905,Priority: Critical Thinking -> Structured Problem Solving workshop
1907,Priority: Critical Thinking -> Structured Problem Solving workshop
1908,Priority: Microsoft Excel -> Excel for Business Analysis (internal LMS)
1909,Priority: Microsoft Office software -> Microsoft Office Essentials
1911,Priority: Microsoft Excel -> Excel for Business Analysis (internal LMS)
1912,Priority: Active Listening -> Active Listening for Managers
1915,Priority: Microsoft Excel -> Excel for Business Analysis (internal LMS)
1916,Priority: Active Listening -> Active Listening for Managers
1918,Priority: Microsoft Excel -> Excel for Business Analysis (internal LMS)
1922,Priority: Microsoft Excel -> Excel for Business Analysis (internal LMS)
1924,Priority: Microsoft Excel -> Excel for Business Analysis (internal LMS)
1927,Priority: Microsoft Office software -> Microsoft Office Essentials
1928,Priority: Critical Thinking -> Structured Problem Solving workshop
1929,Priority: Microsoft Excel -> Excel for Business Analysis (internal LMS)
1931,Priority: Microsoft Excel -> Excel for Business Analysis (internal LMS)
1932,Priority: Critical Thinking -> Structured Problem Solving workshop
1933,Priority: Microsoft Excel -> Excel for Business Analysis (internal LMS)
1934,Priority: Critical Thinking -> Structured Problem Solving workshop
1935,Priority: Microsoft Excel -> Excel for Business Analysis (internal LMS)
1936,Priority: Microsoft Office software -> Microsoft Office Essentials
1937,Priority: Microsoft Excel -> Excel for Business Analysis (internal LMS)
1938,Priority: Active Listening -> Active Listening for Managers
1939,Priority: Critical Thinking -> Structured Problem Solving workshop
1940,Priority: Microsoft Excel -> Excel for Business Analysis (internal LMS)
1941,Priority: Critical Thinking -> Structured Problem Solving workshop
1943,Priority: Microsoft Excel -> Excel for Business Analysis (internal LMS)
1944,Priority: Microsoft Excel -> Excel for Business Analysis (internal LMS)
1945,Priority: Microsoft Office software -> Microsoft Office Essentials
1947,Priority: Active Listening -> Active Listening for Managers
1948,Priority: Microsoft Excel -> Excel for Business Analysis (internal LMS)
1949,Priority: Critical Thinking -> Structured Problem Solving workshop
1950,Priority: Microsoft PowerPoint -> Presentation Design Fundamentals
1951,Priority: Critical Thinking -> Structured Problem Solving workshop
1952,Priority: Writing -> Business Writing Essentials
1954,Priority: Active Listening -> Active Listening for Managers
1955,Priority: Active Listening -> Active Listening for Managers
1956,Priority: Microsoft Excel -> Excel for Business Analysis (internal LMS)
1960,Priority: Microsoft Excel -> Excel for Business Analysis (internal LMS)
1961,Priority: Critical Thinking -> Structured Problem Solving workshop
1962,Priority: Microsoft Office software -> Microsoft Office Essentials
1965,Priority: Active Listening -> Active Listening for Managers
1966,Priority: Microsoft Excel -> Excel for Business Analysis (internal LMS)
1967,Priority: Microsoft Outlook -> Effective Email & Calendar Management
1968,Priority: Critical Thinking -> Structured Problem Solving workshop
1969,Priority: Reading Comprehension -> Business Writing & Comprehension
1970,Priority: Reading Comprehension -> Business Writing & Comprehension
1971,Priority: Microsoft Office software -> Microsoft Office Essentials
1972,Priority: Active Listening -> Active Listening for Managers
1973,Priority: Microsoft Excel -> Excel for Business Analysis (internal LMS)
1974,Priority: Reading Comprehension -> Business Writing & Comprehension
1975,Priority: Microsoft Excel -> Excel for Business Analysis (internal LMS)
1976,Priority: Microsoft Office software -> Microsoft Office Essentials
1979,Priority: Microsoft Excel -> Excel for Business Analysis (internal LMS)
1980,Priority: Microsoft Excel -> Excel for Business Analysis (internal LMS)
1981,Priority: Microsoft Excel -> Excel for Business Analysis (internal LMS)
1982,Priority: Critical Thinking -> Structured Problem Solving workshop
1985,Priority: Microsoft Excel -> Excel for Business Analysis (internal LMS)
1986,Priority: Reading Comprehension -> Business Writing & Comprehension
1987,Priority: Microsoft Office software -> Microsoft Office Essentials
1989,Priority: Critical Thinking -> Structured Problem Solving workshop
1992,Priority: Critical Thinking -> Structured Problem Solving workshop
1993,Priority: Critical Thinking -> Structured Problem Solving workshop
1994,Priority: Microsoft Excel -> Excel for Business Analysis (internal LMS)
1995,Priority: Microsoft Excel -> Excel for Business Analysis (internal LMS)
1996,Priority: Active Listening -> Active Listening for Managers
1997,Priority: Microsoft Excel -> Excel for Business Analysis (internal LMS)
1998,Priority: Critical Thinking -> Structured Problem Solving workshop
1999,Priority: Microsoft PowerPoint -> Presentation Design Fundamentals
2000,Priority: Microsoft Excel -> Excel for Business Analysis (internal LMS)
2003,Priority: Critical Thinking -> Structured Problem Solving workshop
2007,Priority: Critical Thinking -> Structured Problem Solving workshop
2008,Priority: Writing -> Business Writing Essentials
2009,Priority: Microsoft Excel -> Excel for Business Analysis (internal LMS)
2010,Priority: Critical Thinking -> Structured Problem Solving workshop
2012,Priority: Critical Thinking -> Structured Problem Solving workshop
2013,Priority: Reading Comprehension -> Business Writing & Comprehension
2014,Priority: Science -> Domain Science Fundamentals (role-specific)
2015,Priority: Critical Thinking -> Structured Problem Solving workshop
2016,Priority: Speaking -> Public Speaking & Presentation Skills
2017,Priority: Active Listening -> Active Listening for Managers
2018,Priority: Critical Thinking -> Structured Problem Solving workshop
2019,Priority: Microsoft Excel -> Excel for Business Analysis (internal LMS)
2020,Priority: Critical Thinking -> Structured Problem Solving workshop
2021,Priority: Microsoft Office software -> Microsoft Office Essentials
2022,Priority: Microsoft Excel -> Excel for Business Analysis (internal LMS)
2023,Priority: Microsoft Excel -> Excel for Business Analysis (internal LMS)
2024,Priority: Critical Thinking -> Structured Problem Solving workshop
2025,Priority: Speaking -> Public Speaking & Presentation Skills
2026,Priority: Microsoft Excel -> Excel for Business Analysis (internal LMS)
2027,Priority: Microsoft Excel -> Excel for Business Analysis (internal LMS)
2031,Priority: Microsoft Office software -> Microsoft Office Essentials
2032,Priority: Microsoft Excel -> Excel for Business Analysis (internal LMS)
2034,Priority: Microsoft Excel -> Excel for Business Analysis (internal LMS)
2035,Priority: Microsoft Excel -> Excel for Business Analysis (internal LMS)
2036,Priority: Active Learning -> Learning How to Learn
2037,Priority: Critical Thinking -> Structured Problem Solving workshop
2038,Priority: Active Listening -> Active Listening for Managers
2040,Priority: Microsoft Excel -> Excel for Business Analysis (internal LMS)
2041,Priority: Critical Thinking -> Structured Problem Solving workshop
2044,Priority: Critical Thinking -> Structured Problem Solving workshop
2045,Priority: Microsoft PowerPoint -> Presentation Design Fundamentals
2046,Priority: Microsoft Excel -> Excel for Business Analysis (internal LMS)
2048,Priority: Active Listening -> Active Listening for Managers
2049,Priority: Critical Thinking -> Structured Problem Solving workshop
2051,Priority: Microsoft Excel -> Excel for Business Analysis (internal LMS)
2052,Priority: Active Listening -> Active Listening for Managers
2053,Priority: Active Listening -> Active Listening for Managers
2054,Priority: Critical Thinking -> Structured Problem Solving workshop
2055,Priority: Critical Thinking -> Structured Problem Solving workshop
2056,Priority: Monitoring -> Performance Monitoring & KPIs
2057,Priority: Monitoring -> Performance Monitoring & KPIs
2060,Priority: Writing -> Business Writing Essentials
2061,Priority: Critical Thinking -> Structured Problem Solving workshop
2062,Priority: Reading Comprehension -> Business Writing & Comprehension
2064,Priority: Microsoft PowerPoint -> Presentation Design Fundamentals
2065,Priority: Speaking -> Public Speaking & Presentation Skills
2068,Priority: Critical Thinking -> Structured Problem Solving workshop
