occupation_code,skill_name,importance_score
11-1011.00,Reading Comprehension,4.12
11-1011.00,Active Listening,4.0
11-1011.00,Writing,4.12
11-1011.00,Speaking,4.25
11-1011.00,Mathematics,3.25
11-1011.00,Science,1.62
11-1011.00,Critical Thinking,4.38
11-1011.00,Active Learning,3.75
11-1011.00,Learning Strategies,3.12
11-1011.00,Monitoring,4.0
11-1011.03,Reading Comprehension,4.0
11-1011.03,Active Listening,4.0
11-1011.03,Writing,4.12
11-1011.03,Speaking,4.0
11-1011.03,Mathematics,2.88
11-1011.03,Science,2.12
11-1011.03,Critical Thinking,4.12
11-1011.03,Active Learning,3.75
11-1011.03,Learning Strategies,3.38
11-1011.03,Monitoring,3.75
11-1021.00,Reading Comprehension,4.0
11-1021.00,Active Listening,4.0
11-1021.00,Writing,3.5
11-1021.00,Speaking,4.0
11-1021.00,Mathematics,2.62
11-1021.00,Science,1.5
11-1021.00,Critical Thinking,3.88
11-1021.00,Active Learning,3.62
11-1021.00,Learning Strategies,3.0
11-1021.00,Monitoring,4.0
11-2011.00,Reading Comprehension,3.75
11-2011.00,Active Listening,4.12
11-2011.00,Writing,3.75
11-2011.00,Speaking,4.12
11-2011.00,Mathematics,2.88
11-2011.00,Science,1.5
11-2011.00,Critical Thinking,3.88
11-2011.00,Active Learning,3.38
11-2011.00,Learning Strategies,3.0
11-2011.00,Monitoring,3.5
11-2021.00,Reading Comprehension,3.88
11-2021.00,Active Listening,4.12
11-2021.00,Writing,3.25
11-2021.00,Speaking,4.0
11-2021.00,Mathematics,3.0
11-2021.00,Science,1.75
11-2021.00,Critical Thinking,3.88
11-2021.00,Active Learning,3.88
11-2021.00,Learning Strategies,3.25
11-2021.00,Monitoring,3.88
11-2022.00,Reading Comprehension,3.88
11-2022.00,Active Listening,4.0
11-2022.00,Writing,3.62
11-2022.00,Speaking,4.0
11-2022.00,Mathematics,3.0
11-2022.00,Science,1.62
11-2022.00,Critical Thinking,3.88
11-2022.00,Active Learning,3.75
11-2022.00,Learning Strategies,3.12
11-2022.00,Monitoring,3.88
11-2032.00,Reading Comprehension,4.12
11-2032.00,Active Listening,4.12
11-2032.00,Writing,4.0
11-2032.00,Speaking,4.25
11-2032.00,Mathematics,2.38
11-2032.00,Science,1.12
11-2032.00,Critical Thinking,3.88
11-2032.00,Active Learning,3.62
11-2032.00,Learning Strategies,3.0
11-2032.00,Monitoring,3.5
11-2033.00,Reading Comprehension,3.88
11-2033.00,Active Listening,4.0
11-2033.00,Writing,3.88
11-2033.00,Speaking,4.12
11-2033.00,Mathematics,3.0
11-2033.00,Science,1.25
11-2033.00,Critical Thinking,4.12
11-2033.00,Active Learning,3.38
11-2033.00,Learning Strategies,2.62
11-2033.00,Monitoring,3.12
11-3012.00,Reading Comprehension,4.0
11-3012.00,Active Listening,4.0
11-3012.00,Writing,3.75
11-3012.00,Speaking,3.88
11-3012.00,Mathematics,2.25
11-3012.00,Science,1.0
11-3012.00,Critical Thinking,3.75
11-3012.00,Active Learning,3.12
11-3012.00,Learning Strategies,3.0
11-3012.00,Monitoring,3.38
11-3013.00,Reading Comprehension,3.75
11-3013.00,Active Listening,3.75
11-3013.00,Writing,3.25
11-3013.00,Speaking,3.88
11-3013.00,Mathematics,2.75
11-3013.00,Science,1.5
11-3013.00,Critical Thinking,3.75
11-3013.00,Active Learning,3.12
11-3013.00,Learning Strategies,3.0
11-3013.00,Monitoring,3.75
11-3013.01,Reading Comprehension,4.12
11-3013.01,Active Listening,4.12
11-3013.01,Writing,3.75
11-3013.01,Speaking,4.0
11-3013.01,Mathematics,2.5
11-3013.01,Science,1.38
11-3013.01,Critical Thinking,4.25
11-3013.01,Active Learning,3.62
11-3013.01,Learning Strategies,3.38
11-3013.01,Monitoring,4.0
11-3021.00,Reading Comprehension,4.0
11-3021.00,Active Listening,4.0
11-3021.00,Writing,3.75
11-3021.00,Speaking,3.88
11-3021.00,Mathematics,3.12
11-3021.00,Science,1.75
11-3021.00,Critical Thinking,4.12
11-3021.00,Active Learning,3.38
11-3021.00,Learning Strategies,3.25
11-3021.00,Monitoring,3.88
11-3031.00,Reading Comprehension,4.0
11-3031.00,Active Listening,4.0
11-3031.00,Writing,3.75
11-3031.00,Speaking,4.0
11-3031.00,Mathematics,3.5
11-3031.00,Science,1.25
11-3031.00,Critical Thinking,4.0
11-3031.00,Active Learning,3.5
11-3031.00,Learning Strategies,3.0
11-3031.00,Monitoring,3.75
11-3031.01,Reading Comprehension,4.0
11-3031.01,Active Listening,4.0
11-3031.01,Writing,3.62
11-3031.01,Speaking,4.0
11-3031.01,Mathematics,4.0
11-3031.01,Science,1.0
11-3031.01,Critical Thinking,4.0
11-3031.01,Active Learning,3.88
11-3031.01,Learning Strategies,3.0
11-3031.01,Monitoring,3.88
11-3031.03,Reading Comprehension,4.0
11-3031.03,Active Listening,4.0
11-3031.03,Writing,3.62
11-3031.03,Speaking,3.88
11-3031.03,Mathematics,3.38
11-3031.03,Science,1.0
11-3031.03,Critical Thinking,4.0
11-3031.03,Active Learning,3.75
11-3031.03,Learning Strategies,2.88
11-3031.03,Monitoring,3.5
11-3051.00,Reading Comprehension,3.88
11-3051.00,Active Listening,3.88
11-3051.00,Writing,3.38
11-3051.00,Speaking,4.0
11-3051.00,Mathematics,3.38
11-3051.00,Science,1.62
11-3051.00,Critical Thinking,4.0
11-3051.00,Active Learning,3.62
11-3051.00,Learning Strategies,3.75
11-3051.00,Monitoring,4.0
11-3051.01,Reading Comprehension,4.0
11-3051.01,Active Listening,3.88
11-3051.01,Writing,3.88
11-3051.01,Speaking,3.88
11-3051.01,Mathematics,3.12
11-3051.01,Science,2.25
11-3051.01,Critical Thinking,3.75
11-3051.01,Active Learning,3.62
11-3051.01,Learning Strategies,3.12
11-3051.01,Monitoring,3.88
11-3051.02,Reading Comprehension,3.88
11-3051.02,Active Listening,3.62
11-3051.02,Writing,3.62
11-3051.02,Speaking,3.88
11-3051.02,Mathematics,3.25
11-3051.02,Science,2.38
11-3051.02,Critical Thinking,4.0
11-3051.02,Active Learning,3.5
11-3051.02,Learning Strategies,3.25
11-3051.02,Monitoring,3.88
11-3051.03,Reading Comprehension,3.88
11-3051.03,Active Listening,3.75
11-3051.03,Writing,3.5
11-3051.03,Speaking,3.62
11-3051.03,Mathematics,3.0
11-3051.03,Science,3.0
11-3051.03,Critical Thinking,3.88
11-3051.03,Active Learning,3.25
11-3051.03,Learning Strategies,3.38
11-3051.03,Monitoring,3.75
11-3051.04,Reading Comprehension,3.88
11-3051.04,Active Listening,3.88
11-3051.04,Writing,3.12
11-3051.04,Speaking,4.0
11-3051.04,Mathematics,3.0
11-3051.04,Science,2.5
11-3051.04,Critical Thinking,4.0
11-3051.04,Active Learning,3.12
11-3051.04,Learning Strategies,3.0
11-3051.04,Monitoring,3.88
11-3051.06,Reading Comprehension,3.88
11-3051.06,Active Listening,4.12
11-3051.06,Writing,3.5
11-3051.06,Speaking,4.12
11-3051.06,Mathematics,3.25
11-3051.06,Science,3.25
11-3051.06,Critical Thinking,3.75
11-3051.06,Active Learning,3.62
11-3051.06,Learning Strategies,3.62
11-3051.06,Monitoring,3.88
11-3061.00,Reading Comprehension,3.88
11-3061.00,Active Listening,4.0
11-3061.00,Writing,3.88
11-3061.00,Speaking,4.0
11-3061.00,Mathematics,3.12
11-3061.00,Science,1.0
11-3061.00,Critical Thinking,3.75
11-3061.00,Active Learning,3.25
11-3061.00,Learning Strategies,3.0
11-3061.00,Monitoring,3.88
11-3071.00,Reading Comprehension,3.88
11-3071.00,Active Listening,3.88
11-3071.00,Writing,3.62
11-3071.00,Speaking,3.62
11-3071.00,Mathematics,2.75
11-3071.00,Science,1.0
11-3071.00,Critical Thinking,3.62
11-3071.00,Active Learning,3.62
11-3071.00,Learning Strategies,3.38
11-3071.00,Monitoring,3.75
11-3071.04,Reading Comprehension,4.0
11-3071.04,Active Listening,4.0
11-3071.04,Writing,3.88
11-3071.04,Speaking,4.0
11-3071.04,Mathematics,3.0
11-3071.04,Science,1.12
11-3071.04,Critical Thinking,3.88
11-3071.04,Active Learning,3.75
11-3071.04,Learning Strategies,3.0
11-3071.04,Monitoring,4.0
11-3111.00,Reading Comprehension,4.0
11-3111.00,Active Listening,4.0
11-3111.00,Writing,4.0
11-3111.00,Speaking,4.0
11-3111.00,Mathematics,3.0
11-3111.00,Science,1.0
11-3111.00,Critical Thinking,3.88
11-3111.00,Active Learning,3.75
11-3111.00,Learning Strategies,3.0
11-3111.00,Monitoring,3.38
11-3121.00,Reading Comprehension,4.25
11-3121.00,Active Listening,4.38
11-3121.00,Writing,4.12
11-3121.00,Speaking,4.25
11-3121.00,Mathematics,3.0
11-3121.00,Science,1.5
11-3121.00,Critical Thinking,4.0
11-3121.00,Active Learning,4.0
11-3121.00,Learning Strategies,3.75
11-3121.00,Monitoring,4.0
11-3131.00,Reading Comprehension,4.0
11-3131.00,Active Listening,4.0
11-3131.00,Writing,3.88
11-3131.00,Speaking,4.0
11-3131.00,Mathematics,2.88
11-3131.00,Science,1.5
11-3131.00,Critical Thinking,3.75
11-3131.00,Active Learning,3.75
11-3131.00,Learning Strategies,4.25
11-3131.00,Monitoring,3.88
11-9013.00,Reading Comprehension,3.75
11-9013.00,Active Listening,3.88
11-9013.00,Writing,3.25
11-9013.00,Speaking,3.62
11-9013.00,Mathematics,2.88
11-9013.00,Science,2.62
11-9013.00,Critical Thinking,3.88
11-9013.00,Active Learning,3.38
11-9013.00,Learning Strategies,2.88
11-9013.00,Monitoring,3.38
11-9021.00,Reading Comprehension,3.88
11-9021.00,Active Listening,4.0
11-9021.00,Writing,3.75
11-9021.00,Speaking,3.88
11-9021.00,Mathematics,3.5
11-9021.00,Science,2.12
11-9021.00,Critical Thinking,4.0
11-9021.00,Active Learning,3.88
11-9021.00,Learning Strategies,3.12
11-9021.00,Monitoring,3.88
11-9031.00,Reading Comprehension,4.0
11-9031.00,Active Listening,4.0
11-9031.00,Writing,3.88
11-9031.00,Speaking,4.0
11-9031.00,Mathematics,2.75
11-9031.00,Science,1.88
11-9031.00,Critical Thinking,4.0
11-9031.00,Active Learning,3.88
11-9031.00,Learning Strategies,3.88
11-9031.00,Monitoring,3.88
11-9032.00,Reading Comprehension,4.75
11-9032.00,Active Listening,4.88
11-9032.00,Writing,4.62
11-9032.00,Speaking,4.75
11-9032.00,Mathematics,3.0
11-9032.00,Science,2.0
11-9032.00,Critical Thinking,4.62
11-9032.00,Active Learning,4.0
11-9032.00,Learning Strategies,4.88
11-9032.00,Monitoring,4.0
11-9033.00,Reading Comprehension,4.12
11-9033.00,Active Listening,4.0
11-9033.00,Writing,4.0
11-9033.00,Speaking,4.0
11-9033.00,Mathematics,2.88
11-9033.00,Science,1.5
11-9033.00,Critical Thinking,4.12
11-9033.00,Active Learning,3.88
11-9033.00,Learning Strategies,3.75
11-9033.00,Monitoring,4.0
11-9041.00,Reading Comprehension,4.12
11-9041.00,Active Listening,4.0
11-9041.00,Writing,4.0
11-9041.00,Speaking,4.0
11-9041.00,Mathematics,3.88
11-9041.00,Science,2.62
11-9041.00,Critical Thinking,3.88
11-9041.00,Active Learning,3.88
11-9041.00,Learning Strategies,3.25
11-9041.00,Monitoring,3.75
11-9041.01,Reading Comprehension,3.62
11-9041.01,Active Listening,3.5
11-9041.01,Writing,3.62
11-9041.01,Speaking,3.62
11-9041.01,Mathematics,3.12
11-9041.01,Science,3.12
11-9041.01,Critical Thinking,3.62
11-9041.01,Active Learning,3.25
11-9041.01,Learning Strategies,2.88
11-9041.01,Monitoring,3.25
11-9051.00,Reading Comprehension,3.75
11-9051.00,Active Listening,3.88
11-9051.00,Writing,3.0
11-9051.00,Speaking,3.88
11-9051.00,Mathematics,2.88
11-9051.00,Science,1.62
11-9051.00,Critical Thinking,3.62
11-9051.00,Active Learning,3.12
11-9051.00,Learning Strategies,3.12
11-9051.00,Monitoring,3.88
11-9071.00,Reading Comprehension,3.5
11-9071.00,Active Listening,3.75
11-9071.00,Writing,3.62
11-9071.00,Speaking,3.88
11-9071.00,Mathematics,3.12
11-9071.00,Science,1.62
11-9071.00,Critical Thinking,4.0
11-9071.00,Active Learning,3.5
11-9071.00,Learning Strategies,3.25
11-9071.00,Monitoring,3.88
11-9072.00,Reading Comprehension,3.88
11-9072.00,Active Listening,3.88
11-9072.00,Writing,3.5
11-9072.00,Speaking,3.88
11-9072.00,Mathematics,2.5
11-9072.00,Science,1.0
11-9072.00,Critical Thinking,3.75
11-9072.00,Active Learning,3.25
11-9072.00,Learning Strategies,3.12
11-9072.00,Monitoring,3.75
11-9081.00,Reading Comprehension,3.88
11-9081.00,Active Listening,4.12
11-9081.00,Writing,3.88
11-9081.00,Speaking,4.0
11-9081.00,Mathematics,2.62
11-9081.00,Science,1.0
11-9081.00,Critical Thinking,3.75
11-9081.00,Active Learning,3.75
11-9081.00,Learning Strategies,3.38
11-9081.00,Monitoring,3.75
11-9111.00,Reading Comprehension,4.0
11-9111.00,Active Listening,4.0
11-9111.00,Writing,4.0
11-9111.00,Speaking,4.12
11-9111.00,Mathematics,2.75
11-9111.00,Science,2.5
11-9111.00,Critical Thinking,4.12
11-9111.00,Active Learning,3.88
11-9111.00,Learning Strategies,3.25
11-9111.00,Monitoring,4.0
11-9121.00,Reading Comprehension,4.0
11-9121.00,Active Listening,4.0
11-9121.00,Writing,3.88
11-9121.00,Speaking,3.88
11-9121.00,Mathematics,3.12
11-9121.00,Science,4.12
11-9121.00,Critical Thinking,4.0
11-9121.00,Active Learning,3.5
11-9121.00,Learning Strategies,3.5
11-9121.00,Monitoring,4.0
11-9121.01,Reading Comprehension,4.0
11-9121.01,Active Listening,4.0
11-9121.01,Writing,4.0
11-9121.01,Speaking,3.88
11-9121.01,Mathematics,2.88
11-9121.01,Science,3.0
11-9121.01,Critical Thinking,3.75
11-9121.01,Active Learning,3.38
11-9121.01,Learning Strategies,3.12
11-9121.01,Monitoring,3.62
11-9121.02,Reading Comprehension,4.0
11-9121.02,Active Listening,4.0
11-9121.02,Writing,4.0
11-9121.02,Speaking,4.0
11-9121.02,Mathematics,3.25
11-9121.02,Science,3.0
11-9121.02,Critical Thinking,4.0
11-9121.02,Active Learning,3.25
11-9121.02,Learning Strategies,3.12
11-9121.02,Monitoring,3.25
11-9131.00,Reading Comprehension,4.0
11-9131.00,Active Listening,4.0
11-9131.00,Writing,3.25
11-9131.00,Speaking,4.0
11-9131.00,Mathematics,2.75
11-9131.00,Science,1.5
11-9131.00,Critical Thinking,3.75
11-9131.00,Active Learning,3.25
11-9131.00,Learning Strategies,3.38
11-9131.00,Monitoring,3.75
11-9141.00,Reading Comprehension,4.0
11-9141.00,Active Listening,3.88
11-9141.00,Writing,3.75
11-9141.00,Speaking,4.0
11-9141.00,Mathematics,3.0
11-9141.00,Science,1.12
11-9141.00,Critical Thinking,3.88
11-9141.00,Active Learning,3.12
11-9141.00,Learning Strategies,2.75
11-9141.00,Monitoring,3.38
11-9151.00,Reading Comprehension,3.75
11-9151.00,Active Listening,3.88
11-9151.00,Writing,3.75
11-9151.00,Speaking,3.75
11-9151.00,Mathematics,2.62
11-9151.00,Science,2.25
11-9151.00,Critical Thinking,3.88
11-9151.00,Active Learning,3.88
11-9151.00,Learning Strategies,3.62
11-9151.00,Monitoring,3.88
11-9161.00,Reading Comprehension,4.0
11-9161.00,Active Listening,4.0
11-9161.00,Writing,4.0
11-9161.00,Speaking,4.12
11-9161.00,Mathematics,3.0
11-9161.00,Science,1.88
11-9161.00,Critical Thinking,4.0
11-9161.00,Active Learning,3.75
11-9161.00,Learning Strategies,3.88
11-9161.00,Monitoring,4.0
11-9171.00,Reading Comprehension,3.62
11-9171.00,Active Listening,3.88
11-9171.00,Writing,3.12
11-9171.00,Speaking,3.5
11-9171.00,Mathematics,2.62
11-9171.00,Science,1.5
11-9171.00,Critical Thinking,3.5
11-9171.00,Active Learning,2.88
11-9171.00,Learning Strategies,2.88
11-9171.00,Monitoring,3.38
11-9179.01,Reading Comprehension,3.62
11-9179.01,Active Listening,3.75
11-9179.01,Writing,3.5
11-9179.01,Speaking,3.88
11-9179.01,Mathematics,2.12
11-9179.01,Science,1.75
11-9179.01,Critical Thinking,3.62
11-9179.01,Active Learning,3.38
11-9179.01,Learning Strategies,3.38
11-9179.01,Monitoring,3.38
11-9179.02,Reading Comprehension,3.38
11-9179.02,Active Listening,3.88
11-9179.02,Writing,3.0
11-9179.02,Speaking,4.0
11-9179.02,Mathematics,3.0
11-9179.02,Science,1.0
11-9179.02,Critical Thinking,3.88
11-9179.02,Active Learning,3.62
11-9179.02,Learning Strategies,3.38
11-9179.02,Monitoring,4.0
11-9199.01,Reading Comprehension,4.12
11-9199.01,Active Listening,4.0
11-9199.01,Writing,4.25
11-9199.01,Speaking,4.0
11-9199.01,Mathematics,2.38
11-9199.01,Science,2.38
11-9199.01,Critical Thinking,3.88
11-9199.01,Active Learning,3.5
11-9199.01,Learning Strategies,3.0
11-9199.01,Monitoring,3.62
11-9199.02,Reading Comprehension,4.0
11-9199.02,Active Listening,3.88
11-9199.02,Writing,3.88
11-9199.02,Speaking,3.88
11-9199.02,Mathematics,2.12
11-9199.02,Science,1.38
11-9199.02,Critical Thinking,4.0
11-9199.02,Active Learning,3.75
11-9199.02,Learning Strategies,3.25
11-9199.02,Monitoring,3.75
11-9199.08,Reading Comprehension,4.0
11-9199.08,Active Listening,4.0
11-9199.08,Writing,3.75
11-9199.08,Speaking,4.0
11-9199.08,Mathematics,2.75
11-9199.08,Science,1.0
11-9199.08,Critical Thinking,3.88
11-9199.08,Active Learning,3.75
11-9199.08,Learning Strategies,3.25
11-9199.08,Monitoring,3.88
11-9199.09,Reading Comprehension,3.88
11-9199.09,Active Listening,4.0
11-9199.09,Writing,3.75
11-9199.09,Speaking,3.88
11-9199.09,Mathematics,3.0
11-9199.09,Science,2.0
11-9199.09,Critical Thinking,3.88
11-9199.09,Active Learning,3.0
11-9199.09,Learning Strategies,3.0
11-9199.09,Monitoring,3.88
11-9199.10,Reading Comprehension,3.88
11-9199.10,Active Listening,3.75
11-9199.10,Writing,3.88
11-9199.10,Speaking,3.88
11-9199.10,Mathematics,3.0
11-9199.10,Science,1.75
11-9199.10,Critical Thinking,4.0
11-9199.10,Active Learning,3.38
11-9199.10,Learning Strategies,2.75
11-9199.10,Monitoring,3.5
11-9199.11,Reading Comprehension,4.0
11-9199.11,Active Listening,3.88
11-9199.11,Writing,3.88
11-9199.11,Speaking,4.0
11-9199.11,Mathematics,3.62
11-9199.11,Science,3.0
11-9199.11,Critical Thinking,4.0
11-9199.11,Active Learning,3.25
11-9199.11,Learning Strategies,3.0
11-9199.11,Monitoring,4.0
13-1011.00,Reading Comprehension,4.0
13-1011.00,Active Listening,4.0
13-1011.00,Writing,3.62
13-1011.00,Speaking,4.0
13-1011.00,Mathematics,2.12
13-1011.00,Science,1.62
13-1011.00,Critical Thinking,3.75
13-1011.00,Active Learning,3.5
13-1011.00,Learning Strategies,2.62
13-1011.00,Monitoring,2.88
13-1021.00,Reading Comprehension,3.5
13-1021.00,Active Listening,3.88
13-1021.00,Writing,3.25
13-1021.00,Speaking,3.75
13-1021.00,Mathematics,2.88
13-1021.00,Science,1.5
13-1021.00,Critical Thinking,3.88
13-1021.00,Active Learning,3.0
13-1021.00,Learning Strategies,2.5
13-1021.00,Monitoring,3.12
13-1022.00,Reading Comprehension,3.62
13-1022.00,Active Listening,3.88
13-1022.00,Writing,3.12
13-1022.00,Speaking,3.88
13-1022.00,Mathematics,3.12
13-1022.00,Science,1.25
13-1022.00,Critical Thinking,4.0
13-1022.00,Active Learning,3.38
13-1022.00,Learning Strategies,2.88
13-1022.00,Monitoring,3.38
13-1023.00,Reading Comprehension,4.12
13-1023.00,Active Listening,4.0
13-1023.00,Writing,4.0
13-1023.00,Speaking,4.0
13-1023.00,Mathematics,3.0
13-1023.00,Science,1.12
13-1023.00,Critical Thinking,3.88
13-1023.00,Active Learning,3.88
13-1023.00,Learning Strategies,3.0
13-1023.00,Monitoring,3.75
13-1031.00,Reading Comprehension,4.12
13-1031.00,Active Listening,4.0
13-1031.00,Writing,3.62
13-1031.00,Speaking,3.88
13-1031.00,Mathematics,2.88
13-1031.00,Science,1.38
13-1031.00,Critical Thinking,4.0
13-1031.00,Active Learning,3.25
13-1031.00,Learning Strategies,2.5
13-1031.00,Monitoring,3.38
13-1032.00,Reading Comprehension,3.5
13-1032.00,Active Listening,3.5
13-1032.00,Writing,3.75
13-1032.00,Speaking,3.75
13-1032.00,Mathematics,2.62
13-1032.00,Science,1.12
13-1032.00,Critical Thinking,3.38
13-1032.00,Active Learning,2.88
13-1032.00,Learning Strategies,2.12
13-1032.00,Monitoring,2.5
13-1041.00,Reading Comprehension,4.0
13-1041.00,Active Listening,3.75
13-1041.00,Writing,3.75
13-1041.00,Speaking,3.88
13-1041.00,Mathematics,2.12
13-1041.00,Science,1.0
13-1041.00,Critical Thinking,3.5
13-1041.00,Active Learning,3.0
13-1041.00,Learning Strategies,2.88
13-1041.00,Monitoring,3.38
13-1041.01,Reading Comprehension,4.0
13-1041.01,Active Listening,3.88
13-1041.01,Writing,3.88
13-1041.01,Speaking,3.88
13-1041.01,Mathematics,3.0
13-1041.01,Science,3.0
13-1041.01,Critical Thinking,4.0
13-1041.01,Active Learning,3.75
13-1041.01,Learning Strategies,3.0
13-1041.01,Monitoring,3.75
13-1041.03,Reading Comprehension,4.12
13-1041.03,Active Listening,4.25
13-1041.03,Writing,3.88
13-1041.03,Speaking,4.0
13-1041.03,Mathematics,2.5
13-1041.03,Science,1.62
13-1041.03,Critical Thinking,4.0
13-1041.03,Active Learning,3.75
13-1041.03,Learning Strategies,3.0
13-1041.03,Monitoring,3.38
13-1041.04,Reading Comprehension,4.0
13-1041.04,Active Listening,4.12
13-1041.04,Writing,4.0
13-1041.04,Speaking,4.0
13-1041.04,Mathematics,2.88
13-1041.04,Science,1.88
13-1041.04,Critical Thinking,4.0
13-1041.04,Active Learning,3.5
13-1041.04,Learning Strategies,3.0
13-1041.04,Monitoring,3.38
13-1041.06,Reading Comprehension,4.0
13-1041.06,Active Listening,3.88
13-1041.06,Writing,3.62
13-1041.06,Speaking,4.12
13-1041.06,Mathematics,2.62
13-1041.06,Science,3.25
13-1041.06,Critical Thinking,4.12
13-1041.06,Active Learning,3.38
13-1041.06,Learning Strategies,3.12
13-1041.06,Monitoring,3.25
13-1041.07,Reading Comprehension,4.0
13-1041.07,Active Listening,4.0
13-1041.07,Writing,4.0
13-1041.07,Speaking,4.0
13-1041.07,Mathematics,2.88
13-1041.07,Science,1.38
13-1041.07,Critical Thinking,4.0
13-1041.07,Active Learning,3.75
13-1041.07,Learning Strategies,3.0
13-1041.07,Monitoring,3.25
13-1041.08,Reading Comprehension,4.0
13-1041.08,Active Listening,4.0
13-1041.08,Writing,3.75
13-1041.08,Speaking,3.88
13-1041.08,Mathematics,2.88
13-1041.08,Science,1.12
13-1041.08,Critical Thinking,3.75
13-1041.08,Active Learning,3.25
13-1041.08,Learning Strategies,3.0
13-1041.08,Monitoring,3.12
13-1051.00,Reading Comprehension,4.0
13-1051.00,Active Listening,3.75
13-1051.00,Writing,3.5
13-1051.00,Speaking,3.88
13-1051.00,Mathematics,4.0
13-1051.00,Science,1.38
13-1051.00,Critical Thinking,3.75
13-1051.00,Active Learning,3.25
13-1051.00,Learning Strategies,2.88
13-1051.00,Monitoring,3.0
13-1071.00,Reading Comprehension,4.0
13-1071.00,Active Listening,4.0
13-1071.00,Writing,3.88
13-1071.00,Speaking,4.12
13-1071.00,Mathematics,2.0
13-1071.00,Science,1.12
13-1071.00,Critical Thinking,3.88
13-1071.00,Active Learning,3.25
13-1071.00,Learning Strategies,3.0
13-1071.00,Monitoring,3.0
13-1074.00,Reading Comprehension,2.75
13-1074.00,Active Listening,3.12
13-1074.00,Writing,2.75
13-1074.00,Speaking,3.38
13-1074.00,Mathematics,2.0
13-1074.00,Science,1.12
13-1074.00,Critical Thinking,3.0
13-1074.00,Active Learning,2.5
13-1074.00,Learning Strategies,2.38
13-1074.00,Monitoring,3.0
13-1075.00,Reading Comprehension,4.0
13-1075.00,Active Listening,4.38
13-1075.00,Writing,4.0
13-1075.00,Speaking,4.25
13-1075.00,Mathematics,2.38
13-1075.00,Science,1.0
13-1075.00,Critical Thinking,4.0
13-1075.00,Active Learning,3.5
13-1075.00,Learning Strategies,3.0
13-1075.00,Monitoring,3.38
13-1081.00,Reading Comprehension,3.88
13-1081.00,Active Listening,3.88
13-1081.00,Writing,3.38
13-1081.00,Speaking,3.88
13-1081.00,Mathematics,3.0
13-1081.00,Science,1.75
13-1081.00,Critical Thinking,4.0
13-1081.00,Active Learning,3.5
13-1081.00,Learning Strategies,3.0
13-1081.00,Monitoring,3.88
13-1081.01,Reading Comprehension,4.0
13-1081.01,Active Listening,4.0
13-1081.01,Writing,4.12
13-1081.01,Speaking,3.88
13-1081.01,Mathematics,4.0
13-1081.01,Science,2.62
13-1081.01,Critical Thinking,3.88
13-1081.01,Active Learning,4.0
13-1081.01,Learning Strategies,3.12
13-1081.01,Monitoring,3.38
13-1081.02,Reading Comprehension,4.0
13-1081.02,Active Listening,3.88
13-1081.02,Writing,3.38
13-1081.02,Speaking,3.75
13-1081.02,Mathematics,3.0
13-1081.02,Science,1.75
13-1081.02,Critical Thinking,4.0
13-1081.02,Active Learning,3.12
13-1081.02,Learning Strategies,2.75
13-1081.02,Monitoring,3.75
13-1082.00,Reading Comprehension,3.5
13-1082.00,Active Listening,3.75
13-1082.00,Writing,3.62
13-1082.00,Speaking,3.5
13-1082.00,Mathematics,2.75
13-1082.00,Science,1.38
13-1082.00,Critical Thinking,3.75
13-1082.00,Active Learning,3.5
13-1082.00,Learning Strategies,3.0
13-1082.00,Monitoring,3.62
13-1111.00,Reading Comprehension,4.12
13-1111.00,Active Listening,4.12
13-1111.00,Writing,4.0
13-1111.00,Speaking,4.0
13-1111.00,Mathematics,3.0
13-1111.00,Science,1.88
13-1111.00,Critical Thinking,4.12
13-1111.00,Active Learning,3.25
13-1111.00,Learning Strategies,3.0
13-1111.00,Monitoring,3.88
13-1121.00,Reading Comprehension,4.0
13-1121.00,Active Listening,4.0
13-1121.00,Writing,3.5
13-1121.00,Speaking,4.0
13-1121.00,Mathematics,2.5
13-1121.00,Science,1.25
13-1121.00,Critical Thinking,3.88
13-1121.00,Active Learning,3.38
13-1121.00,Learning Strategies,2.38
13-1121.00,Monitoring,3.5
13-1131.00,Reading Comprehension,4.0
13-1131.00,Active Listening,4.0
13-1131.00,Writing,4.0
13-1131.00,Speaking,4.12
13-1131.00,Mathematics,3.0
13-1131.00,Science,1.38
13-1131.00,Critical Thinking,3.88
13-1131.00,Active Learning,3.25
13-1131.00,Learning Strategies,2.88
13-1131.00,Monitoring,3.12
13-1141.00,Reading Comprehension,3.88
13-1141.00,Active Listening,3.88
13-1141.00,Writing,3.38
13-1141.00,Speaking,3.88
13-1141.00,Mathematics,3.12
13-1141.00,Science,1.88
13-1141.00,Critical Thinking,3.75
13-1141.00,Active Learning,3.38
13-1141.00,Learning Strategies,2.88
13-1141.00,Monitoring,3.12
13-1151.00,Reading Comprehension,3.88
13-1151.00,Active Listening,4.0
13-1151.00,Writing,3.88
13-1151.00,Speaking,4.38
13-1151.00,Mathematics,2.38
13-1151.00,Science,1.62
13-1151.00,Critical Thinking,3.88
13-1151.00,Active Learning,3.88
13-1151.00,Learning Strategies,4.12
13-1151.00,Monitoring,3.88
13-1161.00,Reading Comprehension,4.0
13-1161.00,Active Listening,4.0
13-1161.00,Writing,4.0
13-1161.00,Speaking,3.88
13-1161.00,Mathematics,3.12
13-1161.00,Science,2.0
13-1161.00,Critical Thinking,4.0
13-1161.00,Active Learning,3.75
13-1161.00,Learning Strategies,2.88
13-1161.00,Monitoring,3.12
13-1161.01,Reading Comprehension,3.88
13-1161.01,Active Listening,3.75
13-1161.01,Writing,3.5
13-1161.01,Speaking,3.62
13-1161.01,Mathematics,2.75
13-1161.01,Science,1.25
13-1161.01,Critical Thinking,3.75
13-1161.01,Active Learning,3.75
13-1161.01,Learning Strategies,2.88
13-1161.01,Monitoring,3.38
13-1199.04,Reading Comprehension,4.0
13-1199.04,Active Listening,4.12
13-1199.04,Writing,4.0
13-1199.04,Speaking,4.0
13-1199.04,Mathematics,2.88
13-1199.04,Science,1.0
13-1199.04,Critical Thinking,4.12
13-1199.04,Active Learning,4.0
13-1199.04,Learning Strategies,3.25
13-1199.04,Monitoring,3.62
13-1199.05,Reading Comprehension,4.0
13-1199.05,Active Listening,3.88
13-1199.05,Writing,4.0
13-1199.05,Speaking,4.0
13-1199.05,Mathematics,2.88
13-1199.05,Science,2.25
13-1199.05,Critical Thinking,3.88
13-1199.05,Active Learning,3.25
13-1199.05,Learning Strategies,3.12
13-1199.05,Monitoring,3.5
13-1199.06,Reading Comprehension,3.62
13-1199.06,Active Listening,3.5
13-1199.06,Writing,3.38
13-1199.06,Speaking,3.5
13-1199.06,Mathematics,3.0
13-1199.06,Science,1.25
13-1199.06,Critical Thinking,3.5
13-1199.06,Active Learning,2.88
13-1199.06,Learning Strategies,2.38
13-1199.06,Monitoring,3.12
13-1199.07,Reading Comprehension,3.88
13-1199.07,Active Listening,4.12
13-1199.07,Writing,3.62
13-1199.07,Speaking,4.0
13-1199.07,Mathematics,2.5
13-1199.07,Science,1.5
13-1199.07,Critical Thinking,4.0
13-1199.07,Active Learning,3.25
13-1199.07,Learning Strategies,3.0
13-1199.07,Monitoring,3.62
13-2011.00,Reading Comprehension,3.88
13-2011.00,Active Listening,3.5
13-2011.00,Writing,3.5
13-2011.00,Speaking,3.38
13-2011.00,Mathematics,3.38
13-2011.00,Science,1.25
13-2011.00,Critical Thinking,3.5
13-2011.00,Active Learning,3.25
13-2011.00,Learning Strategies,2.75
13-2011.00,Monitoring,3.25
13-2022.00,Reading Comprehension,3.88
13-2022.00,Active Listening,3.38
13-2022.00,Writing,3.5
13-2022.00,Speaking,3.38
13-2022.00,Mathematics,2.88
13-2022.00,Science,1.38
13-2022.00,Critical Thinking,3.62
13-2022.00,Active Learning,3.12
13-2022.00,Learning Strategies,2.5
13-2022.00,Monitoring,2.88
13-2023.00,Reading Comprehension,3.62
13-2023.00,Active Listening,3.5
13-2023.00,Writing,3.38
13-2023.00,Speaking,3.38
13-2023.00,Mathematics,2.62
13-2023.00,Science,1.12
13-2023.00,Critical Thinking,3.5
13-2023.00,Active Learning,2.75
13-2023.00,Learning Strategies,2.38
13-2023.00,Monitoring,2.88
13-2031.00,Reading Comprehension,3.75
13-2031.00,Active Listening,3.75
13-2031.00,Writing,3.12
13-2031.00,Speaking,3.75
13-2031.00,Mathematics,3.88
13-2031.00,Science,1.25
13-2031.00,Critical Thinking,3.88
13-2031.00,Active Learning,3.25
13-2031.00,Learning Strategies,2.5
13-2031.00,Monitoring,3.12
13-2041.00,Reading Comprehension,3.62
13-2041.00,Active Listening,3.5
13-2041.00,Writing,3.12
13-2041.00,Speaking,3.62
13-2041.00,Mathematics,3.38
13-2041.00,Science,1.38
13-2041.00,Critical Thinking,3.88
13-2041.00,Active Learning,3.62
13-2041.00,Learning Strategies,2.38
13-2041.00,Monitoring,3.0
13-2052.00,Reading Comprehension,4.12
13-2052.00,Active Listening,4.12
13-2052.00,Writing,3.88
13-2052.00,Speaking,4.0
13-2052.00,Mathematics,3.62
13-2052.00,Science,1.38
13-2052.00,Critical Thinking,3.75
13-2052.00,Active Learning,3.25
13-2052.00,Learning Strategies,3.0
13-2052.00,Monitoring,3.12
13-2053.00,Reading Comprehension,3.75
13-2053.00,Active Listening,3.75
13-2053.00,Writing,3.75
13-2053.00,Speaking,3.62
13-2053.00,Mathematics,2.88
13-2053.00,Science,1.38
13-2053.00,Critical Thinking,3.75
13-2053.00,Active Learning,3.12
13-2053.00,Learning Strategies,2.75
13-2053.00,Monitoring,3.0
13-2061.00,Reading Comprehension,4.12
13-2061.00,Active Listening,4.0
13-2061.00,Writing,4.0
13-2061.00,Speaking,4.0
13-2061.00,Mathematics,3.62
13-2061.00,Science,1.25
13-2061.00,Critical Thinking,4.12
13-2061.00,Active Learning,3.62
13-2061.00,Learning Strategies,3.38
13-2061.00,Monitoring,3.88
13-2071.00,Reading Comprehension,3.88
13-2071.00,Active Listening,3.88
13-2071.00,Writing,3.75
13-2071.00,Speaking,3.88
13-2071.00,Mathematics,3.12
13-2071.00,Science,1.0
13-2071.00,Critical Thinking,3.88
13-2071.00,Active Learning,3.75
13-2071.00,Learning Strategies,3.12
13-2071.00,Monitoring,3.0
13-2072.00,Reading Comprehension,3.88
13-2072.00,Active Listening,4.0
13-2072.00,Writing,3.38
13-2072.00,Speaking,4.0
13-2072.00,Mathematics,3.25
13-2072.00,Science,1.0
13-2072.00,Critical Thinking,3.75
13-2072.00,Active Learning,3.12
13-2072.00,Learning Strategies,2.75
13-2072.00,Monitoring,2.88
13-2081.00,Reading Comprehension,4.0
13-2081.00,Active Listening,4.0
13-2081.00,Writing,3.25
13-2081.00,Speaking,4.0
13-2081.00,Mathematics,3.25
13-2081.00,Science,1.0
13-2081.00,Critical Thinking,3.88
13-2081.00,Active Learning,3.25
13-2081.00,Learning Strategies,2.88
13-2081.00,Monitoring,3.25
13-2082.00,Reading Comprehension,4.0
13-2082.00,Active Listening,3.88
13-2082.00,Writing,3.0
13-2082.00,Speaking,3.12
13-2082.00,Mathematics,3.0
13-2082.00,Science,1.0
13-2082.00,Critical Thinking,3.5
13-2082.00,Active Learning,3.12
13-2082.00,Learning Strategies,2.75
13-2082.00,Monitoring,3.0
13-2099.01,Reading Comprehension,4.0
13-2099.01,Active Listening,3.75
13-2099.01,Writing,3.5
13-2099.01,Speaking,3.75
13-2099.01,Mathematics,4.38
13-2099.01,Science,1.88
13-2099.01,Critical Thinking,4.12
13-2099.01,Active Learning,3.75
13-2099.01,Learning Strategies,3.0
13-2099.01,Monitoring,3.0
13-2099.04,Reading Comprehension,4.12
13-2099.04,Active Listening,4.25
13-2099.04,Writing,4.25
13-2099.04,Speaking,4.12
13-2099.04,Mathematics,3.12
13-2099.04,Science,1.0
13-2099.04,Critical Thinking,4.0
13-2099.04,Active Learning,3.88
13-2099.04,Learning Strategies,3.0
13-2099.04,Monitoring,3.12
15-1211.00,Reading Comprehension,3.88
15-1211.00,Active Listening,3.75
15-1211.00,Writing,3.38
15-1211.00,Speaking,4.0
15-1211.00,Mathematics,3.0
15-1211.00,Science,2.25
15-1211.00,Critical Thinking,3.75
15-1211.00,Active Learning,3.62
15-1211.00,Learning Strategies,3.12
15-1211.00,Monitoring,3.38
15-1211.01,Reading Comprehension,4.38
15-1211.01,Active Listening,4.0
15-1211.01,Writing,4.0
15-1211.01,Speaking,4.0
15-1211.01,Mathematics,3.0
15-1211.01,Science,2.12
15-1211.01,Critical Thinking,4.0
15-1211.01,Active Learning,3.75
15-1211.01,Learning Strategies,3.75
15-1211.01,Monitoring,3.62
15-1212.00,Reading Comprehension,4.0
15-1212.00,Active Listening,3.75
15-1212.00,Writing,3.5
15-1212.00,Speaking,3.62
15-1212.00,Mathematics,2.25
15-1212.00,Science,1.88
15-1212.00,Critical Thinking,3.88
15-1212.00,Active Learning,3.25
15-1212.00,Learning Strategies,2.88
15-1212.00,Monitoring,3.38
15-1221.00,Reading Comprehension,3.75
15-1221.00,Active Listening,3.75
15-1221.00,Writing,3.38
15-1221.00,Speaking,3.5
15-1221.00,Mathematics,3.38
15-1221.00,Science,3.12
15-1221.00,Critical Thinking,4.0
15-1221.00,Active Learning,3.5
15-1221.00,Learning Strategies,3.0
15-1221.00,Monitoring,3.12
15-1231.00,Reading Comprehension,3.38
15-1231.00,Active Listening,3.5
15-1231.00,Writing,3.0
15-1231.00,Speaking,3.25
15-1231.00,Mathematics,2.12
15-1231.00,Science,1.88
15-1231.00,Critical Thinking,3.75
15-1231.00,Active Learning,3.25
15-1231.00,Learning Strategies,2.62
15-1231.00,Monitoring,3.25
15-1232.00,Reading Comprehension,4.0
15-1232.00,Active Listening,4.0
15-1232.00,Writing,3.5
15-1232.00,Speaking,4.0
15-1232.00,Mathematics,2.25
15-1232.00,Science,1.75
15-1232.00,Critical Thinking,3.75
15-1232.00,Active Learning,3.12
15-1232.00,Learning Strategies,3.12
15-1232.00,Monitoring,3.12
15-1241.00,Reading Comprehension,4.0
15-1241.00,Active Listening,3.75
15-1241.00,Writing,3.62
15-1241.00,Speaking,3.5
15-1241.00,Mathematics,3.0
15-1241.00,Science,2.12
15-1241.00,Critical Thinking,4.12
15-1241.00,Active Learning,3.25
15-1241.00,Learning Strategies,3.0
15-1241.00,Monitoring,3.12
15-1241.01,Reading Comprehension,3.88
15-1241.01,Active Listening,3.62
15-1241.01,Writing,3.38
15-1241.01,Speaking,3.25
15-1241.01,Mathematics,2.88
15-1241.01,Science,1.62
15-1241.01,Critical Thinking,3.88
15-1241.01,Active Learning,3.25
15-1241.01,Learning Strategies,3.0
15-1241.01,Monitoring,3.25
15-1242.00,Reading Comprehension,3.75
15-1242.00,Active Listening,3.75
15-1242.00,Writing,3.25
15-1242.00,Speaking,3.38
15-1242.00,Mathematics,3.0
15-1242.00,Science,2.0
15-1242.00,Critical Thinking,3.88
15-1242.00,Active Learning,3.5
15-1242.00,Learning Strategies,3.0
15-1242.00,Monitoring,3.25
15-1243.00,Reading Comprehension,3.88
15-1243.00,Active Listening,3.5
15-1243.00,Writing,3.12
15-1243.00,Speaking,3.5
15-1243.00,Mathematics,3.0
15-1243.00,Science,1.88
15-1243.00,Critical Thinking,3.88
15-1243.00,Active Learning,3.25
15-1243.00,Learning Strategies,2.88
15-1243.00,Monitoring,3.12
15-1243.01,Reading Comprehension,3.88
15-1243.01,Active Listening,3.5
15-1243.01,Writing,3.25
15-1243.01,Speaking,3.38
15-1243.01,Mathematics,3.0
15-1243.01,Science,1.88
15-1243.01,Critical Thinking,3.88
15-1243.01,Active Learning,3.0
15-1243.01,Learning Strategies,2.62
15-1243.01,Monitoring,2.88
15-1244.00,Reading Comprehension,3.88
15-1244.00,Active Listening,4.0
15-1244.00,Writing,3.0
15-1244.00,Speaking,3.25
15-1244.00,Mathematics,2.75
15-1244.00,Science,2.12
15-1244.00,Critical Thinking,3.88
15-1244.00,Active Learning,3.12
15-1244.00,Learning Strategies,3.0
15-1244.00,Monitoring,3.88
15-1251.00,Reading Comprehension,3.38
15-1251.00,Active Listening,3.75
15-1251.00,Writing,3.25
15-1251.00,Speaking,3.12
15-1251.00,Mathematics,3.12
15-1251.00,Science,2.75
15-1251.00,Critical Thinking,3.75
15-1251.00,Active Learning,3.12
15-1251.00,Learning Strategies,2.38
15-1251.00,Monitoring,3.0
15-1252.00,Reading Comprehension,3.5
15-1252.00,Active Listening,3.38
15-1252.00,Writing,3.25
15-1252.00,Speaking,3.12
15-1252.00,Mathematics,2.75
15-1252.00,Science,2.12
15-1252.00,Critical Thinking,3.88
15-1252.00,Active Learning,3.5
15-1252.00,Learning Strategies,2.62
15-1252.00,Monitoring,3.0
15-1253.00,Reading Comprehension,4.0
15-1253.00,Active Listening,3.88
15-1253.00,Writing,3.75
15-1253.00,Speaking,3.88
15-1253.00,Mathematics,2.75
15-1253.00,Science,2.75
15-1253.00,Critical Thinking,3.88
15-1253.00,Active Learning,3.12
15-1253.00,Learning Strategies,2.88
15-1253.00,Monitoring,3.62
15-1254.00,Reading Comprehension,3.62
15-1254.00,Active Listening,3.5
15-1254.00,Writing,3.12
15-1254.00,Speaking,3.25
15-1254.00,Mathematics,2.75
15-1254.00,Science,2.0
15-1254.00,Critical Thinking,3.75
15-1254.00,Active Learning,3.5
15-1254.00,Learning Strategies,2.88
15-1254.00,Monitoring,3.0
15-1255.00,Reading Comprehension,3.75
15-1255.00,Active Listening,3.38
15-1255.00,Writing,3.12
15-1255.00,Speaking,3.12
15-1255.00,Mathematics,2.38
15-1255.00,Science,1.88
15-1255.00,Critical Thinking,3.5
15-1255.00,Active Learning,3.38
15-1255.00,Learning Strategies,2.62
15-1255.00,Monitoring,3.12
15-1255.01,Reading Comprehension,3.75
15-1255.01,Active Listening,3.88
15-1255.01,Writing,3.25
15-1255.01,Speaking,3.12
15-1255.01,Mathematics,2.88
15-1255.01,Science,1.38
15-1255.01,Critical Thinking,3.75
15-1255.01,Active Learning,3.5
15-1255.01,Learning Strategies,2.88
15-1255.01,Monitoring,3.12
15-1299.01,Reading Comprehension,3.88
15-1299.01,Active Listening,3.75
15-1299.01,Writing,3.25
15-1299.01,Speaking,3.25
15-1299.01,Mathematics,2.12
15-1299.01,Science,2.12
15-1299.01,Critical Thinking,4.0
15-1299.01,Active Learning,3.12
15-1299.01,Learning Strategies,3.0
15-1299.01,Monitoring,3.38
15-1299.02,Reading Comprehension,3.88
15-1299.02,Active Listening,3.5
15-1299.02,Writing,3.38
15-1299.02,Speaking,3.38
15-1299.02,Mathematics,2.62
15-1299.02,Science,2.38
15-1299.02,Critical Thinking,3.62
15-1299.02,Active Learning,3.12
15-1299.02,Learning Strategies,2.62
15-1299.02,Monitoring,3.38
15-1299.03,Reading Comprehension,3.88
15-1299.03,Active Listening,3.75
15-1299.03,Writing,3.75
15-1299.03,Speaking,3.12
15-1299.03,Mathematics,2.25
15-1299.03,Science,1.25
15-1299.03,Critical Thinking,3.75
15-1299.03,Active Learning,3.25
15-1299.03,Learning Strategies,3.0
15-1299.03,Monitoring,3.62
15-1299.04,Reading Comprehension,4.0
15-1299.04,Active Listening,3.88
15-1299.04,Writing,4.0
15-1299.04,Speaking,3.38
15-1299.04,Mathematics,2.5
15-1299.04,Science,1.5
15-1299.04,Critical Thinking,4.38
15-1299.04,Active Learning,3.62
15-1299.04,Learning Strategies,2.88
15-1299.04,Monitoring,3.5
15-1299.05,Reading Comprehension,4.12
15-1299.05,Active Listening,3.88
15-1299.05,Writing,3.62
15-1299.05,Speaking,3.5
15-1299.05,Mathematics,2.38
15-1299.05,Science,1.75
15-1299.05,Critical Thinking,4.0
15-1299.05,Active Learning,3.25
15-1299.05,Learning Strategies,2.88
15-1299.05,Monitoring,3.62
15-1299.06,Reading Comprehension,3.75
15-1299.06,Active Listening,3.5
15-1299.06,Writing,3.5
15-1299.06,Speaking,3.5
15-1299.06,Mathematics,2.5
15-1299.06,Science,1.62
15-1299.06,Critical Thinking,3.25
15-1299.06,Active Learning,3.38
15-1299.06,Learning Strategies,2.88
15-1299.06,Monitoring,3.25
15-1299.07,Reading Comprehension,4.0
15-1299.07,Active Listening,3.75
15-1299.07,Writing,3.25
15-1299.07,Speaking,3.25
15-1299.07,Mathematics,3.12
15-1299.07,Science,2.38
15-1299.07,Critical Thinking,3.75
15-1299.07,Active Learning,3.5
15-1299.07,Learning Strategies,2.62
15-1299.07,Monitoring,3.12
15-1299.08,Reading Comprehension,4.0
15-1299.08,Active Listening,4.0
15-1299.08,Writing,3.88
15-1299.08,Speaking,3.88
15-1299.08,Mathematics,3.0
15-1299.08,Science,3.0
15-1299.08,Critical Thinking,4.0
15-1299.08,Active Learning,3.62
15-1299.08,Learning Strategies,3.0
15-1299.08,Monitoring,3.5
15-1299.09,Reading Comprehension,4.0
15-1299.09,Active Listening,4.0
15-1299.09,Writing,4.0
15-1299.09,Speaking,3.88
15-1299.09,Mathematics,2.88
15-1299.09,Science,2.12
15-1299.09,Critical Thinking,4.12
15-1299.09,Active Learning,3.38
15-1299.09,Learning Strategies,3.0
15-1299.09,Monitoring,3.62
15-2011.00,Reading Comprehension,4.12
15-2011.00,Active Listening,4.0
15-2011.00,Writing,3.88
15-2011.00,Speaking,3.88
15-2011.00,Mathematics,4.38
15-2011.00,Science,1.88
15-2011.00,Critical Thinking,4.0
15-2011.00,Active Learning,3.38
15-2011.00,Learning Strategies,2.75
15-2011.00,Monitoring,3.0
15-2021.00,Reading Comprehension,4.0
15-2021.00,Active Listening,3.38
15-2021.00,Writing,3.62
15-2021.00,Speaking,3.25
15-2021.00,Mathematics,5.0
15-2021.00,Science,3.62
15-2021.00,Critical Thinking,4.12
15-2021.00,Active Learning,4.0
15-2021.00,Learning Strategies,3.25
15-2021.00,Monitoring,3.0
15-2031.00,Reading Comprehension,4.0
15-2031.00,Active Listening,4.0
15-2031.00,Writing,4.0
15-2031.00,Speaking,4.0
15-2031.00,Mathematics,4.5
15-2031.00,Science,3.25
15-2031.00,Critical Thinking,4.0
15-2031.00,Active Learning,3.88
15-2031.00,Learning Strategies,3.0
15-2031.00,Monitoring,2.88
15-2041.00,Reading Comprehension,4.0
15-2041.00,Active Listening,3.88
15-2041.00,Writing,3.75
15-2041.00,Speaking,3.88
15-2041.00,Mathematics,4.88
15-2041.00,Science,3.5
15-2041.00,Critical Thinking,4.0
15-2041.00,Active Learning,3.75
15-2041.00,Learning Strategies,3.12
15-2041.00,Monitoring,3.0
15-2041.01,Reading Comprehension,4.0
15-2041.01,Active Listening,3.88
15-2041.01,Writing,3.88
15-2041.01,Speaking,4.0
15-2041.01,Mathematics,4.62
15-2041.01,Science,4.0
15-2041.01,Critical Thinking,4.0
15-2041.01,Active Learning,4.0
15-2041.01,Learning Strategies,3.38
15-2041.01,Monitoring,3.0
15-2051.00,Reading Comprehension,3.88
15-2051.00,Active Listening,3.5
15-2051.00,Writing,3.5
15-2051.00,Speaking,3.62
15-2051.00,Mathematics,4.38
15-2051.00,Science,2.5
15-2051.00,Critical Thinking,4.25
15-2051.00,Active Learning,3.62
15-2051.00,Learning Strategies,2.75
15-2051.00,Monitoring,3.25
15-2051.01,Reading Comprehension,4.0
15-2051.01,Active Listening,3.88
15-2051.01,Writing,3.75
15-2051.01,Speaking,3.88
15-2051.01,Mathematics,3.5
15-2051.01,Science,1.62
15-2051.01,Critical Thinking,3.88
15-2051.01,Active Learning,3.88
15-2051.01,Learning Strategies,3.0
15-2051.01,Monitoring,3.12
15-2051.02,Reading Comprehension,3.88
15-2051.02,Active Listening,3.88
15-2051.02,Writing,3.75
15-2051.02,Speaking,3.88
15-2051.02,Mathematics,3.5
15-2051.02,Science,2.38
15-2051.02,Critical Thinking,4.0
15-2051.02,Active Learning,3.62
15-2051.02,Learning Strategies,2.88
15-2051.02,Monitoring,3.62
15-2099.01,Reading Comprehension,3.75
15-2099.01,Active Listening,3.5
15-2099.01,Writing,3.5
15-2099.01,Speaking,3.38
15-2099.01,Mathematics,3.38
15-2099.01,Science,3.12
15-2099.01,Critical Thinking,3.5
15-2099.01,Active Learning,3.5
15-2099.01,Learning Strategies,2.75
15-2099.01,Monitoring,3.25
17-1011.00,Reading Comprehension,4.0
17-1011.00,Active Listening,3.88
17-1011.00,Writing,3.88
17-1011.00,Speaking,4.0
17-1011.00,Mathematics,3.5
17-1011.00,Science,2.88
17-1011.00,Critical Thinking,4.25
17-1011.00,Active Learning,3.75
17-1011.00,Learning Strategies,3.12
17-1011.00,Monitoring,3.88
17-1012.00,Reading Comprehension,4.12
17-1012.00,Active Listening,4.12
17-1012.00,Writing,3.62
17-1012.00,Speaking,4.12
17-1012.00,Mathematics,3.12
17-1012.00,Science,2.75
17-1012.00,Critical Thinking,3.88
17-1012.00,Active Learning,3.5
17-1012.00,Learning Strategies,2.88
17-1012.00,Monitoring,3.12
17-1021.00,Reading Comprehension,4.0
17-1021.00,Active Listening,3.38
17-1021.00,Writing,3.5
17-1021.00,Speaking,3.12
17-1021.00,Mathematics,2.88
17-1021.00,Science,1.88
17-1021.00,Critical Thinking,3.5
17-1021.00,Active Learning,3.25
17-1021.00,Learning Strategies,2.88
17-1021.00,Monitoring,3.12
17-1022.00,Reading Comprehension,3.88
17-1022.00,Active Listening,3.5
17-1022.00,Writing,3.75
17-1022.00,Speaking,3.62
17-1022.00,Mathematics,4.0
17-1022.00,Science,2.62
17-1022.00,Critical Thinking,3.75
17-1022.00,Active Learning,3.25
17-1022.00,Learning Strategies,3.12
17-1022.00,Monitoring,3.0
17-1022.01,Reading Comprehension,4.0
17-1022.01,Active Listening,3.88
17-1022.01,Writing,3.62
17-1022.01,Speaking,3.38
17-1022.01,Mathematics,4.12
17-1022.01,Science,3.12
17-1022.01,Critical Thinking,3.88
17-1022.01,Active Learning,3.38
17-1022.01,Learning Strategies,3.0
17-1022.01,Monitoring,3.38
17-2011.00,Reading Comprehension,4.12
17-2011.00,Active Listening,3.88
17-2011.00,Writing,4.0
17-2011.00,Speaking,3.88
17-2011.00,Mathematics,4.0
17-2011.00,Science,4.0
17-2011.00,Critical Thinking,4.12
17-2011.00,Active Learning,3.88
17-2011.00,Learning Strategies,3.12
17-2011.00,Monitoring,3.75
17-2021.00,Reading Comprehension,4.0
17-2021.00,Active Listening,4.0
17-2021.00,Writing,4.0
17-2021.00,Speaking,4.0
17-2021.00,Mathematics,3.75
17-2021.00,Science,3.38
17-2021.00,Critical Thinking,3.88
17-2021.00,Active Learning,3.25
17-2021.00,Learning Strategies,2.88
17-2021.00,Monitoring,3.25
17-2031.00,Reading Comprehension,4.0
17-2031.00,Active Listening,4.0
17-2031.00,Writing,4.0
17-2031.00,Speaking,4.0
17-2031.00,Mathematics,3.88
17-2031.00,Science,3.88
17-2031.00,Critical Thinking,3.88
17-2031.00,Active Learning,3.75
17-2031.00,Learning Strategies,3.25
17-2031.00,Monitoring,3.75
17-2041.00,Reading Comprehension,4.0
17-2041.00,Active Listening,3.25
17-2041.00,Writing,3.12
17-2041.00,Speaking,3.5
17-2041.00,Mathematics,3.75
17-2041.00,Science,4.12
17-2041.00,Critical Thinking,4.12
17-2041.00,Active Learning,3.88
17-2041.00,Learning Strategies,2.88
17-2041.00,Monitoring,3.12
17-2051.00,Reading Comprehension,3.88
17-2051.00,Active Listening,4.0
17-2051.00,Writing,3.25
17-2051.00,Speaking,3.88
17-2051.00,Mathematics,3.88
17-2051.00,Science,3.75
17-2051.00,Critical Thinking,3.88
17-2051.00,Active Learning,3.25
17-2051.00,Learning Strategies,2.88
17-2051.00,Monitoring,3.25
17-2051.01,Reading Comprehension,4.0
17-2051.01,Active Listening,3.75
17-2051.01,Writing,4.0
17-2051.01,Speaking,4.0
17-2051.01,Mathematics,3.88
17-2051.01,Science,3.0
17-2051.01,Critical Thinking,4.0
17-2051.01,Active Learning,3.25
17-2051.01,Learning Strategies,3.12
17-2051.01,Monitoring,3.25
17-2051.02,Reading Comprehension,4.0
17-2051.02,Active Listening,3.88
17-2051.02,Writing,4.0
17-2051.02,Speaking,3.75
17-2051.02,Mathematics,3.88
17-2051.02,Science,3.5
17-2051.02,Critical Thinking,4.0
17-2051.02,Active Learning,3.25
17-2051.02,Learning Strategies,3.12
17-2051.02,Monitoring,3.62
17-2061.00,Reading Comprehension,4.0
17-2061.00,Active Listening,3.88
17-2061.00,Writing,3.88
17-2061.00,Speaking,3.88
17-2061.00,Mathematics,3.25
17-2061.00,Science,2.88
17-2061.00,Critical Thinking,4.0
17-2061.00,Active Learning,3.75
17-2061.00,Learning Strategies,2.88
17-2061.00,Monitoring,3.12
17-2071.00,Reading Comprehension,4.0
17-2071.00,Active Listening,3.88
17-2071.00,Writing,4.12
17-2071.00,Speaking,3.88
17-2071.00,Mathematics,3.38
17-2071.00,Science,3.0
17-2071.00,Critical Thinking,4.0
17-2071.00,Active Learning,3.88
17-2071.00,Learning Strategies,3.0
17-2071.00,Monitoring,3.5
17-2072.00,Reading Comprehension,4.0
17-2072.00,Active Listening,3.75
17-2072.00,Writing,3.5
17-2072.00,Speaking,3.88
17-2072.00,Mathematics,3.5
17-2072.00,Science,3.0
17-2072.00,Critical Thinking,4.0
17-2072.00,Active Learning,3.12
17-2072.00,Learning Strategies,3.0
17-2072.00,Monitoring,3.38
17-2072.01,Reading Comprehension,3.62
17-2072.01,Active Listening,3.75
17-2072.01,Writing,3.25
17-2072.01,Speaking,3.75
17-2072.01,Mathematics,2.62
17-2072.01,Science,2.0
17-2072.01,Critical Thinking,3.88
17-2072.01,Active Learning,3.12
17-2072.01,Learning Strategies,2.62
17-2072.01,Monitoring,3.12
17-2081.00,Reading Comprehension,4.0
17-2081.00,Active Listening,4.0
17-2081.00,Writing,4.0
17-2081.00,Speaking,4.0
17-2081.00,Mathematics,3.38
17-2081.00,Science,3.38
17-2081.00,Critical Thinking,4.0
17-2081.00,Active Learning,3.75
17-2081.00,Learning Strategies,3.0
17-2081.00,Monitoring,4.0
17-2111.00,Reading Comprehension,4.0
17-2111.00,Active Listening,3.75
17-2111.00,Writing,3.75
17-2111.00,Speaking,3.62
17-2111.00,Mathematics,2.88
17-2111.00,Science,2.5
17-2111.00,Critical Thinking,3.75
17-2111.00,Active Learning,3.25
17-2111.00,Learning Strategies,3.25
17-2111.00,Monitoring,3.38
17-2111.02,Reading Comprehension,4.0
17-2111.02,Active Listening,3.88
17-2111.02,Writing,3.88
17-2111.02,Speaking,4.0
17-2111.02,Mathematics,3.12
17-2111.02,Science,3.62
17-2111.02,Critical Thinking,4.25
17-2111.02,Active Learning,3.88
17-2111.02,Learning Strategies,3.12
17-2111.02,Monitoring,3.12
17-2112.00,Reading Comprehension,4.0
17-2112.00,Active Listening,4.0
17-2112.00,Writing,3.75
17-2112.00,Speaking,3.88
17-2112.00,Mathematics,3.25
17-2112.00,Science,2.12
17-2112.00,Critical Thinking,4.0
17-2112.00,Active Learning,3.25
17-2112.00,Learning Strategies,2.75
17-2112.00,Monitoring,3.38
17-2112.01,Reading Comprehension,4.0
17-2112.01,Active Listening,4.0
17-2112.01,Writing,4.0
17-2112.01,Speaking,4.0
17-2112.01,Mathematics,3.5
17-2112.01,Science,3.25
17-2112.01,Critical Thinking,4.0
17-2112.01,Active Learning,3.75
17-2112.01,Learning Strategies,3.25
17-2112.01,Monitoring,3.5
17-2112.02,Reading Comprehension,4.12
17-2112.02,Active Listening,3.88
17-2112.02,Writing,4.0
17-2112.02,Speaking,4.0
17-2112.02,Mathematics,3.12
17-2112.02,Science,3.75
17-2112.02,Critical Thinking,4.0
17-2112.02,Active Learning,3.25
17-2112.02,Learning Strategies,3.0
17-2112.02,Monitoring,3.88
17-2112.03,Reading Comprehension,4.0
17-2112.03,Active Listening,3.88
17-2112.03,Writing,3.75
17-2112.03,Speaking,3.88
17-2112.03,Mathematics,4.0
17-2112.03,Science,3.12
17-2112.03,Critical Thinking,3.75
17-2112.03,Active Learning,3.62
17-2112.03,Learning Strategies,3.25
17-2112.03,Monitoring,3.88
17-2121.00,Reading Comprehension,3.88
17-2121.00,Active Listening,3.75
17-2121.00,Writing,3.75
17-2121.00,Speaking,3.75
17-2121.00,Mathematics,3.62
17-2121.00,Science,3.5
17-2121.00,Critical Thinking,4.12
17-2121.00,Active Learning,3.5
17-2121.00,Learning Strategies,2.88
17-2121.00,Monitoring,3.38
17-2131.00,Reading Comprehension,4.0
17-2131.00,Active Listening,4.0
17-2131.00,Writing,4.0
17-2131.00,Speaking,4.0
17-2131.00,Mathematics,4.0
17-2131.00,Science,4.0
17-2131.00,Critical Thinking,4.0
17-2131.00,Active Learning,3.75
17-2131.00,Learning Strategies,3.0
17-2131.00,Monitoring,3.25
17-2141.00,Reading Comprehension,3.88
17-2141.00,Active Listening,3.88
17-2141.00,Writing,3.38
17-2141.00,Speaking,3.38
17-2141.00,Mathematics,3.75
17-2141.00,Science,3.75
17-2141.00,Critical Thinking,3.88
17-2141.00,Active Learning,3.5
17-2141.00,Learning Strategies,2.88
17-2141.00,Monitoring,3.25
17-2141.01,Reading Comprehension,4.0
17-2141.01,Active Listening,3.62
17-2141.01,Writing,3.75
17-2141.01,Speaking,3.75
17-2141.01,Mathematics,3.5
17-2141.01,Science,3.75
17-2141.01,Critical Thinking,4.0
17-2141.01,Active Learning,3.62
17-2141.01,Learning Strategies,3.12
17-2141.01,Monitoring,3.62
17-2141.02,Reading Comprehension,4.0
17-2141.02,Active Listening,3.75
17-2141.02,Writing,3.88
17-2141.02,Speaking,3.88
17-2141.02,Mathematics,3.88
17-2141.02,Science,3.25
17-2141.02,Critical Thinking,4.12
17-2141.02,Active Learning,3.38
17-2141.02,Learning Strategies,2.88
17-2141.02,Monitoring,3.12
17-2151.00,Reading Comprehension,4.0
17-2151.00,Active Listening,3.88
17-2151.00,Writing,4.0
17-2151.00,Speaking,4.0
17-2151.00,Mathematics,3.75
17-2151.00,Science,3.5
17-2151.00,Critical Thinking,4.0
17-2151.00,Active Learning,3.5
17-2151.00,Learning Strategies,3.12
17-2151.00,Monitoring,3.75
17-2161.00,Reading Comprehension,4.0
17-2161.00,Active Listening,4.0
17-2161.00,Writing,4.0
17-2161.00,Speaking,3.75
17-2161.00,Mathematics,4.0
17-2161.00,Science,4.12
17-2161.00,Critical Thinking,4.12
17-2161.00,Active Learning,3.88
17-2161.00,Learning Strategies,3.0
17-2161.00,Monitoring,4.0
17-2171.00,Reading Comprehension,4.0
17-2171.00,Active Listening,3.88
17-2171.00,Writing,3.88
17-2171.00,Speaking,3.88
17-2171.00,Mathematics,3.25
17-2171.00,Science,3.38
17-2171.00,Critical Thinking,4.0
17-2171.00,Active Learning,3.75
17-2171.00,Learning Strategies,3.0
17-2171.00,Monitoring,3.75
17-2199.03,Reading Comprehension,4.12
17-2199.03,Active Listening,4.0
17-2199.03,Writing,4.0
17-2199.03,Speaking,3.88
17-2199.03,Mathematics,3.88
17-2199.03,Science,3.88
17-2199.03,Critical Thinking,4.0
17-2199.03,Active Learning,4.0
17-2199.03,Learning Strategies,2.88
17-2199.03,Monitoring,3.88
17-2199.05,Reading Comprehension,3.75
17-2199.05,Active Listening,3.62
17-2199.05,Writing,3.75
17-2199.05,Speaking,3.5
17-2199.05,Mathematics,3.38
17-2199.05,Science,3.12
17-2199.05,Critical Thinking,3.75
17-2199.05,Active Learning,3.12
17-2199.05,Learning Strategies,3.12
17-2199.05,Monitoring,3.38
17-2199.06,Reading Comprehension,4.0
17-2199.06,Active Listening,4.0
17-2199.06,Writing,3.75
17-2199.06,Speaking,3.62
17-2199.06,Mathematics,3.38
17-2199.06,Science,3.62
17-2199.06,Critical Thinking,4.0
17-2199.06,Active Learning,3.5
17-2199.06,Learning Strategies,3.25
17-2199.06,Monitoring,3.62
17-2199.07,Reading Comprehension,3.88
17-2199.07,Active Listening,3.75
17-2199.07,Writing,3.88
17-2199.07,Speaking,3.62
17-2199.07,Mathematics,3.62
17-2199.07,Science,3.5
17-2199.07,Critical Thinking,4.0
17-2199.07,Active Learning,3.62
17-2199.07,Learning Strategies,3.0
17-2199.07,Monitoring,3.0
17-2199.08,Reading Comprehension,3.88
17-2199.08,Active Listening,3.88
17-2199.08,Writing,3.75
17-2199.08,Speaking,3.25
17-2199.08,Mathematics,3.75
17-2199.08,Science,3.12
17-2199.08,Critical Thinking,4.0
17-2199.08,Active Learning,3.75
17-2199.08,Learning Strategies,3.38
17-2199.08,Monitoring,3.88
17-2199.09,Reading Comprehension,4.0
17-2199.09,Active Listening,3.88
17-2199.09,Writing,3.88
17-2199.09,Speaking,4.0
17-2199.09,Mathematics,3.88
17-2199.09,Science,4.0
17-2199.09,Critical Thinking,4.0
17-2199.09,Active Learning,3.88
17-2199.09,Learning Strategies,3.0
17-2199.09,Monitoring,3.5
17-2199.10,Reading Comprehension,3.75
17-2199.10,Active Listening,3.38
17-2199.10,Writing,3.38
17-2199.10,Speaking,3.38
17-2199.10,Mathematics,3.5
17-2199.10,Science,3.25
17-2199.10,Critical Thinking,4.0
17-2199.10,Active Learning,3.0
17-2199.10,Learning Strategies,2.75
17-2199.10,Monitoring,3.12
17-2199.11,Reading Comprehension,4.0
17-2199.11,Active Listening,3.75
17-2199.11,Writing,3.88
17-2199.11,Speaking,3.88
17-2199.11,Mathematics,3.38
17-2199.11,Science,3.25
17-2199.11,Critical Thinking,4.0
17-2199.11,Active Learning,3.25
17-2199.11,Learning Strategies,2.88
17-2199.11,Monitoring,3.25
17-3011.00,Reading Comprehension,3.75
17-3011.00,Active Listening,3.5
17-3011.00,Writing,3.25
17-3011.00,Speaking,3.25
17-3011.00,Mathematics,3.12
17-3011.00,Science,2.12
17-3011.00,Critical Thinking,3.62
17-3011.00,Active Learning,3.12
17-3011.00,Learning Strategies,2.62
17-3011.00,Monitoring,3.25
17-3012.00,Reading Comprehension,3.38
17-3012.00,Active Listening,3.62
17-3012.00,Writing,3.5
17-3012.00,Speaking,3.25
17-3012.00,Mathematics,2.75
17-3012.00,Science,1.88
17-3012.00,Critical Thinking,3.5
17-3012.00,Active Learning,3.25
17-3012.00,Learning Strategies,2.62
17-3012.00,Monitoring,3.0
17-3013.00,Reading Comprehension,3.25
17-3013.00,Active Listening,3.25
17-3013.00,Writing,3.0
17-3013.00,Speaking,3.12
17-3013.00,Mathematics,3.25
17-3013.00,Science,1.88
17-3013.00,Critical Thinking,3.38
17-3013.00,Active Learning,3.25
17-3013.00,Learning Strategies,2.75
17-3013.00,Monitoring,3.0
17-3021.00,Reading Comprehension,3.75
17-3021.00,Active Listening,3.62
17-3021.00,Writing,3.12
17-3021.00,Speaking,3.62
17-3021.00,Mathematics,3.0
17-3021.00,Science,3.12
17-3021.00,Critical Thinking,3.88
17-3021.00,Active Learning,3.0
17-3021.00,Learning Strategies,2.88
17-3021.00,Monitoring,3.12
17-3022.00,Reading Comprehension,3.75
17-3022.00,Active Listening,3.75
17-3022.00,Writing,3.25
17-3022.00,Speaking,3.38
17-3022.00,Mathematics,3.62
17-3022.00,Science,2.75
17-3022.00,Critical Thinking,3.88
17-3022.00,Active Learning,2.88
17-3022.00,Learning Strategies,2.25
17-3022.00,Monitoring,3.25
17-3023.00,Reading Comprehension,3.88
17-3023.00,Active Listening,3.38
17-3023.00,Writing,3.25
17-3023.00,Speaking,3.38
17-3023.00,Mathematics,2.88
17-3023.00,Science,2.12
17-3023.00,Critical Thinking,3.75
17-3023.00,Active Learning,3.12
17-3023.00,Learning Strategies,2.62
17-3023.00,Monitoring,3.25
17-3024.00,Reading Comprehension,3.25
17-3024.00,Active Listening,3.12
17-3024.00,Writing,3.12
17-3024.00,Speaking,3.12
17-3024.00,Mathematics,2.88
17-3024.00,Science,2.75
17-3024.00,Critical Thinking,3.62
17-3024.00,Active Learning,3.12
17-3024.00,Learning Strategies,2.88
17-3024.00,Monitoring,3.75
17-3024.01,Reading Comprehension,3.88
17-3024.01,Active Listening,3.75
17-3024.01,Writing,3.25
17-3024.01,Speaking,3.25
17-3024.01,Mathematics,3.0
17-3024.01,Science,2.75
17-3024.01,Critical Thinking,3.88
17-3024.01,Active Learning,3.12
17-3024.01,Learning Strategies,3.0
17-3024.01,Monitoring,3.12
17-3025.00,Reading Comprehension,3.88
17-3025.00,Active Listening,3.88
17-3025.00,Writing,3.12
17-3025.00,Speaking,3.38
17-3025.00,Mathematics,3.0
17-3025.00,Science,3.38
17-3025.00,Critical Thinking,3.88
17-3025.00,Active Learning,3.75
17-3025.00,Learning Strategies,3.0
17-3025.00,Monitoring,3.38
17-3026.00,Reading Comprehension,3.88
17-3026.00,Active Listening,3.88
17-3026.00,Writing,3.12
17-3026.00,Speaking,3.12
17-3026.00,Mathematics,3.12
17-3026.00,Science,3.0
17-3026.00,Critical Thinking,3.88
17-3026.00,Active Learning,3.12
17-3026.00,Learning Strategies,2.75
17-3026.00,Monitoring,3.12
17-3026.01,Reading Comprehension,4.12
17-3026.01,Active Listening,3.62
17-3026.01,Writing,3.75
17-3026.01,Speaking,3.38
17-3026.01,Mathematics,3.38
17-3026.01,Science,3.62
17-3026.01,Critical Thinking,4.0
17-3026.01,Active Learning,3.38
17-3026.01,Learning Strategies,3.0
17-3026.01,Monitoring,3.38
17-3027.00,Reading Comprehension,3.75
17-3027.00,Active Listening,3.75
17-3027.00,Writing,3.5
17-3027.00,Speaking,3.62
17-3027.00,Mathematics,3.25
17-3027.00,Science,3.0
17-3027.00,Critical Thinking,3.75
17-3027.00,Active Learning,3.12
17-3027.00,Learning Strategies,2.75
17-3027.00,Monitoring,3.12
17-3027.01,Reading Comprehension,3.62
17-3027.01,Active Listening,3.25
17-3027.01,Writing,3.25
17-3027.01,Speaking,3.5
17-3027.01,Mathematics,3.12
17-3027.01,Science,2.62
17-3027.01,Critical Thinking,3.5
17-3027.01,Active Learning,3.0
17-3027.01,Learning Strategies,2.38
17-3027.01,Monitoring,3.12
17-3029.01,Reading Comprehension,3.88
17-3029.01,Active Listening,3.62
17-3029.01,Writing,3.25
17-3029.01,Speaking,3.12
17-3029.01,Mathematics,3.12
17-3029.01,Science,3.0
17-3029.01,Critical Thinking,3.5
17-3029.01,Active Learning,3.25
17-3029.01,Learning Strategies,3.12
17-3029.01,Monitoring,3.38
17-3029.08,Reading Comprehension,3.5
17-3029.08,Active Listening,3.38
17-3029.08,Writing,3.12
17-3029.08,Speaking,3.12
17-3029.08,Mathematics,2.75
17-3029.08,Science,2.5
17-3029.08,Critical Thinking,3.38
17-3029.08,Active Learning,3.25
17-3029.08,Learning Strategies,2.75
17-3029.08,Monitoring,3.25
17-3031.00,Reading Comprehension,3.62
17-3031.00,Active Listening,3.12
17-3031.00,Writing,2.88
17-3031.00,Speaking,3.0
17-3031.00,Mathematics,3.25
17-3031.00,Science,2.38
17-3031.00,Critical Thinking,3.5
17-3031.00,Active Learning,2.88
17-3031.00,Learning Strategies,2.75
17-3031.00,Monitoring,3.12
19-1011.00,Reading Comprehension,4.12
19-1011.00,Active Listening,3.88
19-1011.00,Writing,4.0
19-1011.00,Speaking,3.88
19-1011.00,Mathematics,3.38
19-1011.00,Science,4.0
19-1011.00,Critical Thinking,4.0
19-1011.00,Active Learning,3.88
19-1011.00,Learning Strategies,3.25
19-1011.00,Monitoring,3.75
19-1012.00,Reading Comprehension,4.0
19-1012.00,Active Listening,3.88
19-1012.00,Writing,3.88
19-1012.00,Speaking,3.88
19-1012.00,Mathematics,3.12
19-1012.00,Science,3.88
19-1012.00,Critical Thinking,4.0
19-1012.00,Active Learning,4.0
19-1012.00,Learning Strategies,3.0
19-1012.00,Monitoring,3.62
19-1013.00,Reading Comprehension,4.0
19-1013.00,Active Listening,3.88
19-1013.00,Writing,3.88
19-1013.00,Speaking,4.0
19-1013.00,Mathematics,3.25
19-1013.00,Science,4.0
19-1013.00,Critical Thinking,4.0
19-1013.00,Active Learning,4.0
19-1013.00,Learning Strategies,3.25
19-1013.00,Monitoring,3.25
19-1021.00,Reading Comprehension,4.38
19-1021.00,Active Listening,4.12
19-1021.00,Writing,4.25
19-1021.00,Speaking,4.12
19-1021.00,Mathematics,3.88
19-1021.00,Science,4.75
19-1021.00,Critical Thinking,4.25
19-1021.00,Active Learning,4.12
19-1021.00,Learning Strategies,4.0
19-1021.00,Monitoring,3.88
19-1022.00,Reading Comprehension,4.12
19-1022.00,Active Listening,3.88
19-1022.00,Writing,4.0
19-1022.00,Speaking,3.88
19-1022.00,Mathematics,3.12
19-1022.00,Science,4.62
19-1022.00,Critical Thinking,4.0
19-1022.00,Active Learning,3.88
19-1022.00,Learning Strategies,3.62
19-1022.00,Monitoring,3.62
19-1023.00,Reading Comprehension,4.0
19-1023.00,Active Listening,4.0
19-1023.00,Writing,4.0
19-1023.00,Speaking,4.0
19-1023.00,Mathematics,3.12
19-1023.00,Science,4.0
19-1023.00,Critical Thinking,3.88
19-1023.00,Active Learning,3.88
19-1023.00,Learning Strategies,3.12
19-1023.00,Monitoring,3.25
19-1029.01,Reading Comprehension,4.38
19-1029.01,Active Listening,4.0
19-1029.01,Writing,4.0
19-1029.01,Speaking,4.0
19-1029.01,Mathematics,3.88
19-1029.01,Science,4.0
19-1029.01,Critical Thinking,4.0
19-1029.01,Active Learning,3.88
19-1029.01,Learning Strategies,3.0
19-1029.01,Monitoring,3.38
19-1029.02,Reading Comprehension,4.38
19-1029.02,Active Listening,4.0
19-1029.02,Writing,4.25
19-1029.02,Speaking,4.0
19-1029.02,Mathematics,3.75
19-1029.02,Science,4.75
19-1029.02,Critical Thinking,4.12
19-1029.02,Active Learning,3.88
19-1029.02,Learning Strategies,3.88
19-1029.02,Monitoring,3.75
19-1029.03,Reading Comprehension,4.25
19-1029.03,Active Listening,4.0
19-1029.03,Writing,4.0
19-1029.03,Speaking,4.0
19-1029.03,Mathematics,3.88
19-1029.03,Science,4.12
19-1029.03,Critical Thinking,4.0
19-1029.03,Active Learning,4.0
19-1029.03,Learning Strategies,3.88
19-1029.03,Monitoring,3.75
19-1029.04,Reading Comprehension,4.12
19-1029.04,Active Listening,4.0
19-1029.04,Writing,4.12
19-1029.04,Speaking,4.0
19-1029.04,Mathematics,3.88
19-1029.04,Science,4.62
19-1029.04,Critical Thinking,4.0
19-1029.04,Active Learning,3.88
19-1029.04,Learning Strategies,3.12
19-1029.04,Monitoring,3.0
19-1031.00,Reading Comprehension,3.88
19-1031.00,Active Listening,3.88
19-1031.00,Writing,3.5
19-1031.00,Speaking,3.62
19-1031.00,Mathematics,3.12
19-1031.00,Science,3.5
19-1031.00,Critical Thinking,3.5
19-1031.00,Active Learning,3.25
19-1031.00,Learning Strategies,2.88
19-1031.00,Monitoring,3.25
19-1031.02,Reading Comprehension,4.0
19-1031.02,Active Listening,4.0
19-1031.02,Writing,3.38
19-1031.02,Speaking,4.0
19-1031.02,Mathematics,3.0
19-1031.02,Science,3.12
19-1031.02,Critical Thinking,3.88
19-1031.02,Active Learning,3.25
19-1031.02,Learning Strategies,2.88
19-1031.02,Monitoring,3.88
19-1031.03,Reading Comprehension,3.75
19-1031.03,Active Listening,3.88
19-1031.03,Writing,3.88
19-1031.03,Speaking,4.0
19-1031.03,Mathematics,2.0
19-1031.03,Science,2.12
19-1031.03,Critical Thinking,3.75
19-1031.03,Active Learning,3.12
19-1031.03,Learning Strategies,3.0
19-1031.03,Monitoring,3.25
19-1032.00,Reading Comprehension,4.0
19-1032.00,Active Listening,3.88
19-1032.00,Writing,3.75
19-1032.00,Speaking,4.0
19-1032.00,Mathematics,3.0
19-1032.00,Science,3.0
19-1032.00,Critical Thinking,4.0
19-1032.00,Active Learning,3.25
19-1032.00,Learning Strategies,3.0
19-1032.00,Monitoring,4.0
19-1041.00,Reading Comprehension,4.25
19-1041.00,Active Listening,4.12
19-1041.00,Writing,4.12
19-1041.00,Speaking,4.12
19-1041.00,Mathematics,3.75
19-1041.00,Science,4.12
19-1041.00,Critical Thinking,4.25
19-1041.00,Active Learning,4.0
19-1041.00,Learning Strategies,3.5
19-1041.00,Monitoring,3.62
19-1042.00,Reading Comprehension,4.0
19-1042.00,Active Listening,4.0
19-1042.00,Writing,4.25
19-1042.00,Speaking,4.12
19-1042.00,Mathematics,3.62
19-1042.00,Science,4.12
19-1042.00,Critical Thinking,4.0
19-1042.00,Active Learning,4.12
19-1042.00,Learning Strategies,3.38
19-1042.00,Monitoring,3.62
19-2011.00,Reading Comprehension,4.25
19-2011.00,Active Listening,4.0
19-2011.00,Writing,4.12
19-2011.00,Speaking,4.0
19-2011.00,Mathematics,4.12
19-2011.00,Science,4.25
19-2011.00,Critical Thinking,4.12
19-2011.00,Active Learning,4.0
19-2011.00,Learning Strategies,3.75
19-2011.00,Monitoring,3.38
19-2012.00,Reading Comprehension,4.5
19-2012.00,Active Listening,4.12
19-2012.00,Writing,4.38
19-2012.00,Speaking,4.5
19-2012.00,Mathematics,4.5
19-2012.00,Science,4.88
19-2012.00,Critical Thinking,4.62
19-2012.00,Active Learning,4.5
19-2012.00,Learning Strategies,4.0
19-2012.00,Monitoring,3.75
19-2021.00,Reading Comprehension,4.12
19-2021.00,Active Listening,4.0
19-2021.00,Writing,3.88
19-2021.00,Speaking,4.0
19-2021.00,Mathematics,3.38
19-2021.00,Science,4.0
19-2021.00,Critical Thinking,4.0
19-2021.00,Active Learning,4.0
19-2021.00,Learning Strategies,3.12
19-2021.00,Monitoring,3.12
19-2031.00,Reading Comprehension,4.0
19-2031.00,Active Listening,3.75
19-2031.00,Writing,3.75
19-2031.00,Speaking,3.88
19-2031.00,Mathematics,3.75
19-2031.00,Science,4.12
19-2031.00,Critical Thinking,4.0
19-2031.00,Active Learning,3.62
19-2031.00,Learning Strategies,3.0
19-2031.00,Monitoring,3.5
19-2032.00,Reading Comprehension,4.0
19-2032.00,Active Listening,4.0
19-2032.00,Writing,3.88
19-2032.00,Speaking,3.75
19-2032.00,Mathematics,3.5
19-2032.00,Science,4.0
19-2032.00,Critical Thinking,4.0
19-2032.00,Active Learning,3.75
19-2032.00,Learning Strategies,3.0
19-2032.00,Monitoring,3.12
19-2041.00,Reading Comprehension,4.0
19-2041.00,Active Listening,4.0
19-2041.00,Writing,4.0
19-2041.00,Speaking,4.0
19-2041.00,Mathematics,3.25
19-2041.00,Science,4.0
19-2041.00,Critical Thinking,3.88
19-2041.00,Active Learning,3.75
19-2041.00,Learning Strategies,3.25
19-2041.00,Monitoring,3.62
19-2041.01,Reading Comprehension,4.25
19-2041.01,Active Listening,4.0
19-2041.01,Writing,3.88
19-2041.01,Speaking,3.88
19-2041.01,Mathematics,3.0
19-2041.01,Science,2.62
19-2041.01,Critical Thinking,4.0
19-2041.01,Active Learning,3.75
19-2041.01,Learning Strategies,3.0
19-2041.01,Monitoring,3.12
19-2041.02,Reading Comprehension,3.88
19-2041.02,Active Listening,3.88
19-2041.02,Writing,3.88
19-2041.02,Speaking,3.88
19-2041.02,Mathematics,3.25
19-2041.02,Science,3.5
19-2041.02,Critical Thinking,4.0
19-2041.02,Active Learning,3.5
19-2041.02,Learning Strategies,3.0
19-2041.02,Monitoring,3.75
19-2041.03,Reading Comprehension,4.12
19-2041.03,Active Listening,4.0
19-2041.03,Writing,4.0
19-2041.03,Speaking,4.0
19-2041.03,Mathematics,3.38
19-2041.03,Science,3.62
19-2041.03,Critical Thinking,3.88
19-2041.03,Active Learning,3.62
19-2041.03,Learning Strategies,3.0
19-2041.03,Monitoring,3.12
19-2042.00,Reading Comprehension,4.25
19-2042.00,Active Listening,3.88
19-2042.00,Writing,4.0
19-2042.00,Speaking,4.0
19-2042.00,Mathematics,3.5
19-2042.00,Science,4.25
19-2042.00,Critical Thinking,4.0
19-2042.00,Active Learning,3.38
19-2042.00,Learning Strategies,3.12
19-2042.00,Monitoring,3.0
19-2043.00,Reading Comprehension,3.88
19-2043.00,Active Listening,3.88
19-2043.00,Writing,3.75
19-2043.00,Speaking,3.75
19-2043.00,Mathematics,3.88
19-2043.00,Science,3.88
19-2043.00,Critical Thinking,4.12
19-2043.00,Active Learning,3.75
19-2043.00,Learning Strategies,3.0
19-2043.00,Monitoring,3.25
19-2099.01,Reading Comprehension,4.0
19-2099.01,Active Listening,3.88
19-2099.01,Writing,3.88
19-2099.01,Speaking,3.88
19-2099.01,Mathematics,3.75
19-2099.01,Science,3.88
19-2099.01,Critical Thinking,4.0
19-2099.01,Active Learning,3.38
19-2099.01,Learning Strategies,3.12
19-2099.01,Monitoring,3.38
19-3011.00,Reading Comprehension,4.12
19-3011.00,Active Listening,4.0
19-3011.00,Writing,4.0
19-3011.00,Speaking,4.0
19-3011.00,Mathematics,4.12
19-3011.00,Science,1.88
19-3011.00,Critical Thinking,4.12
19-3011.00,Active Learning,3.75
19-3011.00,Learning Strategies,3.12
19-3011.00,Monitoring,3.12
19-3011.01,Reading Comprehension,4.0
19-3011.01,Active Listening,4.0
19-3011.01,Writing,4.12
19-3011.01,Speaking,3.5
19-3011.01,Mathematics,4.0
19-3011.01,Science,2.38
19-3011.01,Critical Thinking,4.0
19-3011.01,Active Learning,3.88
19-3011.01,Learning Strategies,3.25
19-3011.01,Monitoring,3.5
19-3022.00,Reading Comprehension,4.25
19-3022.00,Active Listening,4.25
19-3022.00,Writing,4.25
19-3022.00,Speaking,4.25
19-3022.00,Mathematics,4.0
19-3022.00,Science,2.88
19-3022.00,Critical Thinking,4.25
19-3022.00,Active Learning,3.88
19-3022.00,Learning Strategies,3.25
19-3022.00,Monitoring,3.12
19-3032.00,Reading Comprehension,4.38
19-3032.00,Active Listening,4.38
19-3032.00,Writing,4.25
19-3032.00,Speaking,4.12
19-3032.00,Mathematics,3.5
19-3032.00,Science,3.75
19-3032.00,Critical Thinking,4.12
19-3032.00,Active Learning,3.88
19-3032.00,Learning Strategies,3.62
19-3032.00,Monitoring,3.88
19-3033.00,Reading Comprehension,4.75
19-3033.00,Active Listening,4.25
19-3033.00,Writing,4.25
19-3033.00,Speaking,4.12
19-3033.00,Mathematics,2.25
19-3033.00,Science,2.38
19-3033.00,Critical Thinking,4.25
19-3033.00,Active Learning,3.88
19-3033.00,Learning Strategies,3.62
19-3033.00,Monitoring,3.75
19-3034.00,Reading Comprehension,4.62
19-3034.00,Active Listening,4.5
19-3034.00,Writing,4.12
19-3034.00,Speaking,4.62
19-3034.00,Mathematics,2.88
19-3034.00,Science,2.5
19-3034.00,Critical Thinking,4.12
19-3034.00,Active Learning,3.88
19-3034.00,Learning Strategies,3.88
19-3034.00,Monitoring,4.0
19-3039.02,Reading Comprehension,4.5
19-3039.02,Active Listening,4.5
19-3039.02,Writing,4.38
19-3039.02,Speaking,4.25
19-3039.02,Mathematics,3.0
19-3039.02,Science,3.62
19-3039.02,Critical Thinking,4.25
19-3039.02,Active Learning,3.88
19-3039.02,Learning Strategies,3.5
19-3039.02,Monitoring,3.62
19-3039.03,Reading Comprehension,4.12
19-3039.03,Active Listening,4.38
19-3039.03,Writing,3.88
19-3039.03,Speaking,4.0
19-3039.03,Mathematics,2.62
19-3039.03,Science,2.62
19-3039.03,Critical Thinking,4.25
19-3039.03,Active Learning,3.75
19-3039.03,Learning Strategies,3.5
19-3039.03,Monitoring,3.62
19-3041.00,Reading Comprehension,4.0
19-3041.00,Active Listening,4.12
19-3041.00,Writing,4.0
19-3041.00,Speaking,4.12
19-3041.00,Mathematics,2.88
19-3041.00,Science,3.12
19-3041.00,Critical Thinking,4.0
19-3041.00,Active Learning,4.0
19-3041.00,Learning Strategies,3.88
19-3041.00,Monitoring,3.5
19-3051.00,Reading Comprehension,4.0
19-3051.00,Active Listening,4.12
19-3051.00,Writing,3.88
19-3051.00,Speaking,4.12
19-3051.00,Mathematics,3.0
19-3051.00,Science,2.62
19-3051.00,Critical Thinking,4.0
19-3051.00,Active Learning,3.25
19-3051.00,Learning Strategies,3.0
19-3051.00,Monitoring,3.0
19-3091.00,Reading Comprehension,4.12
19-3091.00,Active Listening,4.12
19-3091.00,Writing,4.25
19-3091.00,Speaking,4.25
19-3091.00,Mathematics,2.75
19-3091.00,Science,3.0
19-3091.00,Critical Thinking,4.12
19-3091.00,Active Learning,3.88
19-3091.00,Learning Strategies,3.38
19-3091.00,Monitoring,3.5
19-3092.00,Reading Comprehension,4.12
19-3092.00,Active Listening,3.75
19-3092.00,Writing,4.12
19-3092.00,Speaking,4.0
19-3092.00,Mathematics,3.0
19-3092.00,Science,3.38
19-3092.00,Critical Thinking,4.0
19-3092.00,Active Learning,3.62
19-3092.00,Learning Strategies,3.12
19-3092.00,Monitoring,3.0
19-3093.00,Reading Comprehension,4.75
19-3093.00,Active Listening,4.0
19-3093.00,Writing,4.12
19-3093.00,Speaking,4.0
19-3093.00,Mathematics,2.0
19-3093.00,Science,2.62
19-3093.00,Critical Thinking,4.12
19-3093.00,Active Learning,4.0
19-3093.00,Learning Strategies,3.25
19-3093.00,Monitoring,3.0
19-3094.00,Reading Comprehension,4.25
19-3094.00,Active Listening,4.12
19-3094.00,Writing,4.0
19-3094.00,Speaking,4.12
19-3094.00,Mathematics,3.0
19-3094.00,Science,2.62
19-3094.00,Critical Thinking,4.0
19-3094.00,Active Learning,4.12
19-3094.00,Learning Strategies,3.5
19-3094.00,Monitoring,2.88
19-3099.01,Reading Comprehension,4.0
19-3099.01,Active Listening,4.0
19-3099.01,Writing,4.0
19-3099.01,Speaking,4.0
19-3099.01,Mathematics,3.38
19-3099.01,Science,2.38
19-3099.01,Critical Thinking,4.0
19-3099.01,Active Learning,3.75
19-3099.01,Learning Strategies,3.0
19-3099.01,Monitoring,3.12
19-4012.00,Reading Comprehension,3.38
19-4012.00,Active Listening,3.25
19-4012.00,Writing,3.12
19-4012.00,Speaking,3.0
19-4012.00,Mathematics,2.88
19-4012.00,Science,2.75
19-4012.00,Critical Thinking,3.25
19-4012.00,Active Learning,3.12
19-4012.00,Learning Strategies,2.88
19-4012.00,Monitoring,3.12
19-4012.01,Reading Comprehension,3.88
19-4012.01,Active Listening,3.75
19-4012.01,Writing,3.5
19-4012.01,Speaking,3.75
19-4012.01,Mathematics,3.25
19-4012.01,Science,2.88
19-4012.01,Critical Thinking,3.75
19-4012.01,Active Learning,3.38
19-4012.01,Learning Strategies,3.0
19-4012.01,Monitoring,3.25
19-4013.00,Reading Comprehension,3.75
19-4013.00,Active Listening,3.5
19-4013.00,Writing,3.5
19-4013.00,Speaking,3.5
19-4013.00,Mathematics,2.75
19-4013.00,Science,3.25
19-4013.00,Critical Thinking,3.25
19-4013.00,Active Learning,3.0
19-4013.00,Learning Strategies,2.88
19-4013.00,Monitoring,3.12
19-4021.00,Reading Comprehension,4.0
19-4021.00,Active Listening,3.88
19-4021.00,Writing,3.5
19-4021.00,Speaking,3.38
19-4021.00,Mathematics,3.0
19-4021.00,Science,3.75
19-4021.00,Critical Thinking,3.75
19-4021.00,Active Learning,3.5
19-4021.00,Learning Strategies,2.88
19-4021.00,Monitoring,3.38
19-4031.00,Reading Comprehension,4.0
19-4031.00,Active Listening,3.88
19-4031.00,Writing,3.88
19-4031.00,Speaking,3.38
19-4031.00,Mathematics,3.0
19-4031.00,Science,4.12
19-4031.00,Critical Thinking,4.0
19-4031.00,Active Learning,3.38
19-4031.00,Learning Strategies,3.12
19-4031.00,Monitoring,3.88
19-4042.00,Reading Comprehension,4.0
19-4042.00,Active Listening,3.88
19-4042.00,Writing,3.88
19-4042.00,Speaking,3.88
19-4042.00,Mathematics,3.12
19-4042.00,Science,3.38
19-4042.00,Critical Thinking,3.75
19-4042.00,Active Learning,3.12
19-4042.00,Learning Strategies,3.0
19-4042.00,Monitoring,3.38
19-4043.00,Reading Comprehension,3.75
19-4043.00,Active Listening,3.12
19-4043.00,Writing,3.25
19-4043.00,Speaking,3.0
19-4043.00,Mathematics,2.75
19-4043.00,Science,2.62
19-4043.00,Critical Thinking,3.5
19-4043.00,Active Learning,2.75
19-4043.00,Learning Strategies,2.62
19-4043.00,Monitoring,3.25
19-4051.00,Reading Comprehension,3.62
19-4051.00,Active Listening,3.62
19-4051.00,Writing,3.25
19-4051.00,Speaking,3.25
19-4051.00,Mathematics,2.75
19-4051.00,Science,2.75
19-4051.00,Critical Thinking,3.62
19-4051.00,Active Learning,3.38
19-4051.00,Learning Strategies,2.88
19-4051.00,Monitoring,3.75
19-4051.02,Reading Comprehension,3.75
19-4051.02,Active Listening,3.88
19-4051.02,Writing,3.12
19-4051.02,Speaking,3.5
19-4051.02,Mathematics,3.12
19-4051.02,Science,3.12
19-4051.02,Critical Thinking,3.88
19-4051.02,Active Learning,3.0
19-4051.02,Learning Strategies,3.12
19-4051.02,Monitoring,3.88
19-4061.00,Reading Comprehension,4.0
19-4061.00,Active Listening,3.75
19-4061.00,Writing,3.75
19-4061.00,Speaking,3.38
19-4061.00,Mathematics,3.12
19-4061.00,Science,3.25
19-4061.00,Critical Thinking,3.75
19-4061.00,Active Learning,3.12
19-4061.00,Learning Strategies,3.0
19-4061.00,Monitoring,2.88
19-4071.00,Reading Comprehension,3.38
19-4071.00,Active Listening,3.75
19-4071.00,Writing,3.0
19-4071.00,Speaking,3.25
19-4071.00,Mathematics,2.75
19-4071.00,Science,2.75
19-4071.00,Critical Thinking,3.75
19-4071.00,Active Learning,3.0
19-4071.00,Learning Strategies,3.0
19-4071.00,Monitoring,3.12
19-4092.00,Reading Comprehension,4.0
19-4092.00,Active Listening,4.0
19-4092.00,Writing,4.0
19-4092.00,Speaking,4.0
19-4092.00,Mathematics,2.75
19-4092.00,Science,3.25
19-4092.00,Critical Thinking,4.0
19-4092.00,Active Learning,3.38
19-4092.00,Learning Strategies,3.0
19-4092.00,Monitoring,3.25
19-4099.01,Reading Comprehension,3.75
19-4099.01,Active Listening,3.38
19-4099.01,Writing,3.25
19-4099.01,Speaking,3.12
19-4099.01,Mathematics,3.0
19-4099.01,Science,2.75
19-4099.01,Critical Thinking,3.25
19-4099.01,Active Learning,3.12
19-4099.01,Learning Strategies,2.75
19-4099.01,Monitoring,3.75
19-4099.03,Reading Comprehension,3.5
19-4099.03,Active Listening,3.38
19-4099.03,Writing,3.25
19-4099.03,Speaking,3.5
19-4099.03,Mathematics,3.5
19-4099.03,Science,2.62
19-4099.03,Critical Thinking,3.75
19-4099.03,Active Learning,3.0
19-4099.03,Learning Strategies,2.75
19-4099.03,Monitoring,3.38
19-5011.00,Reading Comprehension,4.0
19-5011.00,Active Listening,4.0
19-5011.00,Writing,4.0
19-5011.00,Speaking,4.0
19-5011.00,Mathematics,3.0
19-5011.00,Science,2.75
19-5011.00,Critical Thinking,3.75
19-5011.00,Active Learning,3.38
19-5011.00,Learning Strategies,3.0
19-5011.00,Monitoring,3.62
19-5012.00,Reading Comprehension,3.88
19-5012.00,Active Listening,4.0
19-5012.00,Writing,3.75
19-5012.00,Speaking,3.88
19-5012.00,Mathematics,2.75
19-5012.00,Science,2.75
19-5012.00,Critical Thinking,3.88
19-5012.00,Active Learning,3.12
19-5012.00,Learning Strategies,3.0
19-5012.00,Monitoring,3.25
21-1011.00,Reading Comprehension,4.0
21-1011.00,Active Listening,4.25
21-1011.00,Writing,4.0
21-1011.00,Speaking,4.12
21-1011.00,Mathematics,2.0
21-1011.00,Science,1.88
21-1011.00,Critical Thinking,3.88
21-1011.00,Active Learning,3.88
21-1011.00,Learning Strategies,3.25
21-1011.00,Monitoring,4.0
21-1012.00,Reading Comprehension,3.88
21-1012.00,Active Listening,4.38
21-1012.00,Writing,3.88
21-1012.00,Speaking,4.12
21-1012.00,Mathematics,2.25
21-1012.00,Science,1.5
21-1012.00,Critical Thinking,3.88
21-1012.00,Active Learning,3.75
21-1012.00,Learning Strategies,3.75
21-1012.00,Monitoring,3.75
21-1013.00,Reading Comprehension,4.0
21-1013.00,Active Listening,4.75
21-1013.00,Writing,3.88
21-1013.00,Speaking,4.25
21-1013.00,Mathematics,2.0
21-1013.00,Science,2.38
21-1013.00,Critical Thinking,3.88
21-1013.00,Active Learning,3.88
21-1013.00,Learning Strategies,3.38
21-1013.00,Monitoring,3.88
21-1014.00,Reading Comprehension,4.12
21-1014.00,Active Listening,5.0
21-1014.00,Writing,4.12
21-1014.00,Speaking,4.25
21-1014.00,Mathematics,2.0
21-1014.00,Science,2.75
21-1014.00,Critical Thinking,4.0
21-1014.00,Active Learning,3.75
21-1014.00,Learning Strategies,3.12
21-1014.00,Monitoring,3.75
21-1015.00,Reading Comprehension,3.88
21-1015.00,Active Listening,4.12
21-1015.00,Writing,3.5
21-1015.00,Speaking,4.12
21-1015.00,Mathematics,2.0
21-1015.00,Science,2.0
21-1015.00,Critical Thinking,3.88
21-1015.00,Active Learning,3.25
21-1015.00,Learning Strategies,3.12
21-1015.00,Monitoring,4.12
21-1021.00,Reading Comprehension,4.0
21-1021.00,Active Listening,4.88
21-1021.00,Writing,3.75
21-1021.00,Speaking,4.5
21-1021.00,Mathematics,2.0
21-1021.00,Science,2.25
21-1021.00,Critical Thinking,4.12
21-1021.00,Active Learning,3.38
21-1021.00,Learning Strategies,3.12
21-1021.00,Monitoring,3.88
21-1022.00,Reading Comprehension,4.0
21-1022.00,Active Listening,4.0
21-1022.00,Writing,3.88
21-1022.00,Speaking,4.12
21-1022.00,Mathematics,2.0
21-1022.00,Science,2.62
21-1022.00,Critical Thinking,4.0
21-1022.00,Active Learning,3.75
21-1022.00,Learning Strategies,3.12
21-1022.00,Monitoring,3.25
21-1023.00,Reading Comprehension,4.0
21-1023.00,Active Listening,4.12
21-1023.00,Writing,3.75
21-1023.00,Speaking,4.12
21-1023.00,Mathematics,2.0
21-1023.00,Science,2.62
21-1023.00,Critical Thinking,4.0
21-1023.00,Active Learning,3.25
21-1023.00,Learning Strategies,3.75
21-1023.00,Monitoring,4.0
21-1091.00,Reading Comprehension,3.75
21-1091.00,Active Listening,4.12
21-1091.00,Writing,4.12
21-1091.00,Speaking,4.12
21-1091.00,Mathematics,2.12
21-1091.00,Science,2.5
21-1091.00,Critical Thinking,3.75
21-1091.00,Active Learning,3.88
21-1091.00,Learning Strategies,4.0
21-1091.00,Monitoring,3.25
21-1092.00,Reading Comprehension,3.88
21-1092.00,Active Listening,4.0
21-1092.00,Writing,3.75
21-1092.00,Speaking,4.0
21-1092.00,Mathematics,1.88
21-1092.00,Science,1.75
21-1092.00,Critical Thinking,3.88
21-1092.00,Active Learning,3.38
21-1092.00,Learning Strategies,2.25
21-1092.00,Monitoring,3.75
21-1093.00,Reading Comprehension,3.75
21-1093.00,Active Listening,4.0
21-1093.00,Writing,3.62
21-1093.00,Speaking,4.0
21-1093.00,Mathematics,2.0
21-1093.00,Science,1.75
21-1093.00,Critical Thinking,3.62
21-1093.00,Active Learning,3.25
21-1093.00,Learning Strategies,2.88
21-1093.00,Monitoring,3.62
21-1094.00,Reading Comprehension,3.88
21-1094.00,Active Listening,4.0
21-1094.00,Writing,3.75
21-1094.00,Speaking,4.0
21-1094.00,Mathematics,2.0
21-1094.00,Science,1.5
21-1094.00,Critical Thinking,4.0
21-1094.00,Active Learning,3.88
21-1094.00,Learning Strategies,3.12
21-1094.00,Monitoring,3.75
21-2011.00,Reading Comprehension,3.88
21-2011.00,Active Listening,4.25
21-2011.00,Writing,3.88
21-2011.00,Speaking,4.75
21-2011.00,Mathematics,1.88
21-2011.00,Science,1.38
21-2011.00,Critical Thinking,3.75
21-2011.00,Active Learning,3.75
21-2011.00,Learning Strategies,3.62
21-2011.00,Monitoring,3.5
21-2021.00,Reading Comprehension,3.88
21-2021.00,Active Listening,4.0
21-2021.00,Writing,3.25
21-2021.00,Speaking,4.12
21-2021.00,Mathematics,2.12
21-2021.00,Science,1.38
21-2021.00,Critical Thinking,3.88
21-2021.00,Active Learning,3.88
21-2021.00,Learning Strategies,3.75
21-2021.00,Monitoring,3.12
23-1011.00,Reading Comprehension,4.5
23-1011.00,Active Listening,4.5
23-1011.00,Writing,4.25
23-1011.00,Speaking,4.62
23-1011.00,Mathematics,2.0
23-1011.00,Science,1.5
23-1011.00,Critical Thinking,4.5
23-1011.00,Active Learning,3.75
23-1011.00,Learning Strategies,3.12
23-1011.00,Monitoring,3.38
23-1012.00,Reading Comprehension,4.5
23-1012.00,Active Listening,4.25
23-1012.00,Writing,4.12
23-1012.00,Speaking,4.0
23-1012.00,Mathematics,1.88
23-1012.00,Science,1.0
23-1012.00,Critical Thinking,4.25
23-1012.00,Active Learning,3.75
23-1012.00,Learning Strategies,3.0
23-1012.00,Monitoring,3.0
23-1021.00,Reading Comprehension,4.5
23-1021.00,Active Listening,4.5
23-1021.00,Writing,4.25
23-1021.00,Speaking,4.12
23-1021.00,Mathematics,2.12
23-1021.00,Science,1.38
23-1021.00,Critical Thinking,4.5
23-1021.00,Active Learning,4.0
23-1021.00,Learning Strategies,3.0
23-1021.00,Monitoring,3.88
23-1022.00,Reading Comprehension,4.12
23-1022.00,Active Listening,4.38
23-1022.00,Writing,4.25
23-1022.00,Speaking,4.12
23-1022.00,Mathematics,2.12
23-1022.00,Science,1.25
23-1022.00,Critical Thinking,4.0
23-1022.00,Active Learning,3.88
23-1022.00,Learning Strategies,2.88
23-1022.00,Monitoring,2.88
23-1023.00,Reading Comprehension,4.25
23-1023.00,Active Listening,5.0
23-1023.00,Writing,4.12
23-1023.00,Speaking,4.12
23-1023.00,Mathematics,2.12
23-1023.00,Science,1.75
23-1023.00,Critical Thinking,4.88
23-1023.00,Active Learning,4.0
23-1023.00,Learning Strategies,2.75
23-1023.00,Monitoring,3.88
23-2011.00,Reading Comprehension,3.88
23-2011.00,Active Listening,3.88
23-2011.00,Writing,4.0
23-2011.00,Speaking,3.62
23-2011.00,Mathematics,2.0
23-2011.00,Science,1.38
23-2011.00,Critical Thinking,3.25
23-2011.00,Active Learning,3.0
23-2011.00,Learning Strategies,2.25
23-2011.00,Monitoring,3.0
23-2093.00,Reading Comprehension,4.0
23-2093.00,Active Listening,3.75
23-2093.00,Writing,3.25
23-2093.00,Speaking,3.62
23-2093.00,Mathematics,2.12
23-2093.00,Science,1.0
23-2093.00,Critical Thinking,3.62
23-2093.00,Active Learning,2.88
23-2093.00,Learning Strategies,2.38
23-2093.00,Monitoring,3.0
25-1011.00,Reading Comprehension,4.0
25-1011.00,Active Listening,4.0
25-1011.00,Writing,4.0
25-1011.00,Speaking,4.25
25-1011.00,Mathematics,3.0
25-1011.00,Science,1.88
25-1011.00,Critical Thinking,3.88
25-1011.00,Active Learning,3.88
25-1011.00,Learning Strategies,4.0
25-1011.00,Monitoring,3.62
25-1021.00,Reading Comprehension,4.0
25-1021.00,Active Listening,3.88
25-1021.00,Writing,4.0
25-1021.00,Speaking,4.0
25-1021.00,Mathematics,3.12
25-1021.00,Science,2.75
25-1021.00,Critical Thinking,3.88
25-1021.00,Active Learning,3.88
25-1021.00,Learning Strategies,3.88
25-1021.00,Monitoring,3.75
25-1022.00,Reading Comprehension,4.0
25-1022.00,Active Listening,4.0
25-1022.00,Writing,3.88
25-1022.00,Speaking,4.12
25-1022.00,Mathematics,4.25
25-1022.00,Science,2.38
25-1022.00,Critical Thinking,3.88
25-1022.00,Active Learning,3.75
25-1022.00,Learning Strategies,3.88
25-1022.00,Monitoring,3.88
25-1031.00,Reading Comprehension,4.12
25-1031.00,Active Listening,4.0
25-1031.00,Writing,4.0
25-1031.00,Speaking,4.12
25-1031.00,Mathematics,2.88
25-1031.00,Science,2.38
25-1031.00,Critical Thinking,3.88
25-1031.00,Active Learning,3.88
25-1031.00,Learning Strategies,4.12
25-1031.00,Monitoring,3.75
25-1032.00,Reading Comprehension,4.0
25-1032.00,Active Listening,4.0
25-1032.00,Writing,3.88
25-1032.00,Speaking,4.12
25-1032.00,Mathematics,3.88
25-1032.00,Science,3.5
25-1032.00,Critical Thinking,3.88
25-1032.00,Active Learning,3.62
25-1032.00,Learning Strategies,4.12
25-1032.00,Monitoring,3.38
25-1041.00,Reading Comprehension,4.12
25-1041.00,Active Listening,4.0
25-1041.00,Writing,4.0
25-1041.00,Speaking,4.12
25-1041.00,Mathematics,3.0
25-1041.00,Science,3.5
25-1041.00,Critical Thinking,4.0
25-1041.00,Active Learning,4.0
25-1041.00,Learning Strategies,4.12
25-1041.00,Monitoring,3.88
25-1042.00,Reading Comprehension,4.0
25-1042.00,Active Listening,4.0
25-1042.00,Writing,4.0
25-1042.00,Speaking,4.25
25-1042.00,Mathematics,3.12
25-1042.00,Science,4.0
25-1042.00,Critical Thinking,3.88
25-1042.00,Active Learning,4.0
25-1042.00,Learning Strategies,4.12
25-1042.00,Monitoring,3.88
25-1043.00,Reading Comprehension,4.12
25-1043.00,Active Listening,4.0
25-1043.00,Writing,4.12
25-1043.00,Speaking,4.0
25-1043.00,Mathematics,3.0
25-1043.00,Science,3.25
25-1043.00,Critical Thinking,3.88
25-1043.00,Active Learning,4.0
25-1043.00,Learning Strategies,4.12
25-1043.00,Monitoring,3.88
25-1051.00,Reading Comprehension,4.0
25-1051.00,Active Listening,4.0
25-1051.00,Writing,4.0
25-1051.00,Speaking,4.75
25-1051.00,Mathematics,3.38
25-1051.00,Science,4.0
25-1051.00,Critical Thinking,4.0
25-1051.00,Active Learning,3.88
25-1051.00,Learning Strategies,3.88
25-1051.00,Monitoring,3.62
25-1052.00,Reading Comprehension,4.12
25-1052.00,Active Listening,4.0
25-1052.00,Writing,4.12
25-1052.00,Speaking,4.12
25-1052.00,Mathematics,3.25
25-1052.00,Science,4.0
25-1052.00,Critical Thinking,4.0
25-1052.00,Active Learning,4.0
25-1052.00,Learning Strategies,4.0
25-1052.00,Monitoring,4.0
25-1053.00,Reading Comprehension,4.12
25-1053.00,Active Listening,4.0
25-1053.00,Writing,4.0
25-1053.00,Speaking,4.12
25-1053.00,Mathematics,3.0
25-1053.00,Science,4.0
25-1053.00,Critical Thinking,4.0
25-1053.00,Active Learning,3.88
25-1053.00,Learning Strategies,4.0
25-1053.00,Monitoring,3.88
25-1054.00,Reading Comprehension,4.12
25-1054.00,Active Listening,4.0
25-1054.00,Writing,4.0
25-1054.00,Speaking,4.12
25-1054.00,Mathematics,3.62
25-1054.00,Science,4.12
25-1054.00,Critical Thinking,4.0
25-1054.00,Active Learning,4.0
25-1054.00,Learning Strategies,4.0
25-1054.00,Monitoring,3.62
25-1061.00,Reading Comprehension,4.75
25-1061.00,Active Listening,4.38
25-1061.00,Writing,4.62
25-1061.00,Speaking,4.88
25-1061.00,Mathematics,2.62
25-1061.00,Science,3.75
25-1061.00,Critical Thinking,4.0
25-1061.00,Active Learning,4.25
25-1061.00,Learning Strategies,4.38
25-1061.00,Monitoring,3.88
25-1062.00,Reading Comprehension,4.25
25-1062.00,Active Listening,4.0
25-1062.00,Writing,4.0
25-1062.00,Speaking,4.12
25-1062.00,Mathematics,2.0
25-1062.00,Science,2.5
25-1062.00,Critical Thinking,3.88
25-1062.00,Active Learning,4.0
25-1062.00,Learning Strategies,4.0
25-1062.00,Monitoring,3.12
25-1063.00,Reading Comprehension,4.0
25-1063.00,Active Listening,4.0
25-1063.00,Writing,4.0
25-1063.00,Speaking,4.12
25-1063.00,Mathematics,3.25
25-1063.00,Science,2.38
25-1063.00,Critical Thinking,3.88
25-1063.00,Active Learning,3.75
25-1063.00,Learning Strategies,3.88
25-1063.00,Monitoring,3.0
25-1064.00,Reading Comprehension,4.0
25-1064.00,Active Listening,4.0
25-1064.00,Writing,4.12
25-1064.00,Speaking,4.12
25-1064.00,Mathematics,2.75
25-1064.00,Science,3.12
25-1064.00,Critical Thinking,3.88
25-1064.00,Active Learning,3.88
25-1064.00,Learning Strategies,3.88
25-1064.00,Monitoring,3.12
25-1065.00,Reading Comprehension,4.12
25-1065.00,Active Listening,4.0
25-1065.00,Writing,4.0
25-1065.00,Speaking,4.62
25-1065.00,Mathematics,2.0
25-1065.00,Science,2.38
25-1065.00,Critical Thinking,3.88
25-1065.00,Active Learning,4.0
25-1065.00,Learning Strategies,3.88
25-1065.00,Monitoring,3.0
25-1066.00,Reading Comprehension,4.12
25-1066.00,Active Listening,4.0
25-1066.00,Writing,4.0
25-1066.00,Speaking,4.12
25-1066.00,Mathematics,3.0
25-1066.00,Science,3.38
25-1066.00,Critical Thinking,3.88
25-1066.00,Active Learning,3.88
25-1066.00,Learning Strategies,4.25
25-1066.00,Monitoring,3.5
25-1067.00,Reading Comprehension,4.0
25-1067.00,Active Listening,4.0
25-1067.00,Writing,4.0
25-1067.00,Speaking,4.62
25-1067.00,Mathematics,2.12
25-1067.00,Science,2.75
25-1067.00,Critical Thinking,3.75
25-1067.00,Active Learning,3.62
25-1067.00,Learning Strategies,4.0
25-1067.00,Monitoring,3.75
25-1071.00,Reading Comprehension,4.12
25-1071.00,Active Listening,4.0
25-1071.00,Writing,4.0
25-1071.00,Speaking,4.12
25-1071.00,Mathematics,3.0
25-1071.00,Science,3.25
25-1071.00,Critical Thinking,4.0
25-1071.00,Active Learning,4.0
25-1071.00,Learning Strategies,4.0
25-1071.00,Monitoring,3.62
25-1072.00,Reading Comprehension,4.0
25-1072.00,Active Listening,4.0
25-1072.00,Writing,4.0
25-1072.00,Speaking,4.12
25-1072.00,Mathematics,2.88
25-1072.00,Science,2.88
25-1072.00,Critical Thinking,3.88
25-1072.00,Active Learning,3.88
25-1072.00,Learning Strategies,4.12
25-1072.00,Monitoring,3.88
25-1081.00,Reading Comprehension,4.25
25-1081.00,Active Listening,4.12
25-1081.00,Writing,4.0
25-1081.00,Speaking,4.62
25-1081.00,Mathematics,2.12
25-1081.00,Science,2.0
25-1081.00,Critical Thinking,3.75
25-1081.00,Active Learning,4.0
25-1081.00,Learning Strategies,4.12
25-1081.00,Monitoring,3.88
25-1082.00,Reading Comprehension,4.12
25-1082.00,Active Listening,4.0
25-1082.00,Writing,4.0
25-1082.00,Speaking,4.12
25-1082.00,Mathematics,2.25
25-1082.00,Science,2.12
25-1082.00,Critical Thinking,4.0
25-1082.00,Active Learning,4.0
25-1082.00,Learning Strategies,4.0
25-1082.00,Monitoring,4.0
25-1111.00,Reading Comprehension,4.0
25-1111.00,Active Listening,4.12
25-1111.00,Writing,4.0
25-1111.00,Speaking,4.75
25-1111.00,Mathematics,2.0
25-1111.00,Science,1.75
25-1111.00,Critical Thinking,4.12
25-1111.00,Active Learning,4.0
25-1111.00,Learning Strategies,4.0
25-1111.00,Monitoring,3.88
25-1112.00,Reading Comprehension,4.5
25-1112.00,Active Listening,4.5
25-1112.00,Writing,4.12
25-1112.00,Speaking,4.75
25-1112.00,Mathematics,2.0
25-1112.00,Science,1.62
25-1112.00,Critical Thinking,4.25
25-1112.00,Active Learning,4.12
25-1112.00,Learning Strategies,4.5
25-1112.00,Monitoring,3.75
25-1113.00,Reading Comprehension,4.0
25-1113.00,Active Listening,4.0
25-1113.00,Writing,4.0
25-1113.00,Speaking,4.62
25-1113.00,Mathematics,2.62
25-1113.00,Science,2.62
25-1113.00,Critical Thinking,4.0
25-1113.00,Active Learning,4.0
25-1113.00,Learning Strategies,4.25
25-1113.00,Monitoring,3.75
25-1121.00,Reading Comprehension,4.0
25-1121.00,Active Listening,4.0
25-1121.00,Writing,3.88
25-1121.00,Speaking,4.62
25-1121.00,Mathematics,2.0
25-1121.00,Science,1.75
25-1121.00,Critical Thinking,3.62
25-1121.00,Active Learning,4.0
25-1121.00,Learning Strategies,4.12
25-1121.00,Monitoring,3.75
25-1122.00,Reading Comprehension,4.25
25-1122.00,Active Listening,4.12
25-1122.00,Writing,4.12
25-1122.00,Speaking,4.25
25-1122.00,Mathematics,2.12
25-1122.00,Science,1.88
25-1122.00,Critical Thinking,3.88
25-1122.00,Active Learning,4.0
25-1122.00,Learning Strategies,4.12
25-1122.00,Monitoring,3.75
25-1123.00,Reading Comprehension,4.75
25-1123.00,Active Listening,4.0
25-1123.00,Writing,4.25
25-1123.00,Speaking,4.12
25-1123.00,Mathematics,2.0
25-1123.00,Science,1.75
25-1123.00,Critical Thinking,3.75
25-1123.00,Active Learning,3.88
25-1123.00,Learning Strategies,4.0
25-1123.00,Monitoring,3.62
25-1124.00,Reading Comprehension,4.0
25-1124.00,Active Listening,4.0
25-1124.00,Writing,4.0
25-1124.00,Speaking,4.12
25-1124.00,Mathematics,2.0
25-1124.00,Science,1.75
25-1124.00,Critical Thinking,3.75
25-1124.00,Active Learning,3.88
25-1124.00,Learning Strategies,4.0
25-1124.00,Monitoring,3.62
25-1125.00,Reading Comprehension,4.25
25-1125.00,Active Listening,4.0
25-1125.00,Writing,4.12
25-1125.00,Speaking,4.5
25-1125.00,Mathematics,2.0
25-1125.00,Science,1.88
25-1125.00,Critical Thinking,3.88
25-1125.00,Active Learning,3.88
25-1125.00,Learning Strategies,4.12
25-1125.00,Monitoring,3.62
25-1126.00,Reading Comprehension,4.25
25-1126.00,Active Listening,4.12
25-1126.00,Writing,4.0
25-1126.00,Speaking,4.12
25-1126.00,Mathematics,2.0
25-1126.00,Science,1.75
25-1126.00,Critical Thinking,4.0
25-1126.00,Active Learning,3.75
25-1126.00,Learning Strategies,3.88
25-1126.00,Monitoring,3.25
25-1192.00,Reading Comprehension,4.0
25-1192.00,Active Listening,4.0
25-1192.00,Writing,3.62
25-1192.00,Speaking,4.12
25-1192.00,Mathematics,2.62
25-1192.00,Science,2.25
25-1192.00,Critical Thinking,3.75
25-1192.00,Active Learning,3.62
25-1192.00,Learning Strategies,4.0
25-1192.00,Monitoring,3.5
25-1193.00,Reading Comprehension,4.0
25-1193.00,Active Listening,4.0
25-1193.00,Writing,4.0
25-1193.00,Speaking,4.12
25-1193.00,Mathematics,2.12
25-1193.00,Science,2.38
25-1193.00,Critical Thinking,3.88
25-1193.00,Active Learning,3.38
25-1193.00,Learning Strategies,4.0
25-1193.00,Monitoring,3.75
25-1194.00,Reading Comprehension,3.88
25-1194.00,Active Listening,4.0
25-1194.00,Writing,3.62
25-1194.00,Speaking,3.88
25-1194.00,Mathematics,2.25
25-1194.00,Science,1.88
25-1194.00,Critical Thinking,3.75
25-1194.00,Active Learning,3.88
25-1194.00,Learning Strategies,4.0
25-1194.00,Monitoring,3.62
25-2011.00,Reading Comprehension,3.75
25-2011.00,Active Listening,3.88
25-2011.00,Writing,3.0
25-2011.00,Speaking,4.0
25-2011.00,Mathematics,2.0
25-2011.00,Science,1.62
25-2011.00,Critical Thinking,3.75
25-2011.00,Active Learning,3.12
25-2011.00,Learning Strategies,3.88
25-2011.00,Monitoring,3.75
25-2012.00,Reading Comprehension,3.88
25-2012.00,Active Listening,4.0
25-2012.00,Writing,3.25
25-2012.00,Speaking,4.0
25-2012.00,Mathematics,2.25
25-2012.00,Science,1.38
25-2012.00,Critical Thinking,3.25
25-2012.00,Active Learning,3.25
25-2012.00,Learning Strategies,4.0
25-2012.00,Monitoring,4.0
25-2021.00,Reading Comprehension,3.88
25-2021.00,Active Listening,4.0
25-2021.00,Writing,3.88
25-2021.00,Speaking,4.12
25-2021.00,Mathematics,2.75
25-2021.00,Science,2.0
25-2021.00,Critical Thinking,4.0
25-2021.00,Active Learning,3.75
25-2021.00,Learning Strategies,4.25
25-2021.00,Monitoring,4.0
25-2022.00,Reading Comprehension,3.88
25-2022.00,Active Listening,4.0
25-2022.00,Writing,3.88
25-2022.00,Speaking,4.12
25-2022.00,Mathematics,2.88
25-2022.00,Science,2.0
25-2022.00,Critical Thinking,3.75
25-2022.00,Active Learning,3.88
25-2022.00,Learning Strategies,4.25
25-2022.00,Monitoring,3.88
25-2023.00,Reading Comprehension,4.0
25-2023.00,Active Listening,4.0
25-2023.00,Writing,3.75
25-2023.00,Speaking,4.12
25-2023.00,Mathematics,2.62
25-2023.00,Science,1.75
25-2023.00,Critical Thinking,4.0
25-2023.00,Active Learning,3.88
25-2023.00,Learning Strategies,4.12
25-2023.00,Monitoring,4.0
25-2031.00,Reading Comprehension,4.0
25-2031.00,Active Listening,4.0
25-2031.00,Writing,3.62
25-2031.00,Speaking,4.0
25-2031.00,Mathematics,2.75
25-2031.00,Science,2.0
25-2031.00,Critical Thinking,3.88
25-2031.00,Active Learning,3.75
25-2031.00,Learning Strategies,4.0
25-2031.00,Monitoring,3.88
25-2032.00,Reading Comprehension,4.12
25-2032.00,Active Listening,4.12
25-2032.00,Writing,4.0
25-2032.00,Speaking,4.12
25-2032.00,Mathematics,3.0
25-2032.00,Science,1.75
25-2032.00,Critical Thinking,4.0
25-2032.00,Active Learning,3.88
25-2032.00,Learning Strategies,4.12
25-2032.00,Monitoring,4.0
25-2051.00,Reading Comprehension,4.0
25-2051.00,Active Listening,4.0
25-2051.00,Writing,3.75
25-2051.00,Speaking,4.0
25-2051.00,Mathematics,2.12
25-2051.00,Science,1.75
25-2051.00,Critical Thinking,4.0
25-2051.00,Active Learning,3.88
25-2051.00,Learning Strategies,4.0
25-2051.00,Monitoring,4.0
25-2055.00,Reading Comprehension,3.88
25-2055.00,Active Listening,3.88
25-2055.00,Writing,3.62
25-2055.00,Speaking,4.0
25-2055.00,Mathematics,2.5
25-2055.00,Science,1.5
25-2055.00,Critical Thinking,3.62
25-2055.00,Active Learning,3.62
25-2055.00,Learning Strategies,3.88
25-2055.00,Monitoring,3.62
25-2056.00,Reading Comprehension,4.12
25-2056.00,Active Listening,4.25
25-2056.00,Writing,3.75
25-2056.00,Speaking,4.25
25-2056.00,Mathematics,2.62
25-2056.00,Science,1.88
25-2056.00,Critical Thinking,4.0
25-2056.00,Active Learning,3.5
25-2056.00,Learning Strategies,4.12
25-2056.00,Monitoring,3.62
25-2057.00,Reading Comprehension,4.0
25-2057.00,Active Listening,4.0
25-2057.00,Writing,4.0
25-2057.00,Speaking,4.0
25-2057.00,Mathematics,2.5
25-2057.00,Science,1.62
25-2057.00,Critical Thinking,4.0
25-2057.00,Active Learning,4.0
25-2057.00,Learning Strategies,4.12
25-2057.00,Monitoring,4.0
25-2058.00,Reading Comprehension,4.0
25-2058.00,Active Listening,3.88
25-2058.00,Writing,3.88
25-2058.00,Speaking,4.0
25-2058.00,Mathematics,2.62
25-2058.00,Science,1.88
25-2058.00,Critical Thinking,3.75
25-2058.00,Active Learning,3.38
25-2058.00,Learning Strategies,4.12
25-2058.00,Monitoring,3.88
25-2059.01,Reading Comprehension,3.88
25-2059.01,Active Listening,4.0
25-2059.01,Writing,3.88
25-2059.01,Speaking,4.0
25-2059.01,Mathematics,2.0
25-2059.01,Science,1.5
25-2059.01,Critical Thinking,3.75
25-2059.01,Active Learning,3.88
25-2059.01,Learning Strategies,4.0
25-2059.01,Monitoring,3.88
25-3011.00,Reading Comprehension,3.75
25-3011.00,Active Listening,3.75
25-3011.00,Writing,3.62
25-3011.00,Speaking,3.75
25-3011.00,Mathematics,2.62
25-3011.00,Science,1.75
25-3011.00,Critical Thinking,3.5
25-3011.00,Active Learning,3.5
25-3011.00,Learning Strategies,3.75
25-3011.00,Monitoring,3.62
25-3021.00,Reading Comprehension,3.12
25-3021.00,Active Listening,3.38
25-3021.00,Writing,3.0
25-3021.00,Speaking,3.62
25-3021.00,Mathematics,2.0
25-3021.00,Science,1.38
25-3021.00,Critical Thinking,3.12
25-3021.00,Active Learning,3.12
25-3021.00,Learning Strategies,3.38
25-3021.00,Monitoring,3.12
25-3031.00,Reading Comprehension,3.62
25-3031.00,Active Listening,3.62
25-3031.00,Writing,3.12
25-3031.00,Speaking,3.62
25-3031.00,Mathematics,2.0
25-3031.00,Science,1.38
25-3031.00,Critical Thinking,3.38
25-3031.00,Active Learning,3.0
25-3031.00,Learning Strategies,3.12
25-3031.00,Monitoring,3.38
25-3041.00,Reading Comprehension,4.12
25-3041.00,Active Listening,4.0
25-3041.00,Writing,3.62
25-3041.00,Speaking,4.0
25-3041.00,Mathematics,2.88
25-3041.00,Science,1.62
25-3041.00,Critical Thinking,3.75
25-3041.00,Active Learning,3.62
25-3041.00,Learning Strategies,4.0
25-3041.00,Monitoring,3.5
25-4011.00,Reading Comprehension,4.12
25-4011.00,Active Listening,3.88
25-4011.00,Writing,3.88
25-4011.00,Speaking,3.5
25-4011.00,Mathematics,2.0
25-4011.00,Science,1.88
25-4011.00,Critical Thinking,3.38
25-4011.00,Active Learning,3.38
25-4011.00,Learning Strategies,2.88
25-4011.00,Monitoring,3.0
25-4012.00,Reading Comprehension,4.0
25-4012.00,Active Listening,3.88
25-4012.00,Writing,3.88
25-4012.00,Speaking,4.0
25-4012.00,Mathematics,2.88
25-4012.00,Science,2.0
25-4012.00,Critical Thinking,3.75
25-4012.00,Active Learning,3.5
25-4012.00,Learning Strategies,3.25
25-4012.00,Monitoring,3.38
25-4013.00,Reading Comprehension,4.0
25-4013.00,Active Listening,3.88
25-4013.00,Writing,3.38
25-4013.00,Speaking,3.62
25-4013.00,Mathematics,2.38
25-4013.00,Science,2.5
25-4013.00,Critical Thinking,3.38
25-4013.00,Active Learning,3.12
25-4013.00,Learning Strategies,2.88
25-4013.00,Monitoring,3.38
25-4022.00,Reading Comprehension,4.12
25-4022.00,Active Listening,4.0
25-4022.00,Writing,3.62
25-4022.00,Speaking,4.0
25-4022.00,Mathematics,1.88
25-4022.00,Science,1.0
25-4022.00,Critical Thinking,3.62
25-4022.00,Active Learning,3.12
25-4022.00,Learning Strategies,3.0
25-4022.00,Monitoring,3.25
25-4031.00,Reading Comprehension,3.38
25-4031.00,Active Listening,3.25
25-4031.00,Writing,2.88
25-4031.00,Speaking,3.25
25-4031.00,Mathematics,2.0
25-4031.00,Science,1.25
25-4031.00,Critical Thinking,3.0
25-4031.00,Active Learning,2.88
25-4031.00,Learning Strategies,3.0
25-4031.00,Monitoring,2.88
25-9021.00,Reading Comprehension,4.0
25-9021.00,Active Listening,4.38
25-9021.00,Writing,3.88
25-9021.00,Speaking,4.12
25-9021.00,Mathematics,3.0
25-9021.00,Science,2.75
25-9021.00,Critical Thinking,3.75
25-9021.00,Active Learning,3.75
25-9021.00,Learning Strategies,3.75
25-9021.00,Monitoring,3.38
25-9031.00,Reading Comprehension,4.0
25-9031.00,Active Listening,4.0
25-9031.00,Writing,4.12
25-9031.00,Speaking,4.12
25-9031.00,Mathematics,2.75
25-9031.00,Science,1.5
25-9031.00,Critical Thinking,3.88
25-9031.00,Active Learning,3.88
25-9031.00,Learning Strategies,4.25
25-9031.00,Monitoring,4.0
25-9042.00,Reading Comprehension,3.62
25-9042.00,Active Listening,3.75
25-9042.00,Writing,3.38
25-9042.00,Speaking,3.62
25-9042.00,Mathematics,2.5
25-9042.00,Science,1.38
25-9042.00,Critical Thinking,3.38
25-9042.00,Active Learning,3.12
25-9042.00,Learning Strategies,3.38
25-9042.00,Monitoring,3.38
25-9043.00,Reading Comprehension,3.62
25-9043.00,Active Listening,3.88
25-9043.00,Writing,3.12
25-9043.00,Speaking,3.75
25-9043.00,Mathematics,1.88
25-9043.00,Science,1.38
25-9043.00,Critical Thinking,3.38
25-9043.00,Active Learning,3.0
25-9043.00,Learning Strategies,3.62
25-9043.00,Monitoring,3.62
25-9044.00,Reading Comprehension,3.88
25-9044.00,Active Listening,3.62
25-9044.00,Writing,3.25
25-9044.00,Speaking,3.5
25-9044.00,Mathematics,2.25
25-9044.00,Science,2.0
25-9044.00,Critical Thinking,3.12
25-9044.00,Active Learning,3.0
25-9044.00,Learning Strategies,3.38
25-9044.00,Monitoring,3.12
27-1011.00,Reading Comprehension,3.75
27-1011.00,Active Listening,4.0
27-1011.00,Writing,3.38
27-1011.00,Speaking,4.0
27-1011.00,Mathematics,2.25
27-1011.00,Science,1.25
27-1011.00,Critical Thinking,3.75
27-1011.00,Active Learning,3.25
27-1011.00,Learning Strategies,3.0
27-1011.00,Monitoring,3.25
27-1012.00,Reading Comprehension,3.0
27-1012.00,Active Listening,3.0
27-1012.00,Writing,2.75
27-1012.00,Speaking,3.0
27-1012.00,Mathematics,2.12
27-1012.00,Science,1.0
27-1012.00,Critical Thinking,3.12
27-1012.00,Active Learning,2.75
27-1012.00,Learning Strategies,2.0
27-1012.00,Monitoring,3.0
27-1013.00,Reading Comprehension,3.0
27-1013.00,Active Listening,3.12
27-1013.00,Writing,2.88
27-1013.00,Speaking,3.0
27-1013.00,Mathematics,2.12
27-1013.00,Science,1.0
27-1013.00,Critical Thinking,3.25
27-1013.00,Active Learning,3.25
27-1013.00,Learning Strategies,2.38
27-1013.00,Monitoring,2.75
27-1014.00,Reading Comprehension,3.75
27-1014.00,Active Listening,3.88
27-1014.00,Writing,3.12
27-1014.00,Speaking,3.25
27-1014.00,Mathematics,2.12
27-1014.00,Science,1.12
27-1014.00,Critical Thinking,3.75
27-1014.00,Active Learning,3.12
27-1014.00,Learning Strategies,2.88
27-1014.00,Monitoring,3.0
27-1021.00,Reading Comprehension,3.88
27-1021.00,Active Listening,4.0
27-1021.00,Writing,3.12
27-1021.00,Speaking,3.5
27-1021.00,Mathematics,2.75
27-1021.00,Science,2.62
27-1021.00,Critical Thinking,3.75
27-1021.00,Active Learning,3.0
27-1021.00,Learning Strategies,2.75
27-1021.00,Monitoring,3.12
27-1022.00,Reading Comprehension,3.62
27-1022.00,Active Listening,3.88
27-1022.00,Writing,3.38
27-1022.00,Speaking,3.88
27-1022.00,Mathematics,2.12
27-1022.00,Science,1.12
27-1022.00,Critical Thinking,3.88
27-1022.00,Active Learning,3.75
27-1022.00,Learning Strategies,3.12
27-1022.00,Monitoring,3.5
27-1023.00,Reading Comprehension,2.88
27-1023.00,Active Listening,3.88
27-1023.00,Writing,2.62
27-1023.00,Speaking,3.62
27-1023.00,Mathematics,2.12
27-1023.00,Science,1.0
27-1023.00,Critical Thinking,3.12
27-1023.00,Active Learning,2.88
27-1023.00,Learning Strategies,2.38
27-1023.00,Monitoring,3.0
27-1024.00,Reading Comprehension,3.12
27-1024.00,Active Listening,3.75
27-1024.00,Writing,3.25
27-1024.00,Speaking,3.38
27-1024.00,Mathematics,2.0
27-1024.00,Science,1.12
27-1024.00,Critical Thinking,3.25
27-1024.00,Active Learning,3.25
27-1024.00,Learning Strategies,2.75
27-1024.00,Monitoring,3.0
27-1025.00,Reading Comprehension,4.0
27-1025.00,Active Listening,4.0
27-1025.00,Writing,3.62
27-1025.00,Speaking,4.0
27-1025.00,Mathematics,3.0
27-1025.00,Science,1.12
27-1025.00,Critical Thinking,4.0
27-1025.00,Active Learning,3.12
27-1025.00,Learning Strategies,2.62
27-1025.00,Monitoring,3.12
27-1026.00,Reading Comprehension,3.0
27-1026.00,Active Listening,3.5
27-1026.00,Writing,2.88
27-1026.00,Speaking,3.25
27-1026.00,Mathematics,2.0
27-1026.00,Science,1.25
27-1026.00,Critical Thinking,3.25
27-1026.00,Active Learning,2.88
27-1026.00,Learning Strategies,2.38
27-1026.00,Monitoring,2.75
27-1027.00,Reading Comprehension,3.88
27-1027.00,Active Listening,3.88
27-1027.00,Writing,3.25
27-1027.00,Speaking,3.75
27-1027.00,Mathematics,3.0
27-1027.00,Science,1.75
27-1027.00,Critical Thinking,3.75
27-1027.00,Active Learning,3.12
27-1027.00,Learning Strategies,2.88
27-1027.00,Monitoring,3.12
27-2011.00,Reading Comprehension,4.0
27-2011.00,Active Listening,3.88
27-2011.00,Writing,2.75
27-2011.00,Speaking,4.0
27-2011.00,Mathematics,1.12
27-2011.00,Science,1.12
27-2011.00,Critical Thinking,3.12
27-2011.00,Active Learning,2.88
27-2011.00,Learning Strategies,2.62
27-2011.00,Monitoring,2.88
27-2012.00,Reading Comprehension,4.0
27-2012.00,Active Listening,4.38
27-2012.00,Writing,3.75
27-2012.00,Speaking,4.0
27-2012.00,Mathematics,2.5
27-2012.00,Science,1.12
27-2012.00,Critical Thinking,4.0
27-2012.00,Active Learning,3.25
27-2012.00,Learning Strategies,3.12
27-2012.00,Monitoring,4.0
27-2012.03,Reading Comprehension,4.12
27-2012.03,Active Listening,3.88
27-2012.03,Writing,3.75
27-2012.03,Speaking,4.25
27-2012.03,Mathematics,2.0
27-2012.03,Science,1.38
27-2012.03,Critical Thinking,4.12
27-2012.03,Active Learning,3.88
27-2012.03,Learning Strategies,3.0
27-2012.03,Monitoring,3.88
27-2012.04,Reading Comprehension,3.88
27-2012.04,Active Listening,4.0
27-2012.04,Writing,3.25
27-2012.04,Speaking,4.0
27-2012.04,Mathematics,2.0
27-2012.04,Science,1.5
27-2012.04,Critical Thinking,3.88
27-2012.04,Active Learning,3.0
27-2012.04,Learning Strategies,2.75
27-2012.04,Monitoring,3.38
27-2012.05,Reading Comprehension,3.62
27-2012.05,Active Listening,4.0
27-2012.05,Writing,3.38
27-2012.05,Speaking,4.0
27-2012.05,Mathematics,2.12
27-2012.05,Science,1.12
27-2012.05,Critical Thinking,3.88
27-2012.05,Active Learning,3.38
27-2012.05,Learning Strategies,3.25
27-2012.05,Monitoring,4.0
27-2021.00,Reading Comprehension,3.12
27-2021.00,Active Listening,3.75
27-2021.00,Writing,2.75
27-2021.00,Speaking,3.88
27-2021.00,Mathematics,2.12
27-2021.00,Science,1.75
27-2021.00,Critical Thinking,3.75
27-2021.00,Active Learning,3.0
27-2021.00,Learning Strategies,2.88
27-2021.00,Monitoring,3.25
27-2022.00,Reading Comprehension,4.0
27-2022.00,Active Listening,4.0
27-2022.00,Writing,3.62
27-2022.00,Speaking,4.38
27-2022.00,Mathematics,2.12
27-2022.00,Science,1.62
27-2022.00,Critical Thinking,4.0
27-2022.00,Active Learning,3.88
27-2022.00,Learning Strategies,4.12
27-2022.00,Monitoring,4.12
27-2023.00,Reading Comprehension,3.0
27-2023.00,Active Listening,3.25
27-2023.00,Writing,2.75
27-2023.00,Speaking,3.62
27-2023.00,Mathematics,2.5
27-2023.00,Science,1.38
27-2023.00,Critical Thinking,3.38
27-2023.00,Active Learning,3.0
27-2023.00,Learning Strategies,3.0
27-2023.00,Monitoring,3.12
27-2031.00,Reading Comprehension,2.75
27-2031.00,Active Listening,3.25
27-2031.00,Writing,2.5
27-2031.00,Speaking,2.88
27-2031.00,Mathematics,1.38
27-2031.00,Science,1.0
27-2031.00,Critical Thinking,3.0
27-2031.00,Active Learning,2.75
27-2031.00,Learning Strategies,2.5
27-2031.00,Monitoring,2.88
27-2032.00,Reading Comprehension,3.5
27-2032.00,Active Listening,3.88
27-2032.00,Writing,3.0
27-2032.00,Speaking,3.88
27-2032.00,Mathematics,1.62
27-2032.00,Science,1.12
27-2032.00,Critical Thinking,3.38
27-2032.00,Active Learning,3.25
27-2032.00,Learning Strategies,3.62
27-2032.00,Monitoring,3.75
27-2041.00,Reading Comprehension,3.5
27-2041.00,Active Listening,3.88
27-2041.00,Writing,3.38
27-2041.00,Speaking,3.62
27-2041.00,Mathematics,2.12
27-2041.00,Science,1.25
27-2041.00,Critical Thinking,3.5
27-2041.00,Active Learning,3.38
27-2041.00,Learning Strategies,2.75
27-2041.00,Monitoring,3.25
27-2042.00,Reading Comprehension,3.12
27-2042.00,Active Listening,3.25
27-2042.00,Writing,2.75
27-2042.00,Speaking,3.38
27-2042.00,Mathematics,1.88
27-2042.00,Science,1.12
27-2042.00,Critical Thinking,3.0
27-2042.00,Active Learning,2.75
27-2042.00,Learning Strategies,2.62
27-2042.00,Monitoring,3.25
27-2091.00,Reading Comprehension,3.0
27-2091.00,Active Listening,3.25
27-2091.00,Writing,2.88
27-2091.00,Speaking,3.5
27-2091.00,Mathematics,1.88
27-2091.00,Science,1.0
27-2091.00,Critical Thinking,3.12
27-2091.00,Active Learning,2.75
27-2091.00,Learning Strategies,2.12
27-2091.00,Monitoring,3.25
27-3011.00,Reading Comprehension,3.88
27-3011.00,Active Listening,4.0
27-3011.00,Writing,3.12
27-3011.00,Speaking,4.75
27-3011.00,Mathematics,1.75
27-3011.00,Science,1.0
27-3011.00,Critical Thinking,3.75
27-3011.00,Active Learning,3.12
27-3011.00,Learning Strategies,2.0
27-3011.00,Monitoring,3.0
27-3023.00,Reading Comprehension,4.38
27-3023.00,Active Listening,4.5
27-3023.00,Writing,4.0
27-3023.00,Speaking,4.25
27-3023.00,Mathematics,1.88
27-3023.00,Science,1.12
27-3023.00,Critical Thinking,4.12
27-3023.00,Active Learning,3.75
27-3023.00,Learning Strategies,2.5
27-3023.00,Monitoring,3.25
27-3031.00,Reading Comprehension,4.0
27-3031.00,Active Listening,4.12
27-3031.00,Writing,4.0
27-3031.00,Speaking,4.12
27-3031.00,Mathematics,2.0
27-3031.00,Science,1.5
27-3031.00,Critical Thinking,3.88
27-3031.00,Active Learning,3.38
27-3031.00,Learning Strategies,2.88
27-3031.00,Monitoring,3.0
27-3041.00,Reading Comprehension,5.0
27-3041.00,Active Listening,4.0
27-3041.00,Writing,4.38
27-3041.00,Speaking,4.0
27-3041.00,Mathematics,2.12
27-3041.00,Science,1.0
27-3041.00,Critical Thinking,3.88
27-3041.00,Active Learning,3.25
27-3041.00,Learning Strategies,3.0
27-3041.00,Monitoring,3.25
27-3042.00,Reading Comprehension,4.12
27-3042.00,Active Listening,3.75
27-3042.00,Writing,4.88
27-3042.00,Speaking,3.75
27-3042.00,Mathematics,1.62
27-3042.00,Science,1.25
27-3042.00,Critical Thinking,3.62
27-3042.00,Active Learning,3.25
27-3042.00,Learning Strategies,2.5
27-3042.00,Monitoring,3.0
27-3043.00,Reading Comprehension,4.12
27-3043.00,Active Listening,3.75
27-3043.00,Writing,5.0
27-3043.00,Speaking,3.75
27-3043.00,Mathematics,1.38
27-3043.00,Science,1.0
27-3043.00,Critical Thinking,3.62
27-3043.00,Active Learning,3.0
27-3043.00,Learning Strategies,2.62
27-3043.00,Monitoring,2.88
27-3043.05,Reading Comprehension,4.25
27-3043.05,Active Listening,3.62
27-3043.05,Writing,4.75
27-3043.05,Speaking,3.88
27-3043.05,Mathematics,1.75
27-3043.05,Science,1.12
27-3043.05,Critical Thinking,3.75
27-3043.05,Active Learning,3.75
27-3043.05,Learning Strategies,2.75
27-3043.05,Monitoring,2.75
27-3091.00,Reading Comprehension,3.88
27-3091.00,Active Listening,4.0
27-3091.00,Writing,3.75
27-3091.00,Speaking,4.12
27-3091.00,Mathematics,2.0
27-3091.00,Science,1.12
27-3091.00,Critical Thinking,3.62
27-3091.00,Active Learning,3.12
27-3091.00,Learning Strategies,3.0
27-3091.00,Monitoring,3.62
27-3092.00,Reading Comprehension,3.5
27-3092.00,Active Listening,4.25
27-3092.00,Writing,3.62
27-3092.00,Speaking,3.0
27-3092.00,Mathematics,1.62
27-3092.00,Science,1.0
27-3092.00,Critical Thinking,2.75
27-3092.00,Active Learning,2.0
27-3092.00,Learning Strategies,1.88
27-3092.00,Monitoring,3.0
27-4011.00,Reading Comprehension,3.5
27-4011.00,Active Listening,3.12
27-4011.00,Writing,3.12
27-4011.00,Speaking,3.12
27-4011.00,Mathematics,2.0
27-4011.00,Science,1.0
27-4011.00,Critical Thinking,3.5
27-4011.00,Active Learning,3.0
27-4011.00,Learning Strategies,2.75
27-4011.00,Monitoring,3.75
27-4012.00,Reading Comprehension,3.25
27-4012.00,Active Listening,3.62
27-4012.00,Writing,3.12
27-4012.00,Speaking,3.0
27-4012.00,Mathematics,2.75
27-4012.00,Science,1.62
27-4012.00,Critical Thinking,3.88
27-4012.00,Active Learning,3.12
27-4012.00,Learning Strategies,2.75
27-4012.00,Monitoring,3.88
27-4014.00,Reading Comprehension,3.25
27-4014.00,Active Listening,3.75
27-4014.00,Writing,3.12
27-4014.00,Speaking,3.62
27-4014.00,Mathematics,2.0
27-4014.00,Science,1.62
27-4014.00,Critical Thinking,3.5
27-4014.00,Active Learning,3.12
27-4014.00,Learning Strategies,2.5
27-4014.00,Monitoring,3.12
27-4021.00,Reading Comprehension,3.12
27-4021.00,Active Listening,3.75
27-4021.00,Writing,2.88
27-4021.00,Speaking,3.75
27-4021.00,Mathematics,2.0
27-4021.00,Science,1.75
27-4021.00,Critical Thinking,3.12
27-4021.00,Active Learning,3.12
27-4021.00,Learning Strategies,2.88
27-4021.00,Monitoring,3.12
27-4031.00,Reading Comprehension,3.25
27-4031.00,Active Listening,3.75
27-4031.00,Writing,2.88
27-4031.00,Speaking,3.25
27-4031.00,Mathematics,2.0
27-4031.00,Science,1.0
27-4031.00,Critical Thinking,3.12
27-4031.00,Active Learning,2.88
27-4031.00,Learning Strategies,2.75
27-4031.00,Monitoring,3.12
27-4032.00,Reading Comprehension,3.38
27-4032.00,Active Listening,3.75
27-4032.00,Writing,3.12
27-4032.00,Speaking,3.25
27-4032.00,Mathematics,1.88
27-4032.00,Science,1.0
27-4032.00,Critical Thinking,3.5
27-4032.00,Active Learning,3.25
27-4032.00,Learning Strategies,2.62
27-4032.00,Monitoring,3.0
29-1011.00,Reading Comprehension,3.88
29-1011.00,Active Listening,4.0
29-1011.00,Writing,3.62
29-1011.00,Speaking,4.0
29-1011.00,Mathematics,2.12
29-1011.00,Science,3.38
29-1011.00,Critical Thinking,3.88
29-1011.00,Active Learning,3.5
29-1011.00,Learning Strategies,3.0
29-1011.00,Monitoring,3.25
29-1021.00,Reading Comprehension,4.0
29-1021.00,Active Listening,4.0
29-1021.00,Writing,3.5
29-1021.00,Speaking,4.0
29-1021.00,Mathematics,2.62
29-1021.00,Science,3.62
29-1021.00,Critical Thinking,4.12
29-1021.00,Active Learning,4.0
29-1021.00,Learning Strategies,3.12
29-1021.00,Monitoring,4.0
29-1022.00,Reading Comprehension,4.0
29-1022.00,Active Listening,4.0
29-1022.00,Writing,3.88
29-1022.00,Speaking,3.88
29-1022.00,Mathematics,2.62
29-1022.00,Science,3.62
29-1022.00,Critical Thinking,4.12
29-1022.00,Active Learning,3.75
29-1022.00,Learning Strategies,2.75
29-1022.00,Monitoring,3.88
29-1023.00,Reading Comprehension,3.88
29-1023.00,Active Listening,4.0
29-1023.00,Writing,3.38
29-1023.00,Speaking,4.0
29-1023.00,Mathematics,2.12
29-1023.00,Science,3.38
29-1023.00,Critical Thinking,4.0
29-1023.00,Active Learning,3.75
29-1023.00,Learning Strategies,3.25
29-1023.00,Monitoring,4.0
29-1024.00,Reading Comprehension,3.62
29-1024.00,Active Listening,4.0
29-1024.00,Writing,3.38
29-1024.00,Speaking,4.0
29-1024.00,Mathematics,2.0
29-1024.00,Science,3.0
29-1024.00,Critical Thinking,4.0
29-1024.00,Active Learning,3.0
29-1024.00,Learning Strategies,2.88
29-1024.00,Monitoring,3.62
29-1031.00,Reading Comprehension,4.0
29-1031.00,Active Listening,4.0
29-1031.00,Writing,3.88
29-1031.00,Speaking,4.0
29-1031.00,Mathematics,3.0
29-1031.00,Science,3.25
29-1031.00,Critical Thinking,4.0
29-1031.00,Active Learning,3.62
29-1031.00,Learning Strategies,3.75
29-1031.00,Monitoring,3.88
29-1041.00,Reading Comprehension,4.12
29-1041.00,Active Listening,4.12
29-1041.00,Writing,4.0
29-1041.00,Speaking,4.0
29-1041.00,Mathematics,3.0
29-1041.00,Science,3.75
29-1041.00,Critical Thinking,4.12
29-1041.00,Active Learning,3.12
29-1041.00,Learning Strategies,3.12
29-1041.00,Monitoring,3.25
29-1051.00,Reading Comprehension,4.0
29-1051.00,Active Listening,4.0
29-1051.00,Writing,3.88
29-1051.00,Speaking,4.0
29-1051.00,Mathematics,3.12
29-1051.00,Science,3.12
29-1051.00,Critical Thinking,3.88
29-1051.00,Active Learning,3.62
29-1051.00,Learning Strategies,3.12
29-1051.00,Monitoring,3.88
29-1071.00,Reading Comprehension,4.12
29-1071.00,Active Listening,4.0
29-1071.00,Writing,4.0
29-1071.00,Speaking,4.0
29-1071.00,Mathematics,3.0
29-1071.00,Science,3.62
29-1071.00,Critical Thinking,4.12
29-1071.00,Active Learning,3.88
29-1071.00,Learning Strategies,3.12
29-1071.00,Monitoring,3.88
29-1071.01,Reading Comprehension,4.0
29-1071.01,Active Listening,4.0
29-1071.01,Writing,3.25
29-1071.01,Speaking,3.75
29-1071.01,Mathematics,2.88
29-1071.01,Science,2.88
29-1071.01,Critical Thinking,3.62
29-1071.01,Active Learning,3.75
29-1071.01,Learning Strategies,2.88
29-1071.01,Monitoring,4.12
29-1081.00,Reading Comprehension,4.0
29-1081.00,Active Listening,4.0
29-1081.00,Writing,3.88
29-1081.00,Speaking,4.0
29-1081.00,Mathematics,2.88
29-1081.00,Science,3.5
29-1081.00,Critical Thinking,4.0
29-1081.00,Active Learning,4.0
29-1081.00,Learning Strategies,3.25
29-1081.00,Monitoring,3.88
29-1122.00,Reading Comprehension,4.0
29-1122.00,Active Listening,4.12
29-1122.00,Writing,4.0
29-1122.00,Speaking,4.0
29-1122.00,Mathematics,2.0
29-1122.00,Science,2.75
29-1122.00,Critical Thinking,4.0
29-1122.00,Active Learning,3.88
29-1122.00,Learning Strategies,3.88
29-1122.00,Monitoring,4.12
29-1122.01,Reading Comprehension,3.88
29-1122.01,Active Listening,4.0
29-1122.01,Writing,3.75
29-1122.01,Speaking,4.0
29-1122.01,Mathematics,2.12
29-1122.01,Science,2.0
29-1122.01,Critical Thinking,3.5
29-1122.01,Active Learning,3.75
29-1122.01,Learning Strategies,4.0
29-1122.01,Monitoring,3.75
29-1123.00,Reading Comprehension,4.0
29-1123.00,Active Listening,4.0
29-1123.00,Writing,3.88
29-1123.00,Speaking,4.0
29-1123.00,Mathematics,2.12
29-1123.00,Science,2.62
29-1123.00,Critical Thinking,4.0
29-1123.00,Active Learning,3.12
29-1123.00,Learning Strategies,3.12
29-1123.00,Monitoring,3.88
29-1124.00,Reading Comprehension,3.75
29-1124.00,Active Listening,3.75
29-1124.00,Writing,3.12
29-1124.00,Speaking,3.25
29-1124.00,Mathematics,2.75
29-1124.00,Science,2.75
29-1124.00,Critical Thinking,3.5
29-1124.00,Active Learning,3.0
29-1124.00,Learning Strategies,2.88
29-1124.00,Monitoring,3.25
29-1125.00,Reading Comprehension,3.88
29-1125.00,Active Listening,4.0
29-1125.00,Writing,3.88
29-1125.00,Speaking,4.0
29-1125.00,Mathematics,2.0
29-1125.00,Science,2.0
29-1125.00,Critical Thinking,3.88
29-1125.00,Active Learning,3.38
29-1125.00,Learning Strategies,3.38
29-1125.00,Monitoring,3.38
29-1126.00,Reading Comprehension,3.88
29-1126.00,Active Listening,4.0
29-1126.00,Writing,3.25
29-1126.00,Speaking,3.88
29-1126.00,Mathematics,2.75
29-1126.00,Science,3.0
29-1126.00,Critical Thinking,4.0
29-1126.00,Active Learning,3.38
29-1126.00,Learning Strategies,3.12
29-1126.00,Monitoring,4.0
29-1127.00,Reading Comprehension,4.12
29-1127.00,Active Listening,4.12
29-1127.00,Writing,4.0
29-1127.00,Speaking,4.0
29-1127.00,Mathematics,2.0
29-1127.00,Science,2.88
29-1127.00,Critical Thinking,4.12
29-1127.00,Active Learning,3.88
29-1127.00,Learning Strategies,4.0
29-1127.00,Monitoring,3.88
29-1128.00,Reading Comprehension,4.0
29-1128.00,Active Listening,4.0
29-1128.00,Writing,3.88
29-1128.00,Speaking,4.0
29-1128.00,Mathematics,2.75
29-1128.00,Science,2.88
29-1128.00,Critical Thinking,3.88
29-1128.00,Active Learning,3.38
29-1128.00,Learning Strategies,3.38
29-1128.00,Monitoring,3.88
29-1129.01,Reading Comprehension,3.75
29-1129.01,Active Listening,4.0
29-1129.01,Writing,3.75
29-1129.01,Speaking,4.0
29-1129.01,Mathematics,2.0
29-1129.01,Science,1.88
29-1129.01,Critical Thinking,3.88
29-1129.01,Active Learning,3.62
29-1129.01,Learning Strategies,3.12
29-1129.01,Monitoring,4.0
29-1129.02,Reading Comprehension,4.0
29-1129.02,Active Listening,4.12
29-1129.02,Writing,3.25
29-1129.02,Speaking,4.0
29-1129.02,Mathematics,2.0
29-1129.02,Science,1.75
29-1129.02,Critical Thinking,4.0
29-1129.02,Active Learning,3.25
29-1129.02,Learning Strategies,3.75
29-1129.02,Monitoring,3.75
29-1131.00,Reading Comprehension,4.12
29-1131.00,Active Listening,4.12
29-1131.00,Writing,3.5
29-1131.00,Speaking,3.88
29-1131.00,Mathematics,3.12
29-1131.00,Science,3.88
29-1131.00,Critical Thinking,3.88
29-1131.00,Active Learning,4.0
29-1131.00,Learning Strategies,3.0
29-1131.00,Monitoring,3.25
29-1141.00,Reading Comprehension,3.88
29-1141.00,Active Listening,4.0
29-1141.00,Writing,3.75
29-1141.00,Speaking,4.0
29-1141.00,Mathematics,2.88
29-1141.00,Science,2.88
29-1141.00,Critical Thinking,4.0
29-1141.00,Active Learning,3.5
29-1141.00,Learning Strategies,3.25
29-1141.00,Monitoring,3.75
29-1141.01,Reading Comprehension,4.12
29-1141.01,Active Listening,4.0
29-1141.01,Writing,4.0
29-1141.01,Speaking,4.12
29-1141.01,Mathematics,3.0
29-1141.01,Science,3.0
29-1141.01,Critical Thinking,4.12
29-1141.01,Active Learning,4.0
29-1141.01,Learning Strategies,3.38
29-1141.01,Monitoring,4.0
29-1141.02,Reading Comprehension,4.0
29-1141.02,Active Listening,4.38
29-1141.02,Writing,4.0
29-1141.02,Speaking,4.12
29-1141.02,Mathematics,2.75
29-1141.02,Science,2.88
29-1141.02,Critical Thinking,4.0
29-1141.02,Active Learning,3.88
29-1141.02,Learning Strategies,3.75
29-1141.02,Monitoring,4.0
29-1141.03,Reading Comprehension,4.0
29-1141.03,Active Listening,4.0
29-1141.03,Writing,3.38
29-1141.03,Speaking,4.0
29-1141.03,Mathematics,2.88
29-1141.03,Science,3.0
29-1141.03,Critical Thinking,4.0
29-1141.03,Active Learning,3.88
29-1141.03,Learning Strategies,3.0
29-1141.03,Monitoring,4.12
29-1141.04,Reading Comprehension,4.0
29-1141.04,Active Listening,3.88
29-1141.04,Writing,3.88
29-1141.04,Speaking,4.12
29-1141.04,Mathematics,2.5
29-1141.04,Science,3.0
29-1141.04,Critical Thinking,4.0
29-1141.04,Active Learning,4.0
29-1141.04,Learning Strategies,3.62
29-1141.04,Monitoring,4.0
29-1151.00,Reading Comprehension,4.12
29-1151.00,Active Listening,4.0
29-1151.00,Writing,3.38
29-1151.00,Speaking,4.0
29-1151.00,Mathematics,3.25
29-1151.00,Science,3.88
29-1151.00,Critical Thinking,4.12
29-1151.00,Active Learning,4.0
29-1151.00,Learning Strategies,3.38
29-1151.00,Monitoring,4.0
29-1161.00,Reading Comprehension,4.0
29-1161.00,Active Listening,4.12
29-1161.00,Writing,3.88
29-1161.00,Speaking,4.12
29-1161.00,Mathematics,2.62
29-1161.00,Science,2.88
29-1161.00,Critical Thinking,4.12
29-1161.00,Active Learning,4.0
29-1161.00,Learning Strategies,3.25
29-1161.00,Monitoring,4.0
29-1171.00,Reading Comprehension,4.12
29-1171.00,Active Listening,4.12
29-1171.00,Writing,4.0
29-1171.00,Speaking,4.0
29-1171.00,Mathematics,3.0
29-1171.00,Science,3.75
29-1171.00,Critical Thinking,4.12
29-1171.00,Active Learning,4.0
29-1171.00,Learning Strategies,3.5
29-1171.00,Monitoring,4.0
29-1181.00,Reading Comprehension,4.12
29-1181.00,Active Listening,4.12
29-1181.00,Writing,4.0
29-1181.00,Speaking,4.0
29-1181.00,Mathematics,2.88
29-1181.00,Science,3.0
29-1181.00,Critical Thinking,4.0
29-1181.00,Active Learning,4.0
29-1181.00,Learning Strategies,3.38
29-1181.00,Monitoring,3.75
29-1211.00,Reading Comprehension,4.12
29-1211.00,Active Listening,4.0
29-1211.00,Writing,4.0
29-1211.00,Speaking,4.0
29-1211.00,Mathematics,3.0
29-1211.00,Science,4.0
29-1211.00,Critical Thinking,4.62
29-1211.00,Active Learning,3.88
29-1211.00,Learning Strategies,3.38
29-1211.00,Monitoring,4.12
29-1213.00,Reading Comprehension,3.88
29-1213.00,Active Listening,4.0
29-1213.00,Writing,3.5
29-1213.00,Speaking,3.88
29-1213.00,Mathematics,2.25
29-1213.00,Science,3.62
29-1213.00,Critical Thinking,4.12
29-1213.00,Active Learning,3.75
29-1213.00,Learning Strategies,3.12
29-1213.00,Monitoring,3.5
29-1214.00,Reading Comprehension,4.25
29-1214.00,Active Listening,4.38
29-1214.00,Writing,4.12
29-1214.00,Speaking,4.25
29-1214.00,Mathematics,2.75
29-1214.00,Science,3.0
29-1214.00,Critical Thinking,4.38
29-1214.00,Active Learning,4.0
29-1214.00,Learning Strategies,3.62
29-1214.00,Monitoring,4.12
29-1215.00,Reading Comprehension,4.25
29-1215.00,Active Listening,4.25
29-1215.00,Writing,4.12
29-1215.00,Speaking,4.12
29-1215.00,Mathematics,2.75
29-1215.00,Science,3.88
29-1215.00,Critical Thinking,4.38
29-1215.00,Active Learning,4.0
29-1215.00,Learning Strategies,3.25
29-1215.00,Monitoring,4.0
29-1216.00,Reading Comprehension,4.12
29-1216.00,Active Listening,4.12
29-1216.00,Writing,4.0
29-1216.00,Speaking,4.0
29-1216.00,Mathematics,2.88
29-1216.00,Science,4.0
29-1216.00,Critical Thinking,4.0
29-1216.00,Active Learning,3.88
29-1216.00,Learning Strategies,3.12
29-1216.00,Monitoring,3.88
29-1217.00,Reading Comprehension,4.12
29-1217.00,Active Listening,4.25
29-1217.00,Writing,4.0
29-1217.00,Speaking,4.12
29-1217.00,Mathematics,2.88
29-1217.00,Science,3.75
29-1217.00,Critical Thinking,4.12
29-1217.00,Active Learning,3.75
29-1217.00,Learning Strategies,3.38
29-1217.00,Monitoring,4.0
29-1218.00,Reading Comprehension,4.25
29-1218.00,Active Listening,4.12
29-1218.00,Writing,4.0
29-1218.00,Speaking,4.0
29-1218.00,Mathematics,2.75
29-1218.00,Science,3.75
29-1218.00,Critical Thinking,4.38
29-1218.00,Active Learning,4.12
29-1218.00,Learning Strategies,3.5
29-1218.00,Monitoring,4.0
29-1221.00,Reading Comprehension,4.12
29-1221.00,Active Listening,4.12
29-1221.00,Writing,4.0
29-1221.00,Speaking,4.25
29-1221.00,Mathematics,2.38
29-1221.00,Science,4.0
29-1221.00,Critical Thinking,4.25
29-1221.00,Active Learning,4.0
29-1221.00,Learning Strategies,3.25
29-1221.00,Monitoring,4.0
29-1222.00,Reading Comprehension,4.25
29-1222.00,Active Listening,4.0
29-1222.00,Writing,4.12
29-1222.00,Speaking,3.88
29-1222.00,Mathematics,3.0
29-1222.00,Science,4.0
29-1222.00,Critical Thinking,4.12
29-1222.00,Active Learning,4.0
29-1222.00,Learning Strategies,3.12
29-1222.00,Monitoring,3.5
29-1223.00,Reading Comprehension,4.0
29-1223.00,Active Listening,5.0
29-1223.00,Writing,4.0
29-1223.00,Speaking,4.12
29-1223.00,Mathematics,2.62
29-1223.00,Science,3.62
29-1223.00,Critical Thinking,4.38
29-1223.00,Active Learning,3.88
29-1223.00,Learning Strategies,3.75
29-1223.00,Monitoring,4.0
29-1224.00,Reading Comprehension,4.25
29-1224.00,Active Listening,4.25
29-1224.00,Writing,4.12
29-1224.00,Speaking,4.25
29-1224.00,Mathematics,2.88
29-1224.00,Science,3.75
29-1224.00,Critical Thinking,4.12
29-1224.00,Active Learning,3.88
29-1224.00,Learning Strategies,3.25
29-1224.00,Monitoring,4.0
29-1229.01,Reading Comprehension,4.5
29-1229.01,Active Listening,4.12
29-1229.01,Writing,4.12
29-1229.01,Speaking,4.0
29-1229.01,Mathematics,2.75
29-1229.01,Science,3.88
29-1229.01,Critical Thinking,4.12
29-1229.01,Active Learning,4.0
29-1229.01,Learning Strategies,3.62
29-1229.01,Monitoring,4.0
29-1229.02,Reading Comprehension,4.12
29-1229.02,Active Listening,4.12
29-1229.02,Writing,3.88
29-1229.02,Speaking,4.12
29-1229.02,Mathematics,3.0
29-1229.02,Science,3.38
29-1229.02,Critical Thinking,4.12
29-1229.02,Active Learning,4.12
29-1229.02,Learning Strategies,3.25
29-1229.02,Monitoring,4.0
29-1229.03,Reading Comprehension,4.38
29-1229.03,Active Listening,4.12
29-1229.03,Writing,4.12
29-1229.03,Speaking,4.0
29-1229.03,Mathematics,2.75
29-1229.03,Science,3.62
29-1229.03,Critical Thinking,4.25
29-1229.03,Active Learning,3.88
29-1229.03,Learning Strategies,3.12
29-1229.03,Monitoring,3.88
29-1229.04,Reading Comprehension,4.0
29-1229.04,Active Listening,4.0
29-1229.04,Writing,3.88
29-1229.04,Speaking,4.0
29-1229.04,Mathematics,2.62
29-1229.04,Science,3.38
29-1229.04,Critical Thinking,4.12
29-1229.04,Active Learning,3.75
29-1229.04,Learning Strategies,3.12
29-1229.04,Monitoring,3.88
29-1229.05,Reading Comprehension,4.38
29-1229.05,Active Listening,4.25
29-1229.05,Writing,4.12
29-1229.05,Speaking,4.25
29-1229.05,Mathematics,3.12
29-1229.05,Science,3.75
29-1229.05,Critical Thinking,4.25
29-1229.05,Active Learning,4.0
29-1229.05,Learning Strategies,3.75
29-1229.05,Monitoring,4.12
29-1229.06,Reading Comprehension,4.62
29-1229.06,Active Listening,4.12
29-1229.06,Writing,3.88
29-1229.06,Speaking,4.12
29-1229.06,Mathematics,2.5
29-1229.06,Science,3.25
29-1229.06,Critical Thinking,4.25
29-1229.06,Active Learning,4.0
29-1229.06,Learning Strategies,3.62
29-1229.06,Monitoring,4.0
29-1241.00,Reading Comprehension,4.25
29-1241.00,Active Listening,4.12
29-1241.00,Writing,4.0
29-1241.00,Speaking,4.0
29-1241.00,Mathematics,3.0
29-1241.00,Science,3.88
29-1241.00,Critical Thinking,4.25
29-1241.00,Active Learning,4.0
29-1241.00,Learning Strategies,3.38
29-1241.00,Monitoring,4.0
29-1291.00,Reading Comprehension,3.25
29-1291.00,Active Listening,3.88
29-1291.00,Writing,3.12
29-1291.00,Speaking,3.62
29-1291.00,Mathematics,2.0
29-1291.00,Science,2.25
29-1291.00,Critical Thinking,3.75
29-1291.00,Active Learning,3.12
29-1291.00,Learning Strategies,2.62
29-1291.00,Monitoring,3.25
29-1292.00,Reading Comprehension,3.0
29-1292.00,Active Listening,3.75
29-1292.00,Writing,3.12
29-1292.00,Speaking,3.5
29-1292.00,Mathematics,2.0
29-1292.00,Science,2.38
29-1292.00,Critical Thinking,3.5
29-1292.00,Active Learning,3.0
29-1292.00,Learning Strategies,2.75
29-1292.00,Monitoring,3.12
29-1299.01,Reading Comprehension,4.25
29-1299.01,Active Listening,4.12
29-1299.01,Writing,4.0
29-1299.01,Speaking,4.12
29-1299.01,Mathematics,2.75
29-1299.01,Science,3.12
29-1299.01,Critical Thinking,4.12
29-1299.01,Active Learning,3.75
29-1299.01,Learning Strategies,3.38
29-1299.01,Monitoring,3.38
29-1299.02,Reading Comprehension,4.0
29-1299.02,Active Listening,4.0
29-1299.02,Writing,3.75
29-1299.02,Speaking,3.88
29-1299.02,Mathematics,2.62
29-1299.02,Science,3.5
29-1299.02,Critical Thinking,3.88
29-1299.02,Active Learning,3.38
29-1299.02,Learning Strategies,3.12
29-1299.02,Monitoring,3.0
29-2011.00,Reading Comprehension,3.75
29-2011.00,Active Listening,3.88
29-2011.00,Writing,3.12
29-2011.00,Speaking,3.12
29-2011.00,Mathematics,3.12
29-2011.00,Science,4.0
29-2011.00,Critical Thinking,4.0
29-2011.00,Active Learning,3.38
29-2011.00,Learning Strategies,2.88
29-2011.00,Monitoring,3.5
29-2011.01,Reading Comprehension,4.0
29-2011.01,Active Listening,3.75
29-2011.01,Writing,3.62
29-2011.01,Speaking,3.75
29-2011.01,Mathematics,2.75
29-2011.01,Science,3.5
29-2011.01,Critical Thinking,3.88
29-2011.01,Active Learning,3.25
29-2011.01,Learning Strategies,2.88
29-2011.01,Monitoring,3.25
29-2011.02,Reading Comprehension,3.88
29-2011.02,Active Listening,3.75
29-2011.02,Writing,3.0
29-2011.02,Speaking,3.12
29-2011.02,Mathematics,2.62
29-2011.02,Science,2.88
29-2011.02,Critical Thinking,3.75
29-2011.02,Active Learning,3.0
29-2011.02,Learning Strategies,2.75
29-2011.02,Monitoring,3.0
29-2011.04,Reading Comprehension,3.5
29-2011.04,Active Listening,3.25
29-2011.04,Writing,3.12
29-2011.04,Speaking,3.25
29-2011.04,Mathematics,2.38
29-2011.04,Science,3.0
29-2011.04,Critical Thinking,3.38
29-2011.04,Active Learning,3.25
29-2011.04,Learning Strategies,2.75
29-2011.04,Monitoring,3.38
29-2012.00,Reading Comprehension,3.75
29-2012.00,Active Listening,3.62
29-2012.00,Writing,3.0
29-2012.00,Speaking,3.12
29-2012.00,Mathematics,2.75
29-2012.00,Science,3.0
29-2012.00,Critical Thinking,3.25
29-2012.00,Active Learning,3.0
29-2012.00,Learning Strategies,2.75
29-2012.00,Monitoring,3.0
29-2012.01,Reading Comprehension,3.38
29-2012.01,Active Listening,3.5
29-2012.01,Writing,3.0
29-2012.01,Speaking,3.12
29-2012.01,Mathematics,2.0
29-2012.01,Science,3.12
29-2012.01,Critical Thinking,3.5
29-2012.01,Active Learning,2.88
29-2012.01,Learning Strategies,2.38
29-2012.01,Monitoring,3.25
29-2031.00,Reading Comprehension,3.62
29-2031.00,Active Listening,3.88
29-2031.00,Writing,3.12
29-2031.00,Speaking,3.75
29-2031.00,Mathematics,2.62
29-2031.00,Science,3.0
29-2031.00,Critical Thinking,3.75
29-2031.00,Active Learning,3.12
29-2031.00,Learning Strategies,2.88
29-2031.00,Monitoring,3.75
29-2032.00,Reading Comprehension,3.75
29-2032.00,Active Listening,4.0
29-2032.00,Writing,3.25
29-2032.00,Speaking,3.88
29-2032.00,Mathematics,2.0
29-2032.00,Science,2.88
29-2032.00,Critical Thinking,3.62
29-2032.00,Active Learning,3.12
29-2032.00,Learning Strategies,3.0
29-2032.00,Monitoring,3.25
29-2033.00,Reading Comprehension,3.5
29-2033.00,Active Listening,3.75
29-2033.00,Writing,3.5
29-2033.00,Speaking,3.75
29-2033.00,Mathematics,3.12
29-2033.00,Science,3.25
29-2033.00,Critical Thinking,3.88
29-2033.00,Active Learning,3.12
29-2033.00,Learning Strategies,2.75
29-2033.00,Monitoring,3.5
29-2034.00,Reading Comprehension,3.75
29-2034.00,Active Listening,3.75
29-2034.00,Writing,3.0
29-2034.00,Speaking,3.38
29-2034.00,Mathematics,2.0
29-2034.00,Science,2.0
29-2034.00,Critical Thinking,3.25
29-2034.00,Active Learning,2.88
29-2034.00,Learning Strategies,2.62
29-2034.00,Monitoring,3.25
29-2035.00,Reading Comprehension,3.88
29-2035.00,Active Listening,3.75
29-2035.00,Writing,3.12
29-2035.00,Speaking,3.62
29-2035.00,Mathematics,2.62
29-2035.00,Science,2.75
29-2035.00,Critical Thinking,3.38
29-2035.00,Active Learning,3.12
29-2035.00,Learning Strategies,2.75
29-2035.00,Monitoring,3.75
29-2036.00,Reading Comprehension,4.0
29-2036.00,Active Listening,4.0
29-2036.00,Writing,3.75
29-2036.00,Speaking,3.88
29-2036.00,Mathematics,3.5
29-2036.00,Science,3.38
29-2036.00,Critical Thinking,4.12
29-2036.00,Active Learning,3.38
29-2036.00,Learning Strategies,3.12
29-2036.00,Monitoring,3.5
29-2043.00,Reading Comprehension,3.5
29-2043.00,Active Listening,3.62
29-2043.00,Writing,2.88
29-2043.00,Speaking,3.5
29-2043.00,Mathematics,2.38
29-2043.00,Science,2.25
29-2043.00,Critical Thinking,3.75
29-2043.00,Active Learning,3.38
29-2043.00,Learning Strategies,2.75
29-2043.00,Monitoring,3.5
29-2051.00,Reading Comprehension,3.12
29-2051.00,Active Listening,3.25
29-2051.00,Writing,3.12
29-2051.00,Speaking,3.38
29-2051.00,Mathematics,2.88
29-2051.00,Science,2.0
29-2051.00,Critical Thinking,3.12
29-2051.00,Active Learning,3.12
29-2051.00,Learning Strategies,3.12
29-2051.00,Monitoring,3.12
29-2052.00,Reading Comprehension,3.75
29-2052.00,Active Listening,4.0
29-2052.00,Writing,3.0
29-2052.00,Speaking,3.75
29-2052.00,Mathematics,3.0
29-2052.00,Science,1.88
29-2052.00,Critical Thinking,3.25
29-2052.00,Active Learning,3.12
29-2052.00,Learning Strategies,2.88
29-2052.00,Monitoring,3.12
29-2053.00,Reading Comprehension,3.75
29-2053.00,Active Listening,4.0
29-2053.00,Writing,3.25
29-2053.00,Speaking,3.88
29-2053.00,Mathematics,2.0
29-2053.00,Science,2.0
29-2053.00,Critical Thinking,3.62
29-2053.00,Active Learning,3.12
29-2053.00,Learning Strategies,3.0
29-2053.00,Monitoring,4.0
29-2055.00,Reading Comprehension,3.12
29-2055.00,Active Listening,3.25
29-2055.00,Writing,2.88
29-2055.00,Speaking,3.12
29-2055.00,Mathematics,2.62
29-2055.00,Science,2.12
29-2055.00,Critical Thinking,3.0
29-2055.00,Active Learning,3.0
29-2055.00,Learning Strategies,3.0
29-2055.00,Monitoring,3.62
29-2056.00,Reading Comprehension,3.62
29-2056.00,Active Listening,3.75
29-2056.00,Writing,3.25
29-2056.00,Speaking,3.62
29-2056.00,Mathematics,2.75
29-2056.00,Science,2.88
29-2056.00,Critical Thinking,3.75
29-2056.00,Active Learning,3.12
29-2056.00,Learning Strategies,3.0
29-2056.00,Monitoring,3.25
29-2057.00,Reading Comprehension,3.12
29-2057.00,Active Listening,3.62
29-2057.00,Writing,3.12
29-2057.00,Speaking,3.25
29-2057.00,Mathematics,2.5
29-2057.00,Science,2.0
29-2057.00,Critical Thinking,3.0
29-2057.00,Active Learning,3.0
29-2057.00,Learning Strategies,2.62
29-2057.00,Monitoring,3.0
29-2061.00,Reading Comprehension,3.75
29-2061.00,Active Listening,3.88
29-2061.00,Writing,3.25
29-2061.00,Speaking,3.88
29-2061.00,Mathematics,2.88
29-2061.00,Science,2.62
29-2061.00,Critical Thinking,3.75
29-2061.00,Active Learning,3.38
29-2061.00,Learning Strategies,3.12
29-2061.00,Monitoring,3.88
29-2072.00,Reading Comprehension,3.62
29-2072.00,Active Listening,3.25
29-2072.00,Writing,3.12
29-2072.00,Speaking,3.12
29-2072.00,Mathematics,2.25
29-2072.00,Science,1.0
29-2072.00,Critical Thinking,3.38
29-2072.00,Active Learning,3.0
29-2072.00,Learning Strategies,2.75
29-2072.00,Monitoring,3.0
29-2081.00,Reading Comprehension,3.75
29-2081.00,Active Listening,3.88
29-2081.00,Writing,3.25
29-2081.00,Speaking,4.0
29-2081.00,Mathematics,2.88
29-2081.00,Science,1.75
29-2081.00,Critical Thinking,3.5
29-2081.00,Active Learning,3.0
29-2081.00,Learning Strategies,2.62
29-2081.00,Monitoring,3.0
29-2091.00,Reading Comprehension,4.0
29-2091.00,Active Listening,4.0
29-2091.00,Writing,4.0
29-2091.00,Speaking,4.0
29-2091.00,Mathematics,3.0
29-2091.00,Science,2.88
29-2091.00,Critical Thinking,4.0
29-2091.00,Active Learning,3.75
29-2091.00,Learning Strategies,3.12
29-2091.00,Monitoring,3.38
29-2092.00,Reading Comprehension,3.25
29-2092.00,Active Listening,3.88
29-2092.00,Writing,3.12
29-2092.00,Speaking,3.38
29-2092.00,Mathematics,2.12
29-2092.00,Science,1.75
29-2092.00,Critical Thinking,3.12
29-2092.00,Active Learning,3.12
29-2092.00,Learning Strategies,3.0
29-2092.00,Monitoring,3.12
29-2099.01,Reading Comprehension,3.75
29-2099.01,Active Listening,4.0
29-2099.01,Writing,3.38
29-2099.01,Speaking,3.88
29-2099.01,Mathematics,2.25
29-2099.01,Science,2.5
29-2099.01,Critical Thinking,3.75
29-2099.01,Active Learning,3.12
29-2099.01,Learning Strategies,3.12
29-2099.01,Monitoring,3.62
29-2099.05,Reading Comprehension,3.12
29-2099.05,Active Listening,3.88
29-2099.05,Writing,3.12
29-2099.05,Speaking,3.88
29-2099.05,Mathematics,2.62
29-2099.05,Science,2.25
29-2099.05,Critical Thinking,3.25
29-2099.05,Active Learning,3.0
29-2099.05,Learning Strategies,3.0
29-2099.05,Monitoring,3.0
29-2099.08,Reading Comprehension,3.88
29-2099.08,Active Listening,4.25
29-2099.08,Writing,3.12
29-2099.08,Speaking,4.0
29-2099.08,Mathematics,2.12
29-2099.08,Science,1.75
29-2099.08,Critical Thinking,3.75
29-2099.08,Active Learning,3.12
29-2099.08,Learning Strategies,2.75
29-2099.08,Monitoring,3.12
29-9091.00,Reading Comprehension,3.75
29-9091.00,Active Listening,4.0
29-9091.00,Writing,3.5
29-9091.00,Speaking,3.88
29-9091.00,Mathematics,2.12
29-9091.00,Science,2.38
29-9091.00,Critical Thinking,3.88
29-9091.00,Active Learning,3.75
29-9091.00,Learning Strategies,3.12
29-9091.00,Monitoring,3.88
29-9092.00,Reading Comprehension,4.12
29-9092.00,Active Listening,4.12
29-9092.00,Writing,4.0
29-9092.00,Speaking,4.0
29-9092.00,Mathematics,2.88
29-9092.00,Science,3.0
29-9092.00,Critical Thinking,4.0
29-9092.00,Active Learning,4.0
29-9092.00,Learning Strategies,3.12
29-9092.00,Monitoring,3.0
29-9093.00,Reading Comprehension,3.62
29-9093.00,Active Listening,4.0
29-9093.00,Writing,3.12
29-9093.00,Speaking,3.75
29-9093.00,Mathematics,2.5
29-9093.00,Science,2.62
29-9093.00,Critical Thinking,3.62
29-9093.00,Active Learning,3.0
29-9093.00,Learning Strategies,3.12
29-9093.00,Monitoring,3.62
29-9099.01,Reading Comprehension,3.62
29-9099.01,Active Listening,3.75
29-9099.01,Writing,3.12
29-9099.01,Speaking,3.75
29-9099.01,Mathematics,2.25
29-9099.01,Science,2.88
29-9099.01,Critical Thinking,4.0
29-9099.01,Active Learning,3.38
29-9099.01,Learning Strategies,3.25
29-9099.01,Monitoring,4.0
31-1121.00,Reading Comprehension,3.12
31-1121.00,Active Listening,3.88
31-1121.00,Writing,2.88
31-1121.00,Speaking,3.0
31-1121.00,Mathematics,2.0
31-1121.00,Science,1.5
31-1121.00,Critical Thinking,3.0
31-1121.00,Active Learning,2.88
31-1121.00,Learning Strategies,2.75
31-1121.00,Monitoring,3.12
31-1122.00,Reading Comprehension,2.88
31-1122.00,Active Listening,3.38
31-1122.00,Writing,2.88
31-1122.00,Speaking,3.0
31-1122.00,Mathematics,2.0
31-1122.00,Science,1.75
31-1122.00,Critical Thinking,3.25
31-1122.00,Active Learning,2.88
31-1122.00,Learning Strategies,2.75
31-1122.00,Monitoring,3.25
31-1131.00,Reading Comprehension,3.12
31-1131.00,Active Listening,3.62
31-1131.00,Writing,2.75
31-1131.00,Speaking,3.12
31-1131.00,Mathematics,2.12
31-1131.00,Science,1.75
31-1131.00,Critical Thinking,3.12
31-1131.00,Active Learning,2.88
31-1131.00,Learning Strategies,2.38
31-1131.00,Monitoring,3.25
31-1132.00,Reading Comprehension,2.5
31-1132.00,Active Listening,3.12
31-1132.00,Writing,2.62
31-1132.00,Speaking,3.0
31-1132.00,Mathematics,1.75
31-1132.00,Science,1.25
31-1132.00,Critical Thinking,2.75
31-1132.00,Active Learning,2.12
31-1132.00,Learning Strategies,2.12
31-1132.00,Monitoring,2.62
31-1133.00,Reading Comprehension,3.12
31-1133.00,Active Listening,3.75
31-1133.00,Writing,3.12
31-1133.00,Speaking,3.88
31-1133.00,Mathematics,2.12
31-1133.00,Science,1.75
31-1133.00,Critical Thinking,3.38
31-1133.00,Active Learning,3.25
31-1133.00,Learning Strategies,2.88
31-1133.00,Monitoring,3.75
31-2011.00,Reading Comprehension,3.62
31-2011.00,Active Listening,3.88
31-2011.00,Writing,3.25
31-2011.00,Speaking,3.88
31-2011.00,Mathematics,2.12
31-2011.00,Science,1.88
31-2011.00,Critical Thinking,3.38
31-2011.00,Active Learning,3.25
31-2011.00,Learning Strategies,3.25
31-2011.00,Monitoring,3.38
31-2012.00,Reading Comprehension,3.12
31-2012.00,Active Listening,3.5
31-2012.00,Writing,3.12
31-2012.00,Speaking,3.62
31-2012.00,Mathematics,2.0
31-2012.00,Science,1.62
31-2012.00,Critical Thinking,3.25
31-2012.00,Active Learning,3.0
31-2012.00,Learning Strategies,3.0
31-2012.00,Monitoring,3.25
31-2021.00,Reading Comprehension,3.25
31-2021.00,Active Listening,4.0
31-2021.00,Writing,3.25
31-2021.00,Speaking,3.75
31-2021.00,Mathematics,2.25
31-2021.00,Science,2.38
31-2021.00,Critical Thinking,3.25
31-2021.00,Active Learning,3.25
31-2021.00,Learning Strategies,2.88
31-2021.00,Monitoring,3.75
31-2022.00,Reading Comprehension,3.12
31-2022.00,Active Listening,3.62
31-2022.00,Writing,3.0
31-2022.00,Speaking,3.0
31-2022.00,Mathematics,2.0
31-2022.00,Science,1.88
31-2022.00,Critical Thinking,3.0
31-2022.00,Active Learning,3.0
31-2022.00,Learning Strategies,2.62
31-2022.00,Monitoring,3.25
31-9011.00,Reading Comprehension,3.0
31-9011.00,Active Listening,3.62
31-9011.00,Writing,2.75
31-9011.00,Speaking,3.5
31-9011.00,Mathematics,1.75
31-9011.00,Science,1.5
31-9011.00,Critical Thinking,3.0
31-9011.00,Active Learning,2.75
31-9011.00,Learning Strategies,2.38
31-9011.00,Monitoring,2.88
31-9091.00,Reading Comprehension,3.25
31-9091.00,Active Listening,3.88
31-9091.00,Writing,3.0
31-9091.00,Speaking,3.38
31-9091.00,Mathematics,2.12
31-9091.00,Science,2.0
31-9091.00,Critical Thinking,3.0
31-9091.00,Active Learning,3.12
31-9091.00,Learning Strategies,2.5
31-9091.00,Monitoring,3.12
31-9092.00,Reading Comprehension,3.75
31-9092.00,Active Listening,3.88
31-9092.00,Writing,3.38
31-9092.00,Speaking,3.88
31-9092.00,Mathematics,2.62
31-9092.00,Science,2.62
31-9092.00,Critical Thinking,3.62
31-9092.00,Active Learning,3.25
31-9092.00,Learning Strategies,3.12
31-9092.00,Monitoring,3.5
31-9093.00,Reading Comprehension,3.12
31-9093.00,Active Listening,3.25
31-9093.00,Writing,2.88
31-9093.00,Speaking,3.12
31-9093.00,Mathematics,2.25
31-9093.00,Science,1.88
31-9093.00,Critical Thinking,3.5
31-9093.00,Active Learning,3.0
31-9093.00,Learning Strategies,2.75
31-9093.00,Monitoring,3.38
31-9094.00,Reading Comprehension,4.0
31-9094.00,Active Listening,4.12
31-9094.00,Writing,3.88
31-9094.00,Speaking,3.0
31-9094.00,Mathematics,1.75
31-9094.00,Science,1.5
31-9094.00,Critical Thinking,3.0
31-9094.00,Active Learning,2.88
31-9094.00,Learning Strategies,2.12
31-9094.00,Monitoring,3.12
31-9095.00,Reading Comprehension,3.25
31-9095.00,Active Listening,3.5
31-9095.00,Writing,2.75
31-9095.00,Speaking,3.38
31-9095.00,Mathematics,2.5
31-9095.00,Science,1.5
31-9095.00,Critical Thinking,3.0
31-9095.00,Active Learning,2.88
31-9095.00,Learning Strategies,2.5
31-9095.00,Monitoring,2.75
31-9096.00,Reading Comprehension,3.12
31-9096.00,Active Listening,3.5
31-9096.00,Writing,3.12
31-9096.00,Speaking,3.0
31-9096.00,Mathematics,2.75
31-9096.00,Science,2.62
31-9096.00,Critical Thinking,3.25
31-9096.00,Active Learning,2.88
31-9096.00,Learning Strategies,2.12
31-9096.00,Monitoring,3.12
31-9097.00,Reading Comprehension,3.12
31-9097.00,Active Listening,3.25
31-9097.00,Writing,3.0
31-9097.00,Speaking,3.5
31-9097.00,Mathematics,2.0
31-9097.00,Science,2.25
31-9097.00,Critical Thinking,3.25
31-9097.00,Active Learning,3.0
31-9097.00,Learning Strategies,3.0
31-9097.00,Monitoring,3.12
31-9099.01,Reading Comprehension,3.75
31-9099.01,Active Listening,4.0
31-9099.01,Writing,3.12
31-9099.01,Speaking,3.75
31-9099.01,Mathematics,2.0
31-9099.01,Science,2.0
31-9099.01,Critical Thinking,3.12
31-9099.01,Active Learning,3.12
31-9099.01,Learning Strategies,3.0
31-9099.01,Monitoring,3.38
31-9099.02,Reading Comprehension,3.62
31-9099.02,Active Listening,3.62
31-9099.02,Writing,3.12
31-9099.02,Speaking,3.12
31-9099.02,Mathematics,2.0
31-9099.02,Science,1.75
31-9099.02,Critical Thinking,3.38
31-9099.02,Active Learning,3.12
31-9099.02,Learning Strategies,2.75
31-9099.02,Monitoring,3.12
33-1011.00,Reading Comprehension,3.75
33-1011.00,Active Listening,4.0
33-1011.00,Writing,3.5
33-1011.00,Speaking,3.88
33-1011.00,Mathematics,2.12
33-1011.00,Science,1.5
33-1011.00,Critical Thinking,4.0
33-1011.00,Active Learning,3.25
33-1011.00,Learning Strategies,3.12
33-1011.00,Monitoring,4.0
33-1012.00,Reading Comprehension,4.0
33-1012.00,Active Listening,4.0
33-1012.00,Writing,3.75
33-1012.00,Speaking,4.0
33-1012.00,Mathematics,2.38
33-1012.00,Science,1.5
33-1012.00,Critical Thinking,4.0
33-1012.00,Active Learning,3.88
33-1012.00,Learning Strategies,3.75
33-1012.00,Monitoring,4.0
33-1021.00,Reading Comprehension,3.75
33-1021.00,Active Listening,4.0
33-1021.00,Writing,3.25
33-1021.00,Speaking,3.88
33-1021.00,Mathematics,2.5
33-1021.00,Science,1.88
33-1021.00,Critical Thinking,3.88
33-1021.00,Active Learning,3.25
33-1021.00,Learning Strategies,3.25
33-1021.00,Monitoring,3.75
33-1091.00,Reading Comprehension,3.88
33-1091.00,Active Listening,4.0
33-1091.00,Writing,3.62
33-1091.00,Speaking,3.88
33-1091.00,Mathematics,2.0
33-1091.00,Science,1.25
33-1091.00,Critical Thinking,3.88
33-1091.00,Active Learning,3.12
33-1091.00,Learning Strategies,3.0
33-1091.00,Monitoring,3.75
33-2011.00,Reading Comprehension,3.0
33-2011.00,Active Listening,3.62
33-2011.00,Writing,2.62
33-2011.00,Speaking,3.5
33-2011.00,Mathematics,2.38
33-2011.00,Science,2.0
33-2011.00,Critical Thinking,3.62
33-2011.00,Active Learning,3.62
33-2011.00,Learning Strategies,2.88
33-2011.00,Monitoring,3.5
33-2021.00,Reading Comprehension,3.38
33-2021.00,Active Listening,3.62
33-2021.00,Writing,3.5
33-2021.00,Speaking,3.5
33-2021.00,Mathematics,2.5
33-2021.00,Science,1.88
33-2021.00,Critical Thinking,3.5
33-2021.00,Active Learning,3.12
33-2021.00,Learning Strategies,3.0
33-2021.00,Monitoring,3.25
33-2022.00,Reading Comprehension,3.12
33-2022.00,Active Listening,3.62
33-2022.00,Writing,3.12
33-2022.00,Speaking,3.75
33-2022.00,Mathematics,2.12
33-2022.00,Science,1.88
33-2022.00,Critical Thinking,4.0
33-2022.00,Active Learning,3.0
33-2022.00,Learning Strategies,3.12
33-2022.00,Monitoring,3.38
33-3011.00,Reading Comprehension,2.88
33-3011.00,Active Listening,3.25
33-3011.00,Writing,2.25
33-3011.00,Speaking,3.38
33-3011.00,Mathematics,1.5
33-3011.00,Science,1.0
33-3011.00,Critical Thinking,3.0
33-3011.00,Active Learning,2.75
33-3011.00,Learning Strategies,2.12
33-3011.00,Monitoring,3.38
33-3012.00,Reading Comprehension,3.62
33-3012.00,Active Listening,4.0
33-3012.00,Writing,3.0
33-3012.00,Speaking,3.88
33-3012.00,Mathematics,2.0
33-3012.00,Science,1.38
33-3012.00,Critical Thinking,3.75
33-3012.00,Active Learning,3.25
33-3012.00,Learning Strategies,3.0
33-3012.00,Monitoring,4.0
33-3021.00,Reading Comprehension,4.0
33-3021.00,Active Listening,4.5
33-3021.00,Writing,3.75
33-3021.00,Speaking,4.25
33-3021.00,Mathematics,2.0
33-3021.00,Science,1.62
33-3021.00,Critical Thinking,4.12
33-3021.00,Active Learning,3.75
33-3021.00,Learning Strategies,2.88
33-3021.00,Monitoring,3.62
33-3021.02,Reading Comprehension,3.75
33-3021.02,Active Listening,3.88
33-3021.02,Writing,3.25
33-3021.02,Speaking,3.88
33-3021.02,Mathematics,2.0
33-3021.02,Science,1.75
33-3021.02,Critical Thinking,3.75
33-3021.02,Active Learning,3.0
33-3021.02,Learning Strategies,2.75
33-3021.02,Monitoring,3.0
33-3021.06,Reading Comprehension,4.25
33-3021.06,Active Listening,4.12
33-3021.06,Writing,4.0
33-3021.06,Speaking,4.0
33-3021.06,Mathematics,2.75
33-3021.06,Science,1.88
33-3021.06,Critical Thinking,4.0
33-3021.06,Active Learning,3.62
33-3021.06,Learning Strategies,3.0
33-3021.06,Monitoring,3.25
33-3031.00,Reading Comprehension,3.75
33-3031.00,Active Listening,3.75
33-3031.00,Writing,3.12
33-3031.00,Speaking,3.88
33-3031.00,Mathematics,2.38
33-3031.00,Science,2.38
33-3031.00,Critical Thinking,3.75
33-3031.00,Active Learning,3.0
33-3031.00,Learning Strategies,2.62
33-3031.00,Monitoring,3.12
33-3041.00,Reading Comprehension,2.88
33-3041.00,Active Listening,3.0
33-3041.00,Writing,2.75
33-3041.00,Speaking,3.12
33-3041.00,Mathematics,1.88
33-3041.00,Science,1.0
33-3041.00,Critical Thinking,3.0
33-3041.00,Active Learning,2.62
33-3041.00,Learning Strategies,2.12
33-3041.00,Monitoring,3.12
33-3051.00,Reading Comprehension,3.75
33-3051.00,Active Listening,4.12
33-3051.00,Writing,3.12
33-3051.00,Speaking,3.88
33-3051.00,Mathematics,2.0
33-3051.00,Science,1.38
33-3051.00,Critical Thinking,3.88
33-3051.00,Active Learning,3.88
33-3051.00,Learning Strategies,2.75
33-3051.00,Monitoring,3.25
33-3051.04,Reading Comprehension,3.88
33-3051.04,Active Listening,4.0
33-3051.04,Writing,3.62
33-3051.04,Speaking,4.0
33-3051.04,Mathematics,2.25
33-3051.04,Science,1.88
33-3051.04,Critical Thinking,4.0
33-3051.04,Active Learning,3.38
33-3051.04,Learning Strategies,2.62
33-3051.04,Monitoring,3.62
33-3052.00,Reading Comprehension,3.12
33-3052.00,Active Listening,4.0
33-3052.00,Writing,3.25
33-3052.00,Speaking,4.0
33-3052.00,Mathematics,2.0
33-3052.00,Science,1.12
33-3052.00,Critical Thinking,3.88
33-3052.00,Active Learning,3.25
33-3052.00,Learning Strategies,2.88
33-3052.00,Monitoring,3.38
33-9011.00,Reading Comprehension,3.0
33-9011.00,Active Listening,3.75
33-9011.00,Writing,3.0
33-9011.00,Speaking,3.62
33-9011.00,Mathematics,2.0
33-9011.00,Science,1.12
33-9011.00,Critical Thinking,3.5
33-9011.00,Active Learning,2.88
33-9011.00,Learning Strategies,2.75
33-9011.00,Monitoring,3.0
33-9021.00,Reading Comprehension,3.88
33-9021.00,Active Listening,4.12
33-9021.00,Writing,3.62
33-9021.00,Speaking,4.0
33-9021.00,Mathematics,2.25
33-9021.00,Science,1.5
33-9021.00,Critical Thinking,3.88
33-9021.00,Active Learning,3.38
33-9021.00,Learning Strategies,2.5
33-9021.00,Monitoring,3.38
33-9031.00,Reading Comprehension,3.25
33-9031.00,Active Listening,3.25
33-9031.00,Writing,3.12
33-9031.00,Speaking,3.62
33-9031.00,Mathematics,2.12
33-9031.00,Science,1.25
33-9031.00,Critical Thinking,3.75
33-9031.00,Active Learning,3.12
33-9031.00,Learning Strategies,2.5
33-9031.00,Monitoring,4.12
33-9032.00,Reading Comprehension,3.0
33-9032.00,Active Listening,3.75
33-9032.00,Writing,2.75
33-9032.00,Speaking,3.25
33-9032.00,Mathematics,2.0
33-9032.00,Science,1.5
33-9032.00,Critical Thinking,3.12
33-9032.00,Active Learning,2.88
33-9032.00,Learning Strategies,2.62
33-9032.00,Monitoring,3.38
33-9091.00,Reading Comprehension,2.25
33-9091.00,Active Listening,2.88
33-9091.00,Writing,2.0
33-9091.00,Speaking,3.12
33-9091.00,Mathematics,1.62
33-9091.00,Science,1.0
33-9091.00,Critical Thinking,2.75
33-9091.00,Active Learning,2.25
33-9091.00,Learning Strategies,1.88
33-9091.00,Monitoring,2.88
33-9092.00,Reading Comprehension,2.88
33-9092.00,Active Listening,3.12
33-9092.00,Writing,2.5
33-9092.00,Speaking,3.5
33-9092.00,Mathematics,1.38
33-9092.00,Science,1.5
33-9092.00,Critical Thinking,3.0
33-9092.00,Active Learning,2.75
33-9092.00,Learning Strategies,3.12
33-9092.00,Monitoring,3.75
33-9093.00,Reading Comprehension,3.0
33-9093.00,Active Listening,3.25
33-9093.00,Writing,2.88
33-9093.00,Speaking,3.38
33-9093.00,Mathematics,1.88
33-9093.00,Science,1.75
33-9093.00,Critical Thinking,3.25
33-9093.00,Active Learning,2.88
33-9093.00,Learning Strategies,2.5
33-9093.00,Monitoring,3.38
33-9094.00,Reading Comprehension,2.75
33-9094.00,Active Listening,3.0
33-9094.00,Writing,2.75
33-9094.00,Speaking,3.25
33-9094.00,Mathematics,1.62
33-9094.00,Science,1.0
33-9094.00,Critical Thinking,2.88
33-9094.00,Active Learning,2.12
33-9094.00,Learning Strategies,2.0
33-9094.00,Monitoring,3.75
33-9099.02,Reading Comprehension,3.25
33-9099.02,Active Listening,3.5
33-9099.02,Writing,3.12
33-9099.02,Speaking,3.5
33-9099.02,Mathematics,2.62
33-9099.02,Science,1.25
33-9099.02,Critical Thinking,3.75
33-9099.02,Active Learning,3.25
33-9099.02,Learning Strategies,2.88
33-9099.02,Monitoring,3.5
35-1011.00,Reading Comprehension,3.5
35-1011.00,Active Listening,3.62
35-1011.00,Writing,3.12
35-1011.00,Speaking,3.88
35-1011.00,Mathematics,3.0
35-1011.00,Science,1.75
35-1011.00,Critical Thinking,3.75
35-1011.00,Active Learning,3.38
35-1011.00,Learning Strategies,3.25
35-1011.00,Monitoring,4.0
35-1012.00,Reading Comprehension,3.25
35-1012.00,Active Listening,3.75
35-1012.00,Writing,3.0
35-1012.00,Speaking,3.88
35-1012.00,Mathematics,3.0
35-1012.00,Science,1.0
35-1012.00,Critical Thinking,3.12
35-1012.00,Active Learning,3.0
35-1012.00,Learning Strategies,3.12
35-1012.00,Monitoring,3.88
35-2011.00,Reading Comprehension,2.75
35-2011.00,Active Listening,3.0
35-2011.00,Writing,2.12
35-2011.00,Speaking,2.88
35-2011.00,Mathematics,1.88
35-2011.00,Science,1.0
35-2011.00,Critical Thinking,2.62
35-2011.00,Active Learning,2.0
35-2011.00,Learning Strategies,2.0
35-2011.00,Monitoring,2.62
35-2012.00,Reading Comprehension,2.88
35-2012.00,Active Listening,3.0
35-2012.00,Writing,2.75
35-2012.00,Speaking,3.12
35-2012.00,Mathematics,2.88
35-2012.00,Science,1.0
35-2012.00,Critical Thinking,3.0
35-2012.00,Active Learning,2.88
35-2012.00,Learning Strategies,2.75
35-2012.00,Monitoring,3.12
35-2013.00,Reading Comprehension,3.0
35-2013.00,Active Listening,3.0
35-2013.00,Writing,2.88
35-2013.00,Speaking,3.0
35-2013.00,Mathematics,2.25
35-2013.00,Science,1.38
35-2013.00,Critical Thinking,3.25
35-2013.00,Active Learning,2.88
35-2013.00,Learning Strategies,2.75
35-2013.00,Monitoring,3.0
35-2014.00,Reading Comprehension,2.75
35-2014.00,Active Listening,2.88
35-2014.00,Writing,2.25
35-2014.00,Speaking,3.0
35-2014.00,Mathematics,2.25
35-2014.00,Science,1.38
35-2014.00,Critical Thinking,3.0
35-2014.00,Active Learning,2.75
35-2014.00,Learning Strategies,2.0
35-2014.00,Monitoring,3.0
35-2015.00,Reading Comprehension,3.12
35-2015.00,Active Listening,3.12
35-2015.00,Writing,2.25
35-2015.00,Speaking,3.0
35-2015.00,Mathematics,2.12
35-2015.00,Science,1.0
35-2015.00,Critical Thinking,2.88
35-2015.00,Active Learning,2.38
35-2015.00,Learning Strategies,2.0
35-2015.00,Monitoring,2.88
35-2021.00,Reading Comprehension,2.62
35-2021.00,Active Listening,3.0
35-2021.00,Writing,1.88
35-2021.00,Speaking,2.88
35-2021.00,Mathematics,2.0
35-2021.00,Science,1.0
35-2021.00,Critical Thinking,2.75
35-2021.00,Active Learning,2.0
35-2021.00,Learning Strategies,2.0
35-2021.00,Monitoring,2.5
35-3011.00,Reading Comprehension,3.0
35-3011.00,Active Listening,3.75
35-3011.00,Writing,2.75
35-3011.00,Speaking,3.12
35-3011.00,Mathematics,2.25
35-3011.00,Science,1.0
35-3011.00,Critical Thinking,3.12
35-3011.00,Active Learning,3.0
35-3011.00,Learning Strategies,2.88
35-3011.00,Monitoring,3.0
35-3023.00,Reading Comprehension,2.38
35-3023.00,Active Listening,3.0
35-3023.00,Writing,2.0
35-3023.00,Speaking,2.62
35-3023.00,Mathematics,2.0
35-3023.00,Science,1.0
35-3023.00,Critical Thinking,2.5
35-3023.00,Active Learning,1.88
35-3023.00,Learning Strategies,2.0
35-3023.00,Monitoring,2.88
35-3023.01,Reading Comprehension,2.88
35-3023.01,Active Listening,3.38
35-3023.01,Writing,2.5
35-3023.01,Speaking,3.25
35-3023.01,Mathematics,1.88
35-3023.01,Science,1.0
35-3023.01,Critical Thinking,2.62
35-3023.01,Active Learning,2.5
35-3023.01,Learning Strategies,2.0
35-3023.01,Monitoring,3.0
35-3031.00,Reading Comprehension,2.75
35-3031.00,Active Listening,3.5
35-3031.00,Writing,2.12
35-3031.00,Speaking,3.5
35-3031.00,Mathematics,2.12
35-3031.00,Science,1.0
35-3031.00,Critical Thinking,2.88
35-3031.00,Active Learning,2.5
35-3031.00,Learning Strategies,2.0
35-3031.00,Monitoring,3.0
35-3041.00,Reading Comprehension,2.88
35-3041.00,Active Listening,3.0
35-3041.00,Writing,2.0
35-3041.00,Speaking,3.0
35-3041.00,Mathematics,2.0
35-3041.00,Science,1.0
35-3041.00,Critical Thinking,2.88
35-3041.00,Active Learning,2.0
35-3041.00,Learning Strategies,2.0
35-3041.00,Monitoring,2.75
35-9011.00,Reading Comprehension,2.38
35-9011.00,Active Listening,3.0
35-9011.00,Writing,2.0
35-9011.00,Speaking,2.88
35-9011.00,Mathematics,1.88
35-9011.00,Science,1.0
35-9011.00,Critical Thinking,2.75
35-9011.00,Active Learning,2.12
35-9011.00,Learning Strategies,2.0
35-9011.00,Monitoring,2.88
35-9021.00,Reading Comprehension,2.0
35-9021.00,Active Listening,2.62
35-9021.00,Writing,1.75
35-9021.00,Speaking,2.5
35-9021.00,Mathematics,1.5
35-9021.00,Science,1.0
35-9021.00,Critical Thinking,2.5
35-9021.00,Active Learning,1.88
35-9021.00,Learning Strategies,2.0
35-9021.00,Monitoring,2.5
35-9031.00,Reading Comprehension,2.88
35-9031.00,Active Listening,3.5
35-9031.00,Writing,2.12
35-9031.00,Speaking,3.12
35-9031.00,Mathematics,1.88
35-9031.00,Science,1.0
35-9031.00,Critical Thinking,2.75
35-9031.00,Active Learning,2.62
35-9031.00,Learning Strategies,2.0
35-9031.00,Monitoring,2.88
37-1011.00,Reading Comprehension,3.0
37-1011.00,Active Listening,3.12
37-1011.00,Writing,2.88
37-1011.00,Speaking,3.25
37-1011.00,Mathematics,2.12
37-1011.00,Science,1.0
37-1011.00,Critical Thinking,3.12
37-1011.00,Active Learning,2.88
37-1011.00,Learning Strategies,3.12
37-1011.00,Monitoring,3.25
37-1012.00,Reading Comprehension,3.12
37-1012.00,Active Listening,3.88
37-1012.00,Writing,3.0
37-1012.00,Speaking,3.75
37-1012.00,Mathematics,2.88
37-1012.00,Science,1.62
37-1012.00,Critical Thinking,3.75
37-1012.00,Active Learning,3.12
37-1012.00,Learning Strategies,3.12
37-1012.00,Monitoring,4.0
37-2011.00,Reading Comprehension,2.5
37-2011.00,Active Listening,3.0
37-2011.00,Writing,2.38
37-2011.00,Speaking,3.0
37-2011.00,Mathematics,1.38
37-2011.00,Science,1.0
37-2011.00,Critical Thinking,2.75
37-2011.00,Active Learning,2.62
37-2011.00,Learning Strategies,2.12
37-2011.00,Monitoring,2.75
37-2012.00,Reading Comprehension,2.62
37-2012.00,Active Listening,2.75
37-2012.00,Writing,2.12
37-2012.00,Speaking,2.75
37-2012.00,Mathematics,1.88
37-2012.00,Science,1.0
37-2012.00,Critical Thinking,2.75
37-2012.00,Active Learning,2.12
37-2012.00,Learning Strategies,2.12
37-2012.00,Monitoring,2.75
37-2021.00,Reading Comprehension,3.0
37-2021.00,Active Listening,3.75
37-2021.00,Writing,3.62
37-2021.00,Speaking,3.62
37-2021.00,Mathematics,2.62
37-2021.00,Science,2.0
37-2021.00,Critical Thinking,3.75
37-2021.00,Active Learning,3.12
37-2021.00,Learning Strategies,2.75
37-2021.00,Monitoring,3.62
37-3011.00,Reading Comprehension,2.0
37-3011.00,Active Listening,2.38
37-3011.00,Writing,1.75
37-3011.00,Speaking,2.38
37-3011.00,Mathematics,1.5
37-3011.00,Science,1.25
37-3011.00,Critical Thinking,2.62
37-3011.00,Active Learning,1.88
37-3011.00,Learning Strategies,1.75
37-3011.00,Monitoring,2.38
37-3012.00,Reading Comprehension,2.88
37-3012.00,Active Listening,2.88
37-3012.00,Writing,2.5
37-3012.00,Speaking,2.75
37-3012.00,Mathematics,2.12
37-3012.00,Science,1.88
37-3012.00,Critical Thinking,2.88
37-3012.00,Active Learning,2.5
37-3012.00,Learning Strategies,2.0
37-3012.00,Monitoring,2.62
37-3013.00,Reading Comprehension,2.62
37-3013.00,Active Listening,2.88
37-3013.00,Writing,2.5
37-3013.00,Speaking,3.0
37-3013.00,Mathematics,1.88
37-3013.00,Science,1.75
37-3013.00,Critical Thinking,3.25
37-3013.00,Active Learning,2.62
37-3013.00,Learning Strategies,2.25
37-3013.00,Monitoring,3.12
39-1013.00,Reading Comprehension,3.62
39-1013.00,Active Listening,3.75
39-1013.00,Writing,3.38
39-1013.00,Speaking,3.75
39-1013.00,Mathematics,2.62
39-1013.00,Science,1.25
39-1013.00,Critical Thinking,3.62
39-1013.00,Active Learning,3.0
39-1013.00,Learning Strategies,2.75
39-1013.00,Monitoring,3.88
39-1014.00,Reading Comprehension,3.38
39-1014.00,Active Listening,3.38
39-1014.00,Writing,3.25
39-1014.00,Speaking,3.5
39-1014.00,Mathematics,2.5
39-1014.00,Science,1.12
39-1014.00,Critical Thinking,3.38
39-1014.00,Active Learning,3.0
39-1014.00,Learning Strategies,3.0
39-1014.00,Monitoring,3.38
39-1022.00,Reading Comprehension,3.62
39-1022.00,Active Listening,3.88
39-1022.00,Writing,3.25
39-1022.00,Speaking,3.75
39-1022.00,Mathematics,2.12
39-1022.00,Science,1.38
39-1022.00,Critical Thinking,3.88
39-1022.00,Active Learning,3.12
39-1022.00,Learning Strategies,3.12
39-1022.00,Monitoring,3.25
39-2011.00,Reading Comprehension,2.88
39-2011.00,Active Listening,3.12
39-2011.00,Writing,2.88
39-2011.00,Speaking,3.5
39-2011.00,Mathematics,1.88
39-2011.00,Science,1.75
39-2011.00,Critical Thinking,3.38
39-2011.00,Active Learning,3.25
39-2011.00,Learning Strategies,3.5
39-2011.00,Monitoring,3.12
39-2021.00,Reading Comprehension,3.0
39-2021.00,Active Listening,3.0
39-2021.00,Writing,2.75
39-2021.00,Speaking,2.88
39-2021.00,Mathematics,2.0
39-2021.00,Science,1.5
39-2021.00,Critical Thinking,2.75
39-2021.00,Active Learning,2.38
39-2021.00,Learning Strategies,2.0
39-2021.00,Monitoring,3.12
39-3011.00,Reading Comprehension,3.0
39-3011.00,Active Listening,3.38
39-3011.00,Writing,2.25
39-3011.00,Speaking,3.38
39-3011.00,Mathematics,2.75
39-3011.00,Science,1.0
39-3011.00,Critical Thinking,2.75
39-3011.00,Active Learning,2.25
39-3011.00,Learning Strategies,2.0
39-3011.00,Monitoring,3.0
39-3012.00,Reading Comprehension,2.75
39-3012.00,Active Listening,3.5
39-3012.00,Writing,2.88
39-3012.00,Speaking,3.12
39-3012.00,Mathematics,3.0
39-3012.00,Science,1.25
39-3012.00,Critical Thinking,2.88
39-3012.00,Active Learning,2.62
39-3012.00,Learning Strategies,2.25
39-3012.00,Monitoring,3.12
39-3021.00,Reading Comprehension,3.0
39-3021.00,Active Listening,3.0
39-3021.00,Writing,2.12
39-3021.00,Speaking,3.0
39-3021.00,Mathematics,1.5
39-3021.00,Science,1.0
39-3021.00,Critical Thinking,2.88
39-3021.00,Active Learning,2.12
39-3021.00,Learning Strategies,2.0
39-3021.00,Monitoring,2.88
39-3031.00,Reading Comprehension,2.75
39-3031.00,Active Listening,3.12
39-3031.00,Writing,2.0
39-3031.00,Speaking,3.12
39-3031.00,Mathematics,1.75
39-3031.00,Science,1.0
39-3031.00,Critical Thinking,2.75
39-3031.00,Active Learning,2.5
39-3031.00,Learning Strategies,1.88
39-3031.00,Monitoring,2.75
39-3091.00,Reading Comprehension,2.38
39-3091.00,Active Listening,3.0
39-3091.00,Writing,2.5
39-3091.00,Speaking,3.25
39-3091.00,Mathematics,2.0
39-3091.00,Science,1.0
39-3091.00,Critical Thinking,2.75
39-3091.00,Active Learning,2.38
39-3091.00,Learning Strategies,2.12
39-3091.00,Monitoring,2.88
39-3092.00,Reading Comprehension,2.88
39-3092.00,Active Listening,3.12
39-3092.00,Writing,2.5
39-3092.00,Speaking,3.12
39-3092.00,Mathematics,1.5
39-3092.00,Science,1.0
39-3092.00,Critical Thinking,2.88
39-3092.00,Active Learning,2.5
39-3092.00,Learning Strategies,1.88
39-3092.00,Monitoring,3.12
39-3093.00,Reading Comprehension,2.75
39-3093.00,Active Listening,3.38
39-3093.00,Writing,2.38
39-3093.00,Speaking,3.38
39-3093.00,Mathematics,1.62
39-3093.00,Science,1.0
39-3093.00,Critical Thinking,2.38
39-3093.00,Active Learning,1.88
39-3093.00,Learning Strategies,1.5
39-3093.00,Monitoring,2.5
39-4011.00,Reading Comprehension,3.0
39-4011.00,Active Listening,3.75
39-4011.00,Writing,3.12
39-4011.00,Speaking,3.88
39-4011.00,Mathematics,2.0
39-4011.00,Science,2.62
39-4011.00,Critical Thinking,3.12
39-4011.00,Active Learning,3.0
39-4011.00,Learning Strategies,2.12
39-4011.00,Monitoring,3.0
39-4021.00,Reading Comprehension,2.75
39-4021.00,Active Listening,3.12
39-4021.00,Writing,2.25
39-4021.00,Speaking,3.0
39-4021.00,Mathematics,1.75
39-4021.00,Science,1.25
39-4021.00,Critical Thinking,2.62
39-4021.00,Active Learning,2.0
39-4021.00,Learning Strategies,2.0
39-4021.00,Monitoring,3.0
39-4031.00,Reading Comprehension,3.25
39-4031.00,Active Listening,4.12
39-4031.00,Writing,3.25
39-4031.00,Speaking,3.75
39-4031.00,Mathematics,2.75
39-4031.00,Science,1.75
39-4031.00,Critical Thinking,3.12
39-4031.00,Active Learning,3.0
39-4031.00,Learning Strategies,2.75
39-4031.00,Monitoring,3.0
39-5011.00,Reading Comprehension,2.75
39-5011.00,Active Listening,3.25
39-5011.00,Writing,2.25
39-5011.00,Speaking,3.12
39-5011.00,Mathematics,1.88
39-5011.00,Science,1.12
39-5011.00,Critical Thinking,2.62
39-5011.00,Active Learning,2.62
39-5011.00,Learning Strategies,2.25
39-5011.00,Monitoring,2.75
39-5012.00,Reading Comprehension,3.0
39-5012.00,Active Listening,3.88
39-5012.00,Writing,2.88
39-5012.00,Speaking,3.75
39-5012.00,Mathematics,2.38
39-5012.00,Science,1.62
39-5012.00,Critical Thinking,3.38
39-5012.00,Active Learning,3.25
39-5012.00,Learning Strategies,2.88
39-5012.00,Monitoring,3.0
39-5091.00,Reading Comprehension,3.62
39-5091.00,Active Listening,3.5
39-5091.00,Writing,2.88
39-5091.00,Speaking,3.75
39-5091.00,Mathematics,2.12
39-5091.00,Science,1.5
39-5091.00,Critical Thinking,3.25
39-5091.00,Active Learning,3.12
39-5091.00,Learning Strategies,2.75
39-5091.00,Monitoring,3.12
39-5092.00,Reading Comprehension,2.75
39-5092.00,Active Listening,3.0
39-5092.00,Writing,2.12
39-5092.00,Speaking,3.0
39-5092.00,Mathematics,1.88
39-5092.00,Science,1.0
39-5092.00,Critical Thinking,2.5
39-5092.00,Active Learning,2.75
39-5092.00,Learning Strategies,2.12
39-5092.00,Monitoring,2.62
39-5093.00,Reading Comprehension,2.5
39-5093.00,Active Listening,3.12
39-5093.00,Writing,2.38
39-5093.00,Speaking,3.25
39-5093.00,Mathematics,1.62
39-5093.00,Science,1.0
39-5093.00,Critical Thinking,2.5
39-5093.00,Active Learning,2.25
39-5093.00,Learning Strategies,2.0
39-5093.00,Monitoring,2.75
39-5094.00,Reading Comprehension,3.12
39-5094.00,Active Listening,3.5
39-5094.00,Writing,2.88
39-5094.00,Speaking,3.75
39-5094.00,Mathematics,2.0
39-5094.00,Science,1.38
39-5094.00,Critical Thinking,3.12
39-5094.00,Active Learning,3.0
39-5094.00,Learning Strategies,2.75
39-5094.00,Monitoring,3.25
39-6011.00,Reading Comprehension,2.88
39-6011.00,Active Listening,3.62
39-6011.00,Writing,2.75
39-6011.00,Speaking,3.62
39-6011.00,Mathematics,2.0
39-6011.00,Science,1.0
39-6011.00,Critical Thinking,3.0
39-6011.00,Active Learning,2.25
39-6011.00,Learning Strategies,2.25
39-6011.00,Monitoring,2.88
39-6012.00,Reading Comprehension,3.0
39-6012.00,Active Listening,4.0
39-6012.00,Writing,2.75
39-6012.00,Speaking,4.0
39-6012.00,Mathematics,2.0
39-6012.00,Science,1.0
39-6012.00,Critical Thinking,3.0
39-6012.00,Active Learning,2.88
39-6012.00,Learning Strategies,2.0
39-6012.00,Monitoring,3.0
39-7011.00,Reading Comprehension,3.0
39-7011.00,Active Listening,3.25
39-7011.00,Writing,2.25
39-7011.00,Speaking,3.88
39-7011.00,Mathematics,2.0
39-7011.00,Science,1.0
39-7011.00,Critical Thinking,2.88
39-7011.00,Active Learning,2.25
39-7011.00,Learning Strategies,2.25
39-7011.00,Monitoring,3.0
39-7012.00,Reading Comprehension,3.25
39-7012.00,Active Listening,3.88
39-7012.00,Writing,3.12
39-7012.00,Speaking,4.0
39-7012.00,Mathematics,2.5
39-7012.00,Science,1.0
39-7012.00,Critical Thinking,3.12
39-7012.00,Active Learning,3.12
39-7012.00,Learning Strategies,2.75
39-7012.00,Monitoring,3.0
39-9011.00,Reading Comprehension,3.0
39-9011.00,Active Listening,3.12
39-9011.00,Writing,3.0
39-9011.00,Speaking,3.12
39-9011.00,Mathematics,2.12
39-9011.00,Science,1.12
39-9011.00,Critical Thinking,3.12
39-9011.00,Active Learning,3.0
39-9011.00,Learning Strategies,3.0
39-9011.00,Monitoring,3.5
39-9011.01,Reading Comprehension,3.0
39-9011.01,Active Listening,3.88
39-9011.01,Writing,3.0
39-9011.01,Speaking,3.75
39-9011.01,Mathematics,1.62
39-9011.01,Science,1.62
39-9011.01,Critical Thinking,3.62
39-9011.01,Active Learning,3.0
39-9011.01,Learning Strategies,3.25
39-9011.01,Monitoring,3.88
39-9031.00,Reading Comprehension,3.0
39-9031.00,Active Listening,3.25
39-9031.00,Writing,2.62
39-9031.00,Speaking,3.62
39-9031.00,Mathematics,1.75
39-9031.00,Science,1.75
39-9031.00,Critical Thinking,3.0
39-9031.00,Active Learning,3.0
39-9031.00,Learning Strategies,3.12
39-9031.00,Monitoring,3.0
39-9032.00,Reading Comprehension,3.12
39-9032.00,Active Listening,4.0
39-9032.00,Writing,3.12
39-9032.00,Speaking,4.0
39-9032.00,Mathematics,2.12
39-9032.00,Science,1.62
39-9032.00,Critical Thinking,3.25
39-9032.00,Active Learning,3.12
39-9032.00,Learning Strategies,3.12
39-9032.00,Monitoring,3.75
39-9041.00,Reading Comprehension,3.12
39-9041.00,Active Listening,3.88
39-9041.00,Writing,3.0
39-9041.00,Speaking,3.75
39-9041.00,Mathematics,2.0
39-9041.00,Science,1.38
39-9041.00,Critical Thinking,3.62
39-9041.00,Active Learning,3.0
39-9041.00,Learning Strategies,2.75
39-9041.00,Monitoring,3.75
41-1011.00,Reading Comprehension,3.0
41-1011.00,Active Listening,3.88
41-1011.00,Writing,3.0
41-1011.00,Speaking,3.75
41-1011.00,Mathematics,2.75
41-1011.00,Science,1.0
41-1011.00,Critical Thinking,3.5
41-1011.00,Active Learning,3.0
41-1011.00,Learning Strategies,3.0
41-1011.00,Monitoring,3.5
41-1012.00,Reading Comprehension,3.62
41-1012.00,Active Listening,4.0
41-1012.00,Writing,3.62
41-1012.00,Speaking,4.0
41-1012.00,Mathematics,3.0
41-1012.00,Science,1.0
41-1012.00,Critical Thinking,3.62
41-1012.00,Active Learning,3.5
41-1012.00,Learning Strategies,3.25
41-1012.00,Monitoring,4.0
41-2011.00,Reading Comprehension,2.75
41-2011.00,Active Listening,3.0
41-2011.00,Writing,2.12
41-2011.00,Speaking,3.0
41-2011.00,Mathematics,2.62
41-2011.00,Science,1.25
41-2011.00,Critical Thinking,2.75
41-2011.00,Active Learning,2.0
41-2011.00,Learning Strategies,2.0
41-2011.00,Monitoring,2.62
41-2012.00,Reading Comprehension,3.12
41-2012.00,Active Listening,3.0
41-2012.00,Writing,2.75
41-2012.00,Speaking,3.0
41-2012.00,Mathematics,2.88
41-2012.00,Science,1.0
41-2012.00,Critical Thinking,2.88
41-2012.00,Active Learning,2.0
41-2012.00,Learning Strategies,2.0
41-2012.00,Monitoring,2.88
41-2021.00,Reading Comprehension,3.25
41-2021.00,Active Listening,3.75
41-2021.00,Writing,3.0
41-2021.00,Speaking,3.38
41-2021.00,Mathematics,2.25
41-2021.00,Science,1.0
41-2021.00,Critical Thinking,3.12
41-2021.00,Active Learning,2.75
41-2021.00,Learning Strategies,2.12
41-2021.00,Monitoring,3.0
41-2022.00,Reading Comprehension,3.62
41-2022.00,Active Listening,4.0
41-2022.00,Writing,3.0
41-2022.00,Speaking,4.0
41-2022.00,Mathematics,2.75
41-2022.00,Science,1.0
41-2022.00,Critical Thinking,3.25
41-2022.00,Active Learning,2.88
41-2022.00,Learning Strategies,2.38
41-2022.00,Monitoring,3.12
41-2031.00,Reading Comprehension,3.0
41-2031.00,Active Listening,3.75
41-2031.00,Writing,3.0
41-2031.00,Speaking,3.75
41-2031.00,Mathematics,2.62
41-2031.00,Science,1.0
41-2031.00,Critical Thinking,3.12
41-2031.00,Active Learning,3.0
41-2031.00,Learning Strategies,2.62
41-2031.00,Monitoring,3.0
41-3011.00,Reading Comprehension,3.62
41-3011.00,Active Listening,4.0
41-3011.00,Writing,3.25
41-3011.00,Speaking,4.12
41-3011.00,Mathematics,2.88
41-3011.00,Science,1.0
41-3011.00,Critical Thinking,3.25
41-3011.00,Active Learning,3.0
41-3011.00,Learning Strategies,2.75
41-3011.00,Monitoring,3.12
41-3021.00,Reading Comprehension,4.0
41-3021.00,Active Listening,3.88
41-3021.00,Writing,3.62
41-3021.00,Speaking,3.88
41-3021.00,Mathematics,3.0
41-3021.00,Science,1.12
41-3021.00,Critical Thinking,3.75
41-3021.00,Active Learning,3.0
41-3021.00,Learning Strategies,2.75
41-3021.00,Monitoring,2.88
41-3031.00,Reading Comprehension,3.5
41-3031.00,Active Listening,3.75
41-3031.00,Writing,3.38
41-3031.00,Speaking,3.5
41-3031.00,Mathematics,3.12
41-3031.00,Science,1.25
41-3031.00,Critical Thinking,3.75
41-3031.00,Active Learning,3.5
41-3031.00,Learning Strategies,2.62
41-3031.00,Monitoring,3.62
41-3041.00,Reading Comprehension,4.0
41-3041.00,Active Listening,4.12
41-3041.00,Writing,3.12
41-3041.00,Speaking,4.0
41-3041.00,Mathematics,2.88
41-3041.00,Science,1.25
41-3041.00,Critical Thinking,3.12
41-3041.00,Active Learning,3.12
41-3041.00,Learning Strategies,2.5
41-3041.00,Monitoring,3.0
41-3091.00,Reading Comprehension,3.62
41-3091.00,Active Listening,3.88
41-3091.00,Writing,3.38
41-3091.00,Speaking,3.88
41-3091.00,Mathematics,2.62
41-3091.00,Science,1.0
41-3091.00,Critical Thinking,3.38
41-3091.00,Active Learning,3.38
41-3091.00,Learning Strategies,2.38
41-3091.00,Monitoring,3.12
41-4011.00,Reading Comprehension,3.75
41-4011.00,Active Listening,4.12
41-4011.00,Writing,3.38
41-4011.00,Speaking,4.25
41-4011.00,Mathematics,2.88
41-4011.00,Science,1.5
41-4011.00,Critical Thinking,3.38
41-4011.00,Active Learning,3.5
41-4011.00,Learning Strategies,2.75
41-4011.00,Monitoring,3.12
41-4011.07,Reading Comprehension,3.62
41-4011.07,Active Listening,3.5
41-4011.07,Writing,3.12
41-4011.07,Speaking,4.0
41-4011.07,Mathematics,2.75
41-4011.07,Science,1.38
41-4011.07,Critical Thinking,3.5
41-4011.07,Active Learning,3.12
41-4011.07,Learning Strategies,2.75
41-4011.07,Monitoring,3.0
41-4012.00,Reading Comprehension,3.38
41-4012.00,Active Listening,4.0
41-4012.00,Writing,3.25
41-4012.00,Speaking,4.0
41-4012.00,Mathematics,2.25
41-4012.00,Science,1.0
41-4012.00,Critical Thinking,3.5
41-4012.00,Active Learning,3.12
41-4012.00,Learning Strategies,2.25
41-4012.00,Monitoring,3.12
41-9011.00,Reading Comprehension,3.25
41-9011.00,Active Listening,3.88
41-9011.00,Writing,3.0
41-9011.00,Speaking,3.88
41-9011.00,Mathematics,2.12
41-9011.00,Science,1.0
41-9011.00,Critical Thinking,3.0
41-9011.00,Active Learning,2.88
41-9011.00,Learning Strategies,2.75
41-9011.00,Monitoring,3.0
41-9012.00,Reading Comprehension,2.5
41-9012.00,Active Listening,2.75
41-9012.00,Writing,2.0
41-9012.00,Speaking,2.75
41-9012.00,Mathematics,1.25
41-9012.00,Science,1.0
41-9012.00,Critical Thinking,2.62
41-9012.00,Active Learning,1.88
41-9012.00,Learning Strategies,1.12
41-9012.00,Monitoring,1.88
41-9021.00,Reading Comprehension,4.0
41-9021.00,Active Listening,4.0
41-9021.00,Writing,3.38
41-9021.00,Speaking,4.0
41-9021.00,Mathematics,3.0
41-9021.00,Science,1.0
41-9021.00,Critical Thinking,3.88
41-9021.00,Active Learning,4.0
41-9021.00,Learning Strategies,2.12
41-9021.00,Monitoring,3.0
41-9022.00,Reading Comprehension,3.38
41-9022.00,Active Listening,4.0
41-9022.00,Writing,3.25
41-9022.00,Speaking,4.0
41-9022.00,Mathematics,3.0
41-9022.00,Science,1.0
41-9022.00,Critical Thinking,3.62
41-9022.00,Active Learning,3.25
41-9022.00,Learning Strategies,2.5
41-9022.00,Monitoring,3.0
41-9031.00,Reading Comprehension,4.0
41-9031.00,Active Listening,4.0
41-9031.00,Writing,3.75
41-9031.00,Speaking,4.12
41-9031.00,Mathematics,3.0
41-9031.00,Science,2.12
41-9031.00,Critical Thinking,4.0
41-9031.00,Active Learning,3.75
41-9031.00,Learning Strategies,3.0
41-9031.00,Monitoring,2.88
41-9041.00,Reading Comprehension,3.25
41-9041.00,Active Listening,4.0
41-9041.00,Writing,2.5
41-9041.00,Speaking,4.12
41-9041.00,Mathematics,1.38
41-9041.00,Science,1.0
41-9041.00,Critical Thinking,3.0
41-9041.00,Active Learning,2.0
41-9041.00,Learning Strategies,1.5
41-9041.00,Monitoring,2.25
41-9091.00,Reading Comprehension,3.0
41-9091.00,Active Listening,3.38
41-9091.00,Writing,2.88
41-9091.00,Speaking,4.0
41-9091.00,Mathematics,1.88
41-9091.00,Science,1.0
41-9091.00,Critical Thinking,2.88
41-9091.00,Active Learning,2.62
41-9091.00,Learning Strategies,2.25
41-9091.00,Monitoring,2.75
43-1011.00,Reading Comprehension,4.0
43-1011.00,Active Listening,4.0
43-1011.00,Writing,3.75
43-1011.00,Speaking,4.0
43-1011.00,Mathematics,2.75
43-1011.00,Science,1.0
43-1011.00,Critical Thinking,3.88
43-1011.00,Active Learning,3.75
43-1011.00,Learning Strategies,3.62
43-1011.00,Monitoring,4.0
43-2011.00,Reading Comprehension,3.0
43-2011.00,Active Listening,4.0
43-2011.00,Writing,2.75
43-2011.00,Speaking,3.88
43-2011.00,Mathematics,1.88
43-2011.00,Science,1.0
43-2011.00,Critical Thinking,2.75
43-2011.00,Active Learning,2.5
43-2011.00,Learning Strategies,2.0
43-2011.00,Monitoring,2.88
43-2021.00,Reading Comprehension,3.0
43-2021.00,Active Listening,4.0
43-2021.00,Writing,2.25
43-2021.00,Speaking,4.0
43-2021.00,Mathematics,1.88
43-2021.00,Science,1.0
43-2021.00,Critical Thinking,3.0
43-2021.00,Active Learning,2.25
43-2021.00,Learning Strategies,2.0
43-2021.00,Monitoring,2.75
43-3011.00,Reading Comprehension,3.12
43-3011.00,Active Listening,3.88
43-3011.00,Writing,3.25
43-3011.00,Speaking,3.88
43-3011.00,Mathematics,2.62
43-3011.00,Science,1.0
43-3011.00,Critical Thinking,3.12
43-3011.00,Active Learning,2.88
43-3011.00,Learning Strategies,2.12
43-3011.00,Monitoring,3.0
43-3021.00,Reading Comprehension,3.75
43-3021.00,Active Listening,3.0
43-3021.00,Writing,3.0
43-3021.00,Speaking,3.12
43-3021.00,Mathematics,3.0
43-3021.00,Science,1.0
43-3021.00,Critical Thinking,3.0
43-3021.00,Active Learning,2.62
43-3021.00,Learning Strategies,2.12
43-3021.00,Monitoring,3.0
43-3031.00,Reading Comprehension,3.25
43-3031.00,Active Listening,3.25
43-3031.00,Writing,3.12
43-3031.00,Speaking,3.12
43-3031.00,Mathematics,3.38
43-3031.00,Science,1.12
43-3031.00,Critical Thinking,3.25
43-3031.00,Active Learning,2.75
43-3031.00,Learning Strategies,2.0
43-3031.00,Monitoring,3.0
43-3041.00,Reading Comprehension,3.0
43-3041.00,Active Listening,3.25
43-3041.00,Writing,3.0
43-3041.00,Speaking,3.5
43-3041.00,Mathematics,3.25
43-3041.00,Science,1.0
43-3041.00,Critical Thinking,3.0
43-3041.00,Active Learning,2.38
43-3041.00,Learning Strategies,2.38
43-3041.00,Monitoring,3.0
43-3051.00,Reading Comprehension,3.88
43-3051.00,Active Listening,3.75
43-3051.00,Writing,3.12
43-3051.00,Speaking,3.12
43-3051.00,Mathematics,3.25
43-3051.00,Science,1.0
43-3051.00,Critical Thinking,3.12
43-3051.00,Active Learning,2.75
43-3051.00,Learning Strategies,2.25
43-3051.00,Monitoring,3.0
43-3061.00,Reading Comprehension,4.0
43-3061.00,Active Listening,3.88
43-3061.00,Writing,3.62
43-3061.00,Speaking,4.0
43-3061.00,Mathematics,3.0
43-3061.00,Science,1.0
43-3061.00,Critical Thinking,3.75
43-3061.00,Active Learning,3.25
43-3061.00,Learning Strategies,2.38
43-3061.00,Monitoring,3.62
43-3071.00,Reading Comprehension,3.12
43-3071.00,Active Listening,3.5
43-3071.00,Writing,3.0
43-3071.00,Speaking,3.25
43-3071.00,Mathematics,3.0
43-3071.00,Science,1.0
43-3071.00,Critical Thinking,3.12
43-3071.00,Active Learning,2.88
43-3071.00,Learning Strategies,2.25
43-3071.00,Monitoring,3.12
43-4011.00,Reading Comprehension,3.75
43-4011.00,Active Listening,3.88
43-4011.00,Writing,3.12
43-4011.00,Speaking,3.88
43-4011.00,Mathematics,3.0
43-4011.00,Science,1.0
43-4011.00,Critical Thinking,3.38
43-4011.00,Active Learning,3.0
43-4011.00,Learning Strategies,2.62
43-4011.00,Monitoring,3.12
43-4021.00,Reading Comprehension,3.75
43-4021.00,Active Listening,3.75
43-4021.00,Writing,4.0
43-4021.00,Speaking,3.5
43-4021.00,Mathematics,2.75
43-4021.00,Science,1.25
43-4021.00,Critical Thinking,3.38
43-4021.00,Active Learning,2.75
43-4021.00,Learning Strategies,2.62
43-4021.00,Monitoring,2.88
43-4031.00,Reading Comprehension,3.25
43-4031.00,Active Listening,3.88
43-4031.00,Writing,3.12
43-4031.00,Speaking,3.75
43-4031.00,Mathematics,2.12
43-4031.00,Science,1.0
43-4031.00,Critical Thinking,3.12
43-4031.00,Active Learning,2.75
43-4031.00,Learning Strategies,2.38
43-4031.00,Monitoring,3.0
43-4041.00,Reading Comprehension,3.62
43-4041.00,Active Listening,3.62
43-4041.00,Writing,3.12
43-4041.00,Speaking,3.62
43-4041.00,Mathematics,2.5
43-4041.00,Science,1.12
43-4041.00,Critical Thinking,3.25
43-4041.00,Active Learning,2.62
43-4041.00,Learning Strategies,2.5
43-4041.00,Monitoring,3.0
43-4051.00,Reading Comprehension,3.38
43-4051.00,Active Listening,4.0
43-4051.00,Writing,3.0
43-4051.00,Speaking,3.88
43-4051.00,Mathematics,2.25
43-4051.00,Science,1.0
43-4051.00,Critical Thinking,3.25
43-4051.00,Active Learning,2.88
43-4051.00,Learning Strategies,2.62
43-4051.00,Monitoring,3.0
43-4061.00,Reading Comprehension,3.88
43-4061.00,Active Listening,4.0
43-4061.00,Writing,3.75
43-4061.00,Speaking,4.25
43-4061.00,Mathematics,2.25
43-4061.00,Science,1.25
43-4061.00,Critical Thinking,3.5
43-4061.00,Active Learning,3.12
43-4061.00,Learning Strategies,2.5
43-4061.00,Monitoring,3.12
43-4071.00,Reading Comprehension,3.88
43-4071.00,Active Listening,3.38
43-4071.00,Writing,3.12
43-4071.00,Speaking,3.25
43-4071.00,Mathematics,2.12
43-4071.00,Science,1.0
43-4071.00,Critical Thinking,3.0
43-4071.00,Active Learning,2.88
43-4071.00,Learning Strategies,2.25
43-4071.00,Monitoring,3.12
43-4081.00,Reading Comprehension,3.0
43-4081.00,Active Listening,3.38
43-4081.00,Writing,2.88
43-4081.00,Speaking,3.75
43-4081.00,Mathematics,2.62
43-4081.00,Science,1.0
43-4081.00,Critical Thinking,2.88
43-4081.00,Active Learning,2.75
43-4081.00,Learning Strategies,2.62
43-4081.00,Monitoring,3.0
43-4111.00,Reading Comprehension,3.5
43-4111.00,Active Listening,4.0
43-4111.00,Writing,3.25
43-4111.00,Speaking,3.88
43-4111.00,Mathematics,2.25
43-4111.00,Science,1.0
43-4111.00,Critical Thinking,3.25
43-4111.00,Active Learning,2.88
43-4111.00,Learning Strategies,2.88
43-4111.00,Monitoring,3.0
43-4121.00,Reading Comprehension,3.25
43-4121.00,Active Listening,3.25
43-4121.00,Writing,3.0
43-4121.00,Speaking,3.0
43-4121.00,Mathematics,2.12
43-4121.00,Science,1.0
43-4121.00,Critical Thinking,3.0
43-4121.00,Active Learning,2.25
43-4121.00,Learning Strategies,2.5
43-4121.00,Monitoring,2.88
43-4131.00,Reading Comprehension,3.88
43-4131.00,Active Listening,4.12
43-4131.00,Writing,3.62
43-4131.00,Speaking,4.0
43-4131.00,Mathematics,3.12
43-4131.00,Science,1.12
43-4131.00,Critical Thinking,3.75
43-4131.00,Active Learning,3.38
43-4131.00,Learning Strategies,2.62
43-4131.00,Monitoring,3.0
43-4141.00,Reading Comprehension,3.5
43-4141.00,Active Listening,4.0
43-4141.00,Writing,3.0
43-4141.00,Speaking,4.0
43-4141.00,Mathematics,2.88
43-4141.00,Science,1.0
43-4141.00,Critical Thinking,3.12
43-4141.00,Active Learning,2.75
43-4141.00,Learning Strategies,2.5
43-4141.00,Monitoring,3.12
43-4151.00,Reading Comprehension,3.5
43-4151.00,Active Listening,4.0
43-4151.00,Writing,3.12
43-4151.00,Speaking,3.88
43-4151.00,Mathematics,3.0
43-4151.00,Science,1.0
43-4151.00,Critical Thinking,3.12
43-4151.00,Active Learning,3.0
43-4151.00,Learning Strategies,2.38
43-4151.00,Monitoring,3.12
43-4161.00,Reading Comprehension,4.0
43-4161.00,Active Listening,4.0
43-4161.00,Writing,3.5
43-4161.00,Speaking,3.75
43-4161.00,Mathematics,2.0
43-4161.00,Science,1.12
43-4161.00,Critical Thinking,3.38
43-4161.00,Active Learning,3.0
43-4161.00,Learning Strategies,2.5
43-4161.00,Monitoring,3.38
43-4171.00,Reading Comprehension,3.12
43-4171.00,Active Listening,3.75
43-4171.00,Writing,3.0
43-4171.00,Speaking,3.88
43-4171.00,Mathematics,2.0
43-4171.00,Science,1.0
43-4171.00,Critical Thinking,3.12
43-4171.00,Active Learning,2.75
43-4171.00,Learning Strategies,2.12
43-4171.00,Monitoring,2.88
43-4181.00,Reading Comprehension,3.5
43-4181.00,Active Listening,4.0
43-4181.00,Writing,3.12
43-4181.00,Speaking,4.0
43-4181.00,Mathematics,2.62
43-4181.00,Science,1.0
43-4181.00,Critical Thinking,3.38
43-4181.00,Active Learning,3.0
43-4181.00,Learning Strategies,2.62
43-4181.00,Monitoring,3.0
43-5011.00,Reading Comprehension,3.25
43-5011.00,Active Listening,3.5
43-5011.00,Writing,3.0
43-5011.00,Speaking,3.62
43-5011.00,Mathematics,2.25
43-5011.00,Science,1.0
43-5011.00,Critical Thinking,3.25
43-5011.00,Active Learning,2.75
43-5011.00,Learning Strategies,2.0
43-5011.00,Monitoring,3.0
43-5011.01,Reading Comprehension,3.75
43-5011.01,Active Listening,3.38
43-5011.01,Writing,3.25
43-5011.01,Speaking,3.25
43-5011.01,Mathematics,3.0
43-5011.01,Science,1.0
43-5011.01,Critical Thinking,3.38
43-5011.01,Active Learning,3.12
43-5011.01,Learning Strategies,2.75
43-5011.01,Monitoring,3.5
43-5021.00,Reading Comprehension,3.0
43-5021.00,Active Listening,3.25
43-5021.00,Writing,3.0
43-5021.00,Speaking,3.25
43-5021.00,Mathematics,2.5
43-5021.00,Science,1.12
43-5021.00,Critical Thinking,3.0
43-5021.00,Active Learning,2.62
43-5021.00,Learning Strategies,2.12
43-5021.00,Monitoring,2.75
43-5031.00,Reading Comprehension,3.62
43-5031.00,Active Listening,4.38
43-5031.00,Writing,3.0
43-5031.00,Speaking,4.12
43-5031.00,Mathematics,2.0
43-5031.00,Science,1.38
43-5031.00,Critical Thinking,3.75
43-5031.00,Active Learning,3.12
43-5031.00,Learning Strategies,2.75
43-5031.00,Monitoring,3.12
43-5032.00,Reading Comprehension,3.75
43-5032.00,Active Listening,4.0
43-5032.00,Writing,3.12
43-5032.00,Speaking,4.0
43-5032.00,Mathematics,2.12
43-5032.00,Science,1.12
43-5032.00,Critical Thinking,3.12
43-5032.00,Active Learning,3.0
43-5032.00,Learning Strategies,2.75
43-5032.00,Monitoring,3.88
43-5041.00,Reading Comprehension,2.88
43-5041.00,Active Listening,2.88
43-5041.00,Writing,2.38
43-5041.00,Speaking,3.0
43-5041.00,Mathematics,2.0
43-5041.00,Science,1.12
43-5041.00,Critical Thinking,3.0
43-5041.00,Active Learning,2.5
43-5041.00,Learning Strategies,2.0
43-5041.00,Monitoring,2.62
43-5051.00,Reading Comprehension,3.12
43-5051.00,Active Listening,3.38
43-5051.00,Writing,2.88
43-5051.00,Speaking,3.25
43-5051.00,Mathematics,2.75
43-5051.00,Science,1.0
43-5051.00,Critical Thinking,3.0
43-5051.00,Active Learning,2.62
43-5051.00,Learning Strategies,2.12
43-5051.00,Monitoring,3.0
43-5052.00,Reading Comprehension,2.62
43-5052.00,Active Listening,3.0
43-5052.00,Writing,2.12
43-5052.00,Speaking,3.0
43-5052.00,Mathematics,1.62
43-5052.00,Science,1.0
43-5052.00,Critical Thinking,3.0
43-5052.00,Active Learning,2.0
43-5052.00,Learning Strategies,1.75
43-5052.00,Monitoring,2.62
43-5053.00,Reading Comprehension,3.0
43-5053.00,Active Listening,2.88
43-5053.00,Writing,2.25
43-5053.00,Speaking,3.0
43-5053.00,Mathematics,2.0
43-5053.00,Science,1.0
43-5053.00,Critical Thinking,3.0
43-5053.00,Active Learning,2.12
43-5053.00,Learning Strategies,2.12
43-5053.00,Monitoring,3.12
43-5061.00,Reading Comprehension,3.62
43-5061.00,Active Listening,3.5
43-5061.00,Writing,3.12
43-5061.00,Speaking,3.62
43-5061.00,Mathematics,2.62
43-5061.00,Science,1.12
43-5061.00,Critical Thinking,3.38
43-5061.00,Active Learning,2.75
43-5061.00,Learning Strategies,2.38
43-5061.00,Monitoring,3.12
43-5071.00,Reading Comprehension,3.12
43-5071.00,Active Listening,3.12
43-5071.00,Writing,2.62
43-5071.00,Speaking,3.25
43-5071.00,Mathematics,2.25
43-5071.00,Science,1.0
43-5071.00,Critical Thinking,3.0
43-5071.00,Active Learning,2.38
43-5071.00,Learning Strategies,2.12
43-5071.00,Monitoring,3.0
43-5111.00,Reading Comprehension,3.25
43-5111.00,Active Listening,3.0
43-5111.00,Writing,2.88
43-5111.00,Speaking,3.12
43-5111.00,Mathematics,2.88
43-5111.00,Science,1.5
43-5111.00,Critical Thinking,3.38
43-5111.00,Active Learning,2.75
43-5111.00,Learning Strategies,2.75
43-5111.00,Monitoring,3.12
43-6011.00,Reading Comprehension,4.0
43-6011.00,Active Listening,4.0
43-6011.00,Writing,3.75
43-6011.00,Speaking,3.88
43-6011.00,Mathematics,2.75
43-6011.00,Science,1.38
43-6011.00,Critical Thinking,3.25
43-6011.00,Active Learning,3.12
43-6011.00,Learning Strategies,2.88
43-6011.00,Monitoring,3.12
43-6012.00,Reading Comprehension,4.0
43-6012.00,Active Listening,4.0
43-6012.00,Writing,3.88
43-6012.00,Speaking,3.75
43-6012.00,Mathematics,2.12
43-6012.00,Science,1.0
43-6012.00,Critical Thinking,3.0
43-6012.00,Active Learning,2.75
43-6012.00,Learning Strategies,2.25
43-6012.00,Monitoring,3.0
43-6013.00,Reading Comprehension,3.5
43-6013.00,Active Listening,3.88
43-6013.00,Writing,3.12
43-6013.00,Speaking,4.0
43-6013.00,Mathematics,2.12
43-6013.00,Science,1.12
43-6013.00,Critical Thinking,3.12
43-6013.00,Active Learning,2.25
43-6013.00,Learning Strategies,2.12
43-6013.00,Monitoring,3.0
43-6014.00,Reading Comprehension,3.88
43-6014.00,Active Listening,4.0
43-6014.00,Writing,3.75
43-6014.00,Speaking,4.0
43-6014.00,Mathematics,2.0
43-6014.00,Science,1.0
43-6014.00,Critical Thinking,3.0
43-6014.00,Active Learning,2.88
43-6014.00,Learning Strategies,2.12
43-6014.00,Monitoring,3.12
43-9021.00,Reading Comprehension,3.62
43-9021.00,Active Listening,3.38
43-9021.00,Writing,3.0
43-9021.00,Speaking,2.88
43-9021.00,Mathematics,2.0
43-9021.00,Science,1.0
43-9021.00,Critical Thinking,2.88
43-9021.00,Active Learning,2.75
43-9021.00,Learning Strategies,2.12
43-9021.00,Monitoring,3.25
43-9022.00,Reading Comprehension,3.75
43-9022.00,Active Listening,3.38
43-9022.00,Writing,3.25
43-9022.00,Speaking,3.0
43-9022.00,Mathematics,2.12
43-9022.00,Science,1.0
43-9022.00,Critical Thinking,2.88
43-9022.00,Active Learning,2.12
43-9022.00,Learning Strategies,1.88
43-9022.00,Monitoring,3.0
43-9031.00,Reading Comprehension,3.75
43-9031.00,Active Listening,3.5
43-9031.00,Writing,3.12
43-9031.00,Speaking,3.5
43-9031.00,Mathematics,2.0
43-9031.00,Science,1.0
43-9031.00,Critical Thinking,3.75
43-9031.00,Active Learning,3.0
43-9031.00,Learning Strategies,2.88
43-9031.00,Monitoring,3.0
43-9041.00,Reading Comprehension,3.5
43-9041.00,Active Listening,3.25
43-9041.00,Writing,3.12
43-9041.00,Speaking,3.38
43-9041.00,Mathematics,2.38
43-9041.00,Science,1.12
43-9041.00,Critical Thinking,3.25
43-9041.00,Active Learning,2.62
43-9041.00,Learning Strategies,2.62
43-9041.00,Monitoring,3.0
43-9051.00,Reading Comprehension,3.0
43-9051.00,Active Listening,2.88
43-9051.00,Writing,2.88
43-9051.00,Speaking,3.0
43-9051.00,Mathematics,2.25
43-9051.00,Science,1.12
43-9051.00,Critical Thinking,3.0
43-9051.00,Active Learning,2.25
43-9051.00,Learning Strategies,2.12
43-9051.00,Monitoring,3.0
43-9061.00,Reading Comprehension,3.75
43-9061.00,Active Listening,3.75
43-9061.00,Writing,3.12
43-9061.00,Speaking,3.62
43-9061.00,Mathematics,2.12
43-9061.00,Science,1.0
43-9061.00,Critical Thinking,3.0
43-9061.00,Active Learning,2.75
43-9061.00,Learning Strategies,2.12
43-9061.00,Monitoring,2.88
43-9071.00,Reading Comprehension,3.12
43-9071.00,Active Listening,3.0
43-9071.00,Writing,2.88
43-9071.00,Speaking,3.0
43-9071.00,Mathematics,2.5
43-9071.00,Science,1.0
43-9071.00,Critical Thinking,3.0
43-9071.00,Active Learning,2.75
43-9071.00,Learning Strategies,2.0
43-9071.00,Monitoring,3.0
43-9081.00,Reading Comprehension,4.25
43-9081.00,Active Listening,3.12
43-9081.00,Writing,3.62
43-9081.00,Speaking,3.25
43-9081.00,Mathematics,1.88
43-9081.00,Science,1.12
43-9081.00,Critical Thinking,3.0
43-9081.00,Active Learning,2.5
43-9081.00,Learning Strategies,2.0
43-9081.00,Monitoring,2.88
43-9111.00,Reading Comprehension,3.75
43-9111.00,Active Listening,3.38
43-9111.00,Writing,3.5
43-9111.00,Speaking,3.38
43-9111.00,Mathematics,4.38
43-9111.00,Science,2.12
43-9111.00,Critical Thinking,3.75
43-9111.00,Active Learning,3.62
43-9111.00,Learning Strategies,2.88
43-9111.00,Monitoring,3.0
45-1011.00,Reading Comprehension,3.5
45-1011.00,Active Listening,3.38
45-1011.00,Writing,3.12
45-1011.00,Speaking,3.62
45-1011.00,Mathematics,2.88
45-1011.00,Science,2.25
45-1011.00,Critical Thinking,3.75
45-1011.00,Active Learning,3.0
45-1011.00,Learning Strategies,3.25
45-1011.00,Monitoring,3.62
45-2011.00,Reading Comprehension,3.75
45-2011.00,Active Listening,3.75
45-2011.00,Writing,3.12
45-2011.00,Speaking,3.5
45-2011.00,Mathematics,2.62
45-2011.00,Science,2.75
45-2011.00,Critical Thinking,3.62
45-2011.00,Active Learning,3.25
45-2011.00,Learning Strategies,2.88
45-2011.00,Monitoring,3.75
45-2021.00,Reading Comprehension,2.88
45-2021.00,Active Listening,3.0
45-2021.00,Writing,2.75
45-2021.00,Speaking,3.0
45-2021.00,Mathematics,2.12
45-2021.00,Science,3.0
45-2021.00,Critical Thinking,3.25
45-2021.00,Active Learning,3.0
45-2021.00,Learning Strategies,2.12
45-2021.00,Monitoring,3.0
45-2041.00,Reading Comprehension,2.25
45-2041.00,Active Listening,2.75
45-2041.00,Writing,2.25
45-2041.00,Speaking,2.75
45-2041.00,Mathematics,1.62
45-2041.00,Science,1.25
45-2041.00,Critical Thinking,2.5
45-2041.00,Active Learning,2.12
45-2041.00,Learning Strategies,1.62
45-2041.00,Monitoring,2.88
45-2091.00,Reading Comprehension,2.25
45-2091.00,Active Listening,3.0
45-2091.00,Writing,2.12
45-2091.00,Speaking,2.75
45-2091.00,Mathematics,1.88
45-2091.00,Science,1.62
45-2091.00,Critical Thinking,2.88
45-2091.00,Active Learning,2.25
45-2091.00,Learning Strategies,1.75
45-2091.00,Monitoring,2.75
45-2092.00,Reading Comprehension,2.75
45-2092.00,Active Listening,2.88
45-2092.00,Writing,2.75
45-2092.00,Speaking,3.0
45-2092.00,Mathematics,2.12
45-2092.00,Science,1.25
45-2092.00,Critical Thinking,2.75
45-2092.00,Active Learning,2.62
45-2092.00,Learning Strategies,2.5
45-2092.00,Monitoring,2.75
45-2093.00,Reading Comprehension,3.0
45-2093.00,Active Listening,3.12
45-2093.00,Writing,2.62
45-2093.00,Speaking,3.0
45-2093.00,Mathematics,2.12
45-2093.00,Science,1.88
45-2093.00,Critical Thinking,3.38
45-2093.00,Active Learning,2.88
45-2093.00,Learning Strategies,2.12
45-2093.00,Monitoring,3.25
45-3031.00,Reading Comprehension,2.75
45-3031.00,Active Listening,2.75
45-3031.00,Writing,2.25
45-3031.00,Speaking,3.0
45-3031.00,Mathematics,2.12
45-3031.00,Science,1.62
45-3031.00,Critical Thinking,3.12
45-3031.00,Active Learning,2.5
45-3031.00,Learning Strategies,2.75
45-3031.00,Monitoring,2.88
45-4011.00,Reading Comprehension,3.0
45-4011.00,Active Listening,3.0
45-4011.00,Writing,2.62
45-4011.00,Speaking,3.0
45-4011.00,Mathematics,2.12
45-4011.00,Science,2.0
45-4011.00,Critical Thinking,3.12
45-4011.00,Active Learning,3.0
45-4011.00,Learning Strategies,2.62
45-4011.00,Monitoring,3.12
45-4021.00,Reading Comprehension,2.0
45-4021.00,Active Listening,2.62
45-4021.00,Writing,2.0
45-4021.00,Speaking,2.62
45-4021.00,Mathematics,2.25
45-4021.00,Science,1.62
45-4021.00,Critical Thinking,3.0
45-4021.00,Active Learning,2.25
45-4021.00,Learning Strategies,1.75
45-4021.00,Monitoring,3.0
45-4022.00,Reading Comprehension,2.5
45-4022.00,Active Listening,3.0
45-4022.00,Writing,2.75
45-4022.00,Speaking,2.75
45-4022.00,Mathematics,2.38
45-4022.00,Science,1.5
45-4022.00,Critical Thinking,2.88
45-4022.00,Active Learning,2.25
45-4022.00,Learning Strategies,2.25
45-4022.00,Monitoring,3.0
45-4023.00,Reading Comprehension,2.88
45-4023.00,Active Listening,3.25
45-4023.00,Writing,3.0
45-4023.00,Speaking,3.12
45-4023.00,Mathematics,2.75
45-4023.00,Science,1.75
45-4023.00,Critical Thinking,3.25
45-4023.00,Active Learning,3.0
45-4023.00,Learning Strategies,2.38
45-4023.00,Monitoring,3.0
47-1011.00,Reading Comprehension,3.38
47-1011.00,Active Listening,3.75
47-1011.00,Writing,3.0
47-1011.00,Speaking,3.75
47-1011.00,Mathematics,2.75
47-1011.00,Science,1.62
47-1011.00,Critical Thinking,3.62
47-1011.00,Active Learning,3.0
47-1011.00,Learning Strategies,3.12
47-1011.00,Monitoring,3.38
47-1011.03,Reading Comprehension,3.62
47-1011.03,Active Listening,3.5
47-1011.03,Writing,3.0
47-1011.03,Speaking,3.62
47-1011.03,Mathematics,2.75
47-1011.03,Science,1.88
47-1011.03,Critical Thinking,3.5
47-1011.03,Active Learning,3.0
47-1011.03,Learning Strategies,3.0
47-1011.03,Monitoring,3.75
47-2011.00,Reading Comprehension,3.0
47-2011.00,Active Listening,3.0
47-2011.00,Writing,2.62
47-2011.00,Speaking,3.0
47-2011.00,Mathematics,2.12
47-2011.00,Science,1.75
47-2011.00,Critical Thinking,3.5
47-2011.00,Active Learning,3.0
47-2011.00,Learning Strategies,2.75
47-2011.00,Monitoring,3.0
47-2021.00,Reading Comprehension,2.75
47-2021.00,Active Listening,3.0
47-2021.00,Writing,2.25
47-2021.00,Speaking,3.0
47-2021.00,Mathematics,2.88
47-2021.00,Science,1.75
47-2021.00,Critical Thinking,3.12
47-2021.00,Active Learning,2.88
47-2021.00,Learning Strategies,2.12
47-2021.00,Monitoring,3.0
47-2022.00,Reading Comprehension,3.0
47-2022.00,Active Listening,3.0
47-2022.00,Writing,2.62
47-2022.00,Speaking,3.0
47-2022.00,Mathematics,3.0
47-2022.00,Science,1.62
47-2022.00,Critical Thinking,3.5
47-2022.00,Active Learning,2.75
47-2022.00,Learning Strategies,2.62
47-2022.00,Monitoring,3.0
47-2031.00,Reading Comprehension,3.12
47-2031.00,Active Listening,3.38
47-2031.00,Writing,2.88
47-2031.00,Speaking,3.12
47-2031.00,Mathematics,3.0
47-2031.00,Science,1.38
47-2031.00,Critical Thinking,3.38
47-2031.00,Active Learning,3.0
47-2031.00,Learning Strategies,2.75
47-2031.00,Monitoring,3.38
47-2041.00,Reading Comprehension,2.62
47-2041.00,Active Listening,2.88
47-2041.00,Writing,2.0
47-2041.00,Speaking,2.88
47-2041.00,Mathematics,3.0
47-2041.00,Science,1.0
47-2041.00,Critical Thinking,3.0
47-2041.00,Active Learning,2.62
47-2041.00,Learning Strategies,2.38
47-2041.00,Monitoring,3.12
47-2042.00,Reading Comprehension,2.38
47-2042.00,Active Listening,3.12
47-2042.00,Writing,2.38
47-2042.00,Speaking,3.12
47-2042.00,Mathematics,2.12
47-2042.00,Science,1.25
47-2042.00,Critical Thinking,2.88
47-2042.00,Active Learning,2.75
47-2042.00,Learning Strategies,2.12
47-2042.00,Monitoring,2.88
47-2043.00,Reading Comprehension,2.62
47-2043.00,Active Listening,3.0
47-2043.00,Writing,2.12
47-2043.00,Speaking,2.75
47-2043.00,Mathematics,2.0
47-2043.00,Science,1.12
47-2043.00,Critical Thinking,2.75
47-2043.00,Active Learning,2.62
47-2043.00,Learning Strategies,2.12
47-2043.00,Monitoring,2.88
47-2044.00,Reading Comprehension,2.88
47-2044.00,Active Listening,3.12
47-2044.00,Writing,2.0
47-2044.00,Speaking,3.0
47-2044.00,Mathematics,3.0
47-2044.00,Science,1.12
47-2044.00,Critical Thinking,3.0
47-2044.00,Active Learning,2.38
47-2044.00,Learning Strategies,2.12
47-2044.00,Monitoring,2.75
47-2051.00,Reading Comprehension,2.38
47-2051.00,Active Listening,3.0
47-2051.00,Writing,2.0
47-2051.00,Speaking,3.12
47-2051.00,Mathematics,2.62
47-2051.00,Science,1.25
47-2051.00,Critical Thinking,3.0
47-2051.00,Active Learning,2.12
47-2051.00,Learning Strategies,2.38
47-2051.00,Monitoring,3.25
47-2053.00,Reading Comprehension,2.12
47-2053.00,Active Listening,2.5
47-2053.00,Writing,1.88
47-2053.00,Speaking,2.88
47-2053.00,Mathematics,2.38
47-2053.00,Science,1.62
47-2053.00,Critical Thinking,2.62
47-2053.00,Active Learning,2.38
47-2053.00,Learning Strategies,2.12
47-2053.00,Monitoring,2.75
47-2061.00,Reading Comprehension,2.75
47-2061.00,Active Listening,3.12
47-2061.00,Writing,2.25
47-2061.00,Speaking,3.25
47-2061.00,Mathematics,2.0
47-2061.00,Science,1.5
47-2061.00,Critical Thinking,2.75
47-2061.00,Active Learning,2.12
47-2061.00,Learning Strategies,2.12
47-2061.00,Monitoring,2.62
47-2071.00,Reading Comprehension,2.5
47-2071.00,Active Listening,2.88
47-2071.00,Writing,1.88
47-2071.00,Speaking,2.88
47-2071.00,Mathematics,2.0
47-2071.00,Science,1.12
47-2071.00,Critical Thinking,3.0
47-2071.00,Active Learning,2.62
47-2071.00,Learning Strategies,2.25
47-2071.00,Monitoring,3.25
47-2072.00,Reading Comprehension,2.5
47-2072.00,Active Listening,3.0
47-2072.00,Writing,2.25
47-2072.00,Speaking,2.75
47-2072.00,Mathematics,2.12
47-2072.00,Science,1.38
47-2072.00,Critical Thinking,2.88
47-2072.00,Active Learning,2.0
47-2072.00,Learning Strategies,1.88
47-2072.00,Monitoring,3.25
47-2073.00,Reading Comprehension,2.88
47-2073.00,Active Listening,3.0
47-2073.00,Writing,2.0
47-2073.00,Speaking,2.88
47-2073.00,Mathematics,2.0
47-2073.00,Science,1.5
47-2073.00,Critical Thinking,2.88
47-2073.00,Active Learning,2.88
47-2073.00,Learning Strategies,2.12
47-2073.00,Monitoring,3.12
47-2081.00,Reading Comprehension,2.75
47-2081.00,Active Listening,2.75
47-2081.00,Writing,2.12
47-2081.00,Speaking,2.88
47-2081.00,Mathematics,2.25
47-2081.00,Science,1.12
47-2081.00,Critical Thinking,3.0
47-2081.00,Active Learning,2.12
47-2081.00,Learning Strategies,2.0
47-2081.00,Monitoring,2.88
47-2082.00,Reading Comprehension,2.12
47-2082.00,Active Listening,2.75
47-2082.00,Writing,1.88
47-2082.00,Speaking,2.62
47-2082.00,Mathematics,1.62
47-2082.00,Science,1.0
47-2082.00,Critical Thinking,2.5
47-2082.00,Active Learning,1.88
47-2082.00,Learning Strategies,2.0
47-2082.00,Monitoring,2.88
47-2111.00,Reading Comprehension,3.12
47-2111.00,Active Listening,3.38
47-2111.00,Writing,3.0
47-2111.00,Speaking,3.38
47-2111.00,Mathematics,3.0
47-2111.00,Science,2.0
47-2111.00,Critical Thinking,3.38
47-2111.00,Active Learning,3.25
47-2111.00,Learning Strategies,3.0
47-2111.00,Monitoring,3.12
47-2121.00,Reading Comprehension,3.0
47-2121.00,Active Listening,2.88
47-2121.00,Writing,2.25
47-2121.00,Speaking,3.0
47-2121.00,Mathematics,2.0
47-2121.00,Science,1.5
47-2121.00,Critical Thinking,3.0
47-2121.00,Active Learning,2.25
47-2121.00,Learning Strategies,2.12
47-2121.00,Monitoring,2.75
47-2131.00,Reading Comprehension,2.62
47-2131.00,Active Listening,3.0
47-2131.00,Writing,2.12
47-2131.00,Speaking,3.0
47-2131.00,Mathematics,2.25
47-2131.00,Science,1.0
47-2131.00,Critical Thinking,3.0
47-2131.00,Active Learning,2.62
47-2131.00,Learning Strategies,2.12
47-2131.00,Monitoring,2.88
47-2132.00,Reading Comprehension,2.75
47-2132.00,Active Listening,3.0
47-2132.00,Writing,2.0
47-2132.00,Speaking,2.88
47-2132.00,Mathematics,2.12
47-2132.00,Science,1.38
47-2132.00,Critical Thinking,3.0
47-2132.00,Active Learning,2.75
47-2132.00,Learning Strategies,2.12
47-2132.00,Monitoring,3.0
47-2141.00,Reading Comprehension,2.75
47-2141.00,Active Listening,3.0
47-2141.00,Writing,2.0
47-2141.00,Speaking,2.38
47-2141.00,Mathematics,2.0
47-2141.00,Science,1.5
47-2141.00,Critical Thinking,3.0
47-2141.00,Active Learning,2.0
47-2141.00,Learning Strategies,2.0
47-2141.00,Monitoring,2.88
47-2142.00,Reading Comprehension,2.38
47-2142.00,Active Listening,3.0
47-2142.00,Writing,2.0
47-2142.00,Speaking,3.0
47-2142.00,Mathematics,2.0
47-2142.00,Science,1.25
47-2142.00,Critical Thinking,2.88
47-2142.00,Active Learning,2.0
47-2142.00,Learning Strategies,2.0
47-2142.00,Monitoring,2.75
47-2151.00,Reading Comprehension,2.88
47-2151.00,Active Listening,3.0
47-2151.00,Writing,2.0
47-2151.00,Speaking,3.0
47-2151.00,Mathematics,2.0
47-2151.00,Science,1.0
47-2151.00,Critical Thinking,3.0
47-2151.00,Active Learning,2.0
47-2151.00,Learning Strategies,2.12
47-2151.00,Monitoring,2.62
47-2152.00,Reading Comprehension,2.88
47-2152.00,Active Listening,2.88
47-2152.00,Writing,2.75
47-2152.00,Speaking,3.0
47-2152.00,Mathematics,2.62
47-2152.00,Science,1.75
47-2152.00,Critical Thinking,3.5
47-2152.00,Active Learning,2.62
47-2152.00,Learning Strategies,2.38
47-2152.00,Monitoring,3.12
47-2152.04,Reading Comprehension,3.38
47-2152.04,Active Listening,3.25
47-2152.04,Writing,2.88
47-2152.04,Speaking,3.25
47-2152.04,Mathematics,2.5
47-2152.04,Science,1.5
47-2152.04,Critical Thinking,3.25
47-2152.04,Active Learning,3.0
47-2152.04,Learning Strategies,2.5
47-2152.04,Monitoring,3.25
47-2161.00,Reading Comprehension,2.75
47-2161.00,Active Listening,3.0
47-2161.00,Writing,2.12
47-2161.00,Speaking,2.88
47-2161.00,Mathematics,2.0
47-2161.00,Science,1.12
47-2161.00,Critical Thinking,2.75
47-2161.00,Active Learning,2.75
47-2161.00,Learning Strategies,2.62
47-2161.00,Monitoring,2.88
47-2171.00,Reading Comprehension,2.62
47-2171.00,Active Listening,2.62
47-2171.00,Writing,1.88
47-2171.00,Speaking,2.62
47-2171.00,Mathematics,2.38
47-2171.00,Science,1.25
47-2171.00,Critical Thinking,3.0
47-2171.00,Active Learning,2.38
47-2171.00,Learning Strategies,2.25
47-2171.00,Monitoring,2.88
47-2181.00,Reading Comprehension,2.62
47-2181.00,Active Listening,2.88
47-2181.00,Writing,2.0
47-2181.00,Speaking,2.88
47-2181.00,Mathematics,2.25
47-2181.00,Science,1.12
47-2181.00,Critical Thinking,3.0
47-2181.00,Active Learning,2.75
47-2181.00,Learning Strategies,2.12
47-2181.00,Monitoring,3.0
47-2211.00,Reading Comprehension,3.12
47-2211.00,Active Listening,3.0
47-2211.00,Writing,2.25
47-2211.00,Speaking,3.0
47-2211.00,Mathematics,3.0
47-2211.00,Science,1.62
47-2211.00,Critical Thinking,3.12
47-2211.00,Active Learning,2.88
47-2211.00,Learning Strategies,2.5
47-2211.00,Monitoring,3.12
47-2221.00,Reading Comprehension,2.88
47-2221.00,Active Listening,3.0
47-2221.00,Writing,2.0
47-2221.00,Speaking,2.88
47-2221.00,Mathematics,2.12
47-2221.00,Science,1.0
47-2221.00,Critical Thinking,3.0
47-2221.00,Active Learning,2.88
47-2221.00,Learning Strategies,2.75
47-2221.00,Monitoring,3.0
47-2231.00,Reading Comprehension,3.0
47-2231.00,Active Listening,3.12
47-2231.00,Writing,2.25
47-2231.00,Speaking,2.88
47-2231.00,Mathematics,2.62
47-2231.00,Science,1.88
47-2231.00,Critical Thinking,3.25
47-2231.00,Active Learning,3.0
47-2231.00,Learning Strategies,2.62
47-2231.00,Monitoring,3.12
47-3011.00,Reading Comprehension,2.38
47-3011.00,Active Listening,2.88
47-3011.00,Writing,2.0
47-3011.00,Speaking,2.75
47-3011.00,Mathematics,2.25
47-3011.00,Science,1.25
47-3011.00,Critical Thinking,3.0
47-3011.00,Active Learning,2.38
47-3011.00,Learning Strategies,2.25
47-3011.00,Monitoring,3.0
47-3012.00,Reading Comprehension,2.88
47-3012.00,Active Listening,3.0
47-3012.00,Writing,2.25
47-3012.00,Speaking,3.0
47-3012.00,Mathematics,2.38
47-3012.00,Science,1.0
47-3012.00,Critical Thinking,3.0
47-3012.00,Active Learning,2.88
47-3012.00,Learning Strategies,2.12
47-3012.00,Monitoring,3.0
47-3013.00,Reading Comprehension,2.5
47-3013.00,Active Listening,3.25
47-3013.00,Writing,2.38
47-3013.00,Speaking,3.12
47-3013.00,Mathematics,2.12
47-3013.00,Science,1.88
47-3013.00,Critical Thinking,3.12
47-3013.00,Active Learning,2.88
47-3013.00,Learning Strategies,2.25
47-3013.00,Monitoring,2.75
47-3014.00,Reading Comprehension,2.12
47-3014.00,Active Listening,2.88
47-3014.00,Writing,2.0
47-3014.00,Speaking,3.0
47-3014.00,Mathematics,1.12
47-3014.00,Science,1.12
47-3014.00,Critical Thinking,2.75
47-3014.00,Active Learning,2.38
47-3014.00,Learning Strategies,2.25
47-3014.00,Monitoring,2.75
47-3015.00,Reading Comprehension,2.38
47-3015.00,Active Listening,2.88
47-3015.00,Writing,2.0
47-3015.00,Speaking,2.5
47-3015.00,Mathematics,2.25
47-3015.00,Science,1.12
47-3015.00,Critical Thinking,2.88
47-3015.00,Active Learning,2.62
47-3015.00,Learning Strategies,2.0
47-3015.00,Monitoring,2.88
47-3016.00,Reading Comprehension,2.12
47-3016.00,Active Listening,3.0
47-3016.00,Writing,2.0
47-3016.00,Speaking,2.62
47-3016.00,Mathematics,2.0
47-3016.00,Science,1.0
47-3016.00,Critical Thinking,2.62
47-3016.00,Active Learning,2.5
47-3016.00,Learning Strategies,2.0
47-3016.00,Monitoring,2.75
47-4011.00,Reading Comprehension,4.0
47-4011.00,Active Listening,3.75
47-4011.00,Writing,3.12
47-4011.00,Speaking,3.75
47-4011.00,Mathematics,3.0
47-4011.00,Science,2.5
47-4011.00,Critical Thinking,3.88
47-4011.00,Active Learning,3.12
47-4011.00,Learning Strategies,3.0
47-4011.00,Monitoring,3.0
47-4011.01,Reading Comprehension,3.88
47-4011.01,Active Listening,3.75
47-4011.01,Writing,3.62
47-4011.01,Speaking,3.88
47-4011.01,Mathematics,3.38
47-4011.01,Science,2.75
47-4011.01,Critical Thinking,3.75
47-4011.01,Active Learning,3.12
47-4011.01,Learning Strategies,3.0
47-4011.01,Monitoring,3.38
47-4021.00,Reading Comprehension,3.12
47-4021.00,Active Listening,3.38
47-4021.00,Writing,2.75
47-4021.00,Speaking,3.0
47-4021.00,Mathematics,2.25
47-4021.00,Science,1.88
47-4021.00,Critical Thinking,3.62
47-4021.00,Active Learning,3.12
47-4021.00,Learning Strategies,2.38
47-4021.00,Monitoring,3.12
47-4031.00,Reading Comprehension,2.5
47-4031.00,Active Listening,3.0
47-4031.00,Writing,2.0
47-4031.00,Speaking,3.0
47-4031.00,Mathematics,2.25
47-4031.00,Science,1.12
47-4031.00,Critical Thinking,3.0
47-4031.00,Active Learning,2.25
47-4031.00,Learning Strategies,2.25
47-4031.00,Monitoring,3.0
47-4041.00,Reading Comprehension,3.0
47-4041.00,Active Listening,3.12
47-4041.00,Writing,2.62
47-4041.00,Speaking,3.0
47-4041.00,Mathematics,2.0
47-4041.00,Science,1.75
47-4041.00,Critical Thinking,3.25
47-4041.00,Active Learning,2.88
47-4041.00,Learning Strategies,2.12
47-4041.00,Monitoring,3.5
47-4051.00,Reading Comprehension,2.75
47-4051.00,Active Listening,3.0
47-4051.00,Writing,2.12
47-4051.00,Speaking,3.0
47-4051.00,Mathematics,2.12
47-4051.00,Science,1.0
47-4051.00,Critical Thinking,2.88
47-4051.00,Active Learning,2.38
47-4051.00,Learning Strategies,2.0
47-4051.00,Monitoring,3.12
47-4061.00,Reading Comprehension,2.25
47-4061.00,Active Listening,3.0
47-4061.00,Writing,2.12
47-4061.00,Speaking,2.62
47-4061.00,Mathematics,2.0
47-4061.00,Science,1.12
47-4061.00,Critical Thinking,2.75
47-4061.00,Active Learning,2.5
47-4061.00,Learning Strategies,2.5
47-4061.00,Monitoring,3.0
47-4071.00,Reading Comprehension,2.75
47-4071.00,Active Listening,3.0
47-4071.00,Writing,2.5
47-4071.00,Speaking,2.75
47-4071.00,Mathematics,2.38
47-4071.00,Science,1.25
47-4071.00,Critical Thinking,3.12
47-4071.00,Active Learning,2.75
47-4071.00,Learning Strategies,2.62
47-4071.00,Monitoring,2.88
47-4091.00,Reading Comprehension,2.75
47-4091.00,Active Listening,3.5
47-4091.00,Writing,2.62
47-4091.00,Speaking,3.5
47-4091.00,Mathematics,2.0
47-4091.00,Science,1.12
47-4091.00,Critical Thinking,3.25
47-4091.00,Active Learning,2.62
47-4091.00,Learning Strategies,2.38
47-4091.00,Monitoring,2.88
47-4099.03,Reading Comprehension,3.0
47-4099.03,Active Listening,3.12
47-4099.03,Writing,2.88
47-4099.03,Speaking,3.12
47-4099.03,Mathematics,2.75
47-4099.03,Science,2.0
47-4099.03,Critical Thinking,3.25
47-4099.03,Active Learning,2.88
47-4099.03,Learning Strategies,2.75
47-4099.03,Monitoring,3.38
47-5011.00,Reading Comprehension,2.88
47-5011.00,Active Listening,3.25
47-5011.00,Writing,2.75
47-5011.00,Speaking,3.38
47-5011.00,Mathematics,2.38
47-5011.00,Science,1.25
47-5011.00,Critical Thinking,3.5
47-5011.00,Active Learning,2.75
47-5011.00,Learning Strategies,2.75
47-5011.00,Monitoring,3.38
47-5012.00,Reading Comprehension,3.12
47-5012.00,Active Listening,3.38
47-5012.00,Writing,3.0
47-5012.00,Speaking,3.25
47-5012.00,Mathematics,2.38
47-5012.00,Science,1.25
47-5012.00,Critical Thinking,3.62
47-5012.00,Active Learning,2.88
47-5012.00,Learning Strategies,3.0
47-5012.00,Monitoring,3.5
47-5013.00,Reading Comprehension,3.0
47-5013.00,Active Listening,3.38
47-5013.00,Writing,3.0
47-5013.00,Speaking,3.0
47-5013.00,Mathematics,2.75
47-5013.00,Science,1.38
47-5013.00,Critical Thinking,3.75
47-5013.00,Active Learning,3.0
47-5013.00,Learning Strategies,2.88
47-5013.00,Monitoring,3.62
47-5022.00,Reading Comprehension,3.0
47-5022.00,Active Listening,3.0
47-5022.00,Writing,2.5
47-5022.00,Speaking,3.0
47-5022.00,Mathematics,2.25
47-5022.00,Science,1.0
47-5022.00,Critical Thinking,3.0
47-5022.00,Active Learning,3.0
47-5022.00,Learning Strategies,2.38
47-5022.00,Monitoring,3.12
47-5023.00,Reading Comprehension,2.75
47-5023.00,Active Listening,3.0
47-5023.00,Writing,2.38
47-5023.00,Speaking,3.0
47-5023.00,Mathematics,2.25
47-5023.00,Science,1.62
47-5023.00,Critical Thinking,3.25
47-5023.00,Active Learning,2.75
47-5023.00,Learning Strategies,2.25
47-5023.00,Monitoring,3.12
47-5032.00,Reading Comprehension,3.12
47-5032.00,Active Listening,3.88
47-5032.00,Writing,2.88
47-5032.00,Speaking,3.38
47-5032.00,Mathematics,2.5
47-5032.00,Science,1.88
47-5032.00,Critical Thinking,3.62
47-5032.00,Active Learning,3.12
47-5032.00,Learning Strategies,3.0
47-5032.00,Monitoring,3.75
47-5041.00,Reading Comprehension,2.75
47-5041.00,Active Listening,3.0
47-5041.00,Writing,2.12
47-5041.00,Speaking,3.0
47-5041.00,Mathematics,2.0
47-5041.00,Science,1.38
47-5041.00,Critical Thinking,3.25
47-5041.00,Active Learning,2.75
47-5041.00,Learning Strategies,2.38
47-5041.00,Monitoring,3.0
47-5043.00,Reading Comprehension,2.38
47-5043.00,Active Listening,3.12
47-5043.00,Writing,2.12
47-5043.00,Speaking,3.0
47-5043.00,Mathematics,2.12
47-5043.00,Science,1.5
47-5043.00,Critical Thinking,3.38
47-5043.00,Active Learning,2.88
47-5043.00,Learning Strategies,2.25
47-5043.00,Monitoring,3.25
47-5044.00,Reading Comprehension,2.88
47-5044.00,Active Listening,3.0
47-5044.00,Writing,2.0
47-5044.00,Speaking,3.0
47-5044.00,Mathematics,2.0
47-5044.00,Science,1.0
47-5044.00,Critical Thinking,3.0
47-5044.00,Active Learning,2.12
47-5044.00,Learning Strategies,2.12
47-5044.00,Monitoring,2.88
47-5051.00,Reading Comprehension,2.75
47-5051.00,Active Listening,3.0
47-5051.00,Writing,2.12
47-5051.00,Speaking,2.62
47-5051.00,Mathematics,1.88
47-5051.00,Science,1.12
47-5051.00,Critical Thinking,2.75
47-5051.00,Active Learning,2.12
47-5051.00,Learning Strategies,2.0
47-5051.00,Monitoring,2.88
47-5071.00,Reading Comprehension,2.12
47-5071.00,Active Listening,2.88
47-5071.00,Writing,2.12
47-5071.00,Speaking,2.75
47-5071.00,Mathematics,2.0
47-5071.00,Science,1.0
47-5071.00,Critical Thinking,3.12
47-5071.00,Active Learning,2.5
47-5071.00,Learning Strategies,2.25
47-5071.00,Monitoring,3.0
47-5081.00,Reading Comprehension,2.75
47-5081.00,Active Listening,3.0
47-5081.00,Writing,2.38
47-5081.00,Speaking,2.88
47-5081.00,Mathematics,2.5
47-5081.00,Science,1.38
47-5081.00,Critical Thinking,3.12
47-5081.00,Active Learning,2.88
47-5081.00,Learning Strategies,2.62
47-5081.00,Monitoring,3.75
49-1011.00,Reading Comprehension,3.62
49-1011.00,Active Listening,3.62
49-1011.00,Writing,3.0
49-1011.00,Speaking,3.75
49-1011.00,Mathematics,2.88
49-1011.00,Science,1.75
49-1011.00,Critical Thinking,3.75
49-1011.00,Active Learning,3.25
49-1011.00,Learning Strategies,3.12
49-1011.00,Monitoring,4.0
49-2011.00,Reading Comprehension,3.12
49-2011.00,Active Listening,3.62
49-2011.00,Writing,3.0
49-2011.00,Speaking,3.25
49-2011.00,Mathematics,1.88
49-2011.00,Science,1.88
49-2011.00,Critical Thinking,3.5
49-2011.00,Active Learning,3.0
49-2011.00,Learning Strategies,2.62
49-2011.00,Monitoring,3.0
49-2021.00,Reading Comprehension,3.25
49-2021.00,Active Listening,3.25
49-2021.00,Writing,3.0
49-2021.00,Speaking,3.25
49-2021.00,Mathematics,2.75
49-2021.00,Science,1.75
49-2021.00,Critical Thinking,3.25
49-2021.00,Active Learning,3.0
49-2021.00,Learning Strategies,2.62
49-2021.00,Monitoring,3.12
49-2022.00,Reading Comprehension,3.5
49-2022.00,Active Listening,3.5
49-2022.00,Writing,2.88
49-2022.00,Speaking,3.0
49-2022.00,Mathematics,2.12
49-2022.00,Science,1.88
49-2022.00,Critical Thinking,3.75
49-2022.00,Active Learning,3.0
49-2022.00,Learning Strategies,2.75
49-2022.00,Monitoring,3.5
49-2091.00,Reading Comprehension,3.25
49-2091.00,Active Listening,3.38
49-2091.00,Writing,3.25
49-2091.00,Speaking,3.38
49-2091.00,Mathematics,2.12
49-2091.00,Science,2.88
49-2091.00,Critical Thinking,3.75
49-2091.00,Active Learning,3.0
49-2091.00,Learning Strategies,2.62
49-2091.00,Monitoring,3.12
49-2092.00,Reading Comprehension,3.0
49-2092.00,Active Listening,3.12
49-2092.00,Writing,2.88
49-2092.00,Speaking,3.0
49-2092.00,Mathematics,2.62
49-2092.00,Science,2.12
49-2092.00,Critical Thinking,3.75
49-2092.00,Active Learning,2.88
49-2092.00,Learning Strategies,2.75
49-2092.00,Monitoring,2.88
49-2093.00,Reading Comprehension,3.12
49-2093.00,Active Listening,3.38
49-2093.00,Writing,3.0
49-2093.00,Speaking,3.0
49-2093.00,Mathematics,2.12
49-2093.00,Science,2.12
49-2093.00,Critical Thinking,3.62
49-2093.00,Active Learning,2.25
49-2093.00,Learning Strategies,2.12
49-2093.00,Monitoring,3.12
49-2094.00,Reading Comprehension,3.12
49-2094.00,Active Listening,3.12
49-2094.00,Writing,3.0
49-2094.00,Speaking,3.12
49-2094.00,Mathematics,2.75
49-2094.00,Science,2.75
49-2094.00,Critical Thinking,3.75
49-2094.00,Active Learning,3.0
49-2094.00,Learning Strategies,2.88
49-2094.00,Monitoring,3.12
49-2095.00,Reading Comprehension,3.38
49-2095.00,Active Listening,3.12
49-2095.00,Writing,2.88
49-2095.00,Speaking,3.12
49-2095.00,Mathematics,2.25
49-2095.00,Science,2.62
49-2095.00,Critical Thinking,3.75
49-2095.00,Active Learning,2.88
49-2095.00,Learning Strategies,2.25
49-2095.00,Monitoring,3.0
49-2096.00,Reading Comprehension,3.12
49-2096.00,Active Listening,3.38
49-2096.00,Writing,2.88
49-2096.00,Speaking,3.0
49-2096.00,Mathematics,2.25
49-2096.00,Science,1.88
49-2096.00,Critical Thinking,3.5
49-2096.00,Active Learning,2.75
49-2096.00,Learning Strategies,2.5
49-2096.00,Monitoring,2.88
49-2097.00,Reading Comprehension,3.12
49-2097.00,Active Listening,3.12
49-2097.00,Writing,2.75
49-2097.00,Speaking,3.38
49-2097.00,Mathematics,2.25
49-2097.00,Science,1.75
49-2097.00,Critical Thinking,3.12
49-2097.00,Active Learning,2.88
49-2097.00,Learning Strategies,2.62
49-2097.00,Monitoring,2.88
49-2098.00,Reading Comprehension,3.12
49-2098.00,Active Listening,3.25
49-2098.00,Writing,2.88
49-2098.00,Speaking,3.38
49-2098.00,Mathematics,2.12
49-2098.00,Science,1.75
49-2098.00,Critical Thinking,3.38
49-2098.00,Active Learning,2.88
49-2098.00,Learning Strategies,2.38
49-2098.00,Monitoring,3.0
49-3011.00,Reading Comprehension,4.12
49-3011.00,Active Listening,3.5
49-3011.00,Writing,3.0
49-3011.00,Speaking,3.25
49-3011.00,Mathematics,2.88
49-3011.00,Science,2.38
49-3011.00,Critical Thinking,4.0
49-3011.00,Active Learning,3.12
49-3011.00,Learning Strategies,2.75
49-3011.00,Monitoring,3.62
49-3021.00,Reading Comprehension,2.88
49-3021.00,Active Listening,3.0
49-3021.00,Writing,2.38
49-3021.00,Speaking,3.0
49-3021.00,Mathematics,2.12
49-3021.00,Science,1.25
49-3021.00,Critical Thinking,3.0
49-3021.00,Active Learning,2.88
49-3021.00,Learning Strategies,2.25
49-3021.00,Monitoring,3.0
49-3022.00,Reading Comprehension,2.5
49-3022.00,Active Listening,2.88
49-3022.00,Writing,2.38
49-3022.00,Speaking,3.0
49-3022.00,Mathematics,2.0
49-3022.00,Science,1.5
49-3022.00,Critical Thinking,2.88
49-3022.00,Active Learning,2.62
49-3022.00,Learning Strategies,2.38
49-3022.00,Monitoring,2.88
49-3023.00,Reading Comprehension,2.88
49-3023.00,Active Listening,3.25
49-3023.00,Writing,2.62
49-3023.00,Speaking,3.0
49-3023.00,Mathematics,2.25
49-3023.00,Science,1.5
49-3023.00,Critical Thinking,3.5
49-3023.00,Active Learning,3.0
49-3023.00,Learning Strategies,2.62
49-3023.00,Monitoring,3.12
49-3031.00,Reading Comprehension,2.88
49-3031.00,Active Listening,3.0
49-3031.00,Writing,2.62
49-3031.00,Speaking,3.12
49-3031.00,Mathematics,2.0
49-3031.00,Science,1.75
49-3031.00,Critical Thinking,3.25
49-3031.00,Active Learning,2.75
49-3031.00,Learning Strategies,2.75
49-3031.00,Monitoring,3.0
49-3041.00,Reading Comprehension,3.0
49-3041.00,Active Listening,3.12
49-3041.00,Writing,2.88
49-3041.00,Speaking,3.12
49-3041.00,Mathematics,2.62
49-3041.00,Science,2.0
49-3041.00,Critical Thinking,3.5
49-3041.00,Active Learning,3.0
49-3041.00,Learning Strategies,2.75
49-3041.00,Monitoring,3.12
49-3042.00,Reading Comprehension,3.12
49-3042.00,Active Listening,3.0
49-3042.00,Writing,3.0
49-3042.00,Speaking,3.0
49-3042.00,Mathematics,2.88
49-3042.00,Science,1.88
49-3042.00,Critical Thinking,3.25
49-3042.00,Active Learning,3.0
49-3042.00,Learning Strategies,2.62
49-3042.00,Monitoring,3.0
49-3043.00,Reading Comprehension,2.88
49-3043.00,Active Listening,3.0
49-3043.00,Writing,2.88
49-3043.00,Speaking,3.0
49-3043.00,Mathematics,2.12
49-3043.00,Science,1.75
49-3043.00,Critical Thinking,3.25
49-3043.00,Active Learning,2.75
49-3043.00,Learning Strategies,2.62
49-3043.00,Monitoring,2.88
49-3051.00,Reading Comprehension,2.75
49-3051.00,Active Listening,3.12
49-3051.00,Writing,2.5
49-3051.00,Speaking,3.0
49-3051.00,Mathematics,2.25
49-3051.00,Science,2.0
49-3051.00,Critical Thinking,3.38
49-3051.00,Active Learning,2.38
49-3051.00,Learning Strategies,2.0
49-3051.00,Monitoring,2.88
49-3052.00,Reading Comprehension,3.0
49-3052.00,Active Listening,3.12
49-3052.00,Writing,2.75
49-3052.00,Speaking,3.12
49-3052.00,Mathematics,2.25
49-3052.00,Science,1.88
49-3052.00,Critical Thinking,3.12
49-3052.00,Active Learning,3.12
49-3052.00,Learning Strategies,2.62
49-3052.00,Monitoring,3.12
49-3053.00,Reading Comprehension,2.88
49-3053.00,Active Listening,3.12
49-3053.00,Writing,2.62
49-3053.00,Speaking,2.88
49-3053.00,Mathematics,2.0
49-3053.00,Science,1.75
49-3053.00,Critical Thinking,3.25
49-3053.00,Active Learning,2.75
49-3053.00,Learning Strategies,2.5
49-3053.00,Monitoring,2.88
49-3091.00,Reading Comprehension,3.0
49-3091.00,Active Listening,3.62
49-3091.00,Writing,2.75
49-3091.00,Speaking,3.0
49-3091.00,Mathematics,2.0
49-3091.00,Science,1.0
49-3091.00,Critical Thinking,3.5
49-3091.00,Active Learning,2.62
49-3091.00,Learning Strategies,2.62
49-3091.00,Monitoring,2.75
49-3092.00,Reading Comprehension,3.0
49-3092.00,Active Listening,3.0
49-3092.00,Writing,2.62
49-3092.00,Speaking,3.0
49-3092.00,Mathematics,2.0
49-3092.00,Science,1.62
49-3092.00,Critical Thinking,3.0
49-3092.00,Active Learning,3.0
49-3092.00,Learning Strategies,2.0
49-3092.00,Monitoring,2.88
49-3093.00,Reading Comprehension,2.5
49-3093.00,Active Listening,2.88
49-3093.00,Writing,2.0
49-3093.00,Speaking,2.75
49-3093.00,Mathematics,2.0
49-3093.00,Science,1.0
49-3093.00,Critical Thinking,2.62
49-3093.00,Active Learning,2.12
49-3093.00,Learning Strategies,2.0
49-3093.00,Monitoring,2.5
49-9011.00,Reading Comprehension,3.0
49-9011.00,Active Listening,3.12
49-9011.00,Writing,2.62
49-9011.00,Speaking,3.0
49-9011.00,Mathematics,2.5
49-9011.00,Science,1.0
49-9011.00,Critical Thinking,3.25
49-9011.00,Active Learning,3.0
49-9011.00,Learning Strategies,2.25
49-9011.00,Monitoring,3.0
49-9012.00,Reading Comprehension,3.0
49-9012.00,Active Listening,3.12
49-9012.00,Writing,3.0
49-9012.00,Speaking,3.12
49-9012.00,Mathematics,2.12
49-9012.00,Science,1.75
49-9012.00,Critical Thinking,3.38
49-9012.00,Active Learning,2.88
49-9012.00,Learning Strategies,2.5
49-9012.00,Monitoring,3.12
49-9021.00,Reading Comprehension,3.25
49-9021.00,Active Listening,3.0
49-9021.00,Writing,2.88
49-9021.00,Speaking,3.0
49-9021.00,Mathematics,2.62
49-9021.00,Science,1.88
49-9021.00,Critical Thinking,3.62
49-9021.00,Active Learning,3.0
49-9021.00,Learning Strategies,2.38
49-9021.00,Monitoring,3.0
49-9031.00,Reading Comprehension,3.12
49-9031.00,Active Listening,3.38
49-9031.00,Writing,2.75
49-9031.00,Speaking,3.5
49-9031.00,Mathematics,2.12
49-9031.00,Science,1.75
49-9031.00,Critical Thinking,3.75
49-9031.00,Active Learning,2.88
49-9031.00,Learning Strategies,2.12
49-9031.00,Monitoring,2.88
49-9041.00,Reading Comprehension,2.88
49-9041.00,Active Listening,3.12
49-9041.00,Writing,2.75
49-9041.00,Speaking,3.0
49-9041.00,Mathematics,2.38
49-9041.00,Science,1.75
49-9041.00,Critical Thinking,3.62
49-9041.00,Active Learning,3.12
49-9041.00,Learning Strategies,2.62
49-9041.00,Monitoring,3.12
49-9043.00,Reading Comprehension,3.0
49-9043.00,Active Listening,3.0
49-9043.00,Writing,2.38
49-9043.00,Speaking,2.88
49-9043.00,Mathematics,2.0
49-9043.00,Science,1.75
49-9043.00,Critical Thinking,3.0
49-9043.00,Active Learning,2.75
49-9043.00,Learning Strategies,2.12
49-9043.00,Monitoring,2.75
49-9044.00,Reading Comprehension,3.0
49-9044.00,Active Listening,3.12
49-9044.00,Writing,2.75
49-9044.00,Speaking,3.0
49-9044.00,Mathematics,2.62
49-9044.00,Science,1.75
49-9044.00,Critical Thinking,3.62
49-9044.00,Active Learning,2.75
49-9044.00,Learning Strategies,2.88
49-9044.00,Monitoring,3.12
49-9045.00,Reading Comprehension,2.88
49-9045.00,Active Listening,3.0
49-9045.00,Writing,2.5
49-9045.00,Speaking,2.75
49-9045.00,Mathematics,2.0
49-9045.00,Science,1.0
49-9045.00,Critical Thinking,2.88
49-9045.00,Active Learning,2.38
49-9045.00,Learning Strategies,2.25
49-9045.00,Monitoring,2.75
49-9051.00,Reading Comprehension,3.0
49-9051.00,Active Listening,3.38
49-9051.00,Writing,2.5
49-9051.00,Speaking,2.88
49-9051.00,Mathematics,2.0
49-9051.00,Science,1.75
49-9051.00,Critical Thinking,3.12
49-9051.00,Active Learning,3.0
49-9051.00,Learning Strategies,2.75
49-9051.00,Monitoring,3.25
49-9052.00,Reading Comprehension,3.0
49-9052.00,Active Listening,3.0
49-9052.00,Writing,2.5
49-9052.00,Speaking,3.12
49-9052.00,Mathematics,2.12
49-9052.00,Science,1.38
49-9052.00,Critical Thinking,3.12
49-9052.00,Active Learning,2.62
49-9052.00,Learning Strategies,2.0
49-9052.00,Monitoring,3.12
49-9061.00,Reading Comprehension,3.12
49-9061.00,Active Listening,3.12
49-9061.00,Writing,2.62
49-9061.00,Speaking,3.0
49-9061.00,Mathematics,2.38
49-9061.00,Science,2.12
49-9061.00,Critical Thinking,3.5
49-9061.00,Active Learning,3.0
49-9061.00,Learning Strategies,2.62
49-9061.00,Monitoring,2.88
49-9062.00,Reading Comprehension,3.12
49-9062.00,Active Listening,3.0
49-9062.00,Writing,2.75
49-9062.00,Speaking,2.88
49-9062.00,Mathematics,2.88
49-9062.00,Science,2.12
49-9062.00,Critical Thinking,3.12
49-9062.00,Active Learning,3.0
49-9062.00,Learning Strategies,2.62
49-9062.00,Monitoring,2.88
49-9063.00,Reading Comprehension,3.0
49-9063.00,Active Listening,3.0
49-9063.00,Writing,2.75
49-9063.00,Speaking,3.0
49-9063.00,Mathematics,2.0
49-9063.00,Science,1.62
49-9063.00,Critical Thinking,3.62
49-9063.00,Active Learning,2.75
49-9063.00,Learning Strategies,2.38
49-9063.00,Monitoring,2.88
49-9064.00,Reading Comprehension,2.88
49-9064.00,Active Listening,3.0
49-9064.00,Writing,2.25
49-9064.00,Speaking,3.0
49-9064.00,Mathematics,2.0
49-9064.00,Science,1.75
49-9064.00,Critical Thinking,3.12
49-9064.00,Active Learning,2.25
49-9064.00,Learning Strategies,2.0
49-9064.00,Monitoring,2.62
49-9071.00,Reading Comprehension,3.0
49-9071.00,Active Listening,3.0
49-9071.00,Writing,2.88
49-9071.00,Speaking,3.0
49-9071.00,Mathematics,2.38
49-9071.00,Science,1.88
49-9071.00,Critical Thinking,3.25
49-9071.00,Active Learning,3.12
49-9071.00,Learning Strategies,2.25
49-9071.00,Monitoring,3.12
49-9081.00,Reading Comprehension,3.25
49-9081.00,Active Listening,3.12
49-9081.00,Writing,2.88
49-9081.00,Speaking,3.12
49-9081.00,Mathematics,2.12
49-9081.00,Science,2.0
49-9081.00,Critical Thinking,3.5
49-9081.00,Active Learning,3.12
49-9081.00,Learning Strategies,3.0
49-9081.00,Monitoring,3.25
49-9091.00,Reading Comprehension,2.88
49-9091.00,Active Listening,2.88
49-9091.00,Writing,2.62
49-9091.00,Speaking,2.88
49-9091.00,Mathematics,2.0
49-9091.00,Science,1.62
49-9091.00,Critical Thinking,2.88
49-9091.00,Active Learning,2.62
49-9091.00,Learning Strategies,1.88
49-9091.00,Monitoring,2.88
49-9092.00,Reading Comprehension,3.12
49-9092.00,Active Listening,3.62
49-9092.00,Writing,3.0
49-9092.00,Speaking,3.5
49-9092.00,Mathematics,2.0
49-9092.00,Science,2.5
49-9092.00,Critical Thinking,3.62
49-9092.00,Active Learning,3.0
49-9092.00,Learning Strategies,2.88
49-9092.00,Monitoring,3.0
49-9094.00,Reading Comprehension,3.0
49-9094.00,Active Listening,3.12
49-9094.00,Writing,2.75
49-9094.00,Speaking,3.12
49-9094.00,Mathematics,2.62
49-9094.00,Science,1.0
49-9094.00,Critical Thinking,3.38
49-9094.00,Active Learning,2.62
49-9094.00,Learning Strategies,2.38
49-9094.00,Monitoring,2.62
49-9095.00,Reading Comprehension,3.12
49-9095.00,Active Listening,3.38
49-9095.00,Writing,2.62
49-9095.00,Speaking,3.38
49-9095.00,Mathematics,2.62
49-9095.00,Science,1.62
49-9095.00,Critical Thinking,3.75
49-9095.00,Active Learning,3.38
49-9095.00,Learning Strategies,3.38
49-9095.00,Monitoring,3.5
49-9096.00,Reading Comprehension,3.12
49-9096.00,Active Listening,3.12
49-9096.00,Writing,2.38
49-9096.00,Speaking,3.0
49-9096.00,Mathematics,1.62
49-9096.00,Science,1.38
49-9096.00,Critical Thinking,3.12
49-9096.00,Active Learning,2.62
49-9096.00,Learning Strategies,1.62
49-9096.00,Monitoring,3.12
49-9097.00,Reading Comprehension,2.88
49-9097.00,Active Listening,3.0
49-9097.00,Writing,2.88
49-9097.00,Speaking,2.88
49-9097.00,Mathematics,2.5
49-9097.00,Science,1.75
49-9097.00,Critical Thinking,3.75
49-9097.00,Active Learning,2.88
49-9097.00,Learning Strategies,2.62
49-9097.00,Monitoring,2.88
49-9098.00,Reading Comprehension,2.62
49-9098.00,Active Listening,3.12
49-9098.00,Writing,2.12
49-9098.00,Speaking,3.0
49-9098.00,Mathematics,2.0
49-9098.00,Science,1.12
49-9098.00,Critical Thinking,3.12
49-9098.00,Active Learning,2.62
49-9098.00,Learning Strategies,2.5
49-9098.00,Monitoring,3.12
49-9099.01,Reading Comprehension,3.25
49-9099.01,Active Listening,3.0
49-9099.01,Writing,3.0
49-9099.01,Speaking,3.0
49-9099.01,Mathematics,2.75
49-9099.01,Science,2.12
49-9099.01,Critical Thinking,3.25
49-9099.01,Active Learning,3.12
49-9099.01,Learning Strategies,2.12
49-9099.01,Monitoring,3.75
51-1011.00,Reading Comprehension,3.5
51-1011.00,Active Listening,3.88
51-1011.00,Writing,3.12
51-1011.00,Speaking,3.88
51-1011.00,Mathematics,2.38
51-1011.00,Science,1.5
51-1011.00,Critical Thinking,3.75
51-1011.00,Active Learning,3.12
51-1011.00,Learning Strategies,3.12
51-1011.00,Monitoring,3.75
51-2011.00,Reading Comprehension,3.0
51-2011.00,Active Listening,3.12
51-2011.00,Writing,2.75
51-2011.00,Speaking,3.0
51-2011.00,Mathematics,2.5
51-2011.00,Science,1.75
51-2011.00,Critical Thinking,3.12
51-2011.00,Active Learning,2.88
51-2011.00,Learning Strategies,2.62
51-2011.00,Monitoring,3.12
51-2021.00,Reading Comprehension,2.88
51-2021.00,Active Listening,3.0
51-2021.00,Writing,2.12
51-2021.00,Speaking,2.88
51-2021.00,Mathematics,1.75
51-2021.00,Science,1.0
51-2021.00,Critical Thinking,2.88
51-2021.00,Active Learning,2.25
51-2021.00,Learning Strategies,2.0
51-2021.00,Monitoring,3.12
51-2022.00,Reading Comprehension,3.12
51-2022.00,Active Listening,2.88
51-2022.00,Writing,2.38
51-2022.00,Speaking,2.62
51-2022.00,Mathematics,2.0
51-2022.00,Science,1.62
51-2022.00,Critical Thinking,3.0
51-2022.00,Active Learning,2.62
51-2022.00,Learning Strategies,2.0
51-2022.00,Monitoring,2.88
51-2023.00,Reading Comprehension,3.0
51-2023.00,Active Listening,2.88
51-2023.00,Writing,2.5
51-2023.00,Speaking,3.0
51-2023.00,Mathematics,2.0
51-2023.00,Science,2.0
51-2023.00,Critical Thinking,3.0
51-2023.00,Active Learning,2.38
51-2023.00,Learning Strategies,1.88
51-2023.00,Monitoring,2.88
51-2031.00,Reading Comprehension,3.12
51-2031.00,Active Listening,3.0
51-2031.00,Writing,2.25
51-2031.00,Speaking,3.0
51-2031.00,Mathematics,2.0
51-2031.00,Science,1.88
51-2031.00,Critical Thinking,3.0
51-2031.00,Active Learning,2.38
51-2031.00,Learning Strategies,2.0
51-2031.00,Monitoring,3.0
51-2041.00,Reading Comprehension,3.0
51-2041.00,Active Listening,3.0
51-2041.00,Writing,2.25
51-2041.00,Speaking,3.0
51-2041.00,Mathematics,2.12
51-2041.00,Science,1.75
51-2041.00,Critical Thinking,3.0
51-2041.00,Active Learning,2.25
51-2041.00,Learning Strategies,1.75
51-2041.00,Monitoring,2.88
51-2051.00,Reading Comprehension,3.0
51-2051.00,Active Listening,3.0
51-2051.00,Writing,2.88
51-2051.00,Speaking,3.0
51-2051.00,Mathematics,2.38
51-2051.00,Science,1.75
51-2051.00,Critical Thinking,2.88
51-2051.00,Active Learning,2.88
51-2051.00,Learning Strategies,2.62
51-2051.00,Monitoring,3.12
51-2061.00,Reading Comprehension,2.75
51-2061.00,Active Listening,2.88
51-2061.00,Writing,2.5
51-2061.00,Speaking,2.75
51-2061.00,Mathematics,2.0
51-2061.00,Science,2.0
51-2061.00,Critical Thinking,2.88
51-2061.00,Active Learning,2.12
51-2061.00,Learning Strategies,2.12
51-2061.00,Monitoring,2.88
51-2092.00,Reading Comprehension,3.0
51-2092.00,Active Listening,3.12
51-2092.00,Writing,2.75
51-2092.00,Speaking,3.0
51-2092.00,Mathematics,2.0
51-2092.00,Science,1.0
51-2092.00,Critical Thinking,3.0
51-2092.00,Active Learning,2.25
51-2092.00,Learning Strategies,2.38
51-2092.00,Monitoring,3.12
51-3011.00,Reading Comprehension,2.88
51-3011.00,Active Listening,3.0
51-3011.00,Writing,2.0
51-3011.00,Speaking,2.88
51-3011.00,Mathematics,2.12
51-3011.00,Science,1.62
51-3011.00,Critical Thinking,2.88
51-3011.00,Active Learning,2.62
51-3011.00,Learning Strategies,2.0
51-3011.00,Monitoring,2.88
51-3021.00,Reading Comprehension,3.0
51-3021.00,Active Listening,3.12
51-3021.00,Writing,2.25
51-3021.00,Speaking,3.0
51-3021.00,Mathematics,2.38
51-3021.00,Science,1.25
51-3021.00,Critical Thinking,3.0
51-3021.00,Active Learning,2.5
51-3021.00,Learning Strategies,2.25
51-3021.00,Monitoring,3.0
51-3022.00,Reading Comprehension,2.38
51-3022.00,Active Listening,3.12
51-3022.00,Writing,2.12
51-3022.00,Speaking,3.0
51-3022.00,Mathematics,2.25
51-3022.00,Science,1.0
51-3022.00,Critical Thinking,3.0
51-3022.00,Active Learning,2.38
51-3022.00,Learning Strategies,2.25
51-3022.00,Monitoring,3.0
51-3023.00,Reading Comprehension,1.88
51-3023.00,Active Listening,2.62
51-3023.00,Writing,1.75
51-3023.00,Speaking,2.75
51-3023.00,Mathematics,1.75
51-3023.00,Science,1.0
51-3023.00,Critical Thinking,2.38
51-3023.00,Active Learning,2.0
51-3023.00,Learning Strategies,2.0
51-3023.00,Monitoring,2.25
51-3091.00,Reading Comprehension,3.12
51-3091.00,Active Listening,3.12
51-3091.00,Writing,2.88
51-3091.00,Speaking,3.0
51-3091.00,Mathematics,1.5
51-3091.00,Science,1.75
51-3091.00,Critical Thinking,3.12
51-3091.00,Active Learning,2.5
51-3091.00,Learning Strategies,2.5
51-3091.00,Monitoring,3.5
51-3092.00,Reading Comprehension,3.12
51-3092.00,Active Listening,3.0
51-3092.00,Writing,2.88
51-3092.00,Speaking,3.0
51-3092.00,Mathematics,2.75
51-3092.00,Science,2.0
51-3092.00,Critical Thinking,3.12
51-3092.00,Active Learning,2.75
51-3092.00,Learning Strategies,2.12
51-3092.00,Monitoring,2.88
51-3093.00,Reading Comprehension,3.12
51-3093.00,Active Listening,3.0
51-3093.00,Writing,2.75
51-3093.00,Speaking,2.62
51-3093.00,Mathematics,2.0
51-3093.00,Science,1.88
51-3093.00,Critical Thinking,3.0
51-3093.00,Active Learning,2.62
51-3093.00,Learning Strategies,2.12
51-3093.00,Monitoring,3.12
51-4021.00,Reading Comprehension,2.75
51-4021.00,Active Listening,2.88
51-4021.00,Writing,2.25
51-4021.00,Speaking,3.0
51-4021.00,Mathematics,2.25
51-4021.00,Science,1.38
51-4021.00,Critical Thinking,3.0
51-4021.00,Active Learning,2.62
51-4021.00,Learning Strategies,2.12
51-4021.00,Monitoring,3.25
51-4022.00,Reading Comprehension,2.88
51-4022.00,Active Listening,2.88
51-4022.00,Writing,2.38
51-4022.00,Speaking,2.88
51-4022.00,Mathematics,2.12
51-4022.00,Science,1.25
51-4022.00,Critical Thinking,2.88
51-4022.00,Active Learning,2.0
51-4022.00,Learning Strategies,1.88
51-4022.00,Monitoring,3.12
51-4023.00,Reading Comprehension,3.0
51-4023.00,Active Listening,3.12
51-4023.00,Writing,2.62
51-4023.00,Speaking,3.25
51-4023.00,Mathematics,2.38
51-4023.00,Science,1.38
51-4023.00,Critical Thinking,3.12
51-4023.00,Active Learning,3.0
51-4023.00,Learning Strategies,2.88
51-4023.00,Monitoring,3.5
51-4031.00,Reading Comprehension,2.75
51-4031.00,Active Listening,3.0
51-4031.00,Writing,2.5
51-4031.00,Speaking,3.0
51-4031.00,Mathematics,2.0
51-4031.00,Science,1.5
51-4031.00,Critical Thinking,3.0
51-4031.00,Active Learning,2.75
51-4031.00,Learning Strategies,2.0
51-4031.00,Monitoring,3.0
51-4032.00,Reading Comprehension,3.12
51-4032.00,Active Listening,3.0
51-4032.00,Writing,2.25
51-4032.00,Speaking,3.0
51-4032.00,Mathematics,2.5
51-4032.00,Science,1.75
51-4032.00,Critical Thinking,3.0
51-4032.00,Active Learning,2.75
51-4032.00,Learning Strategies,2.12
51-4032.00,Monitoring,3.12
51-4033.00,Reading Comprehension,3.0
51-4033.00,Active Listening,2.75
51-4033.00,Writing,2.25
51-4033.00,Speaking,2.75
51-4033.00,Mathematics,2.38
51-4033.00,Science,1.5
51-4033.00,Critical Thinking,2.88
51-4033.00,Active Learning,2.5
51-4033.00,Learning Strategies,2.0
51-4033.00,Monitoring,2.88
51-4034.00,Reading Comprehension,3.0
51-4034.00,Active Listening,3.0
51-4034.00,Writing,2.25
51-4034.00,Speaking,2.75
51-4034.00,Mathematics,2.12
51-4034.00,Science,1.75
51-4034.00,Critical Thinking,2.62
51-4034.00,Active Learning,2.0
51-4034.00,Learning Strategies,2.0
51-4034.00,Monitoring,3.0
51-4035.00,Reading Comprehension,2.88
51-4035.00,Active Listening,3.0
51-4035.00,Writing,2.62
51-4035.00,Speaking,2.88
51-4035.00,Mathematics,2.62
51-4035.00,Science,1.38
51-4035.00,Critical Thinking,3.12
51-4035.00,Active Learning,2.62
51-4035.00,Learning Strategies,2.12
51-4035.00,Monitoring,3.12
51-4041.00,Reading Comprehension,2.88
51-4041.00,Active Listening,3.0
51-4041.00,Writing,2.5
51-4041.00,Speaking,3.0
51-4041.00,Mathematics,2.88
51-4041.00,Science,1.5
51-4041.00,Critical Thinking,3.12
51-4041.00,Active Learning,2.75
51-4041.00,Learning Strategies,2.12
51-4041.00,Monitoring,3.12
51-4051.00,Reading Comprehension,3.0
51-4051.00,Active Listening,3.0
51-4051.00,Writing,2.75
51-4051.00,Speaking,3.0
51-4051.00,Mathematics,2.5
51-4051.00,Science,2.0
51-4051.00,Critical Thinking,3.0
51-4051.00,Active Learning,2.88
51-4051.00,Learning Strategies,2.25
51-4051.00,Monitoring,3.62
51-4052.00,Reading Comprehension,2.75
51-4052.00,Active Listening,3.0
51-4052.00,Writing,2.0
51-4052.00,Speaking,2.75
51-4052.00,Mathematics,2.0
51-4052.00,Science,1.88
51-4052.00,Critical Thinking,3.0
51-4052.00,Active Learning,2.25
51-4052.00,Learning Strategies,2.25
51-4052.00,Monitoring,3.0
51-4061.00,Reading Comprehension,2.88
51-4061.00,Active Listening,2.75
51-4061.00,Writing,2.38
51-4061.00,Speaking,2.62
51-4061.00,Mathematics,2.62
51-4061.00,Science,1.62
51-4061.00,Critical Thinking,3.25
51-4061.00,Active Learning,2.5
51-4061.00,Learning Strategies,2.0
51-4061.00,Monitoring,3.12
51-4062.00,Reading Comprehension,3.12
51-4062.00,Active Listening,3.0
51-4062.00,Writing,2.12
51-4062.00,Speaking,3.0
51-4062.00,Mathematics,2.25
51-4062.00,Science,1.62
51-4062.00,Critical Thinking,3.12
51-4062.00,Active Learning,2.62
51-4062.00,Learning Strategies,2.0
51-4062.00,Monitoring,3.0
51-4071.00,Reading Comprehension,2.25
51-4071.00,Active Listening,2.88
51-4071.00,Writing,2.0
51-4071.00,Speaking,2.62
51-4071.00,Mathematics,2.0
51-4071.00,Science,1.25
51-4071.00,Critical Thinking,2.88
51-4071.00,Active Learning,2.38
51-4071.00,Learning Strategies,2.0
51-4071.00,Monitoring,3.0
51-4072.00,Reading Comprehension,3.12
51-4072.00,Active Listening,3.25
51-4072.00,Writing,2.62
51-4072.00,Speaking,3.0
51-4072.00,Mathematics,2.25
51-4072.00,Science,1.12
51-4072.00,Critical Thinking,3.0
51-4072.00,Active Learning,2.88
51-4072.00,Learning Strategies,2.25
51-4072.00,Monitoring,3.12
51-4081.00,Reading Comprehension,3.0
51-4081.00,Active Listening,3.0
51-4081.00,Writing,2.75
51-4081.00,Speaking,3.0
51-4081.00,Mathematics,2.25
51-4081.00,Science,1.25
51-4081.00,Critical Thinking,3.0
51-4081.00,Active Learning,2.88
51-4081.00,Learning Strategies,2.38
51-4081.00,Monitoring,3.12
51-4111.00,Reading Comprehension,2.88
51-4111.00,Active Listening,3.0
51-4111.00,Writing,2.25
51-4111.00,Speaking,2.88
51-4111.00,Mathematics,2.75
51-4111.00,Science,1.75
51-4111.00,Critical Thinking,3.12
51-4111.00,Active Learning,3.0
51-4111.00,Learning Strategies,2.12
51-4111.00,Monitoring,3.12
51-4121.00,Reading Comprehension,2.5
51-4121.00,Active Listening,2.62
51-4121.00,Writing,1.75
51-4121.00,Speaking,2.62
51-4121.00,Mathematics,2.12
51-4121.00,Science,1.62
51-4121.00,Critical Thinking,2.88
51-4121.00,Active Learning,2.25
51-4121.00,Learning Strategies,2.0
51-4121.00,Monitoring,3.0
51-4122.00,Reading Comprehension,3.0
51-4122.00,Active Listening,3.0
51-4122.00,Writing,2.25
51-4122.00,Speaking,3.0
51-4122.00,Mathematics,2.12
51-4122.00,Science,1.75
51-4122.00,Critical Thinking,3.0
51-4122.00,Active Learning,2.62
51-4122.00,Learning Strategies,2.0
51-4122.00,Monitoring,3.0
51-4191.00,Reading Comprehension,2.88
51-4191.00,Active Listening,3.12
51-4191.00,Writing,2.88
51-4191.00,Speaking,3.12
51-4191.00,Mathematics,2.88
51-4191.00,Science,2.0
51-4191.00,Critical Thinking,3.0
51-4191.00,Active Learning,2.75
51-4191.00,Learning Strategies,2.62
51-4191.00,Monitoring,3.12
51-4192.00,Reading Comprehension,3.0
51-4192.00,Active Listening,2.88
51-4192.00,Writing,2.5
51-4192.00,Speaking,2.88
51-4192.00,Mathematics,3.12
51-4192.00,Science,1.25
51-4192.00,Critical Thinking,3.0
51-4192.00,Active Learning,2.75
51-4192.00,Learning Strategies,2.12
51-4192.00,Monitoring,3.0
51-4193.00,Reading Comprehension,3.12
51-4193.00,Active Listening,3.12
51-4193.00,Writing,2.75
51-4193.00,Speaking,3.0
51-4193.00,Mathematics,2.0
51-4193.00,Science,2.0
51-4193.00,Critical Thinking,3.0
51-4193.00,Active Learning,2.12
51-4193.00,Learning Strategies,2.25
51-4193.00,Monitoring,3.12
51-4194.00,Reading Comprehension,2.75
51-4194.00,Active Listening,2.88
51-4194.00,Writing,2.38
51-4194.00,Speaking,2.88
51-4194.00,Mathematics,2.75
51-4194.00,Science,1.38
51-4194.00,Critical Thinking,3.0
51-4194.00,Active Learning,2.5
51-4194.00,Learning Strategies,2.12
51-4194.00,Monitoring,3.12
51-5111.00,Reading Comprehension,3.0
51-5111.00,Active Listening,3.12
51-5111.00,Writing,2.88
51-5111.00,Speaking,3.12
51-5111.00,Mathematics,2.0
51-5111.00,Science,1.62
51-5111.00,Critical Thinking,3.12
51-5111.00,Active Learning,2.88
51-5111.00,Learning Strategies,2.38
51-5111.00,Monitoring,3.12
51-5112.00,Reading Comprehension,3.12
51-5112.00,Active Listening,3.12
51-5112.00,Writing,2.38
51-5112.00,Speaking,3.12
51-5112.00,Mathematics,2.12
51-5112.00,Science,1.0
51-5112.00,Critical Thinking,3.12
51-5112.00,Active Learning,2.88
51-5112.00,Learning Strategies,2.12
51-5112.00,Monitoring,3.25
51-5113.00,Reading Comprehension,3.12
51-5113.00,Active Listening,2.88
51-5113.00,Writing,2.75
51-5113.00,Speaking,3.0
51-5113.00,Mathematics,2.12
51-5113.00,Science,1.12
51-5113.00,Critical Thinking,3.25
51-5113.00,Active Learning,2.5
51-5113.00,Learning Strategies,2.5
51-5113.00,Monitoring,3.12
51-6011.00,Reading Comprehension,2.5
51-6011.00,Active Listening,2.88
51-6011.00,Writing,2.0
51-6011.00,Speaking,2.62
51-6011.00,Mathematics,1.62
51-6011.00,Science,1.0
51-6011.00,Critical Thinking,2.75
51-6011.00,Active Learning,2.25
51-6011.00,Learning Strategies,1.88
51-6011.00,Monitoring,2.88
51-6021.00,Reading Comprehension,2.0
51-6021.00,Active Listening,2.0
51-6021.00,Writing,1.75
51-6021.00,Speaking,2.12
51-6021.00,Mathematics,1.62
51-6021.00,Science,1.0
51-6021.00,Critical Thinking,2.5
51-6021.00,Active Learning,2.12
51-6021.00,Learning Strategies,1.75
51-6021.00,Monitoring,2.38
51-6031.00,Reading Comprehension,2.62
51-6031.00,Active Listening,2.75
51-6031.00,Writing,2.0
51-6031.00,Speaking,2.12
51-6031.00,Mathematics,2.0
51-6031.00,Science,1.0
51-6031.00,Critical Thinking,2.75
51-6031.00,Active Learning,2.12
51-6031.00,Learning Strategies,2.12
51-6031.00,Monitoring,3.12
51-6041.00,Reading Comprehension,2.88
51-6041.00,Active Listening,3.0
51-6041.00,Writing,2.12
51-6041.00,Speaking,3.0
51-6041.00,Mathematics,1.88
51-6041.00,Science,1.0
51-6041.00,Critical Thinking,3.0
51-6041.00,Active Learning,2.38
51-6041.00,Learning Strategies,1.62
51-6041.00,Monitoring,3.0
51-6042.00,Reading Comprehension,3.12
51-6042.00,Active Listening,3.0
51-6042.00,Writing,2.12
51-6042.00,Speaking,2.75
51-6042.00,Mathematics,2.0
51-6042.00,Science,1.12
51-6042.00,Critical Thinking,3.0
51-6042.00,Active Learning,2.12
51-6042.00,Learning Strategies,2.12
51-6042.00,Monitoring,3.0
51-6051.00,Reading Comprehension,2.5
51-6051.00,Active Listening,2.62
51-6051.00,Writing,1.88
51-6051.00,Speaking,2.62
51-6051.00,Mathematics,2.0
51-6051.00,Science,1.0
51-6051.00,Critical Thinking,2.5
51-6051.00,Active Learning,2.38
51-6051.00,Learning Strategies,2.0
51-6051.00,Monitoring,2.62
51-6052.00,Reading Comprehension,2.62
51-6052.00,Active Listening,3.0
51-6052.00,Writing,2.5
51-6052.00,Speaking,3.0
51-6052.00,Mathematics,1.88
51-6052.00,Science,1.0
51-6052.00,Critical Thinking,3.0
51-6052.00,Active Learning,2.62
51-6052.00,Learning Strategies,2.0
51-6052.00,Monitoring,2.75
51-6061.00,Reading Comprehension,2.88
51-6061.00,Active Listening,3.0
51-6061.00,Writing,2.5
51-6061.00,Speaking,2.88
51-6061.00,Mathematics,2.5
51-6061.00,Science,1.62
51-6061.00,Critical Thinking,2.88
51-6061.00,Active Learning,2.12
51-6061.00,Learning Strategies,2.0
51-6061.00,Monitoring,3.0
51-6062.00,Reading Comprehension,2.75
51-6062.00,Active Listening,3.0
51-6062.00,Writing,2.62
51-6062.00,Speaking,3.0
51-6062.00,Mathematics,2.12
51-6062.00,Science,1.0
51-6062.00,Critical Thinking,2.88
51-6062.00,Active Learning,2.5
51-6062.00,Learning Strategies,2.0
51-6062.00,Monitoring,3.12
51-6063.00,Reading Comprehension,2.75
51-6063.00,Active Listening,3.0
51-6063.00,Writing,2.38
51-6063.00,Speaking,2.88
51-6063.00,Mathematics,1.88
51-6063.00,Science,1.12
51-6063.00,Critical Thinking,2.88
51-6063.00,Active Learning,2.0
51-6063.00,Learning Strategies,2.12
51-6063.00,Monitoring,3.12
51-6064.00,Reading Comprehension,2.5
51-6064.00,Active Listening,3.0
51-6064.00,Writing,2.38
51-6064.00,Speaking,3.12
51-6064.00,Mathematics,2.0
51-6064.00,Science,1.0
51-6064.00,Critical Thinking,3.0
51-6064.00,Active Learning,2.38
51-6064.00,Learning Strategies,2.38
51-6064.00,Monitoring,3.0
51-6091.00,Reading Comprehension,2.88
51-6091.00,Active Listening,3.0
51-6091.00,Writing,2.62
51-6091.00,Speaking,3.0
51-6091.00,Mathematics,2.0
51-6091.00,Science,1.25
51-6091.00,Critical Thinking,2.88
51-6091.00,Active Learning,2.75
51-6091.00,Learning Strategies,2.25
51-6091.00,Monitoring,3.5
51-6092.00,Reading Comprehension,3.12
51-6092.00,Active Listening,3.38
51-6092.00,Writing,3.0
51-6092.00,Speaking,3.12
51-6092.00,Mathematics,3.12
51-6092.00,Science,1.12
51-6092.00,Critical Thinking,3.75
51-6092.00,Active Learning,3.12
51-6092.00,Learning Strategies,3.0
51-6092.00,Monitoring,3.12
51-6093.00,Reading Comprehension,3.12
51-6093.00,Active Listening,3.0
51-6093.00,Writing,2.62
51-6093.00,Speaking,3.0
51-6093.00,Mathematics,2.5
51-6093.00,Science,1.25
51-6093.00,Critical Thinking,3.5
51-6093.00,Active Learning,3.0
51-6093.00,Learning Strategies,2.75
51-6093.00,Monitoring,3.0
51-7011.00,Reading Comprehension,2.88
51-7011.00,Active Listening,2.75
51-7011.00,Writing,2.38
51-7011.00,Speaking,2.88
51-7011.00,Mathematics,2.75
51-7011.00,Science,1.0
51-7011.00,Critical Thinking,2.75
51-7011.00,Active Learning,2.62
51-7011.00,Learning Strategies,2.0
51-7011.00,Monitoring,3.0
51-7021.00,Reading Comprehension,2.75
51-7021.00,Active Listening,3.12
51-7021.00,Writing,2.38
51-7021.00,Speaking,3.0
51-7021.00,Mathematics,2.0
51-7021.00,Science,1.12
51-7021.00,Critical Thinking,3.12
51-7021.00,Active Learning,2.75
51-7021.00,Learning Strategies,2.5
51-7021.00,Monitoring,3.12
51-7031.00,Reading Comprehension,3.0
51-7031.00,Active Listening,2.88
51-7031.00,Writing,2.62
51-7031.00,Speaking,3.0
51-7031.00,Mathematics,2.38
51-7031.00,Science,1.62
51-7031.00,Critical Thinking,3.0
51-7031.00,Active Learning,2.75
51-7031.00,Learning Strategies,2.25
51-7031.00,Monitoring,3.12
51-7032.00,Reading Comprehension,3.12
51-7032.00,Active Listening,3.0
51-7032.00,Writing,2.62
51-7032.00,Speaking,2.88
51-7032.00,Mathematics,3.0
51-7032.00,Science,1.75
51-7032.00,Critical Thinking,3.0
51-7032.00,Active Learning,2.75
51-7032.00,Learning Strategies,2.12
51-7032.00,Monitoring,3.12
51-7041.00,Reading Comprehension,2.38
51-7041.00,Active Listening,2.75
51-7041.00,Writing,1.75
51-7041.00,Speaking,2.62
51-7041.00,Mathematics,2.0
51-7041.00,Science,1.25
51-7041.00,Critical Thinking,3.0
51-7041.00,Active Learning,2.12
51-7041.00,Learning Strategies,2.0
51-7041.00,Monitoring,3.0
51-7042.00,Reading Comprehension,2.75
51-7042.00,Active Listening,2.88
51-7042.00,Writing,1.88
51-7042.00,Speaking,3.0
51-7042.00,Mathematics,2.38
51-7042.00,Science,1.5
51-7042.00,Critical Thinking,3.0
51-7042.00,Active Learning,2.5
51-7042.00,Learning Strategies,2.25
51-7042.00,Monitoring,3.12
51-8011.00,Reading Comprehension,4.0
51-8011.00,Active Listening,3.88
51-8011.00,Writing,3.5
51-8011.00,Speaking,3.25
51-8011.00,Mathematics,2.75
51-8011.00,Science,2.75
51-8011.00,Critical Thinking,3.88
51-8011.00,Active Learning,3.12
51-8011.00,Learning Strategies,3.0
51-8011.00,Monitoring,3.88
51-8012.00,Reading Comprehension,3.62
51-8012.00,Active Listening,3.62
51-8012.00,Writing,3.12
51-8012.00,Speaking,3.5
51-8012.00,Mathematics,2.75
51-8012.00,Science,1.88
51-8012.00,Critical Thinking,3.62
51-8012.00,Active Learning,3.0
51-8012.00,Learning Strategies,2.75
51-8012.00,Monitoring,3.62
51-8013.00,Reading Comprehension,3.12
51-8013.00,Active Listening,3.25
51-8013.00,Writing,3.0
51-8013.00,Speaking,3.38
51-8013.00,Mathematics,2.0
51-8013.00,Science,2.0
51-8013.00,Critical Thinking,3.75
51-8013.00,Active Learning,2.88
51-8013.00,Learning Strategies,2.38
51-8013.00,Monitoring,3.25
51-8013.03,Reading Comprehension,3.0
51-8013.03,Active Listening,3.0
51-8013.03,Writing,3.0
51-8013.03,Speaking,3.0
51-8013.03,Mathematics,2.75
51-8013.03,Science,2.25
51-8013.03,Critical Thinking,3.12
51-8013.03,Active Learning,3.0
51-8013.03,Learning Strategies,3.0
51-8013.03,Monitoring,3.38
51-8013.04,Reading Comprehension,3.25
51-8013.04,Active Listening,3.12
51-8013.04,Writing,3.0
51-8013.04,Speaking,3.12
51-8013.04,Mathematics,3.0
51-8013.04,Science,2.38
51-8013.04,Critical Thinking,3.88
51-8013.04,Active Learning,3.0
51-8013.04,Learning Strategies,2.62
51-8013.04,Monitoring,3.62
51-8021.00,Reading Comprehension,3.12
51-8021.00,Active Listening,3.25
51-8021.00,Writing,2.88
51-8021.00,Speaking,3.0
51-8021.00,Mathematics,2.12
51-8021.00,Science,2.25
51-8021.00,Critical Thinking,3.25
51-8021.00,Active Learning,3.12
51-8021.00,Learning Strategies,2.12
51-8021.00,Monitoring,3.12
51-8031.00,Reading Comprehension,3.0
51-8031.00,Active Listening,3.12
51-8031.00,Writing,2.75
51-8031.00,Speaking,3.12
51-8031.00,Mathematics,2.88
51-8031.00,Science,2.62
51-8031.00,Critical Thinking,3.0
51-8031.00,Active Learning,2.75
51-8031.00,Learning Strategies,2.75
51-8031.00,Monitoring,3.62
51-8091.00,Reading Comprehension,3.12
51-8091.00,Active Listening,3.12
51-8091.00,Writing,3.0
51-8091.00,Speaking,3.12
51-8091.00,Mathematics,2.75
51-8091.00,Science,2.62
51-8091.00,Critical Thinking,3.62
51-8091.00,Active Learning,3.0
51-8091.00,Learning Strategies,2.75
51-8091.00,Monitoring,3.75
51-8092.00,Reading Comprehension,3.12
51-8092.00,Active Listening,3.0
51-8092.00,Writing,3.0
51-8092.00,Speaking,3.0
51-8092.00,Mathematics,2.88
51-8092.00,Science,2.0
51-8092.00,Critical Thinking,3.5
51-8092.00,Active Learning,2.88
51-8092.00,Learning Strategies,2.75
51-8092.00,Monitoring,3.62
51-8093.00,Reading Comprehension,3.5
51-8093.00,Active Listening,3.0
51-8093.00,Writing,3.0
51-8093.00,Speaking,3.12
51-8093.00,Mathematics,2.62
51-8093.00,Science,2.0
51-8093.00,Critical Thinking,3.0
51-8093.00,Active Learning,3.0
51-8093.00,Learning Strategies,2.88
51-8093.00,Monitoring,3.62
51-8099.01,Reading Comprehension,3.5
51-8099.01,Active Listening,3.25
51-8099.01,Writing,3.12
51-8099.01,Speaking,3.25
51-8099.01,Mathematics,2.88
51-8099.01,Science,2.88
51-8099.01,Critical Thinking,3.12
51-8099.01,Active Learning,2.88
51-8099.01,Learning Strategies,2.5
51-8099.01,Monitoring,3.38
51-9011.00,Reading Comprehension,3.12
51-9011.00,Active Listening,3.0
51-9011.00,Writing,3.0
51-9011.00,Speaking,2.88
51-9011.00,Mathematics,2.62
51-9011.00,Science,2.5
51-9011.00,Critical Thinking,3.0
51-9011.00,Active Learning,2.88
51-9011.00,Learning Strategies,2.62
51-9011.00,Monitoring,3.62
51-9012.00,Reading Comprehension,3.0
51-9012.00,Active Listening,3.0
51-9012.00,Writing,2.88
51-9012.00,Speaking,2.88
51-9012.00,Mathematics,2.62
51-9012.00,Science,2.5
51-9012.00,Critical Thinking,3.12
51-9012.00,Active Learning,2.88
51-9012.00,Learning Strategies,2.75
51-9012.00,Monitoring,3.12
51-9021.00,Reading Comprehension,3.0
51-9021.00,Active Listening,3.0
51-9021.00,Writing,2.88
51-9021.00,Speaking,3.0
51-9021.00,Mathematics,2.38
51-9021.00,Science,1.88
51-9021.00,Critical Thinking,2.88
51-9021.00,Active Learning,2.75
51-9021.00,Learning Strategies,2.5
51-9021.00,Monitoring,3.12
51-9022.00,Reading Comprehension,2.75
51-9022.00,Active Listening,2.88
51-9022.00,Writing,2.38
51-9022.00,Speaking,2.88
51-9022.00,Mathematics,2.12
51-9022.00,Science,1.12
51-9022.00,Critical Thinking,2.88
51-9022.00,Active Learning,2.38
51-9022.00,Learning Strategies,2.12
51-9022.00,Monitoring,2.75
51-9023.00,Reading Comprehension,3.12
51-9023.00,Active Listening,2.88
51-9023.00,Writing,2.75
51-9023.00,Speaking,3.0
51-9023.00,Mathematics,2.38
51-9023.00,Science,1.88
51-9023.00,Critical Thinking,3.12
51-9023.00,Active Learning,2.75
51-9023.00,Learning Strategies,2.62
51-9023.00,Monitoring,3.12
51-9031.00,Reading Comprehension,2.75
51-9031.00,Active Listening,2.88
51-9031.00,Writing,2.12
51-9031.00,Speaking,2.88
51-9031.00,Mathematics,2.0
51-9031.00,Science,1.0
51-9031.00,Critical Thinking,2.62
51-9031.00,Active Learning,2.12
51-9031.00,Learning Strategies,2.0
51-9031.00,Monitoring,2.75
51-9032.00,Reading Comprehension,3.12
51-9032.00,Active Listening,2.88
51-9032.00,Writing,2.25
51-9032.00,Speaking,2.75
51-9032.00,Mathematics,2.38
51-9032.00,Science,1.5
51-9032.00,Critical Thinking,2.88
51-9032.00,Active Learning,2.5
51-9032.00,Learning Strategies,2.0
51-9032.00,Monitoring,3.12
51-9041.00,Reading Comprehension,3.0
51-9041.00,Active Listening,3.0
51-9041.00,Writing,2.75
51-9041.00,Speaking,3.12
51-9041.00,Mathematics,2.12
51-9041.00,Science,1.75
51-9041.00,Critical Thinking,3.0
51-9041.00,Active Learning,2.62
51-9041.00,Learning Strategies,2.12
51-9041.00,Monitoring,3.38
51-9051.00,Reading Comprehension,3.12
51-9051.00,Active Listening,3.12
51-9051.00,Writing,2.62
51-9051.00,Speaking,3.12
51-9051.00,Mathematics,2.25
51-9051.00,Science,1.88
51-9051.00,Critical Thinking,3.12
51-9051.00,Active Learning,2.38
51-9051.00,Learning Strategies,2.12
51-9051.00,Monitoring,3.12
51-9061.00,Reading Comprehension,3.12
51-9061.00,Active Listening,3.12
51-9061.00,Writing,3.25
51-9061.00,Speaking,3.12
51-9061.00,Mathematics,2.62
51-9061.00,Science,1.62
51-9061.00,Critical Thinking,3.25
51-9061.00,Active Learning,2.38
51-9061.00,Learning Strategies,2.0
51-9061.00,Monitoring,3.0
51-9071.00,Reading Comprehension,2.75
51-9071.00,Active Listening,3.12
51-9071.00,Writing,2.5
51-9071.00,Speaking,3.0
51-9071.00,Mathematics,2.0
51-9071.00,Science,1.25
51-9071.00,Critical Thinking,3.0
51-9071.00,Active Learning,2.38
51-9071.00,Learning Strategies,2.25
51-9071.00,Monitoring,2.75
51-9071.06,Reading Comprehension,3.0
51-9071.06,Active Listening,3.0
51-9071.06,Writing,2.88
51-9071.06,Speaking,3.0
51-9071.06,Mathematics,2.75
51-9071.06,Science,1.5
51-9071.06,Critical Thinking,3.12
51-9071.06,Active Learning,2.75
51-9071.06,Learning Strategies,2.12
51-9071.06,Monitoring,3.12
51-9081.00,Reading Comprehension,3.38
51-9081.00,Active Listening,3.0
51-9081.00,Writing,2.88
51-9081.00,Speaking,3.0
51-9081.00,Mathematics,2.0
51-9081.00,Science,2.12
51-9081.00,Critical Thinking,3.25
51-9081.00,Active Learning,3.0
51-9081.00,Learning Strategies,2.88
51-9081.00,Monitoring,3.0
51-9082.00,Reading Comprehension,3.62
51-9082.00,Active Listening,3.62
51-9082.00,Writing,2.88
51-9082.00,Speaking,3.62
51-9082.00,Mathematics,2.62
51-9082.00,Science,1.75
51-9082.00,Critical Thinking,3.75
51-9082.00,Active Learning,3.12
51-9082.00,Learning Strategies,2.75
51-9082.00,Monitoring,3.25
51-9083.00,Reading Comprehension,3.0
51-9083.00,Active Listening,2.88
51-9083.00,Writing,2.75
51-9083.00,Speaking,2.88
51-9083.00,Mathematics,2.12
51-9083.00,Science,1.75
51-9083.00,Critical Thinking,3.0
51-9083.00,Active Learning,2.75
51-9083.00,Learning Strategies,2.5
51-9083.00,Monitoring,3.0
51-9111.00,Reading Comprehension,2.88
51-9111.00,Active Listening,3.0
51-9111.00,Writing,2.62
51-9111.00,Speaking,2.75
51-9111.00,Mathematics,2.12
51-9111.00,Science,1.0
51-9111.00,Critical Thinking,2.88
51-9111.00,Active Learning,2.38
51-9111.00,Learning Strategies,2.12
51-9111.00,Monitoring,3.12
51-9123.00,Reading Comprehension,2.75
51-9123.00,Active Listening,2.88
51-9123.00,Writing,2.25
51-9123.00,Speaking,2.75
51-9123.00,Mathematics,1.88
51-9123.00,Science,1.0
51-9123.00,Critical Thinking,2.75
51-9123.00,Active Learning,2.12
51-9123.00,Learning Strategies,2.0
51-9123.00,Monitoring,2.88
51-9124.00,Reading Comprehension,2.62
51-9124.00,Active Listening,2.62
51-9124.00,Writing,2.25
51-9124.00,Speaking,2.62
51-9124.00,Mathematics,2.0
51-9124.00,Science,1.12
51-9124.00,Critical Thinking,2.75
51-9124.00,Active Learning,2.5
51-9124.00,Learning Strategies,2.62
51-9124.00,Monitoring,3.12
51-9141.00,Reading Comprehension,3.38
51-9141.00,Active Listening,3.25
51-9141.00,Writing,2.75
51-9141.00,Speaking,2.88
51-9141.00,Mathematics,1.88
51-9141.00,Science,1.88
51-9141.00,Critical Thinking,3.38
51-9141.00,Active Learning,2.5
51-9141.00,Learning Strategies,2.25
51-9141.00,Monitoring,3.25
51-9151.00,Reading Comprehension,3.25
51-9151.00,Active Listening,3.38
51-9151.00,Writing,2.75
51-9151.00,Speaking,3.25
51-9151.00,Mathematics,2.0
51-9151.00,Science,1.62
51-9151.00,Critical Thinking,3.12
51-9151.00,Active Learning,2.88
51-9151.00,Learning Strategies,2.5
51-9151.00,Monitoring,3.12
51-9161.00,Reading Comprehension,2.88
51-9161.00,Active Listening,3.12
51-9161.00,Writing,2.62
51-9161.00,Speaking,3.0
51-9161.00,Mathematics,2.75
51-9161.00,Science,1.62
51-9161.00,Critical Thinking,3.62
51-9161.00,Active Learning,2.88
51-9161.00,Learning Strategies,2.62
51-9161.00,Monitoring,3.62
51-9162.00,Reading Comprehension,3.0
51-9162.00,Active Listening,3.0
51-9162.00,Writing,2.88
51-9162.00,Speaking,3.0
51-9162.00,Mathematics,3.12
51-9162.00,Science,1.88
51-9162.00,Critical Thinking,3.0
51-9162.00,Active Learning,2.88
51-9162.00,Learning Strategies,2.62
51-9162.00,Monitoring,3.5
51-9191.00,Reading Comprehension,3.0
51-9191.00,Active Listening,3.12
51-9191.00,Writing,2.75
51-9191.00,Speaking,3.12
51-9191.00,Mathematics,2.5
51-9191.00,Science,1.5
51-9191.00,Critical Thinking,2.88
51-9191.00,Active Learning,2.62
51-9191.00,Learning Strategies,2.25
51-9191.00,Monitoring,3.12
51-9192.00,Reading Comprehension,2.75
51-9192.00,Active Listening,2.88
51-9192.00,Writing,2.25
51-9192.00,Speaking,2.88
51-9192.00,Mathematics,2.0
51-9192.00,Science,1.5
51-9192.00,Critical Thinking,2.88
51-9192.00,Active Learning,2.12
51-9192.00,Learning Strategies,2.25
51-9192.00,Monitoring,2.88
51-9193.00,Reading Comprehension,3.0
51-9193.00,Active Listening,3.0
51-9193.00,Writing,2.88
51-9193.00,Speaking,3.12
51-9193.00,Mathematics,2.38
51-9193.00,Science,1.75
51-9193.00,Critical Thinking,3.62
51-9193.00,Active Learning,3.0
51-9193.00,Learning Strategies,2.5
51-9193.00,Monitoring,3.5
51-9194.00,Reading Comprehension,3.12
51-9194.00,Active Listening,3.0
51-9194.00,Writing,2.25
51-9194.00,Speaking,3.0
51-9194.00,Mathematics,2.0
51-9194.00,Science,1.12
51-9194.00,Critical Thinking,3.0
51-9194.00,Active Learning,2.38
51-9194.00,Learning Strategies,2.25
51-9194.00,Monitoring,3.12
51-9195.00,Reading Comprehension,2.88
51-9195.00,Active Listening,2.88
51-9195.00,Writing,2.62
51-9195.00,Speaking,2.75
51-9195.00,Mathematics,2.0
51-9195.00,Science,1.0
51-9195.00,Critical Thinking,2.62
51-9195.00,Active Learning,2.25
51-9195.00,Learning Strategies,2.12
51-9195.00,Monitoring,2.75
51-9195.03,Reading Comprehension,2.88
51-9195.03,Active Listening,3.0
51-9195.03,Writing,2.25
51-9195.03,Speaking,2.88
51-9195.03,Mathematics,2.25
51-9195.03,Science,1.38
51-9195.03,Critical Thinking,3.0
51-9195.03,Active Learning,2.5
51-9195.03,Learning Strategies,2.25
51-9195.03,Monitoring,2.88
51-9195.04,Reading Comprehension,2.88
51-9195.04,Active Listening,3.0
51-9195.04,Writing,2.88
51-9195.04,Speaking,3.0
51-9195.04,Mathematics,2.5
51-9195.04,Science,1.75
51-9195.04,Critical Thinking,3.0
51-9195.04,Active Learning,2.5
51-9195.04,Learning Strategies,2.5
51-9195.04,Monitoring,3.12
51-9195.05,Reading Comprehension,2.75
51-9195.05,Active Listening,3.0
51-9195.05,Writing,2.38
51-9195.05,Speaking,2.88
51-9195.05,Mathematics,2.12
51-9195.05,Science,1.5
51-9195.05,Critical Thinking,3.0
51-9195.05,Active Learning,2.0
51-9195.05,Learning Strategies,1.75
51-9195.05,Monitoring,3.0
51-9196.00,Reading Comprehension,2.75
51-9196.00,Active Listening,3.0
51-9196.00,Writing,2.25
51-9196.00,Speaking,3.0
51-9196.00,Mathematics,2.12
51-9196.00,Science,1.0
51-9196.00,Critical Thinking,3.0
51-9196.00,Active Learning,2.88
51-9196.00,Learning Strategies,2.0
51-9196.00,Monitoring,3.0
51-9197.00,Reading Comprehension,2.25
51-9197.00,Active Listening,3.0
51-9197.00,Writing,2.0
51-9197.00,Speaking,2.62
51-9197.00,Mathematics,1.88
51-9197.00,Science,1.0
51-9197.00,Critical Thinking,3.0
51-9197.00,Active Learning,2.0
51-9197.00,Learning Strategies,2.0
51-9197.00,Monitoring,3.0
51-9198.00,Reading Comprehension,2.62
51-9198.00,Active Listening,2.75
51-9198.00,Writing,2.0
51-9198.00,Speaking,2.62
51-9198.00,Mathematics,2.0
51-9198.00,Science,1.0
51-9198.00,Critical Thinking,2.62
51-9198.00,Active Learning,2.12
51-9198.00,Learning Strategies,2.0
51-9198.00,Monitoring,2.75
53-1041.00,Reading Comprehension,3.25
53-1041.00,Active Listening,3.62
53-1041.00,Writing,3.12
53-1041.00,Speaking,3.62
53-1041.00,Mathematics,3.0
53-1041.00,Science,1.5
53-1041.00,Critical Thinking,3.75
53-1041.00,Active Learning,3.0
53-1041.00,Learning Strategies,3.5
53-1041.00,Monitoring,3.62
53-1042.00,Reading Comprehension,3.12
53-1042.00,Active Listening,3.5
53-1042.00,Writing,3.12
53-1042.00,Speaking,3.62
53-1042.00,Mathematics,2.25
53-1042.00,Science,1.38
53-1042.00,Critical Thinking,3.38
53-1042.00,Active Learning,2.75
53-1042.00,Learning Strategies,3.0
53-1042.00,Monitoring,3.38
53-1042.01,Reading Comprehension,3.5
53-1042.01,Active Listening,3.62
53-1042.01,Writing,3.12
53-1042.01,Speaking,3.88
53-1042.01,Mathematics,2.5
53-1042.01,Science,1.25
53-1042.01,Critical Thinking,3.62
53-1042.01,Active Learning,3.12
53-1042.01,Learning Strategies,3.0
53-1042.01,Monitoring,3.5
53-1043.00,Reading Comprehension,3.62
53-1043.00,Active Listening,4.0
53-1043.00,Writing,3.38
53-1043.00,Speaking,3.88
53-1043.00,Mathematics,2.75
53-1043.00,Science,1.25
53-1043.00,Critical Thinking,3.62
53-1043.00,Active Learning,3.12
53-1043.00,Learning Strategies,3.12
53-1043.00,Monitoring,3.5
53-1044.00,Reading Comprehension,3.62
53-1044.00,Active Listening,3.88
53-1044.00,Writing,3.38
53-1044.00,Speaking,3.88
53-1044.00,Mathematics,2.5
53-1044.00,Science,1.12
53-1044.00,Critical Thinking,3.62
53-1044.00,Active Learning,3.5
53-1044.00,Learning Strategies,3.25
53-1044.00,Monitoring,3.5
53-2011.00,Reading Comprehension,3.88
53-2011.00,Active Listening,4.12
53-2011.00,Writing,3.12
53-2011.00,Speaking,3.75
53-2011.00,Mathematics,3.12
53-2011.00,Science,2.75
53-2011.00,Critical Thinking,4.12
53-2011.00,Active Learning,3.75
53-2011.00,Learning Strategies,3.0
53-2011.00,Monitoring,4.12
53-2012.00,Reading Comprehension,3.75
53-2012.00,Active Listening,3.88
53-2012.00,Writing,3.0
53-2012.00,Speaking,3.75
53-2012.00,Mathematics,2.75
53-2012.00,Science,2.62
53-2012.00,Critical Thinking,4.0
53-2012.00,Active Learning,3.62
53-2012.00,Learning Strategies,3.12
53-2012.00,Monitoring,4.12
53-2021.00,Reading Comprehension,3.75
53-2021.00,Active Listening,4.38
53-2021.00,Writing,3.12
53-2021.00,Speaking,4.25
53-2021.00,Mathematics,2.88
53-2021.00,Science,1.75
53-2021.00,Critical Thinking,4.12
53-2021.00,Active Learning,3.75
53-2021.00,Learning Strategies,3.12
53-2021.00,Monitoring,4.0
53-2022.00,Reading Comprehension,3.75
53-2022.00,Active Listening,4.0
53-2022.00,Writing,3.38
53-2022.00,Speaking,3.75
53-2022.00,Mathematics,2.12
53-2022.00,Science,1.62
53-2022.00,Critical Thinking,3.75
53-2022.00,Active Learning,3.25
53-2022.00,Learning Strategies,3.0
53-2022.00,Monitoring,4.0
53-2031.00,Reading Comprehension,3.12
53-2031.00,Active Listening,3.88
53-2031.00,Writing,3.0
53-2031.00,Speaking,4.12
53-2031.00,Mathematics,2.0
53-2031.00,Science,1.38
53-2031.00,Critical Thinking,3.12
53-2031.00,Active Learning,3.12
53-2031.00,Learning Strategies,2.75
53-2031.00,Monitoring,3.88
53-3011.00,Reading Comprehension,3.25
53-3011.00,Active Listening,3.5
53-3011.00,Writing,2.75
53-3011.00,Speaking,3.38
53-3011.00,Mathematics,2.0
53-3011.00,Science,1.62
53-3011.00,Critical Thinking,3.5
53-3011.00,Active Learning,3.12
53-3011.00,Learning Strategies,2.5
53-3011.00,Monitoring,3.0
53-3031.00,Reading Comprehension,3.0
53-3031.00,Active Listening,3.75
53-3031.00,Writing,2.75
53-3031.00,Speaking,3.62
53-3031.00,Mathematics,2.62
53-3031.00,Science,1.0
53-3031.00,Critical Thinking,3.12
53-3031.00,Active Learning,2.75
53-3031.00,Learning Strategies,2.0
53-3031.00,Monitoring,2.88
53-3032.00,Reading Comprehension,3.0
53-3032.00,Active Listening,2.88
53-3032.00,Writing,2.75
53-3032.00,Speaking,3.0
53-3032.00,Mathematics,2.0
53-3032.00,Science,1.0
53-3032.00,Critical Thinking,3.0
53-3032.00,Active Learning,2.5
53-3032.00,Learning Strategies,2.0
53-3032.00,Monitoring,3.12
53-3033.00,Reading Comprehension,3.12
53-3033.00,Active Listening,3.12
53-3033.00,Writing,2.75
53-3033.00,Speaking,3.12
53-3033.00,Mathematics,2.25
53-3033.00,Science,1.12
53-3033.00,Critical Thinking,3.0
53-3033.00,Active Learning,2.12
53-3033.00,Learning Strategies,2.0
53-3033.00,Monitoring,3.12
53-3051.00,Reading Comprehension,3.0
53-3051.00,Active Listening,3.38
53-3051.00,Writing,2.62
53-3051.00,Speaking,3.12
53-3051.00,Mathematics,1.75
53-3051.00,Science,1.0
53-3051.00,Critical Thinking,3.38
53-3051.00,Active Learning,2.5
53-3051.00,Learning Strategies,2.38
53-3051.00,Monitoring,3.38
53-3052.00,Reading Comprehension,2.75
53-3052.00,Active Listening,3.12
53-3052.00,Writing,2.5
53-3052.00,Speaking,3.0
53-3052.00,Mathematics,2.0
53-3052.00,Science,1.0
53-3052.00,Critical Thinking,3.12
53-3052.00,Active Learning,2.62
53-3052.00,Learning Strategies,2.12
53-3052.00,Monitoring,3.0
53-3053.00,Reading Comprehension,2.88
53-3053.00,Active Listening,3.38
53-3053.00,Writing,2.5
53-3053.00,Speaking,3.12
53-3053.00,Mathematics,1.88
53-3053.00,Science,1.0
53-3053.00,Critical Thinking,3.25
53-3053.00,Active Learning,2.62
53-3053.00,Learning Strategies,2.25
53-3053.00,Monitoring,3.25
53-4011.00,Reading Comprehension,3.12
53-4011.00,Active Listening,3.5
53-4011.00,Writing,2.88
53-4011.00,Speaking,3.38
53-4011.00,Mathematics,2.5
53-4011.00,Science,1.12
53-4011.00,Critical Thinking,3.62
53-4011.00,Active Learning,3.0
53-4011.00,Learning Strategies,2.62
53-4011.00,Monitoring,3.88
53-4013.00,Reading Comprehension,3.12
53-4013.00,Active Listening,3.38
53-4013.00,Writing,2.88
53-4013.00,Speaking,3.5
53-4013.00,Mathematics,2.38
53-4013.00,Science,1.5
53-4013.00,Critical Thinking,3.25
53-4013.00,Active Learning,3.0
53-4013.00,Learning Strategies,2.75
53-4013.00,Monitoring,3.62
53-4022.00,Reading Comprehension,2.88
53-4022.00,Active Listening,3.0
53-4022.00,Writing,2.38
53-4022.00,Speaking,3.0
53-4022.00,Mathematics,1.75
53-4022.00,Science,1.0
53-4022.00,Critical Thinking,3.0
53-4022.00,Active Learning,2.38
53-4022.00,Learning Strategies,2.25
53-4022.00,Monitoring,3.38
53-4031.00,Reading Comprehension,3.12
53-4031.00,Active Listening,3.5
53-4031.00,Writing,3.0
53-4031.00,Speaking,3.75
53-4031.00,Mathematics,2.25
53-4031.00,Science,1.5
53-4031.00,Critical Thinking,3.62
53-4031.00,Active Learning,3.0
53-4031.00,Learning Strategies,2.75
53-4031.00,Monitoring,3.75
53-4041.00,Reading Comprehension,3.12
53-4041.00,Active Listening,3.62
53-4041.00,Writing,2.75
53-4041.00,Speaking,3.38
53-4041.00,Mathematics,2.38
53-4041.00,Science,1.0
53-4041.00,Critical Thinking,3.0
53-4041.00,Active Learning,3.0
53-4041.00,Learning Strategies,2.62
53-4041.00,Monitoring,3.25
53-5011.00,Reading Comprehension,3.0
53-5011.00,Active Listening,3.0
53-5011.00,Writing,2.5
53-5011.00,Speaking,3.0
53-5011.00,Mathematics,2.25
53-5011.00,Science,1.62
53-5011.00,Critical Thinking,3.0
53-5011.00,Active Learning,3.0
53-5011.00,Learning Strategies,2.38
53-5011.00,Monitoring,3.5
53-5021.00,Reading Comprehension,3.25
53-5021.00,Active Listening,3.38
53-5021.00,Writing,3.12
53-5021.00,Speaking,3.5
53-5021.00,Mathematics,2.38
53-5021.00,Science,1.88
53-5021.00,Critical Thinking,3.38
53-5021.00,Active Learning,3.12
53-5021.00,Learning Strategies,2.88
53-5021.00,Monitoring,3.5
53-5022.00,Reading Comprehension,2.88
53-5022.00,Active Listening,3.12
53-5022.00,Writing,2.5
53-5022.00,Speaking,3.38
53-5022.00,Mathematics,2.25
53-5022.00,Science,1.5
53-5022.00,Critical Thinking,3.12
53-5022.00,Active Learning,2.75
53-5022.00,Learning Strategies,2.38
53-5022.00,Monitoring,3.38
53-5031.00,Reading Comprehension,3.12
53-5031.00,Active Listening,3.62
53-5031.00,Writing,3.0
53-5031.00,Speaking,3.5
53-5031.00,Mathematics,2.38
53-5031.00,Science,1.88
53-5031.00,Critical Thinking,3.88
53-5031.00,Active Learning,3.25
53-5031.00,Learning Strategies,2.75
53-5031.00,Monitoring,3.62
53-6011.00,Reading Comprehension,2.88
53-6011.00,Active Listening,3.0
53-6011.00,Writing,2.88
53-6011.00,Speaking,3.0
53-6011.00,Mathematics,2.0
53-6011.00,Science,1.12
53-6011.00,Critical Thinking,3.0
53-6011.00,Active Learning,2.38
53-6011.00,Learning Strategies,2.5
53-6011.00,Monitoring,3.25
53-6021.00,Reading Comprehension,2.5
53-6021.00,Active Listening,3.25
53-6021.00,Writing,2.75
53-6021.00,Speaking,3.5
53-6021.00,Mathematics,2.75
53-6021.00,Science,1.0
53-6021.00,Critical Thinking,2.88
53-6021.00,Active Learning,2.25
53-6021.00,Learning Strategies,2.12
53-6021.00,Monitoring,2.75
53-6031.00,Reading Comprehension,2.75
53-6031.00,Active Listening,3.12
53-6031.00,Writing,2.62
53-6031.00,Speaking,3.12
53-6031.00,Mathematics,2.38
53-6031.00,Science,1.38
53-6031.00,Critical Thinking,3.0
53-6031.00,Active Learning,2.5
53-6031.00,Learning Strategies,2.25
53-6031.00,Monitoring,2.75
53-6032.00,Reading Comprehension,3.0
53-6032.00,Active Listening,3.25
53-6032.00,Writing,2.75
53-6032.00,Speaking,3.0
53-6032.00,Mathematics,2.0
53-6032.00,Science,1.38
53-6032.00,Critical Thinking,3.0
53-6032.00,Active Learning,2.75
53-6032.00,Learning Strategies,2.5
53-6032.00,Monitoring,3.25
53-6041.00,Reading Comprehension,3.25
53-6041.00,Active Listening,3.62
53-6041.00,Writing,3.12
53-6041.00,Speaking,3.25
53-6041.00,Mathematics,2.88
53-6041.00,Science,2.75
53-6041.00,Critical Thinking,3.25
53-6041.00,Active Learning,3.0
53-6041.00,Learning Strategies,2.62
53-6041.00,Monitoring,3.12
53-6051.00,Reading Comprehension,3.62
53-6051.00,Active Listening,3.5
53-6051.00,Writing,3.62
53-6051.00,Speaking,3.62
53-6051.00,Mathematics,2.62
53-6051.00,Science,1.38
53-6051.00,Critical Thinking,3.62
53-6051.00,Active Learning,2.75
53-6051.00,Learning Strategies,2.62
53-6051.00,Monitoring,3.38
53-6051.01,Reading Comprehension,3.88
53-6051.01,Active Listening,3.88
53-6051.01,Writing,3.62
53-6051.01,Speaking,3.88
53-6051.01,Mathematics,2.25
53-6051.01,Science,2.88
53-6051.01,Critical Thinking,4.0
53-6051.01,Active Learning,3.12
53-6051.01,Learning Strategies,2.88
53-6051.01,Monitoring,3.38
53-6051.07,Reading Comprehension,3.0
53-6051.07,Active Listening,3.12
53-6051.07,Writing,2.62
53-6051.07,Speaking,3.0
53-6051.07,Mathematics,2.0
53-6051.07,Science,2.38
53-6051.07,Critical Thinking,3.0
53-6051.07,Active Learning,2.75
53-6051.07,Learning Strategies,2.0
53-6051.07,Monitoring,2.88
53-6061.00,Reading Comprehension,2.88
53-6061.00,Active Listening,3.75
53-6061.00,Writing,2.62
53-6061.00,Speaking,3.75
53-6061.00,Mathematics,2.0
53-6061.00,Science,1.0
53-6061.00,Critical Thinking,3.0
53-6061.00,Active Learning,2.88
53-6061.00,Learning Strategies,2.12
53-6061.00,Monitoring,3.25
53-7011.00,Reading Comprehension,2.88
53-7011.00,Active Listening,3.12
53-7011.00,Writing,2.75
53-7011.00,Speaking,3.0
53-7011.00,Mathematics,2.0
53-7011.00,Science,1.75
53-7011.00,Critical Thinking,3.0
53-7011.00,Active Learning,2.75
53-7011.00,Learning Strategies,2.12
53-7011.00,Monitoring,3.38
53-7021.00,Reading Comprehension,3.0
53-7021.00,Active Listening,3.12
53-7021.00,Writing,2.62
53-7021.00,Speaking,3.0
53-7021.00,Mathematics,2.62
53-7021.00,Science,1.12
53-7021.00,Critical Thinking,3.25
53-7021.00,Active Learning,2.88
53-7021.00,Learning Strategies,2.25
53-7021.00,Monitoring,3.12
53-7031.00,Reading Comprehension,2.5
53-7031.00,Active Listening,2.88
53-7031.00,Writing,2.12
53-7031.00,Speaking,2.88
53-7031.00,Mathematics,2.0
53-7031.00,Science,1.25
53-7031.00,Critical Thinking,3.0
53-7031.00,Active Learning,2.5
53-7031.00,Learning Strategies,2.38
53-7031.00,Monitoring,2.88
53-7041.00,Reading Comprehension,2.75
53-7041.00,Active Listening,3.38
53-7041.00,Writing,2.25
53-7041.00,Speaking,3.12
53-7041.00,Mathematics,2.62
53-7041.00,Science,1.25
53-7041.00,Critical Thinking,3.75
53-7041.00,Active Learning,2.88
53-7041.00,Learning Strategies,2.5
53-7041.00,Monitoring,3.62
53-7051.00,Reading Comprehension,2.88
53-7051.00,Active Listening,2.88
53-7051.00,Writing,2.5
53-7051.00,Speaking,2.75
53-7051.00,Mathematics,2.12
53-7051.00,Science,1.25
53-7051.00,Critical Thinking,2.75
53-7051.00,Active Learning,2.12
53-7051.00,Learning Strategies,2.12
53-7051.00,Monitoring,2.75
53-7061.00,Reading Comprehension,2.25
53-7061.00,Active Listening,2.5
53-7061.00,Writing,1.88
53-7061.00,Speaking,2.62
53-7061.00,Mathematics,1.62
53-7061.00,Science,1.25
53-7061.00,Critical Thinking,2.25
53-7061.00,Active Learning,2.0
53-7061.00,Learning Strategies,1.88
53-7061.00,Monitoring,2.75
53-7062.00,Reading Comprehension,2.75
53-7062.00,Active Listening,2.88
53-7062.00,Writing,2.25
53-7062.00,Speaking,2.75
53-7062.00,Mathematics,2.0
53-7062.00,Science,1.0
53-7062.00,Critical Thinking,2.5
53-7062.00,Active Learning,2.0
53-7062.00,Learning Strategies,2.12
53-7062.00,Monitoring,2.75
53-7062.04,Reading Comprehension,2.62
53-7062.04,Active Listening,3.12
53-7062.04,Writing,2.38
53-7062.04,Speaking,2.75
53-7062.04,Mathematics,1.88
53-7062.04,Science,1.12
53-7062.04,Critical Thinking,2.75
53-7062.04,Active Learning,2.5
53-7062.04,Learning Strategies,2.0
53-7062.04,Monitoring,3.12
53-7063.00,Reading Comprehension,2.75
53-7063.00,Active Listening,2.75
53-7063.00,Writing,2.38
53-7063.00,Speaking,2.75
53-7063.00,Mathematics,2.12
53-7063.00,Science,1.25
53-7063.00,Critical Thinking,2.5
53-7063.00,Active Learning,2.0
53-7063.00,Learning Strategies,2.0
53-7063.00,Monitoring,3.0
53-7064.00,Reading Comprehension,2.62
53-7064.00,Active Listening,2.75
53-7064.00,Writing,2.0
53-7064.00,Speaking,2.62
53-7064.00,Mathematics,2.0
53-7064.00,Science,1.0
53-7064.00,Critical Thinking,2.75
53-7064.00,Active Learning,2.12
53-7064.00,Learning Strategies,2.0
53-7064.00,Monitoring,3.0
53-7065.00,Reading Comprehension,3.0
53-7065.00,Active Listening,3.12
53-7065.00,Writing,2.62
53-7065.00,Speaking,2.75
53-7065.00,Mathematics,2.0
53-7065.00,Science,1.0
53-7065.00,Critical Thinking,2.75
53-7065.00,Active Learning,2.12
53-7065.00,Learning Strategies,2.0
53-7065.00,Monitoring,2.62
53-7071.00,Reading Comprehension,3.12
53-7071.00,Active Listening,3.12
53-7071.00,Writing,3.0
53-7071.00,Speaking,3.0
53-7071.00,Mathematics,2.25
53-7071.00,Science,1.88
53-7071.00,Critical Thinking,3.62
53-7071.00,Active Learning,2.88
53-7071.00,Learning Strategies,2.25
53-7071.00,Monitoring,3.12
53-7072.00,Reading Comprehension,3.12
53-7072.00,Active Listening,3.12
53-7072.00,Writing,2.88
53-7072.00,Speaking,3.12
53-7072.00,Mathematics,2.38
53-7072.00,Science,2.0
53-7072.00,Critical Thinking,3.12
53-7072.00,Active Learning,2.88
53-7072.00,Learning Strategies,2.12
53-7072.00,Monitoring,3.5
53-7073.00,Reading Comprehension,2.75
53-7073.00,Active Listening,2.88
53-7073.00,Writing,2.62
53-7073.00,Speaking,3.0
53-7073.00,Mathematics,2.25
53-7073.00,Science,1.12
53-7073.00,Critical Thinking,3.12
53-7073.00,Active Learning,2.38
53-7073.00,Learning Strategies,1.88
53-7073.00,Monitoring,3.12
53-7081.00,Reading Comprehension,2.62
53-7081.00,Active Listening,2.88
53-7081.00,Writing,2.5
53-7081.00,Speaking,2.88
53-7081.00,Mathematics,1.0
53-7081.00,Science,1.0
53-7081.00,Critical Thinking,2.75
53-7081.00,Active Learning,2.25
53-7081.00,Learning Strategies,1.38
53-7081.00,Monitoring,2.5
53-7121.00,Reading Comprehension,3.25
53-7121.00,Active Listening,3.0
53-7121.00,Writing,3.0
53-7121.00,Speaking,3.0
53-7121.00,Mathematics,2.5
53-7121.00,Science,1.5
53-7121.00,Critical Thinking,3.0
53-7121.00,Active Learning,2.75
53-7121.00,Learning Strategies,2.5
53-7121.00,Monitoring,3.0
